62260,Ball,26.3736,11.17101,Ball
62260,Kevin Durant,26.83938,9.01113,OKC
62260,Russell Westbrook,35.77594,26.31927,OKC
62260,Serge Ibaka,14.66158,15.15989,OKC
62260,Dion Waiters,3.34692,11.40191,OKC
62260,Steven Adams,20.70935,22.00047,OKC
62260,DeMarre Carroll,21.68189,15.44208,TOR
62260,Patrick Patterson,11.47165,17.86529,TOR
62260,DeMar DeRozan,5.1901,19.24549,TOR
62260,Cory Joseph,27.98677,25.6465,TOR
62260,Bismack Biyombo,17.93147,27.05948,TOR
62270,Ball,27.86146,7.93246,Ball
62270,Kevin Durant,29.18209,8.37868,OKC
62270,Russell Westbrook,34.80899,27.0924,OKC
62270,Serge Ibaka,13.75382,14.99664,OKC
62270,Dion Waiters,4.15405,7.77388,OKC
62270,Steven Adams,22.02564,21.34206,OKC
62270,DeMarre Carroll,24.1288,12.87067,TOR
62270,Patrick Patterson,11.91986,16.8347,TOR
62270,DeMar DeRozan,5.67649,16.20468,TOR
62270,Cory Joseph,26.27105,25.65667,TOR
62270,Bismack Biyombo,16.9722,25.6873,TOR
62280,Ball,30.29502,6.25901,Ball
62280,Kevin Durant,31.24766,7.59692,OKC
62280,Russell Westbrook,33.94852,29.29328,OKC
62280,Serge Ibaka,13.22191,15.96818,OKC
62280,Dion Waiters,5.03634,5.22775,OKC
62280,Steven Adams,23.20324,19.04509,OKC
62280,DeMarre Carroll,25.81098,11.60047,TOR
62280,Patrick Patterson,12.35499,16.99791,TOR
62280,DeMar DeRozan,6.41015,13.43029,TOR
62280,Cory Joseph,24.9896,26.63761,TOR
62280,Bismack Biyombo,17.18529,23.99421,TOR
62290,Ball,32.39425,5.52269,Ball
62290,Kevin Durant,33.38867,6.94977,OKC
62290,Russell Westbrook,33.65926,32.23566,OKC
62290,Serge Ibaka,13.9233,17.37995,OKC
62290,Dion Waiters,5.34617,3.36571,OKC
62290,Steven Adams,25.4233,16.40053,OKC
62290,DeMarre Carroll,27.76588,11.35193,TOR
62290,Patrick Patterson,13.16754,18.12916,TOR
62290,DeMar DeRozan,6.67239,11.47634,TOR
62290,Cory Joseph,23.45203,27.7506,TOR
62290,Bismack Biyombo,18.3337,22.23581,TOR
62300,Ball,34.11579,5.7644400000000005,Ball
62300,Kevin Durant,35.51931,6.3839500000000005,OKC
62300,Russell Westbrook,34.11984,35.47659,OKC
62300,Serge Ibaka,14.19312,20.13779,OKC
62300,Dion Waiters,5.31065,2.55915,OKC
62300,Steven Adams,27.0017,13.48093,OKC
62300,DeMarre Carroll,29.56565,11.87765,TOR
62300,Patrick Patterson,13.06616,18.50285,TOR
62300,DeMar DeRozan,7.13884,10.42032,TOR
62300,Cory Joseph,22.2963,28.64015,TOR
62300,Bismack Biyombo,19.42354,19.91057,TOR
62310,Ball,35.96726,4.33727,Ball
62310,Kevin Durant,36.26184,5.84729,OKC
62310,Russell Westbrook,34.53466,38.36403,OKC
62310,Serge Ibaka,13.33293,24.10467,OKC
62310,Dion Waiters,4.97184,2.0208,OKC
62310,Steven Adams,28.5958,11.44133,OKC
62310,DeMarre Carroll,30.70443,11.67611,TOR
62310,Patrick Patterson,12.43335,19.3742,TOR
62310,DeMar DeRozan,7.26059,9.92138,TOR
62310,Cory Joseph,21.29854,29.53504,TOR
62310,Bismack Biyombo,20.43903,17.01409,TOR
62320,Ball,31.847360000000002,4.84939,Ball
62320,Kevin Durant,33.64529,5.47982,OKC
62320,Russell Westbrook,34.59475,41.1581,OKC
62320,Serge Ibaka,12.01031,28.46382,OKC
62320,Dion Waiters,4.78341,1.5840800000000002,OKC
62320,Steven Adams,30.03363,10.11136,OKC
62320,DeMarre Carroll,31.27902,9.52434,TOR
62320,Patrick Patterson,11.69949,21.88112,TOR
62320,DeMar DeRozan,6.99139,9.77189,TOR
62320,Cory Joseph,20.5753,30.2894,TOR
62320,Bismack Biyombo,21.51056,14.01647,TOR
62330,Ball,27.82353,4.92034,Ball
62330,Kevin Durant,29.60949,6.31354,OKC
62330,Russell Westbrook,34.45845,43.23557,OKC
62330,Serge Ibaka,10.579180000000001,33.32013,OKC
62330,Dion Waiters,4.934,1.37302,OKC
62330,Steven Adams,30.4888,9.2961,OKC
62330,DeMarre Carroll,31.07024,7.5612,TOR
62330,Patrick Patterson,10.94259,24.24646,TOR
62330,DeMar DeRozan,6.984,9.76718,TOR
62330,Cory Joseph,19.97246,30.60854,TOR
62330,Bismack Biyombo,21.83698,12.54462,TOR
62340,Ball,27.11721,20.78048,Ball
62340,Kevin Durant,25.25685,7.4198,OKC
62340,Russell Westbrook,33.12685,43.97669,OKC
62340,Serge Ibaka,9.27784,38.62611,OKC
62340,Dion Waiters,5.08627,1.33643,OKC
62340,Steven Adams,29.89937,9.255,OKC
62340,DeMarre Carroll,29.00118,7.50208,TOR
62340,Patrick Patterson,10.3653,25.95767,TOR
62340,DeMar DeRozan,7.27918,9.85171,TOR
62340,Cory Joseph,19.91665,30.92955,TOR
62340,Bismack Biyombo,20.6366,13.47023,TOR
62350,Ball,28.33831,39.37364,Ball
62350,Kevin Durant,21.81424,8.69448,OKC
62350,Russell Westbrook,30.21682,44.12224,OKC
62350,Serge Ibaka,7.60323,42.66581,OKC
62350,Dion Waiters,5.24629,1.27039,OKC
62350,Steven Adams,28.58874,10.44938,OKC
62350,DeMarre Carroll,25.84141,8.9699,TOR
62350,Patrick Patterson,10.37369,29.30708,TOR
62350,DeMar DeRozan,7.09199,9.96634,TOR
62350,Cory Joseph,21.10288,33.7893,TOR
62350,Bismack Biyombo,18.80201,14.98257,TOR
62360,Ball,25.76852,43.29325,Ball
62360,Kevin Durant,20.06578,8.87573,OKC
62360,Russell Westbrook,27.48092,43.96855,OKC
62360,Serge Ibaka,6.5531,45.65445,OKC
62360,Dion Waiters,5.27987,1.26767,OKC
62360,Steven Adams,26.54377,13.13969,OKC
62360,DeMarre Carroll,22.71785,11.08529,TOR
62360,Patrick Patterson,10.16433,33.04606,TOR
62360,DeMar DeRozan,6.75494,11.05163,TOR
62360,Cory Joseph,21.71216,36.39201,TOR
62360,Bismack Biyombo,16.63802,17.16346,TOR
62370,Ball,25.12796,42.38908,Ball
62370,Kevin Durant,19.5936,8.55277,OKC
62370,Russell Westbrook,26.12103,43.38828,OKC
62370,Serge Ibaka,6.4497,47.21837,OKC
62370,Dion Waiters,5.25293,1.37991,OKC
62370,Steven Adams,24.58264,16.99725,OKC
62370,DeMarre Carroll,19.83506,13.37782,TOR
62370,Patrick Patterson,9.08189,36.45263,TOR
62370,DeMar DeRozan,6.74354,12.63799,TOR
62370,Cory Joseph,21.82465,38.3425,TOR
62370,Bismack Biyombo,14.60379,19.77567,TOR
62380,Ball,17.71473,35.67906,Ball
62380,Kevin Durant,20.42291,8.73026,OKC
62380,Russell Westbrook,25.35207,43.04115,OKC
62380,Serge Ibaka,7.35862,47.48745,OKC
62380,Dion Waiters,5.9733600000000004,1.84198,OKC
62380,Steven Adams,22.88784,19.77862,OKC
62380,DeMarre Carroll,16.5788,15.61529,TOR
62380,Patrick Patterson,7.63329,37.99235,TOR
62380,DeMar DeRozan,6.62997,14.26198,TOR
62380,Cory Joseph,22.51599,41.22424,TOR
62380,Bismack Biyombo,13.333590000000001,21.882,TOR
62390,Ball,11.82426,30.55509,Ball
62390,Kevin Durant,21.3471,9.62512,OKC
62390,Russell Westbrook,26.65047,44.16679,OKC
62390,Serge Ibaka,8.70561,47.09281,OKC
62390,Dion Waiters,7.31807,2.20504,OKC
62390,Steven Adams,21.12066,21.76176,OKC
62390,DeMarre Carroll,14.2061,17.13026,TOR
62390,Patrick Patterson,7.1823,37.57258,TOR
62390,DeMar DeRozan,6.10412,15.75559,TOR
62390,Cory Joseph,23.3563,43.80249,TOR
62390,Bismack Biyombo,12.66688,23.13575,TOR
62390,Ball,11.13461,29.999670000000002,Ball
62390,Kevin Durant,21.39342,9.67061,OKC
62390,Russell Westbrook,26.92484,44.3629,OKC
62390,Serge Ibaka,8.87376,46.98549,OKC
62390,Dion Waiters,7.49434,2.24106,OKC
62390,Steven Adams,20.89224,22.01054,OKC
62390,DeMarre Carroll,13.98231,17.27318,TOR
62390,Patrick Patterson,7.19993,37.48727,TOR
62390,DeMar DeRozan,6.0662,15.91972,TOR
62390,Cory Joseph,23.49985,44.14977,TOR
62390,Bismack Biyombo,12.66197,23.28494,TOR
62400,Ball,4.85663,24.461,Ball
62400,Kevin Durant,21.65394,9.95936,OKC
62400,Russell Westbrook,30.23208,46.06736,OKC
62400,Serge Ibaka,11.31719,46.275,OKC
62400,Dion Waiters,9.42603,2.7938400000000003,OKC
62400,Steven Adams,17.85713,24.98018,OKC
62400,DeMarre Carroll,12.13317,18.46725,TOR
62400,Patrick Patterson,7.59045,36.08065,TOR
62400,DeMar DeRozan,6.14089,17.48967,TOR
62400,Cory Joseph,25.04557,46.99986,TOR
62400,Bismack Biyombo,12.59411,24.32007,TOR
62410,Ball,4.67881,24.43583,Ball
62410,Kevin Durant,22.76451,10.60539,OKC
62410,Russell Westbrook,33.88339,46.98388,OKC
62410,Serge Ibaka,13.48815,44.7636,OKC
62410,Dion Waiters,11.4021,3.67413,OKC
62410,Steven Adams,13.7,27.41575,OKC
62410,DeMarre Carroll,11.43781,19.00118,TOR
62410,Patrick Patterson,8.90288,34.81229,TOR
62410,DeMar DeRozan,6.23309,19.00206,TOR
62410,Cory Joseph,26.43051,48.45893,TOR
62410,Bismack Biyombo,11.41113,25.4825,TOR
62420,Ball,4.37317,24.58799,Ball
62420,Kevin Durant,25.20389,11.9345,OKC
62420,Russell Westbrook,37.29191,46.96036,OKC
62420,Serge Ibaka,16.51858,43.45751,OKC
62420,Dion Waiters,13.58609,4.6783,OKC
62420,Steven Adams,11.25292,28.94249,OKC
62420,DeMarre Carroll,12.09189,19.12113,TOR
62420,Patrick Patterson,11.63075,34.55161,TOR
62420,DeMar DeRozan,6.65559,19.97165,TOR
62420,Cory Joseph,27.25907,49.0396,TOR
62420,Bismack Biyombo,10.72973,26.46325,TOR
62430,Ball,4.24869,25.05088,Ball
62430,Kevin Durant,27.86983,13.54364,OKC
62430,Russell Westbrook,40.36918,46.53662,OKC
62430,Serge Ibaka,20.3036,41.72135,OKC
62430,Dion Waiters,15.86656,5.902810000000001,OKC
62430,Steven Adams,12.88026,29.7986,OKC
62430,DeMarre Carroll,13.2174,19.10765,TOR
62430,Patrick Patterson,14.31202,34.85659,TOR
62430,DeMar DeRozan,8.01367,20.11437,TOR
62430,Cory Joseph,27.57282,49.01268,TOR
62430,Bismack Biyombo,11.27087,26.95674,TOR
62440,Ball,4.42544,25.6924,Ball
62440,Kevin Durant,31.19825,15.1223,OKC
62440,Russell Westbrook,43.43394,46.32621,OKC
62440,Serge Ibaka,24.50594,40.09119,OKC
62440,Dion Waiters,18.51081,7.32885,OKC
62440,Steven Adams,16.96675,30.09847,OKC
62440,DeMarre Carroll,14.63286,18.91795,TOR
62440,Patrick Patterson,15.37295,34.84591,TOR
62440,DeMar DeRozan,9.85066,19.8979,TOR
62440,Cory Joseph,27.21465,48.6644,TOR
62440,Bismack Biyombo,12.14548,26.93396,TOR
62450,Ball,4.61175,26.27989,Ball
62450,Kevin Durant,35.34428,16.19759,OKC
62450,Russell Westbrook,46.01342,45.79425,OKC
62450,Serge Ibaka,29.50595,38.53399,OKC
62450,Dion Waiters,21.70464,9.00472,OKC
62450,Steven Adams,21.93726,29.98701,OKC
62450,DeMarre Carroll,16.31624,18.31283,TOR
62450,Patrick Patterson,13.98819,34.15531,TOR
62450,DeMar DeRozan,11.92087,19.31913,TOR
62450,Cory Joseph,27.05915,48.11003,TOR
62450,Bismack Biyombo,13.34189,27.37263,TOR
62460,Ball,4.78317,26.88061,Ball
62460,Kevin Durant,40.22386,16.7728,OKC
62460,Russell Westbrook,48.45553,44.71155,OKC
62460,Serge Ibaka,34.76682,37.57667,OKC
62460,Dion Waiters,25.11139,10.71797,OKC
62460,Steven Adams,27.464,29.51323,OKC
62460,DeMarre Carroll,18.36191,17.71837,TOR
62460,Patrick Patterson,11.93927,32.90586,TOR
62460,DeMar DeRozan,13.92222,18.2182,TOR
62460,Cory Joseph,27.64445,47.58395,TOR
62460,Bismack Biyombo,16.21491,28.27339,TOR
62470,Ball,4.85512,27.62441,Ball
62470,Kevin Durant,45.24308,16.73186,OKC
62470,Russell Westbrook,50.30964,43.34592,OKC
62470,Serge Ibaka,39.78679,36.46657,OKC
62470,Dion Waiters,28.37362,12.35566,OKC
62470,Steven Adams,33.18219,28.63064,OKC
62470,DeMarre Carroll,20.51335,17.07458,TOR
62470,Patrick Patterson,9.31982,31.53015,TOR
62470,DeMar DeRozan,16.05671,17.36983,TOR
62470,Cory Joseph,28.23206,47.29807,TOR
62470,Bismack Biyombo,19.57063,28.20391,TOR
62480,Ball,5.104,28.22295,Ball
62480,Kevin Durant,49.99411,16.31058,OKC
62480,Russell Westbrook,51.13394,41.7427,OKC
62480,Serge Ibaka,44.35758,35.22234,OKC
62480,Dion Waiters,31.79864,13.63555,OKC
62480,Steven Adams,39.19243,27.88067,OKC
62480,DeMarre Carroll,22.67215,16.15288,TOR
62480,Patrick Patterson,5.9877,30.25195,TOR
62480,DeMar DeRozan,18.21064,16.30133,TOR
62480,Cory Joseph,28.08894,46.82551,TOR
62480,Bismack Biyombo,23.68562,28.66431,TOR
62490,Ball,3.00728,27.9291,Ball
62490,Kevin Durant,54.20592,15.92292,OKC
62490,Russell Westbrook,51.23505,39.98514,OKC
62490,Serge Ibaka,48.05899,33.82168,OKC
62490,Dion Waiters,35.0271,14.25557,OKC
62490,Steven Adams,44.83276,26.81384,OKC
62490,DeMarre Carroll,25.12016,15.23451,TOR
62490,Patrick Patterson,2.5153600000000003,29.12631,TOR
62490,DeMar DeRozan,20.40741,15.17617,TOR
62490,Cory Joseph,27.67809,46.32578,TOR
62490,Bismack Biyombo,28.10901,29.14429,TOR
62500,Ball,0.0196,27.5104,Ball
62500,Kevin Durant,58.1642,15.66383,OKC
62500,Russell Westbrook,51.2434,38.43174,OKC
62500,Serge Ibaka,51.41625,32.43135,OKC
62500,Dion Waiters,38.26822,14.87598,OKC
62500,Steven Adams,50.50955,26.26556,OKC
62500,DeMarre Carroll,27.82288,14.16254,TOR
62500,Patrick Patterson,0.37502,28.74508,TOR
62500,DeMar DeRozan,22.6377,14.30176,TOR
62500,Cory Joseph,27.71071,46.0176,TOR
62500,Bismack Biyombo,32.78388,29.81253,TOR
62540,Ball,4.2908,32.15013,Ball
62540,Kevin Durant,70.30961,14.78166,OKC
62540,Russell Westbrook,46.87057,34.59105,OKC
62540,Serge Ibaka,60.92218,30.19626,OKC
62540,Dion Waiters,50.32189,14.62455,OKC
62540,Steven Adams,66.33039,26.66138,OKC
62540,DeMarre Carroll,42.00637,9.71526,TOR
62540,Patrick Patterson,0.59877,30.3856,TOR
62540,DeMar DeRozan,32.94198,12.1883,TOR
62540,Cory Joseph,25.41333,43.02819,TOR
62540,Bismack Biyombo,52.69735,33.16759,TOR
62550,Ball,14.241,35.34291,Ball
62550,Kevin Durant,72.35692,14.23248,OKC
62550,Russell Westbrook,45.4738,34.15513,OKC
62550,Serge Ibaka,62.64651,29.68311,OKC
62550,Dion Waiters,52.46964,14.81667,OKC
62550,Steven Adams,68.68439,27.41299,OKC
62550,DeMarre Carroll,45.49912,8.83012,TOR
62550,Patrick Patterson,1.7483300000000002,29.41653,TOR
62550,DeMar DeRozan,36.81115,13.69755,TOR
62550,Cory Joseph,24.87613,42.06351,TOR
62550,Bismack Biyombo,57.35985,33.91053,TOR
62560,Ball,21.55141,37.59995,Ball
62560,Kevin Durant,74.07577,13.73372,OKC
62560,Russell Westbrook,44.36083,33.57771,OKC
62560,Serge Ibaka,64.14431,28.97538,OKC
62560,Dion Waiters,54.55953,15.74518,OKC
62560,Steven Adams,70.70286,28.58519,OKC
62560,DeMarre Carroll,48.92215,7.74638,TOR
62560,Patrick Patterson,5.14364,29.39121,TOR
62560,DeMar DeRozan,41.44509,16.28681,TOR
62560,Cory Joseph,24.90843,40.79622,TOR
62560,Bismack Biyombo,61.86828,34.34315,TOR
62570,Ball,25.51712,38.44998,Ball
62570,Kevin Durant,75.40911,13.4535,OKC
62570,Russell Westbrook,43.89379,33.32192,OKC
62570,Serge Ibaka,65.53595,28.59954,OKC
62570,Dion Waiters,56.77947,17.51047,OKC
62570,Steven Adams,72.74512,29.42173,OKC
62570,DeMarre Carroll,51.89595,6.92778,TOR
62570,Patrick Patterson,9.6957,29.417,TOR
62570,DeMar DeRozan,45.98867,19.31181,TOR
62570,Cory Joseph,25.50713,39.19965,TOR
62570,Bismack Biyombo,65.62045,34.48109,TOR
62580,Ball,27.35086,36.08808,Ball
62580,Kevin Durant,76.61907,12.92295,OKC
62580,Russell Westbrook,44.70238,33.40879,OKC
62580,Serge Ibaka,66.67883,27.91846,OKC
62580,Dion Waiters,58.75651,20.03117,OKC
62580,Steven Adams,74.23755,29.95338,OKC
62580,DeMarre Carroll,54.47675,6.00953,TOR
62580,Patrick Patterson,14.43151,29.16098,TOR
62580,DeMar DeRozan,50.65693,22.48479,TOR
62580,Cory Joseph,26.6918,37.52923,TOR
62580,Bismack Biyombo,68.46662,34.62166,TOR
62590,Ball,28.962040000000002,34.65905,Ball
62590,Kevin Durant,77.51876,12.06797,OKC
62590,Russell Westbrook,46.43301,33.33769,OKC
62590,Serge Ibaka,67.39405,26.98266,OKC
62590,Dion Waiters,60.87854,22.90209,OKC
62590,Steven Adams,75.1053,30.96392,OKC
62590,DeMarre Carroll,56.537,5.23681,TOR
62590,Patrick Patterson,19.27225,28.62423,TOR
62590,DeMar DeRozan,55.22949,25.83995,TOR
62590,Cory Joseph,29.06724,36.03867,TOR
62590,Bismack Biyombo,70.80743,35.00804,TOR
62600,Ball,33.14958,33.37133,Ball
62600,Kevin Durant,78.0157,11.772780000000001,OKC
62600,Russell Westbrook,48.73763,32.870400000000004,OKC
62600,Serge Ibaka,67.7645,26.51678,OKC
62600,Dion Waiters,63.24786,26.017,OKC
62600,Steven Adams,75.51514,31.94925,OKC
62600,DeMarre Carroll,58.53456,4.79734,TOR
62600,Patrick Patterson,24.20672,28.17287,TOR
62600,DeMar DeRozan,59.68389,29.05721,TOR
62600,Cory Joseph,32.20076,34.8418,TOR
62600,Bismack Biyombo,72.80883,35.3391,TOR
62610,Ball,35.75876,32.09562,Ball
62610,Kevin Durant,77.53856999999999,11.27014,OKC
62610,Russell Westbrook,51.47953,32.32698,OKC
62610,Serge Ibaka,67.76621,26.36478,OKC
62610,Dion Waiters,66.03791,29.18125,OKC
62610,Steven Adams,75.95243,32.88536,OKC
62610,DeMarre Carroll,60.29591,4.46504,TOR
62610,Patrick Patterson,29.29544,27.67851,TOR
62610,DeMar DeRozan,63.9047,32.0092,TOR
62610,Cory Joseph,35.92096,33.1514,TOR
62610,Bismack Biyombo,74.54505,34.46364,TOR
62620,Ball,41.40779,29.63946,Ball
62620,Kevin Durant,76.82117,10.44261,OKC
62620,Russell Westbrook,54.36626,31.21905,OKC
62620,Serge Ibaka,67.5002,26.69312,OKC
62620,Dion Waiters,69.03791,31.85169,OKC
62620,Steven Adams,76.13199,32.89806,OKC
62620,DeMarre Carroll,62.14257,4.19611,TOR
62620,Patrick Patterson,34.0381,26.72987,TOR
62620,DeMar DeRozan,67.93257,34.94331,TOR
62620,Cory Joseph,40.20626,31.40326,TOR
62620,Bismack Biyombo,75.87095,35.01185,TOR
62630,Ball,45.46872,28.69596,Ball
62630,Kevin Durant,76.00491,10.15842,OKC
62630,Russell Westbrook,57.51521,29.1768,OKC
62630,Serge Ibaka,67.45317,26.86365,OKC
62630,Dion Waiters,72.76686,34.45922,OKC
62630,Steven Adams,77.30343,33.04555,OKC
62630,DeMarre Carroll,63.95406,3.46721,TOR
62630,Patrick Patterson,39.3952,25.73889,TOR
62630,DeMar DeRozan,71.99811,37.26966,TOR
62630,Cory Joseph,45.34836,28.98061,TOR
62630,Bismack Biyombo,76.62161,35.53891,TOR
62640,Ball,49.5718,28.2489,Ball
62640,Kevin Durant,75.21972,10.12183,OKC
62640,Russell Westbrook,59.91342,27.10872,OKC
62640,Serge Ibaka,67.32607,26.74475,OKC
62640,Dion Waiters,75.8367,36.07797,OKC
62640,Steven Adams,77.946,33.02666,OKC
62640,DeMarre Carroll,65.18453,3.1132400000000002,TOR
62640,Patrick Patterson,43.7631,24.76655,TOR
62640,DeMar DeRozan,74.97787,38.25602,TOR
62640,Cory Joseph,49.49894,27.05205,TOR
62640,Bismack Biyombo,76.71859,35.0152,TOR
62640,Ball,50.04663,27.84223,Ball
62640,Kevin Durant,75.14212,10.10306,OKC
62640,Russell Westbrook,60.17047,26.87079,OKC
62640,Serge Ibaka,67.31414,26.74382,OKC
62640,Dion Waiters,76.1775,36.268,OKC
62640,Steven Adams,78.02997,33.04197,OKC
62640,DeMarre Carroll,65.32832,3.1054,TOR
62640,Patrick Patterson,44.25729,24.64923,TOR
62640,DeMar DeRozan,75.26736,38.34395,TOR
62640,Cory Joseph,49.93337,26.79162,TOR
62640,Bismack Biyombo,76.71843,34.91672,TOR
62650,Ball,54.03112,24.46867,Ball
62650,Kevin Durant,74.57767,9.74489,OKC
62650,Russell Westbrook,62.35797,24.71469,OKC
62650,Serge Ibaka,67.33635,26.41119,OKC
62650,Dion Waiters,78.94755,37.33394,OKC
62650,Steven Adams,78.10304,33.18172,OKC
62650,DeMarre Carroll,66.73797,3.12547,TOR
62650,Patrick Patterson,48.70249,23.5382,TOR
62650,DeMar DeRozan,77.91428,39.18223,TOR
62650,Cory Joseph,53.65028,24.27599,TOR
62650,Bismack Biyombo,76.19883,33.87777,TOR
62660,Ball,56.88665,19.7582,Ball
62660,Kevin Durant,74.21362,9.34073,OKC
62660,Russell Westbrook,64.78705,22.01273,OKC
62660,Serge Ibaka,67.36478,25.27832,OKC
62660,Dion Waiters,81.0664,37.0622,OKC
62660,Steven Adams,76.9201,32.10011,OKC
62660,DeMarre Carroll,68.21597,3.4136,TOR
62660,Patrick Patterson,53.79573,22.09281,TOR
62660,DeMar DeRozan,79.98244,39.40092,TOR
62660,Cory Joseph,57.42796,20.99685,TOR
62660,Bismack Biyombo,74.96512,33.10114,TOR
62670,Ball,59.85357,16.35134,Ball
62670,Kevin Durant,74.29629,9.45533,OKC
62670,Russell Westbrook,66.33793,19.509,OKC
62670,Serge Ibaka,67.10117,24.20642,OKC
62670,Dion Waiters,82.38644,36.49767,OKC
62670,Steven Adams,75.79225,30.97588,OKC
62670,DeMarre Carroll,68.43021,4.17668,TOR
62670,Patrick Patterson,57.97184,20.55007,TOR
62670,DeMar DeRozan,80.90412,38.88872,TOR
62670,Cory Joseph,60.35723,17.52338,TOR
62670,Bismack Biyombo,74.12424,32.39659,TOR
62680,Ball,61.91801,12.87461,Ball
62680,Kevin Durant,74.06261,9.92938,OKC
62680,Russell Westbrook,67.18179,16.999670000000002,OKC
62680,Serge Ibaka,67.25092,22.49773,OKC
62680,Dion Waiters,83.05657,36.06947,OKC
62680,Steven Adams,75.10316,30.14361,OKC
62680,DeMarre Carroll,66.4781,5.81534,TOR
62680,Patrick Patterson,61.75226,18.86482,TOR
62680,DeMar DeRozan,80.87337,37.72962,TOR
62680,Cory Joseph,63.38474,13.65564,TOR
62680,Bismack Biyombo,73.5492,31.7526,TOR
62690,Ball,63.83181,8.30735,Ball
62690,Kevin Durant,74.18116,10.01145,OKC
62690,Russell Westbrook,66.84857,15.38318,OKC
62690,Serge Ibaka,67.30542,20.35518,OKC
62690,Dion Waiters,82.12937,35.14253,OKC
62690,Steven Adams,74.96647,29.40322,OKC
62690,DeMarre Carroll,64.11052,7.63013,TOR
62690,Patrick Patterson,65.01303,17.45098,TOR
62690,DeMar DeRozan,79.08147,36.99929,TOR
62690,Cory Joseph,66.23243,10.11619,TOR
62690,Bismack Biyombo,73.0689,31.53413,TOR
62700,Ball,61.91138,9.52602,Ball
62700,Kevin Durant,74.97975,9.59348,OKC
62700,Russell Westbrook,65.40151,14.42526,OKC
62700,Serge Ibaka,66.78783,19.12325,OKC
62700,Dion Waiters,79.29847,34.64048,OKC
62700,Steven Adams,75.10098,29.42877,OKC
62700,DeMarre Carroll,62.65194,8.7556,TOR
62700,Patrick Patterson,66.42084,16.06548,TOR
62700,DeMar DeRozan,75.18986,36.2407,TOR
62700,Cory Joseph,69.09716,7.61332,TOR
62700,Bismack Biyombo,72.45133,31.95219,TOR
62710,Ball,60.18938,10.69324,Ball
62710,Kevin Durant,76.10615,9.949110000000001,OKC
62710,Russell Westbrook,63.78369,14.59922,OKC
62710,Serge Ibaka,67.33309,17.39026,OKC
62710,Dion Waiters,75.3757,34.59702,OKC
62710,Steven Adams,75.33537,29.82142,OKC
62710,DeMarre Carroll,60.94831,10.52754,TOR
62710,Patrick Patterson,66.90381000000001,14.4483,TOR
62710,DeMar DeRozan,70.85759,34.76612,TOR
62710,Cory Joseph,72.08298,5.6161200000000004,TOR
62710,Bismack Biyombo,71.40668,33.0492,TOR
62720,Ball,58.37867,11.75414,Ball
62720,Kevin Durant,77.59348,10.17309,OKC
62720,Russell Westbrook,63.27938,15.88714,OKC
62720,Serge Ibaka,68.08497,16.07311,OKC
62720,Dion Waiters,70.95515,34.55282,OKC
62720,Steven Adams,75.83435,29.77433,OKC
62720,DeMarre Carroll,59.798,11.6633,TOR
62720,Patrick Patterson,67.60654,12.98152,TOR
62720,DeMar DeRozan,64.71995,33.02763,TOR
62720,Cory Joseph,74.69731,4.254,TOR
62720,Bismack Biyombo,72.06052,33.66512,TOR
62730,Ball,57.9304,22.02462,Ball
62730,Kevin Durant,79.14717,10.16369,OKC
62730,Russell Westbrook,63.92433,16.60361,OKC
62730,Serge Ibaka,69.55616,14.98022,OKC
62730,Dion Waiters,66.65061,32.99599,OKC
62730,Steven Adams,76.10619,29.96112,OKC
62730,DeMarre Carroll,59.82537,12.05672,TOR
62730,Patrick Patterson,68.84234000000001,10.1635,TOR
62730,DeMar DeRozan,59.69068,31.44627,TOR
62730,Cory Joseph,77.35181,3.33297,TOR
62730,Bismack Biyombo,71.74557,34.20419,TOR
62740,Ball,55.89954,30.01545,Ball
62740,Kevin Durant,80.5641,11.08039,OKC
62740,Russell Westbrook,64.96344,17.67275,OKC
62740,Serge Ibaka,71.59719,14.290610000000001,OKC
62740,Dion Waiters,63.38384,31.04431,OKC
62740,Steven Adams,75.62143,30.62716,OKC
62740,DeMarre Carroll,60.45972,11.43084,TOR
62740,Patrick Patterson,69.85501,8.09916,TOR
62740,DeMar DeRozan,56.17682,30.87075,TOR
62740,Cory Joseph,79.50534,3.32665,TOR
62740,Bismack Biyombo,70.3223,34.65352,TOR
62750,Ball,54.77041,31.31232,Ball
62750,Kevin Durant,82.07257,11.93831,OKC
62750,Russell Westbrook,66.45931,18.71077,OKC
62750,Serge Ibaka,73.24048,14.83372,OKC
62750,Dion Waiters,61.06799,30.29244,OKC
62750,Steven Adams,73.79521,31.64647,OKC
62750,DeMarre Carroll,60.95495,11.72225,TOR
62750,Patrick Patterson,70.95971,6.317,TOR
62750,DeMar DeRozan,54.87072,31.98796,TOR
62750,Cory Joseph,81.71678,2.65372,TOR
62750,Bismack Biyombo,67.1609,34.61371,TOR
62760,Ball,56.57042,35.8462,Ball
62760,Kevin Durant,83.50887,12.76871,OKC
62760,Russell Westbrook,68.07336,19.99552,OKC
62760,Serge Ibaka,74.62508,15.27219,OKC
62760,Dion Waiters,59.80844,31.64759,OKC
62760,Steven Adams,71.90005,33.46202,OKC
62760,DeMarre Carroll,61.38206,12.28671,TOR
62760,Patrick Patterson,71.55206,4.89635,TOR
62760,DeMar DeRozan,55.41844,34.47807,TOR
62760,Cory Joseph,83.76603,1.7565,TOR
62760,Bismack Biyombo,64.00775,34.74363,TOR
62770,Ball,59.7409,39.1785,Ball
62770,Kevin Durant,84.66464,13.90606,OKC
62770,Russell Westbrook,69.63645,21.41348,OKC
62770,Serge Ibaka,75.9135,15.72457,OKC
62770,Dion Waiters,60.42404,34.82149,OKC
62770,Steven Adams,71.31048,35.1686,OKC
62770,DeMarre Carroll,61.80745,12.88612,TOR
62770,Patrick Patterson,71.32718,4.34701,TOR
62770,DeMar DeRozan,58.90833,37.56344,TOR
62770,Cory Joseph,85.14035,1.54647,TOR
62770,Bismack Biyombo,62.73044,35.8008,TOR
62780,Ball,66.57803,37.05045,Ball
62780,Kevin Durant,85.80926,14.42752,OKC
62780,Russell Westbrook,71.19599,23.34269,OKC
62780,Serge Ibaka,77.18341,16.29855,OKC
62780,Dion Waiters,62.71975,37.84463,OKC
62780,Steven Adams,72.97222,35.66318,OKC
62780,DeMarre Carroll,62.23988,14.10508,TOR
62780,Patrick Patterson,70.49825,4.33057,TOR
62780,DeMar DeRozan,64.90476,37.59237,TOR
62780,Cory Joseph,86.18753,1.66198,TOR
62780,Bismack Biyombo,62.91394,35.76161,TOR
62790,Ball,69.13631,33.00151,Ball
62790,Kevin Durant,86.56702,14.8257,OKC
62790,Russell Westbrook,72.44315,25.45568,OKC
62790,Serge Ibaka,77.85573,16.85574,OKC
62790,Dion Waiters,66.22271,38.45176,OKC
62790,Steven Adams,75.63031,33.47624,OKC
62790,DeMarre Carroll,62.40116,15.76769,TOR
62790,Patrick Patterson,70.0016,4.49063,TOR
62790,DeMar DeRozan,70.15336,34.83522,TOR
62790,Cory Joseph,86.89344,1.69425,TOR
62790,Bismack Biyombo,64.76534,34.51194,TOR
62800,Ball,74.89667,28.8916,Ball
62800,Kevin Durant,87.20775,15.16324,OKC
62800,Russell Westbrook,73.5486,26.703,OKC
62800,Serge Ibaka,78.02084,16.78124,OKC
62800,Dion Waiters,70.49819,36.74528,OKC
62800,Steven Adams,78.29841,30.36519,OKC
62800,DeMarre Carroll,62.50313,17.28758,TOR
62800,Patrick Patterson,69.81058,4.71725,TOR
62800,DeMar DeRozan,75.24687,30.00831,TOR
62800,Cory Joseph,87.03776,1.74531,TOR
62800,Bismack Biyombo,68.95435,31.49462,TOR
62810,Ball,80.50952,24.05355,Ball
62810,Kevin Durant,87.19341,14.66545,OKC
62810,Russell Westbrook,73.07962,27.12691,OKC
62810,Serge Ibaka,77.71645,16.10845,OKC
62810,Dion Waiters,75.12393,34.41739,OKC
62810,Steven Adams,81.29418,27.13692,OKC
62810,DeMarre Carroll,62.65358,18.80872,TOR
62810,Patrick Patterson,69.04651,5.64813,TOR
62810,DeMar DeRozan,80.04473,25.28183,TOR
62810,Cory Joseph,86.83955,1.90969,TOR
62810,Bismack Biyombo,74.13279,30.33436,TOR
62820,Ball,74.07627,21.75007,Ball
62820,Kevin Durant,86.57953,12.46227,OKC
62820,Russell Westbrook,71.66013,26.02675,OKC
62820,Serge Ibaka,76.64416,14.86839,OKC
62820,Dion Waiters,80.24445,32.31933,OKC
62820,Steven Adams,84.59579,23.99759,OKC
62820,DeMarre Carroll,63.20415,19.71102,TOR
62820,Patrick Patterson,68.50464,6.32091,TOR
62820,DeMar DeRozan,83.38751,21.94244,TOR
62820,Cory Joseph,85.34223,1.92043,TOR
62820,Bismack Biyombo,79.02116,30.2501,TOR
62830,Ball,64.74969,20.69853,Ball
62830,Kevin Durant,85.62108,10.66383,OKC
62830,Russell Westbrook,69.57773,24.83539,OKC
62830,Serge Ibaka,74.22549,13.03067,OKC
62830,Dion Waiters,84.79405,30.33041,OKC
62830,Steven Adams,86.87428,21.49332,OKC
62830,DeMarre Carroll,63.86528,21.17846,TOR
62830,Patrick Patterson,68.35035,6.6548300000000005,TOR
62830,DeMar DeRozan,87.19974,18.82702,TOR
62830,Cory Joseph,83.04237,1.7091500000000002,TOR
62830,Bismack Biyombo,82.74558,29.32098,TOR
62840,Ball,66.12912,26.76546,Ball
62840,Kevin Durant,84.97857,10.67992,OKC
62840,Russell Westbrook,67.98998,24.02908,OKC
62840,Serge Ibaka,72.96138,12.76831,OKC
62840,Dion Waiters,87.37689,28.549970000000002,OKC
62840,Steven Adams,88.48319,19.97119,OKC
62840,DeMarre Carroll,65.70675,24.42783,TOR
62840,Patrick Patterson,68.08169,6.76493,TOR
62840,DeMar DeRozan,90.32045,16.21431,TOR
62840,Cory Joseph,81.29464,1.9351600000000002,TOR
62840,Bismack Biyombo,85.5505,29.55899,TOR
62850,Ball,71.53926,29.28197,Ball
62850,Kevin Durant,84.24655,11.56439,OKC
62850,Russell Westbrook,67.6211,25.16123,OKC
62850,Serge Ibaka,73.32214,13.38244,OKC
62850,Dion Waiters,88.28603,27.53425,OKC
62850,Steven Adams,89.63768,19.29649,OKC
62850,DeMarre Carroll,70.1371,27.43921,TOR
62850,Patrick Patterson,66.90311,8.12759,TOR
62850,DeMar DeRozan,91.53756,13.78529,TOR
62850,Cory Joseph,80.63858,2.41512,TOR
62850,Bismack Biyombo,87.08529,30.16225,TOR
62850,Ball,69.20039,48.61287,Ball
62850,Kevin Durant,82.47094,21.61928,OKC
62850,Russell Westbrook,73.52303,28.31506,OKC
62850,Serge Ibaka,77.91235,31.08346,OKC
62850,Dion Waiters,80.75592,19.62363,OKC
62850,Steven Adams,84.7347,23.39814,OKC
62850,DeMarre Carroll,72.01411,47.33552,TOR
62850,Patrick Patterson,73.00937,30.03015,TOR
62850,DeMar DeRozan,88.78115,3.26805,TOR
62850,Cory Joseph,74.05257,29.8919,TOR
62850,Bismack Biyombo,74.86851,26.48063,TOR
62850,Ball,69.29251,48.81876,Ball
62850,Kevin Durant,82.46441,21.67626,OKC
62850,Russell Westbrook,73.61388,28.4339,OKC
62850,Serge Ibaka,77.9159,31.21581,OKC
62850,Dion Waiters,80.812,19.46339,OKC
62850,Steven Adams,84.75636,23.38292,OKC
62850,DeMarre Carroll,71.98212,47.47457,TOR
62850,Patrick Patterson,73.0155,30.07267,TOR
62850,DeMar DeRozan,88.89036,3.2855600000000003,TOR
62850,Cory Joseph,73.98179,30.2734,TOR
62850,Bismack Biyombo,74.81448,26.41774,TOR
62850,Ball,69.2823,48.69456,Ball
62850,Kevin Durant,82.44942,21.7463,OKC
62850,Russell Westbrook,73.69267,28.51194,OKC
62850,Serge Ibaka,77.9173,31.34354,OKC
62850,Dion Waiters,80.86163,19.31799,OKC
62850,Steven Adams,84.77404,23.37353,OKC
62850,DeMarre Carroll,71.95277,47.60955,TOR
62850,Patrick Patterson,72.98805,30.11575,TOR
62850,DeMar DeRozan,88.99344,3.27626,TOR
62850,Cory Joseph,74.08581,30.61368,TOR
62850,Bismack Biyombo,74.7539,26.35868,TOR
62850,Ball,69.29728,48.73806,Ball
62850,Kevin Durant,82.43481,21.82989,OKC
62850,Russell Westbrook,73.7608,28.58329,OKC
62850,Serge Ibaka,77.92566,31.4485,OKC
62850,Dion Waiters,80.91443,19.17561,OKC
62850,Steven Adams,84.78984,23.36369,OKC
62850,DeMarre Carroll,71.91881,47.73349,TOR
62850,Patrick Patterson,72.97318,30.23389,TOR
62850,DeMar DeRozan,89.09856,3.2929,TOR
62850,Cory Joseph,74.11257,30.93137,TOR
62850,Bismack Biyombo,74.69532,26.28416,TOR
62850,Ball,69.27211,48.57065,Ball
62850,Kevin Durant,82.41865,21.92264,OKC
62850,Russell Westbrook,73.81682,28.67139,OKC
62850,Serge Ibaka,77.92923,31.56307,OKC
62850,Dion Waiters,80.96629,19.01498,OKC
62850,Steven Adams,84.81174,23.353650000000002,OKC
62850,DeMarre Carroll,71.88627,47.84692,TOR
62850,Patrick Patterson,72.98192,30.33829,TOR
62850,DeMar DeRozan,89.19478,3.31302,TOR
62850,Cory Joseph,74.19487,31.20428,TOR
62850,Bismack Biyombo,74.63928,26.12421,TOR
62850,Ball,69.20039,48.61287,Ball
62850,Kevin Durant,82.40601,22.01562,OKC
62850,Russell Westbrook,73.85439,28.74612,OKC
62850,Serge Ibaka,77.93964,31.65462,OKC
62850,Dion Waiters,81.03214,18.85915,OKC
62850,Steven Adams,84.84242,23.32567,OKC
62850,DeMarre Carroll,71.83066,47.96101,TOR
62850,Patrick Patterson,72.98851,30.45855,TOR
62850,DeMar DeRozan,89.27238,3.28139,TOR
62850,Cory Joseph,74.33475,31.44286,TOR
62850,Bismack Biyombo,74.5526,26.01072,TOR
62850,Ball,69.21632,48.72495,Ball
62850,Kevin Durant,82.39081,22.12017,OKC
62850,Russell Westbrook,73.91352,28.74902,OKC
62850,Serge Ibaka,77.9257,31.77431,OKC
62850,Dion Waiters,81.10397,18.71021,OKC
62850,Steven Adams,84.86762,23.29799,OKC
62850,DeMarre Carroll,71.7887,48.064,TOR
62850,Patrick Patterson,72.9793,30.61364,TOR
62850,DeMar DeRozan,89.34595,3.25641,TOR
62850,Cory Joseph,74.5081,31.57359,TOR
62850,Bismack Biyombo,74.48067,25.94195,TOR
62850,Ball,69.27211,48.57065,Ball
62850,Kevin Durant,82.3739,22.23561,OKC
62850,Russell Westbrook,74.00127,28.67596,OKC
62850,Serge Ibaka,77.91898,31.89542,OKC
62850,Dion Waiters,81.17841,18.56566,OKC
62850,Steven Adams,84.88562,23.29671,OKC
62850,DeMarre Carroll,71.7451,48.16363,TOR
62850,Patrick Patterson,72.95175,30.76843,TOR
62850,DeMar DeRozan,89.42538,3.22156,TOR
62850,Cory Joseph,74.70991,31.64688,TOR
62850,Bismack Biyombo,74.42143,25.8784,TOR
62850,Ball,69.28707,48.61401,Ball
62850,Kevin Durant,82.36177,22.35012,OKC
62850,Russell Westbrook,74.08164,28.67231,OKC
62850,Serge Ibaka,77.91747,32.00314,OKC
62850,Dion Waiters,81.25181,18.4228,OKC
62850,Steven Adams,84.89996,23.2864,OKC
62850,DeMarre Carroll,71.70395,48.26251,TOR
62850,Patrick Patterson,72.88063,30.8237,TOR
62850,DeMar DeRozan,89.50623,3.21128,TOR
62850,Cory Joseph,74.85383,31.72374,TOR
62850,Bismack Biyombo,74.35157,25.81876,TOR
62850,Ball,69.22646,48.84917,Ball
62850,Kevin Durant,82.35001,22.4774,OKC
62850,Russell Westbrook,74.14124,28.743290000000002,OKC
62850,Serge Ibaka,77.92306,32.10589,OKC
62850,Dion Waiters,81.33184,18.28362,OKC
62850,Steven Adams,84.91269,23.30453,OKC
62850,DeMarre Carroll,71.65648,48.3635,TOR
62850,Patrick Patterson,72.87093,30.93114,TOR
62850,DeMar DeRozan,89.58985,3.1628,TOR
62850,Cory Joseph,75.07378,31.83114,TOR
62850,Bismack Biyombo,74.30067,25.75257,TOR
62850,Ball,69.37005,48.76437,Ball
62850,Kevin Durant,82.33834,22.60062,OKC
62850,Russell Westbrook,74.21069,28.84573,OKC
62850,Serge Ibaka,77.93412000000001,32.19048,OKC
62850,Dion Waiters,81.42615,18.14295,OKC
62850,Steven Adams,84.92854,23.33284,OKC
62850,DeMarre Carroll,71.60689,48.45597,TOR
62850,Patrick Patterson,72.83867,31.10789,TOR
62850,DeMar DeRozan,89.67222,3.10084,TOR
62850,Cory Joseph,75.2595,31.86179,TOR
62850,Bismack Biyombo,74.24745,25.64647,TOR
62850,Ball,69.28806,48.6827,Ball
62850,Kevin Durant,82.31876,22.73713,OKC
62850,Russell Westbrook,74.28893,28.89633,OKC
62850,Serge Ibaka,77.94525,32.27202,OKC
62850,Dion Waiters,81.52394,18.0004,OKC
62850,Steven Adams,84.94235,23.37024,OKC
62850,DeMarre Carroll,71.55312,48.54044,TOR
62850,Patrick Patterson,72.84456,31.29058,TOR
62850,DeMar DeRozan,89.74534,3.03778,TOR
62850,Cory Joseph,75.40228,31.8115,TOR
62850,Bismack Biyombo,74.21905,25.50036,TOR
62850,Ball,69.31802,48.76931,Ball
62850,Kevin Durant,82.31125,22.86803,OKC
62850,Russell Westbrook,74.35623,28.97711,OKC
62850,Serge Ibaka,77.9385,32.36882,OKC
62850,Dion Waiters,81.62552,17.86318,OKC
62850,Steven Adams,84.9616,23.42206,OKC
62850,DeMarre Carroll,71.49396,48.62284,TOR
62850,Patrick Patterson,72.81302,31.48297,TOR
62850,DeMar DeRozan,89.82458,2.98511,TOR
62850,Cory Joseph,75.58999,31.73241,TOR
62850,Bismack Biyombo,74.20162,25.34605,TOR
62850,Ball,69.37944,48.60315,Ball
62850,Kevin Durant,82.30114,23.00785,OKC
62850,Russell Westbrook,74.45278,29.03118,OKC
62850,Serge Ibaka,77.95222,32.46119,OKC
62850,Dion Waiters,81.7166,17.73686,OKC
62850,Steven Adams,84.98312,23.47641,OKC
62850,DeMarre Carroll,71.43082,48.69182,TOR
62850,Patrick Patterson,72.78116,31.73266,TOR
62850,DeMar DeRozan,89.89132,2.9051,TOR
62850,Cory Joseph,75.81146,31.62573,TOR
62850,Bismack Biyombo,74.15408,25.25623,TOR
62850,Ball,69.37005,48.76437,Ball
62850,Kevin Durant,82.29714,23.15671,OKC
62850,Russell Westbrook,74.5247,29.10338,OKC
62850,Serge Ibaka,77.96869,32.55055,OKC
62850,Dion Waiters,81.818,17.60894,OKC
62850,Steven Adams,85.0041,23.52938,OKC
62850,DeMarre Carroll,71.36938,48.7483,TOR
62850,Patrick Patterson,72.75934,31.99927,TOR
62850,DeMar DeRozan,89.94546,2.84824,TOR
62850,Cory Joseph,76.05229,31.55262,TOR
62850,Bismack Biyombo,74.1592,25.0964,TOR
62850,Ball,69.36446,48.55998,Ball
62850,Kevin Durant,82.28859,23.32498,OKC
62850,Russell Westbrook,74.61712,29.20968,OKC
62850,Serge Ibaka,77.98404,32.63614,OKC
62850,Dion Waiters,81.91762,17.49376,OKC
62850,Steven Adams,85.02787,23.59219,OKC
62850,DeMarre Carroll,71.3116,48.79593,TOR
62850,Patrick Patterson,72.69131,32.24207,TOR
62850,DeMar DeRozan,90.02694,2.80194,TOR
62850,Cory Joseph,76.3275,31.47257,TOR
62850,Bismack Biyombo,74.16879,24.90951,TOR
62850,Ball,69.38505,48.80788,Ball
62850,Kevin Durant,82.26824,23.49986,OKC
62850,Russell Westbrook,74.71486,29.28085,OKC
62850,Serge Ibaka,77.99794,32.73074,OKC
62850,Dion Waiters,82.02393,17.37814,OKC
62850,Steven Adams,85.04365,23.65864,OKC
62850,DeMarre Carroll,71.25202,48.88083,TOR
62850,Patrick Patterson,72.69379,32.48515,TOR
62850,DeMar DeRozan,90.10532,2.7501700000000002,TOR
62850,Cory Joseph,76.53939,31.40088,TOR
62850,Bismack Biyombo,74.22816,24.6986,TOR
62850,Ball,69.30873,48.71381,Ball
62850,Kevin Durant,82.25805,23.67415,OKC
62850,Russell Westbrook,74.82002,29.34484,OKC
62850,Serge Ibaka,78.00755,32.82626,OKC
62850,Dion Waiters,82.13495,17.25888,OKC
62850,Steven Adams,85.05786,23.73263,OKC
62850,DeMarre Carroll,71.19164,48.96179,TOR
62850,Patrick Patterson,72.7034,32.75864,TOR
62850,DeMar DeRozan,90.18573,2.70536,TOR
62850,Cory Joseph,76.5892,31.40144,TOR
62850,Bismack Biyombo,74.24871,24.51601,TOR
62850,Ball,69.29282,48.60209,Ball
62850,Kevin Durant,82.24491,23.85586,OKC
62850,Russell Westbrook,74.92973,29.40795,OKC
62850,Serge Ibaka,78.00279,32.91557,OKC
62850,Dion Waiters,82.25022,17.14149,OKC
62850,Steven Adams,85.07365,23.8018,OKC
62850,DeMarre Carroll,71.13778,49.04376,TOR
62850,Patrick Patterson,72.70626,32.95335,TOR
62850,DeMar DeRozan,90.25373,2.64939,TOR
62850,Cory Joseph,76.75263,31.3997,TOR
62850,Bismack Biyombo,74.27006,24.33485,TOR
62850,Ball,69.38974,48.7271,Ball
62850,Kevin Durant,82.24375,24.02471,OKC
62850,Russell Westbrook,75.0382,29.48196,OKC
62850,Serge Ibaka,77.99162,33.00528,OKC
62850,Dion Waiters,82.36952,17.04499,OKC
62850,Steven Adams,85.08655,23.86388,OKC
62850,DeMarre Carroll,71.08447,49.12582,TOR
62850,Patrick Patterson,72.71232,33.08266,TOR
62850,DeMar DeRozan,90.3226,2.59186,TOR
62850,Cory Joseph,76.94726,31.37082,TOR
62850,Bismack Biyombo,74.28633,24.15345,TOR
62850,Ball,69.27885,48.62744,Ball
62850,Kevin Durant,82.23862,24.20822,OKC
62850,Russell Westbrook,75.14617,29.56322,OKC
62850,Serge Ibaka,77.97516,33.10326,OKC
62850,Dion Waiters,82.47967,16.93791,OKC
62850,Steven Adams,85.09934,23.94659,OKC
62850,DeMarre Carroll,71.06143,49.15388,TOR
62850,Patrick Patterson,72.71466,33.18242,TOR
62850,DeMar DeRozan,90.39198,2.53436,TOR
62850,Cory Joseph,77.15665,31.32242,TOR
62850,Bismack Biyombo,74.33675,23.93854,TOR
62850,Ball,69.31326,48.85025,Ball
62850,Kevin Durant,82.22206,24.40396,OKC
62850,Russell Westbrook,75.26231,29.62372,OKC
62850,Serge Ibaka,77.98588,33.16698,OKC
62850,Dion Waiters,82.58637,16.83557,OKC
62850,Steven Adams,85.11262,24.05047,OKC
62850,DeMarre Carroll,71.03071,49.19354,TOR
62850,Patrick Patterson,72.70865,33.33533,TOR
62850,DeMar DeRozan,90.45812,2.47276,TOR
62850,Cory Joseph,77.34835,31.34783,TOR
62850,Bismack Biyombo,74.37926,23.74594,TOR
62850,Ball,69.38127,48.63678,Ball
62850,Kevin Durant,82.21056,24.60409,OKC
62850,Russell Westbrook,75.38004,29.68861,OKC
62850,Serge Ibaka,77.99742,33.22505,OKC
62850,Dion Waiters,82.6975,16.73689,OKC
62850,Steven Adams,85.12623,24.13826,OKC
62850,DeMarre Carroll,71.00521,49.27525,TOR
62850,Patrick Patterson,72.70044,33.48042,TOR
62850,DeMar DeRozan,90.51372,2.42166,TOR
62850,Cory Joseph,77.52799,31.32992,TOR
62850,Bismack Biyombo,74.41525,23.56411,TOR
62850,Ball,69.37376,48.61513,Ball
62850,Kevin Durant,82.19389,24.81907,OKC
62850,Russell Westbrook,75.48482,29.74194,OKC
62850,Serge Ibaka,78.01333,33.2717,OKC
62850,Dion Waiters,82.81149,16.64318,OKC
62850,Steven Adams,85.14005,24.24213,OKC
62850,DeMarre Carroll,70.98358,49.35642,TOR
62850,Patrick Patterson,72.6634,33.70049,TOR
62850,DeMar DeRozan,90.54807,2.33916,TOR
62850,Cory Joseph,77.69716,31.31891,TOR
62850,Bismack Biyombo,74.46773,23.33702,TOR
62850,Ball,69.38878,48.65842,Ball
62850,Kevin Durant,82.18655,25.01942,OKC
62850,Russell Westbrook,75.60222,29.78048,OKC
62850,Serge Ibaka,78.0109,33.30885,OKC
62850,Dion Waiters,82.92921,16.55128,OKC
62850,Steven Adams,85.15022,24.33063,OKC
62850,DeMarre Carroll,70.97076,49.39571,TOR
62850,Patrick Patterson,72.63769,33.90147,TOR
62850,DeMar DeRozan,90.58495,2.28101,TOR
62850,Cory Joseph,77.84635,31.25744,TOR
62850,Bismack Biyombo,74.50097,23.1495,TOR
62850,Ball,69.37376,48.61513,Ball
62850,Kevin Durant,82.17327,25.22772,OKC
62850,Russell Westbrook,75.72101,29.83684,OKC
62850,Serge Ibaka,78.01323,33.33906,OKC
62850,Dion Waiters,83.04797,16.45986,OKC
62850,Steven Adams,85.1555,24.41816,OKC
62850,DeMarre Carroll,70.96092,49.43532,TOR
62850,Patrick Patterson,72.62666,34.03237,TOR
62850,DeMar DeRozan,90.61952,2.23473,TOR
62850,Cory Joseph,78.02655,31.2775,TOR
62850,Bismack Biyombo,74.53072,22.9626,TOR
62850,Ball,69.47086,48.74032,Ball
62850,Kevin Durant,82.17615,25.43465,OKC
62850,Russell Westbrook,75.84149,29.8796,OKC
62850,Serge Ibaka,78.0078,33.36741,OKC
62850,Dion Waiters,83.1721,16.37621,OKC
62850,Steven Adams,85.15595,24.49486,OKC
62850,DeMarre Carroll,70.95624,49.47767,TOR
62850,Patrick Patterson,72.61675,34.10965,TOR
62850,DeMar DeRozan,90.6526,2.20435,TOR
62850,Cory Joseph,78.19368,31.27528,TOR
62850,Bismack Biyombo,74.55337,22.77564,TOR
62850,Ball,69.4755,48.65951,Ball
62850,Kevin Durant,82.17931,25.64758,OKC
62850,Russell Westbrook,75.95802,29.93071,OKC
62850,Serge Ibaka,78.02391,33.37319,OKC
62850,Dion Waiters,83.30507,16.29005,OKC
62850,Steven Adams,85.14287,24.54778,OKC
62850,DeMarre Carroll,70.96741,49.54603,TOR
62850,Patrick Patterson,72.62295,34.16752,TOR
62850,DeMar DeRozan,90.66756,2.15277,TOR
62850,Cory Joseph,78.3553,31.32207,TOR
62850,Bismack Biyombo,74.57602,22.59096,TOR
62850,Ball,69.46046,48.61625,Ball
62850,Kevin Durant,82.19381,25.85572,OKC
62850,Russell Westbrook,76.08538,29.96787,OKC
62850,Serge Ibaka,78.01607,33.37355,OKC
62850,Dion Waiters,83.43805,16.20562,OKC
62850,Steven Adams,85.11954,24.60133,OKC
62850,DeMarre Carroll,70.98683,49.62618,TOR
62850,Patrick Patterson,72.63523,34.17115,TOR
62850,DeMar DeRozan,90.7017,2.13368,TOR
62850,Cory Joseph,78.53966,31.35726,TOR
62850,Bismack Biyombo,74.59102,22.41159,TOR
62850,Ball,69.54257,48.69799,Ball
62850,Kevin Durant,82.2015,26.06496,OKC
62850,Russell Westbrook,76.2172,30.00935,OKC
62850,Serge Ibaka,78.00723,33.37363,OKC
62850,Dion Waiters,83.57408,16.12813,OKC
62850,Steven Adams,85.10195,24.6659,OKC
62850,DeMarre Carroll,70.99603,49.69663,TOR
62850,Patrick Patterson,72.65173,34.15673,TOR
62850,DeMar DeRozan,90.72284,2.11321,TOR
62850,Cory Joseph,78.70749,31.37459,TOR
62850,Bismack Biyombo,74.56068,22.2835,TOR
62850,Ball,69.54716,48.61735,Ball
62850,Kevin Durant,82.2239,26.26061,OKC
62850,Russell Westbrook,76.34922,29.99508,OKC
62850,Serge Ibaka,77.99338,33.37109,OKC
62850,Dion Waiters,83.70921,16.04452,OKC
62850,Steven Adams,85.08667,24.72686,OKC
62850,DeMarre Carroll,71.02292,49.78832,TOR
62850,Patrick Patterson,72.67,34.143,TOR
62850,DeMar DeRozan,90.7272,2.07964,TOR
62850,Cory Joseph,78.87049,31.36936,TOR
62850,Bismack Biyombo,74.53765,22.15161,TOR
62850,Ball,69.55862,48.81004,Ball
62850,Kevin Durant,82.25652,26.46072,OKC
62850,Russell Westbrook,76.4725,30.024,OKC
62850,Serge Ibaka,77.97317,33.35834,OKC
62850,Dion Waiters,83.84285,15.96176,OKC
62850,Steven Adams,85.07598,24.80595,OKC
62850,DeMarre Carroll,71.05282,49.83954,TOR
62850,Patrick Patterson,72.68951,34.12634,TOR
62850,DeMar DeRozan,90.73096,2.04927,TOR
62850,Cory Joseph,79.05366,31.39643,TOR
62850,Bismack Biyombo,74.47683,22.03246,TOR
62850,Ball,69.55862,48.81004,Ball
62850,Kevin Durant,82.29143,26.66198,OKC
62850,Russell Westbrook,76.59349,30.05633,OKC
62850,Serge Ibaka,77.95643,33.34394,OKC
62850,Dion Waiters,83.97388,15.88287,OKC
62850,Steven Adams,85.05691,24.89471,OKC
62850,DeMarre Carroll,71.08357,49.8982,TOR
62850,Patrick Patterson,72.70829,34.08827,TOR
62850,DeMar DeRozan,90.7235,2.02532,TOR
62850,Cory Joseph,79.23236,31.40684,TOR
62850,Bismack Biyombo,74.45624,21.88049,TOR
62850,Ball,69.56319,48.7292,Ball
62850,Kevin Durant,82.32007,26.84157,OKC
62850,Russell Westbrook,76.72468,30.07465,OKC
62850,Serge Ibaka,77.95561000000001,33.32835,OKC
62850,Dion Waiters,84.10071,15.80888,OKC
62850,Steven Adams,85.03763,24.98437,OKC
62850,DeMarre Carroll,71.11623,49.94904,TOR
62850,Patrick Patterson,72.73194,34.04429,TOR
62850,DeMar DeRozan,90.72092,2.01291,TOR
62850,Cory Joseph,79.39207,31.42328,TOR
62850,Bismack Biyombo,74.43394,21.72848,TOR
62850,Ball,69.56817,48.86579,Ball
62850,Kevin Durant,82.34699,27.02138,OKC
62850,Russell Westbrook,76.85635,30.0658,OKC
62850,Serge Ibaka,77.95179,33.34779,OKC
62850,Dion Waiters,84.22499,15.73573,OKC
62850,Steven Adams,85.01044,25.09867,OKC
62850,DeMarre Carroll,71.14218,50.00432,TOR
62850,Patrick Patterson,72.75383,34.06433,TOR
62850,DeMar DeRozan,90.70732,1.9960200000000001,TOR
62850,Cory Joseph,79.51192,31.46253,TOR
62850,Bismack Biyombo,74.41219,21.57057,TOR
62850,Ball,69.56817,48.86579,Ball
62850,Kevin Durant,82.38061,27.1994,OKC
62850,Russell Westbrook,76.98553,30.05626,OKC
62850,Serge Ibaka,77.95265,33.37065,OKC
62850,Dion Waiters,84.3486,15.66953,OKC
62850,Steven Adams,84.98336,25.19307,OKC
62850,DeMarre Carroll,71.15574,50.10346,TOR
62850,Patrick Patterson,72.77814,34.07865,TOR
62850,DeMar DeRozan,90.68184,1.9757600000000002,TOR
62850,Cory Joseph,79.60713,31.4989,TOR
62850,Bismack Biyombo,74.38548,21.41179,TOR
62850,Ball,69.53766,48.56212,Ball
62850,Kevin Durant,82.41567,27.38048,OKC
62850,Russell Westbrook,77.09978,30.10134,OKC
62850,Serge Ibaka,77.95559,33.35615,OKC
62850,Dion Waiters,84.47486,15.60418,OKC
62850,Steven Adams,84.94871,25.28049,OKC
62850,DeMarre Carroll,71.16641,50.20148,TOR
62850,Patrick Patterson,72.80728,34.00936,TOR
62850,DeMar DeRozan,90.6558,1.95754,TOR
62850,Cory Joseph,79.73011,31.54422,TOR
62850,Bismack Biyombo,74.36113,21.25644,TOR
62850,Ball,69.5527,48.60524,Ball
62850,Kevin Durant,82.44867,27.55993,OKC
62850,Russell Westbrook,77.21442,30.13868,OKC
62850,Serge Ibaka,77.96984,33.33304,OKC
62850,Dion Waiters,84.60194,15.53868,OKC
62850,Steven Adams,84.89806,25.3738,OKC
62850,DeMarre Carroll,71.19766,50.25913,TOR
62850,Patrick Patterson,72.83833,33.93906,TOR
62850,DeMar DeRozan,90.63482,1.9405000000000001,TOR
62850,Cory Joseph,79.86994,31.61768,TOR
62850,Bismack Biyombo,74.33363,21.10196,TOR
62850,Ball,69.55862,48.81004,Ball
62850,Kevin Durant,82.48622,27.71581,OKC
62850,Russell Westbrook,77.34072,30.17515,OKC
62850,Serge Ibaka,77.96853,33.31532,OKC
62850,Dion Waiters,84.72856,15.477360000000001,OKC
62850,Steven Adams,84.85412,25.46795,OKC
62850,DeMarre Carroll,71.22803,50.31434,TOR
62850,Patrick Patterson,72.87293,33.86199,TOR
62850,DeMar DeRozan,90.61799,1.94385,TOR
62850,Cory Joseph,80.00667,31.665210000000002,TOR
62850,Bismack Biyombo,74.29632,20.98884,TOR
62850,Ball,69.55365,48.67369,Ball
62850,Kevin Durant,82.51388,27.9107,OKC
62850,Russell Westbrook,77.46283,30.21624,OKC
62850,Serge Ibaka,77.96185,33.30313,OKC
62850,Dion Waiters,84.85051,15.41917,OKC
62850,Steven Adams,84.8006,25.54516,OKC
62850,DeMarre Carroll,71.25547,50.40294,TOR
62850,Patrick Patterson,72.90648,33.77765,TOR
62850,DeMar DeRozan,90.59477,1.94402,TOR
62850,Cory Joseph,80.18502,31.70611,TOR
62850,Bismack Biyombo,74.26614000000001,20.83441,TOR
62850,Ball,69.63483,48.68699,Ball
62850,Kevin Durant,82.5483,28.12008,OKC
62850,Russell Westbrook,77.58162,30.24228,OKC
62850,Serge Ibaka,77.93375,33.29801,OKC
62850,Dion Waiters,84.97467,15.36597,OKC
62850,Steven Adams,84.74551,25.61743,OKC
62850,DeMarre Carroll,71.28613,50.49078,TOR
62850,Patrick Patterson,72.94001,33.69286,TOR
62850,DeMar DeRozan,90.57082,1.93688,TOR
62850,Cory Joseph,80.31968,31.72172,TOR
62850,Bismack Biyombo,74.24118,20.67973,TOR
62850,Ball,69.55862,48.81004,Ball
62850,Kevin Durant,82.56021,28.30653,OKC
62850,Russell Westbrook,77.6966,30.27963,OKC
62850,Serge Ibaka,77.90977,33.2977,OKC
62850,Dion Waiters,85.09017,15.31408,OKC
62850,Steven Adams,84.69523,25.68827,OKC
62850,DeMarre Carroll,71.31928,50.57467,TOR
62850,Patrick Patterson,72.97907000000001,33.65875,TOR
62850,DeMar DeRozan,90.54118,1.9346800000000002,TOR
62850,Cory Joseph,80.46346,31.82212,TOR
62850,Bismack Biyombo,74.21899,20.57301,TOR
62850,Ball,69.5527,48.60524,Ball
62850,Kevin Durant,82.56686,28.48462,OKC
62850,Russell Westbrook,77.82356,30.305320000000002,OKC
62850,Serge Ibaka,77.88071,33.29659,OKC
62850,Dion Waiters,85.20198,15.26028,OKC
62850,Steven Adams,84.6465,25.77929,OKC
62850,DeMarre Carroll,71.34436,50.62997,TOR
62850,Patrick Patterson,73.01998,33.56832,TOR
62850,DeMar DeRozan,90.51901,1.9437700000000002,TOR
62850,Cory Joseph,80.57669,31.85288,TOR
62850,Bismack Biyombo,74.19572,20.46581,TOR
62850,Ball,69.46511,48.53559,Ball
62850,Kevin Durant,82.56943,28.67167,OKC
62850,Russell Westbrook,77.94171,30.34583,OKC
62850,Serge Ibaka,77.8517,33.29852,OKC
62850,Dion Waiters,85.31334,15.20467,OKC
62850,Steven Adams,84.59028,25.92242,OKC
62850,DeMarre Carroll,71.36902,50.68026,TOR
62850,Patrick Patterson,73.06135,33.48122,TOR
62850,DeMar DeRozan,90.48112,1.94719,TOR
62850,Cory Joseph,80.66422,31.82238,TOR
62850,Bismack Biyombo,74.18001,20.30977,TOR
62850,Ball,69.4491,48.42375,Ball
62850,Kevin Durant,82.57627,28.85512,OKC
62850,Russell Westbrook,78.04728,30.37641,OKC
62850,Serge Ibaka,77.81547,33.30206,OKC
62850,Dion Waiters,85.42046,15.14246,OKC
62850,Steven Adams,84.52859,26.05727,OKC
62850,DeMarre Carroll,71.40713,50.74164,TOR
62850,Patrick Patterson,73.09788,33.45596,TOR
62850,DeMar DeRozan,90.45178,1.95401,TOR
62850,Cory Joseph,80.78656,31.85531,TOR
62850,Bismack Biyombo,74.17301,20.20937,TOR
62850,Ball,69.4481,48.3549,Ball
62850,Kevin Durant,82.57228,29.03644,OKC
62850,Russell Westbrook,78.14601,30.4207,OKC
62850,Serge Ibaka,77.78445,33.31791,OKC
62850,Dion Waiters,85.52954,15.08713,OKC
62850,Steven Adams,84.4555,26.1906,OKC
62850,DeMarre Carroll,71.43703,50.7786,TOR
62850,Patrick Patterson,73.1379,33.42004,TOR
62850,DeMar DeRozan,90.42502,1.9539,TOR
62850,Cory Joseph,80.93524,31.8936,TOR
62850,Bismack Biyombo,74.15834,20.11453,TOR
62850,Ball,69.37651,48.39682,Ball
62850,Kevin Durant,82.55633,29.2087,OKC
62850,Russell Westbrook,78.27057,30.44903,OKC
62850,Serge Ibaka,77.7587,33.32312,OKC
62850,Dion Waiters,85.63981,15.03159,OKC
62850,Steven Adams,84.37398,26.30279,OKC
62850,DeMarre Carroll,71.46836,50.80798,TOR
62850,Patrick Patterson,73.17805,33.38521,TOR
62850,DeMar DeRozan,90.39843,1.9564500000000002,TOR
62850,Cory Joseph,81.06964,31.927,TOR
62850,Bismack Biyombo,74.15316,19.98541,TOR
62850,Ball,69.29907,48.45042,Ball
62850,Kevin Durant,82.52164,29.38442,OKC
62850,Russell Westbrook,78.39497,30.48267,OKC
62850,Serge Ibaka,77.72731,33.34831,OKC
62850,Dion Waiters,85.75592,14.97659,OKC
62850,Steven Adams,84.30611,26.36223,OKC
62850,DeMarre Carroll,71.5048,50.82889,TOR
62850,Patrick Patterson,73.221,33.35522,TOR
62850,DeMar DeRozan,90.37501,1.9582800000000002,TOR
62850,Cory Joseph,81.19999,31.96483,TOR
62850,Bismack Biyombo,74.15206,19.86127,TOR
62850,Ball,69.29425,48.53115,Ball
62850,Kevin Durant,82.50669,29.56418,OKC
62850,Russell Westbrook,78.51029,30.53029,OKC
62850,Serge Ibaka,77.69295,33.3794,OKC
62850,Dion Waiters,85.87592,14.92101,OKC
62850,Steven Adams,84.23148,26.41679,OKC
62850,DeMarre Carroll,71.5446,50.85749,TOR
62850,Patrick Patterson,73.26309,33.33251,TOR
62850,DeMar DeRozan,90.36464,1.91782,TOR
62850,Cory Joseph,81.33136,32.01977,TOR
62850,Bismack Biyombo,74.15919,19.74236,TOR
62850,Ball,69.20223,48.32537,Ball
62850,Kevin Durant,82.4839,29.75103,OKC
62850,Russell Westbrook,78.63941,30.571930000000002,OKC
62850,Serge Ibaka,77.66163,33.37233,OKC
62850,Dion Waiters,85.99805,14.86241,OKC
62850,Steven Adams,84.16704,26.44589,OKC
62850,DeMarre Carroll,71.59086,50.90316,TOR
62850,Patrick Patterson,73.30651,33.32426,TOR
62850,DeMar DeRozan,90.35743,1.87888,TOR
62850,Cory Joseph,81.46256,32.09087,TOR
62850,Bismack Biyombo,74.16807,19.63444,TOR
62850,Ball,69.11561,48.32415,Ball
62850,Kevin Durant,82.45549,29.92343,OKC
62850,Russell Westbrook,78.75924,30.59595,OKC
62850,Serge Ibaka,77.62789,33.36543,OKC
62850,Dion Waiters,86.11966,14.80172,OKC
62850,Steven Adams,84.09743,26.48235,OKC
62850,DeMarre Carroll,71.64978,50.94895,TOR
62850,Patrick Patterson,73.35293,33.32884,TOR
62850,DeMar DeRozan,90.35624,1.8388,TOR
62850,Cory Joseph,81.59484,32.18851,TOR
62850,Bismack Biyombo,74.18496,19.52575,TOR
62850,Ball,69.01408,48.27975,Ball
62850,Kevin Durant,82.43326,30.08758,OKC
62850,Russell Westbrook,78.89579,30.61082,OKC
62850,Serge Ibaka,77.58619,33.39402,OKC
62850,Dion Waiters,86.23863,14.74205,OKC
62850,Steven Adams,84.03095,26.50658,OKC
62850,DeMarre Carroll,71.71443,50.98727,TOR
62850,Patrick Patterson,73.39971,33.33926,TOR
62850,DeMar DeRozan,90.35358,1.80082,TOR
62850,Cory Joseph,81.71655,32.23718,TOR
62850,Bismack Biyombo,74.20665,19.42093,TOR
62850,Ball,68.85473,48.25103,Ball
62850,Kevin Durant,82.40988,30.25194,OKC
62850,Russell Westbrook,79.03422,30.6307,OKC
62850,Serge Ibaka,77.53316,33.42791,OKC
62850,Dion Waiters,86.35444,14.68134,OKC
62850,Steven Adams,83.9733,26.52374,OKC
62850,DeMarre Carroll,71.76055,51.01973,TOR
62850,Patrick Patterson,73.44858,33.35359,TOR
62850,DeMar DeRozan,90.3474,1.76303,TOR
62850,Cory Joseph,81.86675,32.29123,TOR
62850,Bismack Biyombo,74.23567,19.32071,TOR
62850,Ball,68.7437,48.0832,Ball
62850,Kevin Durant,82.36561,30.43806,OKC
62850,Russell Westbrook,79.15986,30.64361,OKC
62850,Serge Ibaka,77.47328,33.52437,OKC
62850,Dion Waiters,86.46825,14.61498,OKC
62850,Steven Adams,83.9041,26.53193,OKC
62850,DeMarre Carroll,71.8075,51.04588,TOR
62850,Patrick Patterson,73.49852,33.38161,TOR
62850,DeMar DeRozan,90.33388,1.77087,TOR
62850,Cory Joseph,82.00337,32.3504,TOR
62850,Bismack Biyombo,74.26979,19.23178,TOR
62850,Ball,68.5855,48.12362,Ball
62850,Kevin Durant,82.32297,30.61954,OKC
62850,Russell Westbrook,79.28842,30.65508,OKC
62850,Serge Ibaka,77.43093,33.63326,OKC
62850,Dion Waiters,86.58024,14.54555,OKC
62850,Steven Adams,83.83789,26.54293,OKC
62850,DeMarre Carroll,71.85608,51.0687,TOR
62850,Patrick Patterson,73.55241,33.36913,TOR
62850,DeMar DeRozan,90.33569,1.72846,TOR
62850,Cory Joseph,82.14293,32.45967,TOR
62850,Bismack Biyombo,74.30703,19.14438,TOR
62850,Ball,68.46034,47.91311,Ball
62850,Kevin Durant,82.27737,30.80062,OKC
62850,Russell Westbrook,79.41707,30.65085,OKC
62850,Serge Ibaka,77.40057,33.74071,OKC
62850,Dion Waiters,86.68803,14.48114,OKC
62850,Steven Adams,83.76479,26.54394,OKC
62850,DeMarre Carroll,71.90134,51.09665,TOR
62850,Patrick Patterson,73.59475,33.35178,TOR
62850,DeMar DeRozan,90.33658,1.6905800000000002,TOR
62850,Cory Joseph,82.29109,32.54781,TOR
62850,Bismack Biyombo,74.34474,19.06347,TOR
62850,Ball,68.20696,47.82931,Ball
62850,Kevin Durant,82.24396,31.02882,OKC
62850,Russell Westbrook,79.57619,30.66152,OKC
62850,Serge Ibaka,77.37327,33.80017,OKC
62850,Dion Waiters,86.79719,14.41106,OKC
62850,Steven Adams,83.6891,26.5394,OKC
62850,DeMarre Carroll,71.94427,51.12515,TOR
62850,Patrick Patterson,73.64905,33.39801,TOR
62850,DeMar DeRozan,90.32769,1.6963300000000001,TOR
62850,Cory Joseph,82.4577,32.59777,TOR
62850,Bismack Biyombo,74.38567,18.93516,TOR
62850,Ball,67.90464,47.51022,Ball
62850,Kevin Durant,82.22053,31.25979,OKC
62850,Russell Westbrook,79.73289,30.66692,OKC
62850,Serge Ibaka,77.34852,33.90346,OKC
62850,Dion Waiters,86.90354,14.34279,OKC
62850,Steven Adams,83.6102,26.51709,OKC
62850,DeMarre Carroll,71.98532,51.1512,TOR
62850,Patrick Patterson,73.69475,33.55781,TOR
62850,DeMar DeRozan,90.33568,1.64911,TOR
62850,Cory Joseph,82.62025,32.68462,TOR
62850,Bismack Biyombo,74.42997,18.80757,TOR
62850,Ball,67.586,47.37582,Ball
62850,Kevin Durant,82.19998,31.51046,OKC
62850,Russell Westbrook,79.86972,30.65524,OKC
62850,Serge Ibaka,77.32918,33.96686,OKC
62850,Dion Waiters,87.0069,14.27173,OKC
62850,Steven Adams,83.54027,26.43142,OKC
62850,DeMarre Carroll,72.02436,51.1796,TOR
62850,Patrick Patterson,73.74707,33.71006,TOR
62850,DeMar DeRozan,90.35175,1.60416,TOR
62850,Cory Joseph,82.80322,32.84653,TOR
62850,Bismack Biyombo,74.46912,18.73605,TOR
62850,Ball,67.25096,47.2847,Ball
62850,Kevin Durant,82.18042,31.78551,OKC
62850,Russell Westbrook,80.04988,30.68909,OKC
62850,Serge Ibaka,77.31284,34.02316,OKC
62850,Dion Waiters,87.10946,14.20369,OKC
62850,Steven Adams,83.47041,26.33226,OKC
62850,DeMarre Carroll,72.05856,51.20413,TOR
62850,Patrick Patterson,73.80219,33.81001,TOR
62850,DeMar DeRozan,90.36178,1.55625,TOR
62850,Cory Joseph,82.94017,32.94388,TOR
62850,Bismack Biyombo,74.49891,18.6126,TOR
62850,Ball,66.99152,47.18212,Ball
62850,Kevin Durant,82.15837,32.05532,OKC
62850,Russell Westbrook,80.23289,30.72383,OKC
62850,Serge Ibaka,77.28674,34.11593,OKC
62850,Dion Waiters,87.20492,14.13619,OKC
62850,Steven Adams,83.40111,26.22247,OKC
62850,DeMarre Carroll,72.08545,51.22906,TOR
62850,Patrick Patterson,73.86184,33.92029,TOR
62850,DeMar DeRozan,90.36262,1.56021,TOR
62850,Cory Joseph,83.05186,33.02818,TOR
62850,Bismack Biyombo,74.53625,18.49267,TOR
62850,Ball,66.69897,47.17275,Ball
62850,Kevin Durant,82.13991,32.367,OKC
62850,Russell Westbrook,80.36437,30.73547,OKC
62850,Serge Ibaka,77.25869,34.22095,OKC
62850,Dion Waiters,87.29194,14.06707,OKC
62850,Steven Adams,83.33338,26.10511,OKC
62850,DeMarre Carroll,72.10792,51.25468,TOR
62850,Patrick Patterson,73.91992,34.03094,TOR
62850,DeMar DeRozan,90.37561,1.51852,TOR
62850,Cory Joseph,83.16924,33.11951,TOR
62850,Bismack Biyombo,74.56791,18.42321,TOR
62850,Ball,66.42733,47.17042,Ball
62850,Kevin Durant,82.12874,32.66662,OKC
62850,Russell Westbrook,80.49764,30.74343,OKC
62850,Serge Ibaka,77.23342,34.30736,OKC
62850,Dion Waiters,87.37035,13.9972,OKC
62850,Steven Adams,83.25236,26.01816,OKC
62850,DeMarre Carroll,72.12601,51.27224,TOR
62850,Patrick Patterson,73.97706,34.13426,TOR
62850,DeMar DeRozan,90.37754,1.52008,TOR
62850,Cory Joseph,83.27652,33.20957,TOR
62850,Bismack Biyombo,74.59804,18.35388,TOR
62850,Ball,66.23663,47.32312,Ball
62850,Kevin Durant,82.10439,32.97584,OKC
62850,Russell Westbrook,80.63244,30.7539,OKC
62850,Serge Ibaka,77.21188,34.38437,OKC
62850,Dion Waiters,87.44311,13.9271,OKC
62850,Steven Adams,83.16919,25.92295,OKC
62850,DeMarre Carroll,72.1396,51.28724,TOR
62850,Patrick Patterson,74.03386,34.23079,TOR
62850,DeMar DeRozan,90.36729,1.56434,TOR
62850,Cory Joseph,83.36966,33.29308,TOR
62850,Bismack Biyombo,74.62161,18.28124,TOR
62850,Ball,66.05539,47.31923,Ball
62850,Kevin Durant,82.08111,33.29527,OKC
62850,Russell Westbrook,80.74504,30.78227,OKC
62850,Serge Ibaka,77.19023,34.46318,OKC
62850,Dion Waiters,87.50955,13.85739,OKC
62850,Steven Adams,83.08119,25.83212,OKC
62850,DeMarre Carroll,72.15184,51.27515,TOR
62850,Patrick Patterson,74.0892,34.30987,TOR
62850,DeMar DeRozan,90.35502,1.60802,TOR
62850,Cory Joseph,83.45595,33.3619,TOR
62850,Bismack Biyombo,74.64358,18.20319,TOR
62850,Ball,65.8751,47.31903,Ball
62850,Kevin Durant,82.05599,33.60928,OKC
62850,Russell Westbrook,80.87057,30.82332,OKC
62850,Serge Ibaka,77.17194,34.53625,OKC
62850,Dion Waiters,87.57483,13.78735,OKC
62850,Steven Adams,82.98736,25.73786,OKC
62850,DeMarre Carroll,72.15572,51.26109,TOR
62850,Patrick Patterson,74.13923,34.39087,TOR
62850,DeMar DeRozan,90.35088,1.60671,TOR
62850,Cory Joseph,83.54285,33.43014,TOR
62850,Bismack Biyombo,74.66149,18.13035,TOR
62850,Ball,65.83783,47.24293,Ball
62850,Kevin Durant,82.02429,33.90616,OKC
62850,Russell Westbrook,80.99774,30.83756,OKC
62850,Serge Ibaka,77.1569,34.60528,OKC
62850,Dion Waiters,87.63754,13.71369,OKC
62850,Steven Adams,82.89355,25.64401,OKC
62850,DeMarre Carroll,72.15483,51.24684,TOR
62850,Patrick Patterson,74.18563,34.46337,TOR
62850,DeMar DeRozan,90.33937,1.64966,TOR
62850,Cory Joseph,83.61392,33.5037,TOR
62850,Bismack Biyombo,74.67987,18.05685,TOR
62850,Ball,65.56779,47.2931,Ball
62850,Kevin Durant,81.99031,34.18292,OKC
62850,Russell Westbrook,81.10913,30.85326,OKC
62850,Serge Ibaka,77.13879,34.66854,OKC
62850,Dion Waiters,87.69658,13.64271,OKC
62850,Steven Adams,82.79341,25.54756,OKC
62850,DeMarre Carroll,72.15158,51.23207,TOR
62850,Patrick Patterson,74.23284,34.53572,TOR
62850,DeMar DeRozan,90.32765,1.6954,TOR
62850,Cory Joseph,83.63727,33.56601,TOR
62850,Bismack Biyombo,74.69477,17.97764,TOR
62850,Ball,65.56056,47.18293,Ball
62850,Kevin Durant,81.97438,34.44082,OKC
62850,Russell Westbrook,81.23354,30.86987,OKC
62850,Serge Ibaka,77.13329,34.66657,OKC
62850,Dion Waiters,87.75406,13.57292,OKC
62850,Steven Adams,82.69582,25.44825,OKC
62850,DeMarre Carroll,72.14226,51.2219,TOR
62850,Patrick Patterson,74.2713,34.6005,TOR
62850,DeMar DeRozan,90.33376,1.69456,TOR
62850,Cory Joseph,83.66987,33.61835,TOR
62850,Bismack Biyombo,74.70576,17.90266,TOR
62850,Ball,65.53986,47.17213,Ball
62850,Kevin Durant,81.94823,34.67313,OKC
62850,Russell Westbrook,81.353,30.887,OKC
62850,Serge Ibaka,77.12862,34.64825,OKC
62850,Dion Waiters,87.80739,13.50553,OKC
62850,Steven Adams,82.59821,25.34931,OKC
62850,DeMarre Carroll,72.12679,51.21156,TOR
62850,Patrick Patterson,74.30684,34.70523,TOR
62850,DeMar DeRozan,90.32086,1.74262,TOR
62850,Cory Joseph,83.66232,33.66869,TOR
62850,Bismack Biyombo,74.71391,17.83101,TOR
62850,Ball,65.53574,47.11521,Ball
62850,Kevin Durant,81.91669,34.89704,OKC
62850,Russell Westbrook,81.47536,30.91915,OKC
62850,Serge Ibaka,77.12204,34.6252,OKC
62850,Dion Waiters,87.85963,13.43216,OKC
62850,Steven Adams,82.50218,25.25135,OKC
62850,DeMarre Carroll,72.11132,51.19481,TOR
62850,Patrick Patterson,74.35121,34.81159,TOR
62850,DeMar DeRozan,90.30879,1.79001,TOR
62850,Cory Joseph,83.64757,33.71377,TOR
62850,Bismack Biyombo,74.71562,17.76149,TOR
62850,Ball,65.464,47.11701,Ball
62850,Kevin Durant,81.89028,35.05596,OKC
62850,Russell Westbrook,81.56336,30.93549,OKC
62850,Serge Ibaka,77.11853,34.64072,OKC
62850,Dion Waiters,87.9069,13.3601,OKC
62850,Steven Adams,82.40328,25.1513,OKC
62850,DeMarre Carroll,72.09164,51.17895,TOR
62850,Patrick Patterson,74.38274,34.85746,TOR
62850,DeMar DeRozan,90.30897,1.8415400000000002,TOR
62850,Cory Joseph,83.61952,33.7686,TOR
62850,Bismack Biyombo,74.71384,17.6927,TOR
62850,Ball,65.49897,47.1336,Ball
62850,Kevin Durant,81.82515,35.24809,OKC
62850,Russell Westbrook,81.64645,30.95548,OKC
62850,Serge Ibaka,77.11702,34.61231,OKC
62850,Dion Waiters,87.94766,13.29143,OKC
62850,Steven Adams,82.30454,25.04903,OKC
62850,DeMarre Carroll,72.07051,51.16455,TOR
62850,Patrick Patterson,74.41861,34.84095,TOR
62850,DeMar DeRozan,90.29621,1.9403100000000002,TOR
62850,Cory Joseph,83.58931,33.80854,TOR
62850,Bismack Biyombo,74.70938,17.62707,TOR
62850,Ball,65.68149,47.18316,Ball
62850,Kevin Durant,81.75587,35.39756,OKC
62850,Russell Westbrook,81.7459,30.98803,OKC
62850,Serge Ibaka,77.11252,34.62541,OKC
62850,Dion Waiters,87.98988,13.22303,OKC
62850,Steven Adams,82.19919,24.95173,OKC
62850,DeMarre Carroll,72.04458,51.15013,TOR
62850,Patrick Patterson,74.45566,34.76723,TOR
62850,DeMar DeRozan,90.28445,1.9882900000000001,TOR
62850,Cory Joseph,83.55017,33.84197,TOR
62850,Bismack Biyombo,74.7068,17.56199,TOR
62850,Ball,65.91833,47.21069,Ball
62850,Kevin Durant,81.66288,35.52046,OKC
62850,Russell Westbrook,81.80873,30.97126,OKC
62850,Serge Ibaka,77.11286,34.63995,OKC
62850,Dion Waiters,88.02747,13.15746,OKC
62850,Steven Adams,82.09087,24.85792,OKC
62850,DeMarre Carroll,72.0155,51.13509,TOR
62850,Patrick Patterson,74.48965,34.68338,TOR
62850,DeMar DeRozan,90.2719,2.08844,TOR
62850,Cory Joseph,83.50258,33.875280000000004,TOR
62850,Bismack Biyombo,74.70369,17.49808,TOR
62850,Ball,66.24248,47.24222,Ball
62850,Kevin Durant,81.54498,35.63988,OKC
62850,Russell Westbrook,81.86715,30.95076,OKC
62850,Serge Ibaka,77.11933,34.58847,OKC
62850,Dion Waiters,88.06303,13.09167,OKC
62850,Steven Adams,81.98009,24.76552,OKC
62850,DeMarre Carroll,71.98429,51.12029,TOR
62850,Patrick Patterson,74.5164,34.5885,TOR
62850,DeMar DeRozan,90.26363,2.14401,TOR
62850,Cory Joseph,83.44626,33.93186,TOR
62850,Bismack Biyombo,74.69896,17.43479,TOR
62850,Ball,66.68858,47.70041,Ball
62850,Kevin Durant,81.42401,35.71696,OKC
62850,Russell Westbrook,81.95213,30.95895,OKC
62850,Serge Ibaka,77.1262,34.54232,OKC
62850,Dion Waiters,88.09968,13.02537,OKC
62850,Steven Adams,81.86624,24.67978,OKC
62850,DeMarre Carroll,71.95274,51.10441,TOR
62850,Patrick Patterson,74.54199,34.49508,TOR
62850,DeMar DeRozan,90.24303,2.24215,TOR
62850,Cory Joseph,83.38181,33.98016,TOR
62850,Bismack Biyombo,74.69686,17.37857,TOR
62850,Ball,67.2375,48.06489,Ball
62850,Kevin Durant,81.37211,35.80501,OKC
62850,Russell Westbrook,82.0237,30.96409,OKC
62850,Serge Ibaka,77.13216,34.48847,OKC
62850,Dion Waiters,88.13478,12.963330000000001,OKC
62850,Steven Adams,81.75471,24.59334,OKC
62850,DeMarre Carroll,71.92037,51.09816,TOR
62850,Patrick Patterson,74.56459,34.40172,TOR
62850,DeMar DeRozan,90.23543,2.3022299999999998,TOR
62850,Cory Joseph,83.31004,34.02202,TOR
62850,Bismack Biyombo,74.69183,17.32958,TOR
62850,Ball,67.6748,48.53522,Ball
62850,Kevin Durant,81.26126,35.89779,OKC
62850,Russell Westbrook,82.09093,30.96495,OKC
62850,Serge Ibaka,77.14181,34.46139,OKC
62850,Dion Waiters,88.17002,12.89766,OKC
62850,Steven Adams,81.63806,24.50727,OKC
62850,DeMarre Carroll,71.88211,51.09589,TOR
62850,Patrick Patterson,74.58748,34.31155,TOR
62850,DeMar DeRozan,90.22851,2.36152,TOR
62850,Cory Joseph,83.226,34.06767,TOR
62850,Bismack Biyombo,74.68578,17.2851,TOR
62850,Ball,68.15672,48.82559,Ball
62850,Kevin Durant,81.17219,35.95067,OKC
62850,Russell Westbrook,82.1606,30.96179,OKC
62850,Serge Ibaka,77.14932,34.42619,OKC
62850,Dion Waiters,88.20633,12.83417,OKC
62850,Steven Adams,81.51781,24.41628,OKC
62850,DeMarre Carroll,71.84495,51.09284,TOR
62850,Patrick Patterson,74.60813,34.22969,TOR
62850,DeMar DeRozan,90.23258,2.37035,TOR
62850,Cory Joseph,83.13737,34.13018,TOR
62850,Bismack Biyombo,74.68125,17.24439,TOR
62850,Ball,68.60881,49.27434,Ball
62850,Kevin Durant,81.08443,36.01614,OKC
62850,Russell Westbrook,82.2234,30.96113,OKC
62850,Serge Ibaka,77.15884,34.39812,OKC
62850,Dion Waiters,88.23971,12.77138,OKC
62850,Steven Adams,81.38951,24.32033,OKC
62850,DeMarre Carroll,71.80454,51.0911,TOR
62850,Patrick Patterson,74.62805,34.13525,TOR
62850,DeMar DeRozan,90.22896,2.41874,TOR
62850,Cory Joseph,83.02672,34.18853,TOR
62850,Bismack Biyombo,74.67657,17.20585,TOR
62850,Ball,69.00499,49.54837,Ball
62850,Kevin Durant,81.00048,36.10042,OKC
62850,Russell Westbrook,82.26778,30.96151,OKC
62850,Serge Ibaka,77.16667,34.36864,OKC
62850,Dion Waiters,88.27639,12.71117,OKC
62850,Steven Adams,81.25751,24.21958,OKC
62850,DeMarre Carroll,71.76549,51.09623,TOR
62850,Patrick Patterson,74.64862,34.04821,TOR
62850,DeMar DeRozan,90.22947,2.42666,TOR
62850,Cory Joseph,82.8914,34.24654,TOR
62850,Bismack Biyombo,74.66802,17.17031,TOR
62850,Ball,69.26779,49.72836,Ball
62850,Kevin Durant,80.90913,36.1987,OKC
62850,Russell Westbrook,82.30893,30.96473,OKC
62850,Serge Ibaka,77.1801,34.34799,OKC
62850,Dion Waiters,88.31637,12.64801,OKC
62850,Steven Adams,81.13005,24.11728,OKC
62850,DeMarre Carroll,71.727,51.10101,TOR
62850,Patrick Patterson,74.66252,33.97117,TOR
62850,DeMar DeRozan,90.22211,2.46796,TOR
62850,Cory Joseph,82.75872,34.31151,TOR
62850,Bismack Biyombo,74.65892,17.14254,TOR
62850,Ball,71.15763,49.97847,Ball
62850,Kevin Durant,79.37397,40.11597,OKC
62850,Russell Westbrook,78.40742,30.70651,OKC
62850,Serge Ibaka,77.18262,33.89991,OKC
62850,Dion Waiters,89.16031,12.072,OKC
62850,Steven Adams,78.98953,20.84733,OKC
62850,DeMarre Carroll,71.67991,50.96693,TOR
62850,Patrick Patterson,74.71978,32.89683,TOR
62850,DeMar DeRozan,89.92777,2.91491,TOR
62850,Cory Joseph,72.34431,37.06424,TOR
62850,Bismack Biyombo,74.41568,17.0472,TOR
62850,Ball,70.69517,49.35566,Ball
62850,Kevin Durant,79.3324,40.26287,OKC
62850,Russell Westbrook,78.13372,30.68133,OKC
62850,Serge Ibaka,77.19552,33.8854,OKC
62850,Dion Waiters,89.16113,12.08218,OKC
62850,Steven Adams,78.92039,20.76424,OKC
62850,DeMarre Carroll,71.67088,50.96445,TOR
62850,Patrick Patterson,74.58607,32.88309,TOR
62850,DeMar DeRozan,89.9141,2.9678500000000003,TOR
62850,Cory Joseph,71.7288,37.17371,TOR
62850,Bismack Biyombo,74.40434,17.0196,TOR
62850,Ball,70.46193,48.25354,Ball
62850,Kevin Durant,79.28821,40.40022,OKC
62850,Russell Westbrook,77.83598,30.62661,OKC
62850,Serge Ibaka,77.21243,33.86848,OKC
62850,Dion Waiters,89.16006,12.09573,OKC
62850,Steven Adams,78.84395,20.6829,OKC
62850,DeMarre Carroll,71.66249,50.95757,TOR
62850,Patrick Patterson,74.4752,32.83592,TOR
62850,DeMar DeRozan,89.90975,2.96342,TOR
62850,Cory Joseph,71.16641,37.25082,TOR
62850,Bismack Biyombo,74.39025,16.99763,TOR
62850,Ball,69.95847,47.34385,Ball
62850,Kevin Durant,79.25291,40.53711,OKC
62850,Russell Westbrook,77.53768,30.58808,OKC
62850,Serge Ibaka,77.24947,33.86775,OKC
62850,Dion Waiters,89.157,12.10583,OKC
62850,Steven Adams,78.75975,20.61562,OKC
62850,DeMarre Carroll,71.65391,50.94267,TOR
62850,Patrick Patterson,74.38935,32.76964,TOR
62850,DeMar DeRozan,89.90131,2.95892,TOR
62850,Cory Joseph,70.6478,37.32429,TOR
62850,Bismack Biyombo,74.37512,16.9762,TOR
62850,Ball,69.52472,46.4669,Ball
62850,Kevin Durant,79.22012,40.67,OKC
62850,Russell Westbrook,77.24403,30.53707,OKC
62850,Serge Ibaka,77.27112,33.87583,OKC
62850,Dion Waiters,89.15373,12.12026,OKC
62850,Steven Adams,78.67531,20.55122,OKC
62850,DeMarre Carroll,71.63614,50.92905,TOR
62850,Patrick Patterson,74.30528,32.65419,TOR
62850,DeMar DeRozan,89.91114,2.95495,TOR
62850,Cory Joseph,70.09545,37.36179,TOR
62850,Bismack Biyombo,74.36663,16.94841,TOR
62850,Ball,69.11913,45.49172,Ball
62850,Kevin Durant,79.18803,40.80118,OKC
62850,Russell Westbrook,76.93945,30.46923,OKC
62850,Serge Ibaka,77.28951,33.88485,OKC
62850,Dion Waiters,89.14903,12.14159,OKC
62850,Steven Adams,78.6025,20.48111,OKC
62850,DeMarre Carroll,71.62022,50.91828,TOR
62850,Patrick Patterson,74.22994,32.53198,TOR
62850,DeMar DeRozan,89.91979,2.95848,TOR
62850,Cory Joseph,69.57457,37.42557,TOR
62850,Bismack Biyombo,74.36356,16.92915,TOR
62850,Ball,68.76605,44.72868,Ball
62850,Kevin Durant,79.16134,40.93086,OKC
62850,Russell Westbrook,76.58546,30.3843,OKC
62850,Serge Ibaka,77.29932,33.87037,OKC
62850,Dion Waiters,89.14576,12.16709,OKC
62850,Steven Adams,78.53201,20.41658,OKC
62850,DeMarre Carroll,71.60055,50.92121,TOR
62850,Patrick Patterson,74.17054,32.41978,TOR
62850,DeMar DeRozan,89.91901,2.95801,TOR
62850,Cory Joseph,69.04192,37.46859,TOR
62850,Bismack Biyombo,74.36398,16.90259,TOR
62850,Ball,68.37492,43.53169,Ball
62850,Kevin Durant,79.13888,41.05619,OKC
62850,Russell Westbrook,76.2399,30.30797,OKC
62850,Serge Ibaka,77.30874,33.86013,OKC
62850,Dion Waiters,89.14012,12.19357,OKC
62850,Steven Adams,78.45066,20.35426,OKC
62850,DeMarre Carroll,71.58132,50.93307,TOR
62850,Patrick Patterson,74.03708,32.34587,TOR
62850,DeMar DeRozan,89.92333,2.96939,TOR
62850,Cory Joseph,68.52244,37.52424,TOR
62850,Bismack Biyombo,74.36639,16.87284,TOR
62850,Ball,67.9314,42.58297,Ball
62850,Kevin Durant,79.12002,41.17451,OKC
62850,Russell Westbrook,75.91973,30.26709,OKC
62850,Serge Ibaka,77.36017,33.84045,OKC
62850,Dion Waiters,89.13394,12.22295,OKC
62850,Steven Adams,78.3635,20.27982,OKC
62850,DeMarre Carroll,71.56934,50.94426,TOR
62850,Patrick Patterson,73.8306,32.30592,TOR
62850,DeMar DeRozan,89.92486,2.96773,TOR
62850,Cory Joseph,68.00901,37.60122,TOR
62850,Bismack Biyombo,74.37747,16.84007,TOR
62850,Ball,67.50444,41.64462,Ball
62850,Kevin Durant,79.10372,41.28673,OKC
62850,Russell Westbrook,75.58095,30.20946,OKC
62850,Serge Ibaka,77.3871,33.79763,OKC
62850,Dion Waiters,89.12749,12.25435,OKC
62850,Steven Adams,78.27323,20.20628,OKC
62850,DeMarre Carroll,71.56292,50.96615,TOR
62850,Patrick Patterson,73.6215,32.3,TOR
62850,DeMar DeRozan,89.92904,2.96658,TOR
62850,Cory Joseph,67.49253,37.69938,TOR
62850,Bismack Biyombo,74.39361,16.80583,TOR
62850,Ball,67.09867,40.76906,Ball
62850,Kevin Durant,79.0893,41.39736,OKC
62850,Russell Westbrook,75.24965,30.12253,OKC
62850,Serge Ibaka,77.37568,33.81213,OKC
62850,Dion Waiters,89.11845,12.28478,OKC
62850,Steven Adams,78.1819,20.12964,OKC
62850,DeMarre Carroll,71.56146,50.98417,TOR
62850,Patrick Patterson,73.44322,32.27238,TOR
62850,DeMar DeRozan,89.93033,2.97254,TOR
62850,Cory Joseph,66.96935,37.78162,TOR
62850,Bismack Biyombo,74.41756,16.77325,TOR
62850,Ball,66.71235,39.90753,Ball
62850,Kevin Durant,79.07447,41.50519,OKC
62850,Russell Westbrook,74.91629,30.05074,OKC
62850,Serge Ibaka,77.36729,33.82537,OKC
62850,Dion Waiters,89.10968,12.31694,OKC
62850,Steven Adams,78.09022,20.04795,OKC
62850,DeMarre Carroll,71.56113,50.98716,TOR
62850,Patrick Patterson,73.2619,32.26368,TOR
62850,DeMar DeRozan,89.9316,2.9904200000000003,TOR
62850,Cory Joseph,66.44591,37.82283,TOR
62850,Bismack Biyombo,74.44697,16.73599,TOR
62850,Ball,66.33859,39.72028,Ball
62850,Kevin Durant,79.05959,41.60593,OKC
62850,Russell Westbrook,74.56844,29.99424,OKC
62850,Serge Ibaka,77.36046,33.83623,OKC
62850,Dion Waiters,89.10015,12.34899,OKC
62850,Steven Adams,78.00362,19.97342,OKC
62850,DeMarre Carroll,71.56565,50.99188,TOR
62850,Patrick Patterson,73.13513,32.22643,TOR
62850,DeMar DeRozan,89.93406,3.01223,TOR
62850,Cory Joseph,65.94103,37.81496,TOR
62850,Bismack Biyombo,74.48098,16.69139,TOR
62850,Ball,65.52594,39.29109,Ball
62850,Kevin Durant,79.04497,41.70099,OKC
62850,Russell Westbrook,74.22742,29.96167,OKC
62850,Serge Ibaka,77.35413,33.8445,OKC
62850,Dion Waiters,89.08812,12.3798,OKC
62850,Steven Adams,77.91137,19.8984,OKC
62850,DeMarre Carroll,71.57289,50.99139,TOR
62850,Patrick Patterson,73.06841,32.14284,TOR
62850,DeMar DeRozan,89.93453,3.03361,TOR
62850,Cory Joseph,65.4578,37.78528,TOR
62850,Bismack Biyombo,74.52414,16.66035,TOR
62850,Ball,64.76595,39.14322,Ball
62850,Kevin Durant,79.02964,41.79075,OKC
62850,Russell Westbrook,73.89398,29.91945,OKC
62850,Serge Ibaka,77.3514,33.84875,OKC
62850,Dion Waiters,89.07381,12.40913,OKC
62850,Steven Adams,77.82932,19.82415,OKC
62850,DeMarre Carroll,71.58131,50.9904,TOR
62850,Patrick Patterson,72.95792,32.08647,TOR
62850,DeMar DeRozan,89.93183,3.05737,TOR
62850,Cory Joseph,64.99368,37.73344,TOR
62850,Bismack Biyombo,74.5732,16.62727,TOR
62850,Ball,64.05841,38.90835,Ball
62850,Kevin Durant,79.01127,41.87245,OKC
62850,Russell Westbrook,73.57817,29.89682,OKC
62850,Serge Ibaka,77.35007,33.85435,OKC
62850,Dion Waiters,89.06064,12.43747,OKC
62850,Steven Adams,77.75254,19.74785,OKC
62850,DeMarre Carroll,71.59869,50.98816,TOR
62850,Patrick Patterson,72.84752,32.04929,TOR
62850,DeMar DeRozan,89.93825,3.08383,TOR
62850,Cory Joseph,64.55131,37.67536,TOR
62850,Bismack Biyombo,74.62847,16.60255,TOR
62850,Ball,63.18165,38.539,Ball
62850,Kevin Durant,78.9934,41.95098,OKC
62850,Russell Westbrook,73.24387,29.83665,OKC
62850,Serge Ibaka,77.32707,33.85692,OKC
62850,Dion Waiters,89.04469,12.4665,OKC
62850,Steven Adams,77.68473,19.68657,OKC
62850,DeMarre Carroll,71.61576,50.97756,TOR
62850,Patrick Patterson,72.75172,32.05975,TOR
62850,DeMar DeRozan,89.93324,3.10631,TOR
62850,Cory Joseph,64.11784,37.61061,TOR
62850,Bismack Biyombo,74.69315,16.58224,TOR
62850,Ball,61.81389,37.30385,Ball
62850,Kevin Durant,78.9551,42.15334,OKC
62850,Russell Westbrook,72.35193,29.80929,OKC
62850,Serge Ibaka,77.26838,33.85603,OKC
62850,Dion Waiters,88.99513,12.53634,OKC
62850,Steven Adams,77.51645,19.53239,OKC
62850,DeMarre Carroll,71.6697,50.94476,TOR
62850,Patrick Patterson,72.40843,32.11116,TOR
62850,DeMar DeRozan,89.91948,3.19012,TOR
62850,Cory Joseph,62.88618,37.33554,TOR
62850,Bismack Biyombo,74.91868,16.50027,TOR
