57550,Ball,83.92555,24.64522,Ball
57550,Jose Calderon,58.46307,17.80546,NYK
57550,Lance Thomas,18.43556,40.87653,NYK
57550,Robin Lopez,84.98838,30.15704,NYK
57550,Derrick Williams,60.179,25.38118,NYK
57550,Jerian Grant,81.56806,31.43155,NYK
57550,Kobe Bryant,24.30345,46.71723,LAL
57550,Nick Young,75.34093,14.8013,LAL
57550,Lou Williams,84.82735,28.61262,LAL
57550,Tarik Black,92.74807,25.86199,LAL
57550,Larry Nance Jr.,83.33162,24.95269,LAL
57550,Ball,83.73955,24.79385,Ball
57550,Jose Calderon,58.20887,17.66918,NYK
57550,Lance Thomas,18.54667,40.9164,NYK
57550,Robin Lopez,84.61392,30.2073,NYK
57550,Derrick Williams,59.81605,25.42439,NYK
57550,Jerian Grant,81.49672,31.33437,NYK
57550,Kobe Bryant,24.2699,46.70635,LAL
57550,Nick Young,74.97791,14.57754,LAL
57550,Lou Williams,84.92392,28.58416,LAL
57550,Tarik Black,92.89158,25.84203,LAL
57550,Larry Nance Jr.,83.02503,24.87445,LAL
57550,Ball,83.63293,25.19903,Ball
57550,Jose Calderon,57.95648,17.5324,NYK
57550,Lance Thomas,18.66075,40.94821,NYK
57550,Robin Lopez,84.19427,30.20616,NYK
57550,Derrick Williams,59.45083,25.459600000000002,NYK
57550,Jerian Grant,81.46937,31.25194,NYK
57550,Kobe Bryant,24.23571,46.68789,LAL
57550,Nick Young,74.60559,14.35553,LAL
57550,Lou Williams,85.01687,28.55934,LAL
57550,Tarik Black,93.03644,25.83035,LAL
57550,Larry Nance Jr.,82.71026,24.79106,LAL
57550,Ball,83.3583,25.06454,Ball
57550,Jose Calderon,57.69377,17.39701,NYK
57550,Lance Thomas,18.7797,40.98149,NYK
57550,Robin Lopez,83.8153,30.18431,NYK
57550,Derrick Williams,59.08092,25.48224,NYK
57550,Jerian Grant,81.39266,31.17942,NYK
57550,Kobe Bryant,24.17956,46.61812,LAL
57550,Nick Young,74.23163,14.13396,LAL
57550,Lou Williams,85.07609,28.54533,LAL
57550,Tarik Black,93.18584,25.83868,LAL
57550,Larry Nance Jr.,82.41268,24.65243,LAL
57550,Ball,82.898,24.73443,Ball
57550,Jose Calderon,57.42547,17.26993,NYK
57550,Lance Thomas,18.90136,41.01647,NYK
57550,Robin Lopez,83.44443,30.14431,NYK
57550,Derrick Williams,58.71493,25.49977,NYK
57550,Jerian Grant,81.31048,31.13483,NYK
57550,Kobe Bryant,24.13617,46.52903,LAL
57550,Nick Young,73.85773,13.91936,LAL
57550,Lou Williams,85.08552,28.58508,LAL
57550,Tarik Black,93.35274,25.83632,LAL
57550,Larry Nance Jr.,82.10475,24.5235,LAL
57550,Ball,82.33995,24.31871,Ball
57550,Jose Calderon,57.15085,17.14924,NYK
57550,Lance Thomas,19.02107,41.05919,NYK
57550,Robin Lopez,83.08147,30.05736,NYK
57550,Derrick Williams,58.34436,25.50973,NYK
57550,Jerian Grant,81.2192,31.01616,NYK
57550,Kobe Bryant,24.07917,46.41166,LAL
57550,Nick Young,73.45945,13.70361,LAL
57550,Lou Williams,85.13453,28.58951,LAL
57550,Tarik Black,93.48856,25.84484,LAL
57550,Larry Nance Jr.,81.75723,24.41238,LAL
57550,Ball,81.77208,23.92743,Ball
57550,Jose Calderon,56.87279,17.03364,NYK
57550,Lance Thomas,19.14762,41.10082,NYK
57550,Robin Lopez,82.72402,29.97355,NYK
57550,Derrick Williams,57.9742,25.51762,NYK
57550,Jerian Grant,81.1102,30.98043,NYK
57550,Kobe Bryant,24.02538,46.33773,LAL
57550,Nick Young,73.08098,13.49001,LAL
57550,Lou Williams,85.18516,28.60162,LAL
57550,Tarik Black,93.61757,25.86999,LAL
57550,Larry Nance Jr.,81.45986,24.27281,LAL
57550,Ball,81.28232,23.67061,Ball
57550,Jose Calderon,56.59617,16.93277,NYK
57550,Lance Thomas,19.27239,41.15221,NYK
57550,Robin Lopez,82.38903,29.87108,NYK
57550,Derrick Williams,57.60439,25.52479,NYK
57550,Jerian Grant,80.97782,30.94134,NYK
57550,Kobe Bryant,23.97549,46.26554,LAL
57550,Nick Young,72.70232,13.28164,LAL
57550,Lou Williams,85.25788,28.61404,LAL
57550,Tarik Black,93.72536,25.89809,LAL
57550,Larry Nance Jr.,81.15557,24.1399,LAL
57550,Ball,80.88702,23.55459,Ball
57550,Jose Calderon,56.31749,16.82992,NYK
57550,Lance Thomas,19.39203,41.20507,NYK
57550,Robin Lopez,82.05679,29.74506,NYK
57550,Derrick Williams,57.23238,25.53388,NYK
57550,Jerian Grant,80.83865,30.91289,NYK
57550,Kobe Bryant,23.96458,46.23839,LAL
57550,Nick Young,72.32052,13.0748,LAL
57550,Lou Williams,85.3406,28.63186,LAL
57550,Tarik Black,93.81694,25.92058,LAL
57550,Larry Nance Jr.,80.83695,24.00976,LAL
57550,Ball,80.57949,23.402,Ball
57550,Jose Calderon,56.03217,16.72925,NYK
57550,Lance Thomas,19.50061,41.23995,NYK
57550,Robin Lopez,81.73308,29.59568,NYK
57550,Derrick Williams,56.86049,25.54297,NYK
57550,Jerian Grant,80.69351,30.88723,NYK
57550,Kobe Bryant,23.92328,46.13048,LAL
57550,Nick Young,71.94078,12.8654,LAL
57550,Lou Williams,85.43417,28.65315,LAL
57550,Tarik Black,93.89776,25.94718,LAL
57550,Larry Nance Jr.,80.47906,23.86678,LAL
57550,Ball,80.3023,23.22071,Ball
57550,Jose Calderon,55.73759,16.63287,NYK
57550,Lance Thomas,19.61164,41.27029,NYK
57550,Robin Lopez,81.40823,29.39686,NYK
57550,Derrick Williams,56.49211,25.54759,NYK
57550,Jerian Grant,80.56981,30.84797,NYK
57550,Kobe Bryant,23.88845,46.04282,LAL
57550,Nick Young,71.55874,12.6607,LAL
57550,Lou Williams,85.54308,28.68304,LAL
57550,Tarik Black,93.97654,25.97065,LAL
57550,Larry Nance Jr.,80.11709,23.72063,LAL
57550,Ball,80.0736,23.00824,Ball
57550,Jose Calderon,55.43741,16.53626,NYK
57550,Lance Thomas,19.71971,41.3056,NYK
57550,Robin Lopez,81.08771,29.23282,NYK
57550,Derrick Williams,56.11972,25.546030000000002,NYK
57550,Jerian Grant,80.45568,30.82124,NYK
57550,Kobe Bryant,23.85818,45.95649,LAL
57550,Nick Young,71.1697,12.45394,LAL
57550,Lou Williams,85.66113,28.71754,LAL
57550,Tarik Black,94.05396,26.00125,LAL
57550,Larry Nance Jr.,79.74791,23.57549,LAL
57550,Ball,79.91152,22.7621,Ball
57550,Jose Calderon,55.1295,16.43072,NYK
57550,Lance Thomas,19.82706,41.34389,NYK
57550,Robin Lopez,80.80359,29.07233,NYK
57550,Derrick Williams,55.74672,25.53969,NYK
57550,Jerian Grant,80.30395,30.78096,NYK
57550,Kobe Bryant,23.83061,45.876,LAL
57550,Nick Young,70.77518,12.24555,LAL
57550,Lou Williams,85.79486,28.75019,LAL
57550,Tarik Black,94.12854,26.02462,LAL
57550,Larry Nance Jr.,79.37306,23.43364,LAL
57550,Ball,81.69305,23.2002,Ball
57550,Jose Calderon,54.82871,16.32498,NYK
57550,Lance Thomas,19.92026,41.37707,NYK
57550,Robin Lopez,80.47202,28.90152,NYK
57550,Derrick Williams,55.37139,25.53798,NYK
57550,Jerian Grant,80.20258,30.78807,NYK
57550,Kobe Bryant,23.81727,45.82898,LAL
57550,Nick Young,70.37786,12.03896,LAL
57550,Lou Williams,85.93057,28.78995,LAL
57550,Tarik Black,94.20735,26.04487,LAL
57550,Larry Nance Jr.,79.01896,23.31339,LAL
57550,Ball,83.47459,23.63829,Ball
57550,Jose Calderon,54.5293,16.22381,NYK
57550,Lance Thomas,20.00691,41.4031,NYK
57550,Robin Lopez,80.13159,28.73781,NYK
57550,Derrick Williams,54.98276,25.54101,NYK
57550,Jerian Grant,80.11655,30.79848,NYK
57550,Kobe Bryant,23.79233,45.77051,LAL
57550,Nick Young,69.97122,11.83308,LAL
57550,Lou Williams,86.06884,28.84018,LAL
57550,Tarik Black,94.27765,26.06517,LAL
57550,Larry Nance Jr.,78.68635,23.21174,LAL
57550,Ball,85.25613,24.07638,Ball
57550,Jose Calderon,54.2267,16.11302,NYK
57550,Lance Thomas,20.08421,41.43152,NYK
57550,Robin Lopez,79.79256,28.57935,NYK
57550,Derrick Williams,54.60419,25.54516,NYK
57550,Jerian Grant,80.04077,30.77362,NYK
57550,Kobe Bryant,23.77198,45.69878,LAL
57550,Nick Young,69.5604,11.63233,LAL
57550,Lou Williams,86.21081,28.90332,LAL
57550,Tarik Black,94.3522,26.07462,LAL
57550,Larry Nance Jr.,78.3335,23.10965,LAL
57550,Ball,87.03767,24.51447,Ball
57550,Jose Calderon,53.92556,15.99357,NYK
57550,Lance Thomas,20.15075,41.43617,NYK
57550,Robin Lopez,79.45251,28.43437,NYK
57550,Derrick Williams,54.2262,25.55289,NYK
57550,Jerian Grant,79.98437,30.74173,NYK
57550,Kobe Bryant,23.75466,45.60844,LAL
57550,Nick Young,69.14478,11.44203,LAL
57550,Lou Williams,86.36172,28.97839,LAL
57550,Tarik Black,94.41891,26.08492,LAL
57550,Larry Nance Jr.,77.9297,22.98985,LAL
57550,Ball,88.81921,24.95257,Ball
57550,Jose Calderon,53.61482,15.88055,NYK
57550,Lance Thomas,20.21101,41.46387,NYK
57550,Robin Lopez,79.14498,28.30911,NYK
57550,Derrick Williams,53.85935,25.56929,NYK
57550,Jerian Grant,79.89212,30.73282,NYK
57550,Kobe Bryant,23.739910000000002,45.53441,LAL
57550,Nick Young,68.72527,11.2509,LAL
57550,Lou Williams,86.51706,29.0629,LAL
57550,Tarik Black,94.48147,26.07976,LAL
57550,Larry Nance Jr.,77.50425,22.86992,LAL
57550,Ball,90.60074,25.39066,Ball
57550,Jose Calderon,53.30854,15.76723,NYK
57550,Lance Thomas,20.26119,41.48187,NYK
57550,Robin Lopez,78.75647,28.22343,NYK
57550,Derrick Williams,53.49173,25.59316,NYK
57550,Jerian Grant,79.86663,30.72688,NYK
57550,Kobe Bryant,23.71971,45.45734,LAL
57550,Nick Young,68.30431,11.06003,LAL
57550,Lou Williams,86.67484,29.15001,LAL
57550,Tarik Black,94.535,26.07061,LAL
57550,Larry Nance Jr.,77.07481,22.75376,LAL
57550,Ball,92.38228,25.82875,Ball
57550,Jose Calderon,53.01045,15.64212,NYK
57550,Lance Thomas,20.30411,41.49928,NYK
57550,Robin Lopez,78.35582,28.12531,NYK
57550,Derrick Williams,53.13351,25.61536,NYK
57550,Jerian Grant,79.87347,30.72045,NYK
57550,Kobe Bryant,23.70741,45.42892,LAL
57550,Nick Young,67.88062,10.86644,LAL
57550,Lou Williams,86.83896,29.24409,LAL
57550,Tarik Black,94.58728,26.05673,LAL
57550,Larry Nance Jr.,76.63875,22.63558,LAL
57550,Ball,93.92569,26.65142,Ball
57550,Jose Calderon,52.08418,15.23662,NYK
57550,Lance Thomas,20.36756,41.49448,NYK
57550,Robin Lopez,77.10469,27.7796,NYK
57550,Derrick Williams,52.0743,25.68622,NYK
57550,Jerian Grant,79.97546,30.7231,NYK
57550,Kobe Bryant,23.71086,45.25783,LAL
57550,Nick Young,66.6074,10.31917,LAL
57550,Lou Williams,87.33787,29.54363,LAL
57550,Tarik Black,94.75541,26.00191,LAL
57550,Larry Nance Jr.,75.29425,22.30322,LAL
57550,Ball,93.80662,26.84371,Ball
57550,Jose Calderon,51.76697,15.10229,NYK
57550,Lance Thomas,20.3697,41.46919,NYK
57550,Robin Lopez,76.67503,27.63187,NYK
57550,Derrick Williams,51.72808,25.70886,NYK
57550,Jerian Grant,80.06942,30.71888,NYK
57550,Kobe Bryant,23.68707,45.17574,LAL
57550,Nick Young,66.17981,10.13842,LAL
57550,Lou Williams,87.50008,29.64256,LAL
57550,Tarik Black,94.79167,25.98782,LAL
57550,Larry Nance Jr.,74.84245,22.197,LAL
57550,Ball,93.68756,27.036,Ball
57550,Jose Calderon,51.4556,14.97653,NYK
57550,Lance Thomas,20.37724,41.45107,NYK
57550,Robin Lopez,76.23551,27.47004,NYK
57550,Derrick Williams,51.3868,25.73921,NYK
57550,Jerian Grant,80.18914,30.72425,NYK
57550,Kobe Bryant,23.65874,45.12652,LAL
57550,Nick Young,65.74844,9.9682,LAL
57550,Lou Williams,87.66019,29.74557,LAL
57550,Tarik Black,94.82379,25.97498,LAL
57550,Larry Nance Jr.,74.38878,22.09018,LAL
57550,Ball,93.56849,27.22829,Ball
57550,Jose Calderon,51.14865,14.858460000000001,NYK
57550,Lance Thomas,20.3852,41.44122,NYK
57550,Robin Lopez,75.79839,27.37744,NYK
57550,Derrick Williams,51.04036,25.76737,NYK
57550,Jerian Grant,80.31072,30.74968,NYK
57550,Kobe Bryant,23.62328,45.06605,LAL
57550,Nick Young,65.31402,9.80463,LAL
57550,Lou Williams,87.80606,29.85347,LAL
57550,Tarik Black,94.85562,25.96274,LAL
57550,Larry Nance Jr.,73.9281,21.9849,LAL
57550,Ball,93.44943,27.42057,Ball
57550,Jose Calderon,50.84198,14.74741,NYK
57550,Lance Thomas,20.397,41.43676,NYK
57550,Robin Lopez,75.32583,27.25987,NYK
57550,Derrick Williams,50.695,25.80614,NYK
57550,Jerian Grant,80.43969,30.77825,NYK
57550,Kobe Bryant,23.57539,44.99958,LAL
57550,Nick Young,64.86806,9.64455,LAL
57550,Lou Williams,87.94575,29.96389,LAL
57550,Tarik Black,94.88139,25.95198,LAL
57550,Larry Nance Jr.,73.46043,21.87753,LAL
57550,Ball,93.33036,27.61286,Ball
57550,Jose Calderon,50.53014,14.63138,NYK
57550,Lance Thomas,20.40791,41.41449,NYK
57550,Robin Lopez,74.81375,27.12721,NYK
57550,Derrick Williams,50.35218,25.84493,NYK
57550,Jerian Grant,80.57813,30.80374,NYK
57550,Kobe Bryant,23.53422,44.92657,LAL
57550,Nick Young,64.41847,9.49374,LAL
57550,Lou Williams,88.08654,30.08212,LAL
57550,Tarik Black,94.90575,25.94822,LAL
57550,Larry Nance Jr.,72.9709,21.76601,LAL
57550,Ball,93.2113,27.80515,Ball
57550,Jose Calderon,50.20563,14.52494,NYK
57550,Lance Thomas,20.42057,41.39055,NYK
57550,Robin Lopez,74.29704,26.99265,NYK
57550,Derrick Williams,50.01074,25.88437,NYK
57550,Jerian Grant,80.74286,30.80634,NYK
57550,Kobe Bryant,23.48685,44.85703,LAL
57550,Nick Young,63.9679,9.34122,LAL
57550,Lou Williams,88.22332,30.21336,LAL
57550,Tarik Black,94.91827,25.94809,LAL
57550,Larry Nance Jr.,72.47918,21.65032,LAL
57550,Ball,93.09223,27.99744,Ball
57550,Jose Calderon,49.87999,14.41702,NYK
57550,Lance Thomas,20.42375,41.35277,NYK
57550,Robin Lopez,73.74904,26.85278,NYK
57550,Derrick Williams,49.67732,25.92019,NYK
57550,Jerian Grant,80.9144,30.81894,NYK
57550,Kobe Bryant,23.4483,44.79297,LAL
57550,Nick Young,63.5152,9.19061,LAL
57550,Lou Williams,88.35954,30.34776,LAL
57550,Tarik Black,94.92471,25.94978,LAL
57550,Larry Nance Jr.,71.98211,21.54015,LAL
57550,Ball,92.97317,28.18973,Ball
57550,Jose Calderon,49.55278,14.32183,NYK
57550,Lance Thomas,20.42518,41.31167,NYK
57550,Robin Lopez,73.22077,26.69024,NYK
57550,Derrick Williams,49.33872,25.95133,NYK
57550,Jerian Grant,81.0943,30.91363,NYK
57550,Kobe Bryant,23.39658,44.74691,LAL
57550,Nick Young,63.06282,9.04559,LAL
57550,Lou Williams,88.48847,30.48123,LAL
57550,Tarik Black,94.92102,25.9668,LAL
57550,Larry Nance Jr.,71.48478,21.43949,LAL
57550,Ball,92.8541,28.38202,Ball
57550,Jose Calderon,49.22227,14.23842,NYK
57550,Lance Thomas,20.43136,41.27197,NYK
57550,Robin Lopez,72.6799,26.52626,NYK
57550,Derrick Williams,48.99978,25.97285,NYK
57550,Jerian Grant,81.28603,31.02478,NYK
57550,Kobe Bryant,23.3157,44.65712,LAL
57550,Nick Young,62.60999,8.902190000000001,LAL
57550,Lou Williams,88.61011,30.62009,LAL
57550,Tarik Black,94.92433,25.96352,LAL
57550,Larry Nance Jr.,70.99725,21.332160000000002,LAL
57550,Ball,92.73504,28.57431,Ball
57550,Jose Calderon,48.88921,14.15352,NYK
57550,Lance Thomas,20.42969,41.21939,NYK
57550,Robin Lopez,72.14396,26.35856,NYK
57550,Derrick Williams,48.65087,25.98288,NYK
57550,Jerian Grant,81.50533,31.10656,NYK
57550,Kobe Bryant,23.23101,44.57792,LAL
57550,Nick Young,62.15962,8.76309,LAL
57550,Lou Williams,88.72436,30.7634,LAL
57550,Tarik Black,94.90767,25.99061,LAL
57550,Larry Nance Jr.,70.51774,21.22519,LAL
57550,Ball,92.61597,28.76659,Ball
57550,Jose Calderon,48.55726,14.07911,NYK
57550,Lance Thomas,20.42916,41.16996,NYK
57550,Robin Lopez,71.62167,26.16047,NYK
57550,Derrick Williams,48.31215,25.99312,NYK
57550,Jerian Grant,81.73226,31.17297,NYK
57550,Kobe Bryant,23.14094,44.50279,LAL
57550,Nick Young,61.71196,8.62881,LAL
57550,Lou Williams,88.83527,30.91263,LAL
57550,Tarik Black,94.8873,26.02131,LAL
57550,Larry Nance Jr.,70.03336,21.12647,LAL
57550,Ball,92.49691,28.95888,Ball
57550,Jose Calderon,48.22024,14.009,NYK
57550,Lance Thomas,20.43422,41.13196,NYK
57550,Robin Lopez,71.07793,25.96241,NYK
57550,Derrick Williams,47.96912,26.00092,NYK
57550,Jerian Grant,81.9563,31.24845,NYK
57550,Kobe Bryant,23.04594,44.4331,LAL
57550,Nick Young,61.2641,8.49437,LAL
57550,Lou Williams,88.92668,31.06255,LAL
57550,Tarik Black,94.86068,26.04955,LAL
57550,Larry Nance Jr.,69.54077,21.01796,LAL
57550,Ball,92.37784,29.15117,Ball
57550,Jose Calderon,47.88218,13.9487,NYK
57550,Lance Thomas,20.43846,41.08922,NYK
57550,Robin Lopez,70.54465,25.78108,NYK
57550,Derrick Williams,47.62516,26.01345,NYK
57550,Jerian Grant,82.19641,31.33628,NYK
57550,Kobe Bryant,22.9208,44.34567,LAL
57550,Nick Young,60.81779,8.3634,LAL
57550,Lou Williams,89.01613,31.21792,LAL
57550,Tarik Black,94.82839,26.07562,LAL
57550,Larry Nance Jr.,69.0484,20.92664,LAL
57550,Ball,92.25878,29.34346,Ball
57550,Jose Calderon,47.54903,13.89507,NYK
57550,Lance Thomas,20.43836,41.04946,NYK
57550,Robin Lopez,69.97192,25.60829,NYK
57550,Derrick Williams,47.27466,26.02387,NYK
57550,Jerian Grant,82.46406,31.44105,NYK
57550,Kobe Bryant,22.77377,44.27257,LAL
57550,Nick Young,60.36665,8.22984,LAL
57550,Lou Williams,89.10505,31.37078,LAL
57550,Tarik Black,94.79002,26.10133,LAL
57550,Larry Nance Jr.,68.53541,20.82671,LAL
57550,Ball,92.13971,29.53575,Ball
57550,Jose Calderon,47.21809,13.83643,NYK
57550,Lance Thomas,20.41394,40.9925,NYK
57550,Robin Lopez,69.37306,25.45841,NYK
57550,Derrick Williams,46.92008,26.04352,NYK
57550,Jerian Grant,82.74055,31.55047,NYK
57550,Kobe Bryant,22.65726,44.19639,LAL
57550,Nick Young,59.9084,8.09947,LAL
57550,Lou Williams,89.18543,31.53991,LAL
57550,Tarik Black,94.74607,26.12046,LAL
57550,Larry Nance Jr.,68.0165,20.7282,LAL
57550,Ball,92.02065,29.72804,Ball
57550,Jose Calderon,46.89058,13.77569,NYK
57550,Lance Thomas,20.38478,40.93457,NYK
57550,Robin Lopez,68.76979,25.3129,NYK
57550,Derrick Williams,46.56204,26.05937,NYK
57550,Jerian Grant,82.99396,31.63704,NYK
57550,Kobe Bryant,22.53662,44.12982,LAL
57550,Nick Young,59.44653,7.97596,LAL
57550,Lou Williams,89.2647,31.70709,LAL
57550,Tarik Black,94.69726,26.13239,LAL
57550,Larry Nance Jr.,67.49385,20.62024,LAL
57550,Ball,91.90158,29.92033,Ball
57550,Jose Calderon,46.56019,13.71039,NYK
57550,Lance Thomas,20.35333,40.88645,NYK
57550,Robin Lopez,68.16227,25.17965,NYK
57550,Derrick Williams,46.21267,26.06717,NYK
57550,Jerian Grant,83.27066,31.73832,NYK
57550,Kobe Bryant,22.42272,44.07583,LAL
57550,Nick Young,58.98752,7.85587,LAL
57550,Lou Williams,89.32738,31.88171,LAL
57550,Tarik Black,94.64285,26.1422,LAL
57550,Larry Nance Jr.,66.97635,20.51063,LAL
57550,Ball,91.78251,30.11261,Ball
57550,Jose Calderon,46.22995,13.63753,NYK
57550,Lance Thomas,20.31215,40.81559,NYK
57550,Robin Lopez,67.54849,24.99404,NYK
57550,Derrick Williams,45.87255,26.07311,NYK
57550,Jerian Grant,83.56079,31.83552,NYK
57550,Kobe Bryant,22.30348,44.02039,LAL
57550,Nick Young,58.52203,7.73648,LAL
57550,Lou Williams,89.37394,32.04586,LAL
57550,Tarik Black,94.57704,26.14874,LAL
57550,Larry Nance Jr.,66.46273,20.39842,LAL
57550,Ball,91.66345,30.3049,Ball
57550,Jose Calderon,45.89178,13.56594,NYK
57550,Lance Thomas,20.27493,40.75237,NYK
57550,Robin Lopez,66.93628,24.81503,NYK
57550,Derrick Williams,45.52928,26.07738,NYK
57550,Jerian Grant,83.86247,31.93377,NYK
57550,Kobe Bryant,22.18406,43.96345,LAL
57550,Nick Young,58.07464,7.6244,LAL
57550,Lou Williams,89.41975,32.21102,LAL
57550,Tarik Black,94.49577,26.16154,LAL
57550,Larry Nance Jr.,65.94777,20.28524,LAL
57550,Ball,91.54438,30.49719,Ball
57550,Jose Calderon,45.55439,13.50336,NYK
57550,Lance Thomas,20.23811,40.71626,NYK
57550,Robin Lopez,66.32387,24.684,NYK
57550,Derrick Williams,45.19808,26.07903,NYK
57550,Jerian Grant,84.1686,32.03715,NYK
57550,Kobe Bryant,22.05803,43.92883,LAL
57550,Nick Young,57.63152,7.5174,LAL
57550,Lou Williams,89.45951,32.37262,LAL
57550,Tarik Black,94.39776,26.16197,LAL
57550,Larry Nance Jr.,65.44409,20.17772,LAL
57550,Ball,91.42532,30.68948,Ball
57550,Jose Calderon,45.2199,13.44298,NYK
57550,Lance Thomas,20.21784,40.73257,NYK
57550,Robin Lopez,65.7288,24.53707,NYK
57550,Derrick Williams,44.87307,26.07291,NYK
57550,Jerian Grant,84.4671,32.16434,NYK
57550,Kobe Bryant,21.95585,43.93491,LAL
57550,Nick Young,57.18432,7.42613,LAL
57550,Lou Williams,89.50058,32.5254,LAL
57550,Tarik Black,94.29404,26.14494,LAL
57550,Larry Nance Jr.,64.9301,20.07332,LAL
57550,Ball,91.35388,30.9856,Ball
57550,Jose Calderon,44.88405,13.38457,NYK
57550,Lance Thomas,20.17626,40.70246,NYK
57550,Robin Lopez,65.14077,24.39965,NYK
57550,Derrick Williams,44.55199,26.06288,NYK
57550,Jerian Grant,84.75265,32.30403,NYK
57550,Kobe Bryant,21.84614,43.94834,LAL
57550,Nick Young,56.73924,7.34644,LAL
57550,Lou Williams,89.53441,32.67426,LAL
57550,Tarik Black,94.1734,26.11118,LAL
57550,Larry Nance Jr.,64.40839,19.96064,LAL
57550,Ball,91.28244,31.28173,Ball
57550,Jose Calderon,44.54368,13.32176,NYK
57550,Lance Thomas,20.09507,40.62503,NYK
57550,Robin Lopez,64.50854,24.27674,NYK
57550,Derrick Williams,44.23754,26.05615,NYK
57550,Jerian Grant,85.0366,32.41002,NYK
57550,Kobe Bryant,21.73782,43.96567,LAL
57550,Nick Young,56.29025,7.26373,LAL
57550,Lou Williams,89.56389,32.81392,LAL
57550,Tarik Black,94.03437,26.09339,LAL
57550,Larry Nance Jr.,63.8754,19.83796,LAL
57550,Ball,91.211,31.57785,Ball
57550,Jose Calderon,44.20777,13.25572,NYK
57550,Lance Thomas,20.0026,40.55357,NYK
57550,Robin Lopez,63.88966,24.15745,NYK
57550,Derrick Williams,43.92646,26.05203,NYK
57550,Jerian Grant,85.29947,32.50041,NYK
57550,Kobe Bryant,21.64648,44.02741,LAL
57550,Nick Young,55.85046,7.18432,LAL
57550,Lou Williams,89.58684,32.93999,LAL
57550,Tarik Black,93.88338,26.09537,LAL
57550,Larry Nance Jr.,63.33056,19.71911,LAL
57550,Ball,91.13956,31.87398,Ball
57550,Jose Calderon,43.87193,13.18077,NYK
57550,Lance Thomas,19.9136,40.49371,NYK
57550,Robin Lopez,63.25305,24.02693,NYK
57550,Derrick Williams,43.62325,26.04915,NYK
57550,Jerian Grant,85.53843,32.61486,NYK
57550,Kobe Bryant,21.55566,44.06881,LAL
57550,Nick Young,55.41561,7.10319,LAL
57550,Lou Williams,89.6089,33.05404,LAL
57550,Tarik Black,93.72265,26.07588,LAL
57550,Larry Nance Jr.,62.78872,19.60204,LAL
57550,Ball,91.06812,32.1701,Ball
57550,Jose Calderon,43.53622,13.09606,NYK
57550,Lance Thomas,19.82084,40.44297,NYK
57550,Robin Lopez,62.61981,23.89249,NYK
57550,Derrick Williams,43.30539,26.03704,NYK
57550,Jerian Grant,85.75936,32.73961,NYK
57550,Kobe Bryant,21.45341,44.10438,LAL
57550,Nick Young,54.97315,7.02697,LAL
57550,Lou Williams,89.65722,33.15774,LAL
57550,Tarik Black,93.55065,25.99546,LAL
57550,Larry Nance Jr.,62.24373,19.47829,LAL
57550,Ball,90.99668,32.46623,Ball
57550,Jose Calderon,43.20221,13.00598,NYK
57550,Lance Thomas,19.71218,40.37264,NYK
57550,Robin Lopez,62.00004,23.77365,NYK
57550,Derrick Williams,42.97963,26.02168,NYK
57550,Jerian Grant,85.96477,32.85333,NYK
57550,Kobe Bryant,21.31267,44.09261,LAL
57550,Nick Young,54.52407,6.95421,LAL
57550,Lou Williams,89.67427,33.25327,LAL
57550,Tarik Black,93.36976,25.91905,LAL
57550,Larry Nance Jr.,61.7092,19.37205,LAL
57550,Ball,90.66562,33.49247,Ball
57550,Jose Calderon,40.15083,12.27714,NYK
57550,Lance Thomas,18.72137,39.84526,NYK
57550,Robin Lopez,56.36618,22.7651,NYK
57550,Derrick Williams,39.99445,25.59216,NYK
57550,Jerian Grant,86.86943,33.59225,NYK
57550,Kobe Bryant,19.88791,44.00532,LAL
57550,Nick Young,50.62821,6.35282,LAL
57550,Lou Williams,89.58303,33.46897,LAL
57550,Tarik Black,91.32492,24.83184,LAL
57550,Larry Nance Jr.,56.96264,18.51064,LAL
57560,Ball,90.05924,31.63849,Ball
57560,Jose Calderon,36.64242,11.55652,NYK
57560,Lance Thomas,17.62295,39.69133,NYK
57560,Robin Lopez,50.13153,21.91576,NYK
57560,Derrick Williams,36.50892,24.71767,NYK
57560,Jerian Grant,86.1792,33.1505,NYK
57560,Kobe Bryant,18.2112,43.88664,LAL
57560,Nick Young,46.37816,5.70834,LAL
57560,Lou Williams,89.28552,32.21971,LAL
57560,Tarik Black,88.0147,24.10808,LAL
57560,Larry Nance Jr.,51.63629,17.75627,LAL
57570,Ball,88.27724,28.88219,Ball
57570,Jose Calderon,33.26818,11.03081,NYK
57570,Lance Thomas,16.29869,39.53122,NYK
57570,Robin Lopez,43.93541,21.81321,NYK
57570,Derrick Williams,32.99025,23.86634,NYK
57570,Jerian Grant,83.94554,32.23374,NYK
57570,Kobe Bryant,16.84699,43.89531,LAL
57570,Nick Young,42.35441,4.972770000000001,LAL
57570,Lou Williams,87.85131,30.48533,LAL
57570,Tarik Black,83.78509,24.30865,LAL
57570,Larry Nance Jr.,46.57402,17.19944,LAL
57580,Ball,85.76147,27.23545,Ball
57580,Jose Calderon,30.09676,10.66044,NYK
57580,Lance Thomas,14.94079,39.58805,NYK
57580,Robin Lopez,38.39988,22.55768,NYK
57580,Derrick Williams,29.68772,23.00287,NYK
57580,Jerian Grant,80.13357,31.12858,NYK
57580,Kobe Bryant,15.43512,44.18652,LAL
57580,Nick Young,38.59343,4.32321,LAL
57580,Lou Williams,85.54406,28.79038,LAL
57580,Tarik Black,79.33801,24.8519,LAL
57580,Larry Nance Jr.,41.4755,16.70478,LAL
57590,Ball,81.24659,27.14072,Ball
57590,Jose Calderon,27.0607,10.70337,NYK
57590,Lance Thomas,13.76913,39.73801,NYK
57590,Robin Lopez,33.49609,23.64064,NYK
57590,Derrick Williams,26.55806,21.96788,NYK
57590,Jerian Grant,75.45249,30.46764,NYK
57590,Kobe Bryant,13.97459,44.5238,LAL
57590,Nick Young,34.885040000000004,3.7762000000000002,LAL
57590,Lou Williams,82.56206,28.28411,LAL
57590,Tarik Black,74.60411,25.49991,LAL
57590,Larry Nance Jr.,36.46269,16.26424,LAL
57600,Ball,78.48606,28.18687,Ball
57600,Jose Calderon,24.48215,10.6771,NYK
57600,Lance Thomas,12.43634,39.59252,NYK
57600,Robin Lopez,29.1321,24.72932,NYK
57600,Derrick Williams,23.79865,21.42491,NYK
57600,Jerian Grant,71.07255,30.00662,NYK
57600,Kobe Bryant,12.58534,44.82532,LAL
57600,Nick Young,31.33682,2.7941000000000003,LAL
57600,Lou Williams,79.04827,29.35549,LAL
57600,Tarik Black,69.34915,26.31833,LAL
57600,Larry Nance Jr.,31.64566,15.740120000000001,LAL
57610,Ball,73.6714,32.23387,Ball
57610,Jose Calderon,22.25293,10.81188,NYK
57610,Lance Thomas,11.24131,39.97683,NYK
57610,Robin Lopez,25.91982,25.39822,NYK
57610,Derrick Williams,21.10527,20.63938,NYK
57610,Jerian Grant,67.22638,30.45743,NYK
57610,Kobe Bryant,11.26085,45.57378,LAL
57610,Nick Young,27.73036,2.92611,LAL
57610,Lou Williams,75.54576,31.73765,LAL
57610,Tarik Black,63.74665,26.81266,LAL
57610,Larry Nance Jr.,27.12044,15.35047,LAL
57620,Ball,71.7685,35.83266,Ball
57620,Jose Calderon,20.1006,10.95325,NYK
57620,Lance Thomas,10.00595,40.377,NYK
57620,Robin Lopez,23.45916,26.37062,NYK
57620,Derrick Williams,18.80722,19.64539,NYK
57620,Jerian Grant,63.82972,31.31981,NYK
57620,Kobe Bryant,9.85877,46.10081,LAL
57620,Nick Young,24.30715,2.89429,LAL
57620,Lou Williams,72.02452,34.91893,LAL
57620,Tarik Black,58.26866,26.64747,LAL
57620,Larry Nance Jr.,22.69058,15.3135,LAL
57630,Ball,68.3678,37.92832,Ball
57630,Jose Calderon,18.09284,10.93198,NYK
57630,Lance Thomas,8.730410000000001,40.60483,NYK
57630,Robin Lopez,21.40502,27.11577,NYK
57630,Derrick Williams,16.81766,19.195,NYK
57630,Jerian Grant,60.63516,31.36607,NYK
57630,Kobe Bryant,8.5608,46.81233,LAL
57630,Nick Young,21.47378,2.21665,LAL
57630,Lou Williams,68.30286,36.88922,LAL
57630,Tarik Black,52.75607,25.896630000000002,LAL
57630,Larry Nance Jr.,19.39169,15.44694,LAL
57640,Ball,63.44398,38.75737,Ball
57640,Jose Calderon,16.29341,11.06273,NYK
57640,Lance Thomas,7.92127,41.82587,NYK
57640,Robin Lopez,19.6187,27.72167,NYK
57640,Derrick Williams,15.20816,19.05301,NYK
57640,Jerian Grant,57.41316,31.48672,NYK
57640,Kobe Bryant,7.34062,47.31211,LAL
57640,Nick Young,18.573900000000002,2.628,LAL
57640,Lou Williams,64.72511,37.90947,LAL
57640,Tarik Black,47.36023,25.58522,LAL
57640,Larry Nance Jr.,16.37568,15.16695,LAL
57660,Ball,55.96239,40.31173,Ball
57660,Jose Calderon,13.71477,11.44154,NYK
57660,Lance Thomas,7.15103,42.45184,NYK
57660,Robin Lopez,18.42379,28.19844,NYK
57660,Derrick Williams,12.56742,16.71269,NYK
57660,Jerian Grant,51.3425,32.40727,NYK
57660,Kobe Bryant,5.7681000000000004,48.3459,LAL
57660,Nick Young,14.1346,2.60642,LAL
57660,Lou Williams,57.7171,39.30742,LAL
57660,Tarik Black,38.38629,27.20684,LAL
57660,Larry Nance Jr.,12.66044,14.7891,LAL
57670,Ball,53.52231,40.99405,Ball
57670,Jose Calderon,12.61632,11.69232,NYK
57670,Lance Thomas,7.02985,42.29145,NYK
57670,Robin Lopez,18.5226,28.98374,NYK
57670,Derrick Williams,11.1251,16.69553,NYK
57670,Jerian Grant,48.0447,33.42001,NYK
57670,Kobe Bryant,4.63073,48.29346,LAL
57670,Nick Young,12.54118,2.52883,LAL
57670,Lou Williams,54.07678,39.6251,LAL
57670,Tarik Black,35.29932,29.44059,LAL
57670,Larry Nance Jr.,11.1778,14.58903,LAL
57680,Ball,48.845,40.69635,Ball
57680,Jose Calderon,11.38222,11.973510000000001,NYK
57680,Lance Thomas,6.76796,42.26438,NYK
57680,Robin Lopez,19.00403,30.2587,NYK
57680,Derrick Williams,9.97692,17.29133,NYK
57680,Jerian Grant,44.98163,34.17471,NYK
57680,Kobe Bryant,4.08482,48.28351,LAL
57680,Nick Young,11.25779,2.44609,LAL
57680,Lou Williams,50.3942,39.43406,LAL
57680,Tarik Black,34.28715,32.18342,LAL
57680,Larry Nance Jr.,10.41176,14.28566,LAL
57690,Ball,44.34272,40.70972,Ball
57690,Jose Calderon,10.9558,11.88765,NYK
57690,Lance Thomas,6.56271,42.41833,NYK
57690,Robin Lopez,19.44313,31.15629,NYK
57690,Derrick Williams,9.32805,18.24565,NYK
57690,Jerian Grant,42.04112,33.78709,NYK
57690,Kobe Bryant,3.94217,48.26793,LAL
57690,Nick Young,10.55136,2.38245,LAL
57690,Lou Williams,45.07057,39.3823,LAL
57690,Tarik Black,35.35001,35.26963,LAL
57690,Larry Nance Jr.,10.17762,14.24605,LAL
57700,Ball,38.21061,41.38726,Ball
57700,Jose Calderon,10.87371,12.1256,NYK
57700,Lance Thomas,6.36391,42.12798,NYK
57700,Robin Lopez,18.94032,31.53125,NYK
57700,Derrick Williams,9.06143,19.16773,NYK
57700,Jerian Grant,37.49589,32.23589,NYK
57700,Kobe Bryant,3.8717,48.16371,LAL
57700,Nick Young,10.51075,2.30099,LAL
57700,Lou Williams,38.44966,39.64358,LAL
57700,Tarik Black,35.89069,35.36147,LAL
57700,Larry Nance Jr.,10.56904,14.26124,LAL
57710,Ball,30.53938,41.78061,Ball
57710,Jose Calderon,10.82141,12.00751,NYK
57710,Lance Thomas,6.2687,41.81989,NYK
57710,Robin Lopez,17.38512,31.56132,NYK
57710,Derrick Williams,9.48797,19.87084,NYK
57710,Jerian Grant,32.06586,32.34246,NYK
57710,Kobe Bryant,3.9549000000000003,48.16891,LAL
57710,Nick Young,10.8726,2.20472,LAL
57710,Lou Williams,32.01006,40.3289,LAL
57710,Tarik Black,34.33335,33.09712,LAL
57710,Larry Nance Jr.,11.47809,15.07901,LAL
57720,Ball,25.13965,42.49631,Ball
57720,Jose Calderon,10.42698,11.99165,NYK
57720,Lance Thomas,6.11381,41.49584,NYK
57720,Robin Lopez,15.91275,31.22454,NYK
57720,Derrick Williams,10.57127,20.02755,NYK
57720,Jerian Grant,26.80355,34.65608,NYK
57720,Kobe Bryant,3.99015,48.14569,LAL
57720,Nick Young,11.70757,1.91755,LAL
57720,Lou Williams,25.53591,40.51064,LAL
57720,Tarik Black,31.13096,31.3225,LAL
57720,Larry Nance Jr.,12.62017,16.0164,LAL
57730,Ball,16.51854,39.33955,Ball
57730,Jose Calderon,10.19694,12.49386,NYK
57730,Lance Thomas,6.03881,41.52772,NYK
57730,Robin Lopez,13.723,30.70377,NYK
57730,Derrick Williams,11.37275,20.18038,NYK
57730,Jerian Grant,22.01771,36.89828,NYK
57730,Kobe Bryant,4.14902,48.17243,LAL
57730,Nick Young,12.37868,1.99601,LAL
57730,Lou Williams,18.79877,38.955,LAL
57730,Tarik Black,26.14389,29.5706,LAL
57730,Larry Nance Jr.,13.75491,16.5923,LAL
57740,Ball,13.41782,34.63378,Ball
57740,Jose Calderon,9.69674,13.04098,NYK
57740,Lance Thomas,5.8994,41.49637,NYK
57740,Robin Lopez,11.31625,29.87051,NYK
57740,Derrick Williams,11.55565,20.80567,NYK
57740,Jerian Grant,17.2421,36.74575,NYK
57740,Kobe Bryant,4.77724,48.25395,LAL
57740,Nick Young,11.40167,2.02279,LAL
57740,Lou Williams,13.21973,36.71933,LAL
57740,Tarik Black,20.43929,28.24835,LAL
57740,Larry Nance Jr.,16.34462,17.22161,LAL
57750,Ball,14.4794,27.77148,Ball
57750,Jose Calderon,8.216380000000001,13.20756,NYK
57750,Lance Thomas,5.93952,41.91822,NYK
57750,Robin Lopez,9.35425,29.32725,NYK
57750,Derrick Williams,11.42033,22.59322,NYK
57750,Jerian Grant,12.47306,35.08747,NYK
57750,Kobe Bryant,6.27788,48.26237,LAL
57750,Nick Young,9.56396,2.1101,LAL
57750,Lou Williams,8.60489,35.87842,LAL
57750,Tarik Black,14.86132,26.99077,LAL
57750,Larry Nance Jr.,19.73824,18.88979,LAL
57760,Ball,11.717880000000001,26.31898,Ball
57760,Jose Calderon,7.32217,12.79608,NYK
57760,Lance Thomas,6.41469,42.24652,NYK
57760,Robin Lopez,8.743500000000001,27.82499,NYK
57760,Derrick Williams,12.16224,23.18543,NYK
57760,Jerian Grant,9.09924,32.73779,NYK
57760,Kobe Bryant,8.34863,47.99725,LAL
57760,Nick Young,9.9334,2.09674,LAL
57760,Lou Williams,5.09381,36.52126,LAL
57760,Tarik Black,11.51407,25.94213,LAL
57760,Larry Nance Jr.,21.71641,20.28078,LAL
57770,Ball,7.42403,24.13839,Ball
57770,Jose Calderon,7.00788,12.4653,NYK
57770,Lance Thomas,7.43091,41.774680000000004,NYK
57770,Robin Lopez,9.1515,27.17877,NYK
57770,Derrick Williams,13.12892,23.18206,NYK
57770,Jerian Grant,6.966,30.67738,NYK
57770,Kobe Bryant,10.540140000000001,47.76896,LAL
57770,Nick Young,11.2794,2.07266,LAL
57770,Lou Williams,3.47669,36.65308,LAL
57770,Tarik Black,9.81349,25.3999,LAL
57770,Larry Nance Jr.,21.98298,21.35553,LAL
57780,Ball,4.54965,25.08752,Ball
57780,Jose Calderon,7.15579,12.35058,NYK
57780,Lance Thomas,8.99713,40.48498,NYK
57780,Robin Lopez,8.04582,26.63808,NYK
57780,Derrick Williams,14.49904,22.3659,NYK
57780,Jerian Grant,5.8545,27.87841,NYK
57780,Kobe Bryant,13.93521,47.76641,LAL
57780,Nick Young,13.6348,2.26337,LAL
57780,Lou Williams,3.5773200000000003,36.49095,LAL
57780,Tarik Black,8.03366,24.84701,LAL
57780,Larry Nance Jr.,21.76705,22.72987,LAL
