66840,Ball,88.38278,5.06672,Ball
66840,Evan Turner,72.43969,5.14492,BOS
66840,Isaiah Thomas,81.62954,12.37778,BOS
66840,Kelly Olynyk,91.28235,27.67313,BOS
66840,Jae Crowder,59.03934,13.69792,BOS
66840,Jared Sullinger,65.58824,40.07638,BOS
66840,Andre Iguodala,66.05755,10.35663,GSW
66840,Shaun Livingston,90.29101,23.80166,GSW
66840,Stephen Curry,87.70432,4.02333,GSW
66840,Festus Ezeli,89.40488,20.31019,GSW
66840,Draymond Green,83.30803,17.06111,GSW
66850,Ball,83.65769,3.96969,Ball
66850,Evan Turner,66.5573,6.99318,BOS
66850,Isaiah Thomas,75.54671,12.69985,BOS
66850,Kelly Olynyk,88.28804,28.87923,BOS
66850,Jae Crowder,54.01764,13.51504,BOS
66850,Jared Sullinger,61.71686,38.98659,BOS
66850,Andre Iguodala,60.26944,8.02009,GSW
66850,Shaun Livingston,88.61993,24.13231,GSW
66850,Stephen Curry,83.59296,3.44185,GSW
66850,Festus Ezeli,87.62422,21.08476,GSW
66850,Draymond Green,79.77569,15.40294,GSW
66860,Ball,77.765,4.50423,Ball
66860,Evan Turner,60.13566,8.4598,BOS
66860,Isaiah Thomas,69.40052,14.22577,BOS
66860,Kelly Olynyk,83.83852,29.53714,BOS
66860,Jae Crowder,48.31562,12.88156,BOS
66860,Jared Sullinger,57.20332,37.43602,BOS
66860,Andre Iguodala,53.27316,5.93314,GSW
66860,Shaun Livingston,85.44885,25.59115,GSW
66860,Stephen Curry,77.69275,3.14147,GSW
66860,Festus Ezeli,84.06942,22.93818,GSW
66860,Draymond Green,74.63773,14.73553,GSW
66870,Ball,68.53315,3.7385,Ball
66870,Evan Turner,54.67219,9.30713,BOS
66870,Isaiah Thomas,63.96393,16.13926,BOS
66870,Kelly Olynyk,78.73857,29.95457,BOS
66870,Jae Crowder,42.8732,11.93328,BOS
66870,Jared Sullinger,52.65871,35.71112,BOS
66870,Andre Iguodala,46.45183,4.48712,GSW
66870,Shaun Livingston,81.82644,27.47282,GSW
66870,Stephen Curry,71.64994,3.18472,GSW
66870,Festus Ezeli,79.90278,24.39609,GSW
66870,Draymond Green,69.16214,14.92513,GSW
66880,Ball,61.97408,2.96821,Ball
66880,Evan Turner,48.80952,10.00705,BOS
66880,Isaiah Thomas,58.15145,18.43128,BOS
66880,Kelly Olynyk,72.2681,30.4212,BOS
66880,Jae Crowder,36.59807,10.65177,BOS
66880,Jared Sullinger,47.37866,33.71808,BOS
66880,Andre Iguodala,38.71625,3.36578,GSW
66880,Shaun Livingston,76.78339,30.39443,GSW
66880,Stephen Curry,64.44814,3.21664,GSW
66880,Festus Ezeli,73.88892,25.57306,GSW
66880,Draymond Green,62.41373,15.58702,GSW
66890,Ball,55.47948,3.01744,Ball
66890,Evan Turner,43.62265,10.4777,BOS
66890,Isaiah Thomas,52.49937,20.31828,BOS
66890,Kelly Olynyk,65.25847,30.78473,BOS
66890,Jae Crowder,30.30318,9.52056,BOS
66890,Jared Sullinger,41.87656,31.59497,BOS
66890,Andre Iguodala,30.89595,2.64872,GSW
66890,Shaun Livingston,71.26235,33.49564,GSW
66890,Stephen Curry,57.31553,3.65756,GSW
66890,Festus Ezeli,67.15323,25.9633,GSW
66890,Draymond Green,55.27127,16.23172,GSW
66900,Ball,49.55528,5.3711,Ball
66900,Evan Turner,39.52693,10.71489,BOS
66900,Isaiah Thomas,47.584,21.53809,BOS
66900,Kelly Olynyk,58.85528,31.3639,BOS
66900,Jae Crowder,25.01067,9.08585,BOS
66900,Jared Sullinger,37.08141,29.70004,BOS
66900,Andre Iguodala,24.17755,2.19023,GSW
66900,Shaun Livingston,65.68472,35.9117,GSW
66900,Stephen Curry,51.30332,4.50852,GSW
66900,Festus Ezeli,60.78418,26.07033,GSW
66900,Draymond Green,48.69398,16.49919,GSW
66910,Ball,44.37656,6.48747,Ball
66910,Evan Turner,35.65399,10.54201,BOS
66910,Isaiah Thomas,42.53241,22.66528,BOS
66910,Kelly Olynyk,51.303,31.80227,BOS
66910,Jae Crowder,19.50904,8.49938,BOS
66910,Jared Sullinger,31.92562,27.58025,BOS
66910,Andre Iguodala,17.73144,1.74039,GSW
66910,Shaun Livingston,58.9459,38.18706,GSW
66910,Stephen Curry,44.66667,5.4571,GSW
66910,Festus Ezeli,53.60401,26.65834,GSW
66910,Draymond Green,41.61444,15.9818,GSW
66920,Ball,38.21361,7.49641,Ball
66920,Evan Turner,33.06337,9.166080000000001,BOS
66920,Isaiah Thomas,38.05359,23.37001,BOS
66920,Kelly Olynyk,43.93022,31.9084,BOS
66920,Jae Crowder,14.63491,8.46772,BOS
66920,Jared Sullinger,27.29388,25.20245,BOS
66920,Andre Iguodala,12.38039,1.49235,GSW
66920,Shaun Livingston,51.86115,40.11393,GSW
66920,Stephen Curry,38.5803,6.47873,GSW
66920,Festus Ezeli,46.36105,27.9415,GSW
66920,Draymond Green,35.4933,14.5654,GSW
66930,Ball,35.38277,11.26571,Ball
66930,Evan Turner,32.57269,8.97776,BOS
66930,Isaiah Thomas,34.48284,23.18545,BOS
66930,Kelly Olynyk,36.78465,31.71725,BOS
66930,Jae Crowder,10.90666,9.21979,BOS
66930,Jared Sullinger,24.15682,22.74591,BOS
66930,Andre Iguodala,7.74227,1.69142,GSW
66930,Shaun Livingston,44.50475,41.79958,GSW
66930,Stephen Curry,34.90796,10.03901,GSW
66930,Festus Ezeli,39.1735,29.2018,GSW
66930,Draymond Green,31.92994,12.40036,GSW
66940,Ball,34.73996,14.64346,Ball
66940,Evan Turner,32.44608,10.19127,BOS
66940,Isaiah Thomas,32.16415,21.74285,BOS
66940,Kelly Olynyk,30.72629,31.51277,BOS
66940,Jae Crowder,8.67017,10.18477,BOS
66940,Jared Sullinger,23.30692,20.87332,BOS
66940,Andre Iguodala,5.06608,1.75892,GSW
66940,Shaun Livingston,37.78473,42.90962,GSW
66940,Stephen Curry,32.89669,13.38533,GSW
66940,Festus Ezeli,32.92765,29.87543,GSW
66940,Draymond Green,30.75495,10.69129,GSW
66950,Ball,27.21312,14.68272,Ball
66950,Evan Turner,32.06665,12.34064,BOS
66950,Isaiah Thomas,30.55171,21.50096,BOS
66950,Kelly Olynyk,24.38368,30.66409,BOS
66950,Jae Crowder,7.51331,10.87955,BOS
66950,Jared Sullinger,23.52368,19.16932,BOS
66950,Andre Iguodala,3.81432,1.41608,GSW
66950,Shaun Livingston,30.28528,43.23387,GSW
66950,Stephen Curry,29.33614,14.82679,GSW
66950,Festus Ezeli,26.50414,30.27683,GSW
66950,Draymond Green,29.10283,9.5384,GSW
66960,Ball,23.790680000000002,12.65858,Ball
66960,Evan Turner,28.92309,14.09038,BOS
66960,Isaiah Thomas,29.80875,23.50339,BOS
66960,Kelly Olynyk,18.37724,29.52169,BOS
66960,Jae Crowder,7.36596,11.20398,BOS
66960,Jared Sullinger,21.86522,17.8831,BOS
66960,Andre Iguodala,3.78938,1.3613300000000002,GSW
66960,Shaun Livingston,23.19595,42.4327,GSW
66960,Stephen Curry,24.4809,14.30961,GSW
66960,Festus Ezeli,20.44013,29.96834,GSW
66960,Draymond Green,27.17796,9.33176,GSW
66970,Ball,17.4268,11.61422,Ball
66970,Evan Turner,23.985030000000002,14.35713,BOS
66970,Isaiah Thomas,28.76963,25.73586,BOS
66970,Kelly Olynyk,12.9322,27.82857,BOS
66970,Jae Crowder,7.54052,11.12489,BOS
66970,Jared Sullinger,18.73986,17.64007,BOS
66970,Andre Iguodala,4.03165,1.18193,GSW
66970,Shaun Livingston,17.01061,40.23379,GSW
66970,Stephen Curry,18.83971,12.59154,GSW
66970,Festus Ezeli,14.99331,28.6236,GSW
66970,Draymond Green,25.23518,9.57312,GSW
66980,Ball,15.14293,11.15165,Ball
66980,Evan Turner,19.324370000000002,13.24936,BOS
66980,Isaiah Thomas,26.39203,27.766750000000002,BOS
66980,Kelly Olynyk,8.5837,26.3654,BOS
66980,Jae Crowder,7.96392,10.84666,BOS
66980,Jared Sullinger,14.9314,17.59727,BOS
66980,Andre Iguodala,4.01072,1.22951,GSW
66980,Shaun Livingston,12.79079,37.48925,GSW
66980,Stephen Curry,16.02985,10.531600000000001,GSW
66980,Festus Ezeli,10.7145,26.79177,GSW
66980,Draymond Green,24.01752,10.11116,GSW
66990,Ball,12.6354,10.06765,Ball
66990,Evan Turner,14.02171,10.99776,BOS
66990,Isaiah Thomas,21.7622,29.21057,BOS
66990,Kelly Olynyk,4.61289,24.69242,BOS
66990,Jae Crowder,7.91827,10.26587,BOS
66990,Jared Sullinger,11.79834,17.985,BOS
66990,Andre Iguodala,3.8718,1.3918,GSW
66990,Shaun Livingston,9.97731,34.13862,GSW
66990,Stephen Curry,15.44978,9.73717,GSW
66990,Festus Ezeli,6.80374,25.36446,GSW
66990,Draymond Green,23.60719,10.54166,GSW
67000,Ball,2.34564,7.55145,Ball
67000,Evan Turner,9.33791,8.5765,BOS
67000,Isaiah Thomas,16.62159,29.33516,BOS
67000,Kelly Olynyk,1.41099,23.26602,BOS
67000,Jae Crowder,7.00287,9.9197,BOS
67000,Jared Sullinger,10.32812,18.132,BOS
67000,Andre Iguodala,3.75472,1.52515,GSW
67000,Shaun Livingston,8.57561,30.93966,GSW
67000,Stephen Curry,14.6918,8.85884,GSW
67000,Festus Ezeli,5.07507,26.05563,GSW
67000,Draymond Green,24.5817,10.78887,GSW
67010,Ball,4.8916900000000005,6.79453,Ball
67010,Isaiah Thomas,12.37457,28.69332,BOS
67010,Kelly Olynyk,0.10866,21.41904,BOS
67010,Jae Crowder,5.71646,9.8585,BOS
67010,Jared Sullinger,9.37553,18.35644,BOS
67010,Andre Iguodala,3.5636900000000002,1.71865,GSW
67010,Shaun Livingston,8.13036,28.49025,GSW
67010,Stephen Curry,13.38452,7.16712,GSW
67010,Festus Ezeli,5.2108,27.4552,GSW
67010,Draymond Green,25.3864,10.35847,GSW
67020,Ball,2.02085,5.97505,Ball
67020,Isaiah Thomas,10.30396,27.93568,BOS
67020,Kelly Olynyk,0.16787000000000002,20.20533,BOS
67020,Jae Crowder,5.30871,9.60893,BOS
67020,Jared Sullinger,8.912230000000001,18.70229,BOS
67020,Andre Iguodala,3.7420400000000003,1.8918,GSW
67020,Shaun Livingston,8.14978,26.95756,GSW
67020,Stephen Curry,13.15814,5.84636,GSW
67020,Festus Ezeli,5.8632,27.80026,GSW
67020,Draymond Green,25.45652,10.22058,GSW
67030,Ball,19.629,6.57006,Ball
67030,Evan Turner,0.9609900000000001,9.8735,BOS
67030,Isaiah Thomas,15.01005,29.88826,BOS
67030,Kelly Olynyk,14.49424,13.67317,BOS
67030,Jae Crowder,5.35665,37.86731,BOS
67030,Jared Sullinger,10.70704,23.98629,BOS
67030,Andre Iguodala,6.36644,48.51293,GSW
67030,Shaun Livingston,17.80417,33.69384,GSW
67030,Stephen Curry,-2.6062700000000003,10.37092,GSW
67030,Festus Ezeli,18.83515,24.68825,GSW
67030,Draymond Green,20.57084,6.06926,GSW
67040,Ball,20.31999,6.63114,Ball
67040,Evan Turner,1.03157,10.13312,BOS
67040,Isaiah Thomas,14.02947,30.10166,BOS
67040,Kelly Olynyk,14.68031,14.49682,BOS
67040,Jae Crowder,6.00062,37.73562,BOS
67040,Jared Sullinger,10.92802,24.10599,BOS
67040,Andre Iguodala,6.82473,48.04591,GSW
67040,Shaun Livingston,15.58243,33.98615,GSW
67040,Stephen Curry,-2.16871,10.38306,GSW
67040,Festus Ezeli,16.93758,24.00153,GSW
67040,Draymond Green,20.86415,6.05011,GSW
67050,Ball,19.9251,6.52519,Ball
67050,Evan Turner,2.07195,9.27395,BOS
67050,Isaiah Thomas,12.74028,30.36352,BOS
67050,Kelly Olynyk,14.39221,15.03745,BOS
67050,Jae Crowder,6.94998,37.33482,BOS
67050,Jared Sullinger,11.06712,23.996,BOS
67050,Andre Iguodala,7.78235,47.05705,GSW
67050,Shaun Livingston,13.73682,34.35676,GSW
67050,Stephen Curry,-0.19907000000000002,9.87806,GSW
67050,Festus Ezeli,13.9139,22.21386,GSW
67050,Draymond Green,20.93886,6.0947,GSW
67060,Ball,19.86052,6.19814,Ball
67060,Evan Turner,3.26318,9.02718,BOS
67060,Isaiah Thomas,11.51917,30.85191,BOS
67060,Kelly Olynyk,14.45109,15.44749,BOS
67060,Jae Crowder,8.11484,36.95708,BOS
67060,Jared Sullinger,10.55906,23.31602,BOS
67060,Andre Iguodala,9.84298,44.84077,GSW
67060,Shaun Livingston,11.95017,34.81238,GSW
67060,Stephen Curry,1.14764,9.44834,GSW
67060,Festus Ezeli,10.90714,20.97838,GSW
67060,Draymond Green,20.9031,6.21106,GSW
67070,Ball,19.84982,6.17353,Ball
67070,Evan Turner,4.20463,8.59073,BOS
67070,Isaiah Thomas,10.09452,31.75603,BOS
67070,Kelly Olynyk,14.753730000000001,15.72577,BOS
67070,Jae Crowder,10.81075,36.57252,BOS
67070,Jared Sullinger,10.08171,22.00756,BOS
67070,Andre Iguodala,13.8074,41.42343,GSW
67070,Shaun Livingston,10.01175,35.07939,GSW
67070,Stephen Curry,2.49369,9.44766,GSW
67070,Festus Ezeli,8.7997,20.43658,GSW
67070,Draymond Green,20.88025,6.17576,GSW
67080,Ball,20.11475,6.79588,Ball
67080,Evan Turner,4.56347,8.52832,BOS
67080,Isaiah Thomas,8.59873,33.14493,BOS
67080,Kelly Olynyk,14.9538,15.52478,BOS
67080,Jae Crowder,15.31797,34.77262,BOS
67080,Jared Sullinger,9.966990000000001,21.32748,BOS
67080,Andre Iguodala,18.91967,37.49532,GSW
67080,Shaun Livingston,8.34997,35.30934,GSW
67080,Stephen Curry,4.07196,9.08954,GSW
67080,Festus Ezeli,8.28067,20.3013,GSW
67080,Draymond Green,20.93574,6.1327300000000005,GSW
67090,Ball,20.72542,6.9474800000000005,Ball
67090,Evan Turner,5.5022,8.75058,BOS
67090,Isaiah Thomas,7.43721,33.70694,BOS
67090,Kelly Olynyk,15.87256,15.36489,BOS
67090,Jae Crowder,20.33805,31.69095,BOS
67090,Jared Sullinger,9.8291,21.44327,BOS
67090,Andre Iguodala,24.75991,33.0616,GSW
67090,Shaun Livingston,6.94772,35.61778,GSW
67090,Stephen Curry,5.5022,8.75058,GSW
67090,Festus Ezeli,7.79467,20.10358,GSW
67090,Draymond Green,21.01474,6.23366,GSW
67100,Ball,19.88651,6.5165500000000005,Ball
67100,Evan Turner,6.50034,8.36377,BOS
67100,Isaiah Thomas,6.82817,34.10527,BOS
67100,Kelly Olynyk,16.60055,15.10765,BOS
67100,Jae Crowder,25.03624,28.13837,BOS
67100,Jared Sullinger,9.49747,21.19778,BOS
67100,Andre Iguodala,30.25716,28.27739,GSW
67100,Shaun Livingston,5.55463,36.73526,GSW
67100,Stephen Curry,6.50034,8.36377,GSW
67100,Festus Ezeli,7.09645,18.82692,GSW
67100,Draymond Green,21.00491,6.24128,GSW
67110,Ball,20.2315,5.82895,Ball
67110,Evan Turner,7.1034,8.15785,BOS
67110,Isaiah Thomas,6.45303,34.50762,BOS
67110,Kelly Olynyk,16.88501,15.10026,BOS
67110,Jae Crowder,28.21539,25.06886,BOS
67110,Jared Sullinger,8.77525,20.49648,BOS
67110,Andre Iguodala,34.33984,23.61207,GSW
67110,Shaun Livingston,4.87897,38.09129,GSW
67110,Stephen Curry,7.1034,8.15785,GSW
67110,Festus Ezeli,7.18471,17.84799,GSW
67110,Draymond Green,20.8583,6.21322,GSW
67120,Ball,20.2247,6.74749,Ball
67120,Evan Turner,8.36188,7.48386,BOS
67120,Isaiah Thomas,5.96518,35.2146,BOS
67120,Kelly Olynyk,16.66145,15.14207,BOS
67120,Jae Crowder,30.58386,22.35183,BOS
67120,Jared Sullinger,8.33484,19.33542,BOS
67120,Andre Iguodala,36.93247,19.71712,GSW
67120,Shaun Livingston,5.12219,39.43275,GSW
67120,Stephen Curry,8.36188,7.48386,GSW
67120,Festus Ezeli,7.04724,17.27103,GSW
67120,Draymond Green,20.95849,6.17663,GSW
67130,Ball,22.16884,7.04588,Ball
67130,Evan Turner,9.42456,7.45432,BOS
67130,Isaiah Thomas,5.66328,35.71344,BOS
67130,Kelly Olynyk,16.87328,15.21595,BOS
67130,Jae Crowder,32.84434,19.23739,BOS
67130,Jared Sullinger,8.45138,18.24011,BOS
67130,Andre Iguodala,38.78804,16.66475,GSW
67130,Shaun Livingston,6.001,40.12166,GSW
67130,Stephen Curry,9.42456,7.45432,GSW
67130,Festus Ezeli,7.2048,17.12475,GSW
67130,Draymond Green,21.95076,6.41787,GSW
67140,Ball,24.79085,6.55327,Ball
67140,Evan Turner,10.4572,7.40648,BOS
67140,Isaiah Thomas,6.27723,35.8735,BOS
67140,Kelly Olynyk,16.9828,15.05076,BOS
67140,Jae Crowder,34.82791,16.37598,BOS
67140,Jared Sullinger,8.51269,18.09261,BOS
67140,Andre Iguodala,40.2795,13.41427,GSW
67140,Shaun Livingston,7.34219,40.23036,GSW
67140,Stephen Curry,10.4572,7.40648,GSW
67140,Festus Ezeli,9.1325,17.20083,GSW
67140,Draymond Green,23.40976,7.22584,GSW
