26370,Ball,80.25798,10.29799,Ball
26370,Jared Dudley,82.42607,18.87632,WAS
26370,Ramon Sessions,75.33366,20.75199,WAS
26370,Marcin Gortat,74.11399,23.93255,WAS
26370,John Wall,73.35594,40.37478,WAS
26370,Kelly Oubre,81.71103,12.78091,WAS
26370,Vince Carter,53.24205,26.99999,MEM
26370,Zach Randolph,65.02676,16.38531,MEM
26370,Tony Allen,61.0901,22.68582,MEM
26370,Mike Conley,46.45655,18.802,MEM
26370,Marc Gasol,67.75584,28.31301,MEM
26380,Ball,80.78871,8.72962,Ball
26380,Jared Dudley,80.19036,17.7408,WAS
26380,Ramon Sessions,74.8103,21.07631,WAS
26380,Marcin Gortat,69.82656,23.64477,WAS
26380,John Wall,73.42338,39.76794,WAS
26380,Kelly Oubre,81.0077,10.115,WAS
26380,Vince Carter,49.940690000000004,25.91276,MEM
26380,Zach Randolph,61.07409,17.15961,MEM
26380,Tony Allen,58.02776,22.18378,MEM
26380,Mike Conley,44.7772,18.62386,MEM
26380,Marc Gasol,62.68644,28.22463,MEM
26400,Ball,77.90031,10.510580000000001,Ball
26400,Jared Dudley,73.40111,17.89334,WAS
26400,Ramon Sessions,73.35441,22.90948,WAS
26400,Marcin Gortat,59.12647,22.88222,WAS
26400,John Wall,74.0083,35.24497,WAS
26400,Kelly Oubre,78.64016,10.72226,WAS
26400,Vince Carter,43.47778,24.23974,MEM
26400,Zach Randolph,52.2808,18.27326,MEM
26400,Tony Allen,53.11517,25.04262,MEM
26400,Mike Conley,41.04056,18.28418,MEM
26400,Marc Gasol,50.04469,28.24595,MEM
26410,Ball,75.91966,17.35512,Ball
26410,Jared Dudley,70.05028,19.22955,WAS
26410,Ramon Sessions,72.24579,24.31851,WAS
26410,Marcin Gortat,53.68067,21.91591,WAS
26410,John Wall,74.14723,31.61518,WAS
26410,Kelly Oubre,76.07829,12.47473,WAS
26410,Vince Carter,40.38946,23.89225,MEM
26410,Zach Randolph,48.77205,18.3361,MEM
26410,Tony Allen,51.23188,26.77594,MEM
26410,Mike Conley,39.50012,18.81653,MEM
26410,Marc Gasol,43.57824,28.24542,MEM
26420,Ball,74.0621,26.06486,Ball
26420,Jared Dudley,66.94959,20.98996,WAS
26420,Ramon Sessions,70.67454,25.86019,WAS
26420,Marcin Gortat,48.5845,20.95621,WAS
26420,John Wall,73.74659,27.71928,WAS
26420,Kelly Oubre,72.37227,14.19911,WAS
26420,Vince Carter,38.15685,23.6591,MEM
26420,Zach Randolph,45.54919,18.68545,MEM
26420,Tony Allen,49.46528,27.0906,MEM
26420,Mike Conley,38.61841,20.0282,MEM
26420,Marc Gasol,37.86508,27.84329,MEM
26420,Ball,73.9301,25.99382,Ball
26420,Jared Dudley,66.63953,21.16719,WAS
26420,Ramon Sessions,70.48491,26.04019,WAS
26420,Marcin Gortat,48.08375,20.90276,WAS
26420,John Wall,73.66404,27.30928,WAS
26420,Kelly Oubre,71.93981,14.37548,WAS
26420,Vince Carter,38.00194,23.67705,MEM
26420,Zach Randolph,45.22645,18.76083,MEM
26420,Tony Allen,49.2957,27.10195,MEM
26420,Mike Conley,38.56214,20.19894,MEM
26420,Marc Gasol,37.32323,27.76999,MEM
26430,Ball,73.48351,23.02436,Ball
26430,Jared Dudley,63.7448,22.70429,WAS
26430,Ramon Sessions,68.366,27.95395,WAS
26430,Marcin Gortat,43.70601,20.8731,WAS
26430,John Wall,72.6791,23.67784,WAS
26430,Kelly Oubre,67.63949,15.79191,WAS
26430,Vince Carter,36.37414,23.9565,MEM
26430,Zach Randolph,42.23774,19.4412,MEM
26430,Tony Allen,47.41445,26.78136,MEM
26430,Mike Conley,38.0217,22.1104,MEM
26430,Marc Gasol,32.8379,26.64832,MEM
26450,Ball,66.587,17.84073,Ball
26450,Jared Dudley,56.44444,25.0586,WAS
26450,Ramon Sessions,61.97133,32.75417,WAS
26450,Marcin Gortat,37.19113,20.98481,WAS
26450,John Wall,67.96616,17.51902,WAS
26450,Kelly Oubre,57.07585,19.39486,WAS
26450,Vince Carter,32.64108,24.94623,MEM
26450,Zach Randolph,36.82486,21.46953,MEM
26450,Tony Allen,42.69582,24.45902,MEM
26450,Mike Conley,35.56998,26.87755,MEM
26450,Marc Gasol,25.40465,24.07152,MEM
26460,Ball,63.75641,16.71225,Ball
26460,Jared Dudley,52.78604,25.61025,WAS
26460,Ramon Sessions,57.8778,34.65133,WAS
26460,Marcin Gortat,34.8898,20.16956,WAS
26460,John Wall,64.56811,15.67549,WAS
26460,Kelly Oubre,52.06929,21.93911,WAS
26460,Vince Carter,30.69728,25.695990000000002,MEM
26460,Zach Randolph,34.15897,22.88181,MEM
26460,Tony Allen,40.42162,22.28405,MEM
26460,Mike Conley,34.08293,29.60068,MEM
26460,Marc Gasol,23.32356,22.71843,MEM
26460,Ball,63.25187,16.4538,Ball
26460,Jared Dudley,52.44123,25.64129,WAS
26460,Ramon Sessions,57.44133,34.79376,WAS
26460,Marcin Gortat,34.63806,20.07011,WAS
26460,John Wall,64.22581,15.52822,WAS
26460,Kelly Oubre,51.58173,22.21376,WAS
26460,Vince Carter,30.51285,25.84119,MEM
26460,Zach Randolph,33.9264,23.03592,MEM
26460,Tony Allen,40.1905,22.0527,MEM
26460,Mike Conley,33.92358,29.86043,MEM
26460,Marc Gasol,23.16877,22.57327,MEM
26470,Ball,59.07448,14.31028,Ball
26470,Jared Dudley,49.46235,25.80417,WAS
26470,Ramon Sessions,53.26857,35.29359,WAS
26470,Marcin Gortat,32.25893,19.01996,WAS
26470,John Wall,61.12096,13.99216,WAS
26470,Kelly Oubre,47.39207,24.71331,WAS
26470,Vince Carter,28.90021,26.88932,MEM
26470,Zach Randolph,32.37839,24.4205,MEM
26470,Tony Allen,38.40049,20.37901,MEM
26470,Mike Conley,32.25514,31.82806,MEM
26470,Marc Gasol,22.1749,21.09419,MEM
26470,Ball,58.84854,14.12292,Ball
26470,Jared Dudley,49.13007,25.82342,WAS
26470,Ramon Sessions,52.79126,35.26936,WAS
26470,Marcin Gortat,32.00589,18.89463,WAS
26470,John Wall,60.7783,13.86429,WAS
26470,Kelly Oubre,46.94606,25.02393,WAS
26470,Vince Carter,28.74624,26.98418,MEM
26470,Zach Randolph,32.24601,24.57377,MEM
26470,Tony Allen,38.18292,20.23193,MEM
26470,Mike Conley,32.11021,31.98171,MEM
26470,Marc Gasol,22.12166,20.92197,MEM
26480,Ball,56.719,12.08616,Ball
26480,Jared Dudley,46.20276,25.74651,WAS
26480,Ramon Sessions,48.48168,34.26201,WAS
26480,Marcin Gortat,29.69531,17.9276,WAS
26480,John Wall,57.66542,13.15666,WAS
26480,Kelly Oubre,43.01904,27.92627,WAS
26480,Vince Carter,27.33124,28.23193,MEM
26480,Zach Randolph,30.64508,25.54335,MEM
26480,Tony Allen,36.2503,19.07012,MEM
26480,Mike Conley,30.65504,32.94351,MEM
26480,Marc Gasol,21.97284,19.34805,MEM
26500,Ball,50.1809,11.55407,Ball
26500,Jared Dudley,40.9058,24.95963,WAS
26500,Ramon Sessions,40.21068,30.82886,WAS
26500,Marcin Gortat,25.06629,15.90027,WAS
26500,John Wall,51.38638,12.35429,WAS
26500,Kelly Oubre,36.15589,34.13514,WAS
26500,Vince Carter,24.49001,30.83371,MEM
26500,Zach Randolph,28.485,24.87829,MEM
26500,Tony Allen,33.19268,17.00716,MEM
26500,Mike Conley,28.00495,30.53939,MEM
26500,Marc Gasol,21.33539,17.05793,MEM
26510,Ball,47.76611,11.37677,Ball
26510,Jared Dudley,39.0269,24.26581,WAS
26510,Ramon Sessions,36.99143,31.11704,WAS
26510,Marcin Gortat,23.2401,15.17515,WAS
26510,John Wall,48.9943,12.19924,WAS
26510,Kelly Oubre,33.58066,36.66332,WAS
26510,Vince Carter,22.8092,32.31524,MEM
26510,Zach Randolph,27.729680000000002,25.19717,MEM
26510,Tony Allen,32.13492,16.46301,MEM
26510,Mike Conley,26.54729,28.97867,MEM
26510,Marc Gasol,20.40269,16.6745,MEM
26520,Ball,46.03078,11.14333,Ball
26520,Jared Dudley,37.50222,23.71503,WAS
26520,Ramon Sessions,33.95539,32.45109,WAS
26520,Marcin Gortat,21.96518,14.55441,WAS
26520,John Wall,47.35001,12.19594,WAS
26520,Kelly Oubre,31.86274,38.81584,WAS
26520,Vince Carter,21.41274,33.6857,MEM
26520,Zach Randolph,27.72645,25.71053,MEM
26520,Tony Allen,31.66943,16.06899,MEM
26520,Mike Conley,25.29241,28.51185,MEM
26520,Marc Gasol,19.76873,16.32225,MEM
26520,Ball,46.01215,11.21437,Ball
26520,Jared Dudley,37.34886,23.66634,WAS
26520,Ramon Sessions,33.67028,32.59999,WAS
26520,Marcin Gortat,21.86697,14.49455,WAS
26520,John Wall,47.19718,12.19952,WAS
26520,Kelly Oubre,31.7428,38.99667,WAS
26520,Vince Carter,21.28002,33.7775,MEM
26520,Zach Randolph,27.74199,25.74052,MEM
26520,Tony Allen,31.62387,15.9999,MEM
26520,Mike Conley,25.20508,28.53543,MEM
26520,Marc Gasol,19.71293,16.27626,MEM
26530,Ball,45.00171,11.39475,Ball
26530,Jared Dudley,36.052,23.10604,WAS
26530,Ramon Sessions,30.75982,33.66454,WAS
26530,Marcin Gortat,21.00554,13.94657,WAS
26530,John Wall,45.86512,12.19258,WAS
26530,Kelly Oubre,30.85543,40.42844,WAS
26530,Vince Carter,20.1823,34.48808,MEM
26530,Zach Randolph,27.58994,25.80383,MEM
26530,Tony Allen,31.31648,15.31829,MEM
26530,Mike Conley,24.57056,29.30227,MEM
26530,Marc Gasol,19.01142,15.80835,MEM
26550,Ball,43.52062,11.55226,Ball
26550,Jared Dudley,34.93686,22.30903,WAS
26550,Ramon Sessions,24.27659,28.56195,WAS
26550,Marcin Gortat,20.286,13.52393,WAS
26550,John Wall,44.42494,12.06294,WAS
26550,Kelly Oubre,30.65809,42.99662,WAS
26550,Vince Carter,20.12151,35.56076,MEM
26550,Zach Randolph,28.14598,25.43802,MEM
26550,Tony Allen,31.87883,15.51537,MEM
26550,Mike Conley,22.10766,29.32642,MEM
26550,Marc Gasol,17.72585,15.95891,MEM
26560,Ball,43.72596,11.22948,Ball
26560,Jared Dudley,34.81112,22.40201,WAS
26560,Ramon Sessions,20.54699,24.25822,WAS
26560,Marcin Gortat,20.25433,13.61088,WAS
26560,John Wall,44.60737,12.30574,WAS
26560,Kelly Oubre,30.39855,43.80333,WAS
26560,Vince Carter,21.05095,35.19943,MEM
26560,Zach Randolph,28.92513,24.82357,MEM
26560,Tony Allen,32.37054,15.36946,MEM
26560,Mike Conley,20.77339,26.95543,MEM
26560,Marc Gasol,17.54524,16.09119,MEM
26570,Ball,44.77542,11.21308,Ball
26570,Jared Dudley,34.60645,22.501,WAS
26570,Ramon Sessions,17.88915,19.15525,WAS
26570,Marcin Gortat,20.04189,13.47786,WAS
26570,John Wall,44.81685,12.25353,WAS
26570,Kelly Oubre,30.38105,43.8615,WAS
26570,Vince Carter,21.43993,35.12093,MEM
26570,Zach Randolph,29.59404,24.11023,MEM
26570,Tony Allen,32.73772,15.33225,MEM
26570,Mike Conley,19.58972,23.74071,MEM
26570,Marc Gasol,17.48161,16.18137,MEM
26570,Ball,44.55313,11.21526,Ball
26570,Jared Dudley,34.5609,22.51266,WAS
26570,Ramon Sessions,17.73199,18.68444,WAS
26570,Marcin Gortat,20.01091,13.44704,WAS
26570,John Wall,44.82029,12.25126,WAS
26570,Kelly Oubre,30.40444,43.82215,WAS
26570,Vince Carter,21.45187,35.13862,MEM
26570,Zach Randolph,29.63482,24.07583,MEM
26570,Tony Allen,32.76655,15.36911,MEM
26570,Mike Conley,19.47766,23.38288,MEM
26570,Marc Gasol,17.4647,16.15849,MEM
26580,Ball,44.1742,11.1933,Ball
26580,Jared Dudley,34.63049,22.56395,WAS
26580,Ramon Sessions,16.82977,14.8185,WAS
26580,Marcin Gortat,19.69081,13.19525,WAS
26580,John Wall,44.69329,12.20281,WAS
26580,Kelly Oubre,30.49149,43.2963,WAS
26580,Vince Carter,21.58631,35.24418,MEM
26580,Zach Randolph,29.80793,23.96294,MEM
26580,Tony Allen,32.90223,15.5828,MEM
26580,Mike Conley,19.18158,19.8073,MEM
26580,Marc Gasol,16.64999,16.06967,MEM
26600,Ball,36.23287,7.93079,Ball
26600,Jared Dudley,34.89813,22.59819,WAS
26600,Ramon Sessions,21.07092,7.4879999999999995,WAS
26600,Marcin Gortat,19.067,13.48412,WAS
26600,John Wall,42.534909999999996,9.80825,WAS
26600,Kelly Oubre,29.93786,42.07942,WAS
26600,Vince Carter,22.26292,34.57443,MEM
26600,Zach Randolph,29.97346,24.07887,MEM
26600,Tony Allen,32.248,14.630700000000001,MEM
26600,Mike Conley,22.37855,11.76085,MEM
26600,Marc Gasol,16.91875,16.45406,MEM
26610,Ball,27.34879,5.77454,Ball
26610,Jared Dudley,34.93127,22.57272,WAS
26610,Ramon Sessions,25.82078,5.76515,WAS
26610,Marcin Gortat,17.75194,13.19664,WAS
26610,John Wall,40.12387,7.27931,WAS
26610,Kelly Oubre,30.24119,41.2587,WAS
26610,Vince Carter,21.92452,33.60496,MEM
26610,Zach Randolph,29.76548,23.78277,MEM
26610,Tony Allen,30.75434,13.02346,MEM
26610,Mike Conley,24.33749,8.04016,MEM
26610,Marc Gasol,16.33822,16.35023,MEM
26620,Ball,31.95863,4.57837,Ball
26620,Jared Dudley,34.87412,22.43255,WAS
26620,Ramon Sessions,29.95229,5.37036,WAS
26620,Marcin Gortat,16.8586,12.46458,WAS
26620,John Wall,36.59188,4.86059,WAS
26620,Kelly Oubre,30.9687,40.0487,WAS
26620,Vince Carter,21.49924,33.18208,MEM
26620,Zach Randolph,28.99309,22.94432,MEM
26620,Tony Allen,28.52635,11.11087,MEM
26620,Mike Conley,26.63358,7.05334,MEM
26620,Marc Gasol,15.63907,15.70201,MEM
26620,Ball,32.60747,4.42352,Ball
26620,Jared Dudley,34.86016,22.37827,WAS
26620,Ramon Sessions,30.30928,5.39409,WAS
26620,Marcin Gortat,16.83175,12.38671,WAS
26620,John Wall,36.20053,4.69301,WAS
26620,Kelly Oubre,31.03432,39.8986,WAS
26620,Vince Carter,21.46973,33.17067,MEM
26620,Zach Randolph,28.93005,22.86795,MEM
26620,Tony Allen,28.30438,10.93179,MEM
26620,Mike Conley,26.90256,7.0847,MEM
26620,Marc Gasol,15.61948,15.60607,MEM
26630,Ball,33.10841,2.9344900000000003,Ball
26630,Jared Dudley,34.42943,21.49881,WAS
26630,Ramon Sessions,31.8421,4.60175,WAS
26630,Marcin Gortat,16.80807,11.56652,WAS
26630,John Wall,33.94003,5.7847,WAS
26630,Kelly Oubre,31.66836,38.21237,WAS
26630,Vince Carter,21.42298,33.05826,MEM
26630,Zach Randolph,28.72999,22.43821,MEM
26630,Tony Allen,26.23631,9.27878,MEM
26630,Mike Conley,28.90269,8.25851,MEM
26630,Marc Gasol,15.51004,14.77807,MEM
26650,Ball,25.16695,3.16227,Ball
26650,Jared Dudley,33.1113,17.89291,WAS
26650,Ramon Sessions,25.98849,5.49406,WAS
26650,Marcin Gortat,17.30413,8.97197,WAS
26650,John Wall,36.52616,15.17584,WAS
26650,Kelly Oubre,33.02331,33.61989,WAS
26650,Vince Carter,21.95646,31.96897,MEM
26650,Zach Randolph,27.58495,20.62469,MEM
26650,Tony Allen,24.03897,7.98399,MEM
26650,Mike Conley,29.1516,14.869720000000001,MEM
26650,Marc Gasol,14.44543,11.80167,MEM
26660,Ball,20.12876,2.55821,Ball
26660,Jared Dudley,32.29347,15.70257,WAS
26660,Ramon Sessions,21.20311,4.7819400000000005,WAS
26660,Marcin Gortat,17.745260000000002,9.65601,WAS
26660,John Wall,35.21097,20.73305,WAS
26660,Kelly Oubre,33.31998,31.46278,WAS
26660,Vince Carter,21.20072,29.80219,MEM
26660,Zach Randolph,26.21515,19.86237,MEM
26660,Tony Allen,21.33381,8.39166,MEM
26660,Mike Conley,27.938,18.84851,MEM
26660,Marc Gasol,13.36454,10.62016,MEM
26670,Ball,13.00174,3.9879100000000003,Ball
26670,Jared Dudley,30.92528,13.46202,WAS
26670,Ramon Sessions,15.26369,4.93929,WAS
26670,Marcin Gortat,17.90081,10.97319,WAS
26670,John Wall,32.33797,26.08839,WAS
26670,Kelly Oubre,33.48119,29.81116,WAS
26670,Vince Carter,18.98403,27.0974,MEM
26670,Zach Randolph,24.15645,19.27781,MEM
26670,Tony Allen,17.27124,7.8118,MEM
26670,Mike Conley,26.2178,22.24219,MEM
26670,Marc Gasol,11.40304,11.4038,MEM
26670,Ball,11.9669,4.28131,Ball
26670,Jared Dudley,30.74673,13.23123,WAS
26670,Ramon Sessions,14.68585,5.07224,WAS
26670,Marcin Gortat,17.83846,11.21613,WAS
26670,John Wall,31.97773,26.60361,WAS
26670,Kelly Oubre,33.50835,29.66425,WAS
26670,Vince Carter,18.69798,26.83902,MEM
26670,Zach Randolph,23.91353,19.24637,MEM
26670,Tony Allen,16.862,7.78834,MEM
26670,Mike Conley,25.93588,22.51447,MEM
26670,Marc Gasol,11.13472,11.56018,MEM
26680,Ball,7.5545,7.29108,Ball
26680,Jared Dudley,28.96798,11.16419,WAS
26680,Ramon Sessions,9.52538,6.8676200000000005,WAS
26680,Marcin Gortat,16.37818,14.20774,WAS
26680,John Wall,28.78349,31.32725,WAS
26680,Kelly Oubre,33.80734,28.62934,WAS
26680,Vince Carter,15.46916,24.56094,MEM
26680,Zach Randolph,21.30099,18.91045,MEM
26680,Tony Allen,12.64799,8.17371,MEM
26680,Mike Conley,23.07768,24.59393,MEM
26680,Marc Gasol,8.82295,13.38683,MEM
26700,Ball,0.71618,16.42678,Ball
26700,Jared Dudley,25.3008,7.98343,WAS
26700,Ramon Sessions,2.88612,16.36842,WAS
26700,Marcin Gortat,12.00605,20.30009,WAS
26700,John Wall,20.77616,41.20251,WAS
26700,Kelly Oubre,34.16329,28.88942,WAS
26700,Vince Carter,10.13447,20.8736,MEM
26700,Zach Randolph,16.3034,17.44325,MEM
26700,Tony Allen,4.45359,14.81707,MEM
26700,Mike Conley,15.1638,28.26893,MEM
26700,Marc Gasol,4.03906,18.14753,MEM
26710,Ball,0.15099,25.21243,Ball
26710,Jared Dudley,24.15923,7.16098,WAS
26710,Ramon Sessions,3.19944,22.36722,WAS
26710,Marcin Gortat,10.06476,20.92789,WAS
26710,John Wall,16.09909,44.99397,WAS
26710,Kelly Oubre,33.57787,29.51958,WAS
26710,Vince Carter,9.69295,22.50721,MEM
26710,Zach Randolph,15.32799,16.83728,MEM
26710,Tony Allen,1.9136600000000001,19.82154,MEM
26710,Mike Conley,12.70038,30.63555,MEM
26710,Marc Gasol,3.22602,22.42396,MEM
26720,Ball,4.7347,32.22563,Ball
26720,Jared Dudley,22.85604,6.22495,WAS
26720,Ramon Sessions,3.81896,26.98125,WAS
26720,Marcin Gortat,8.59825,19.92868,WAS
26720,John Wall,11.77405,47.37751,WAS
26720,Kelly Oubre,32.84198,30.50771,WAS
26720,Vince Carter,10.72694,25.1932,MEM
26720,Zach Randolph,14.80987,16.84009,MEM
26720,Tony Allen,1.12441,25.01076,MEM
26720,Mike Conley,12.67213,33.17199,MEM
26720,Marc Gasol,3.5638,27.324370000000002,MEM
26720,Ball,5.78063,32.74954,Ball
26720,Jared Dudley,22.71025,6.10095,WAS
26720,Ramon Sessions,3.9398,27.41645,WAS
26720,Marcin Gortat,8.47451,19.78981,WAS
26720,John Wall,11.42859,47.54507,WAS
26720,Kelly Oubre,32.79002,30.61943,WAS
26720,Vince Carter,10.98141,25.50203,MEM
26720,Zach Randolph,14.77573,16.854,MEM
26720,Tony Allen,1.11011,25.53437,MEM
26720,Mike Conley,12.73985,33.37173,MEM
26720,Marc Gasol,3.67356,27.72673,MEM
