2830,Ball,73.73299,16.53516,Ball
2830,Rajon Rondo,81.53872,25.77182,SAC
2830,Rudy Gay,43.3693,31.30308,SAC
2830,Kosta Koufos,72.61261,25.72036,SAC
2830,Ben McLemore,77.0851,20.75396,SAC
2830,Willie Cauley-Stein,44.66658,17.75041,SAC
2830,Zach Randolph,12.08508,36.78961,MEM
2830,Tony Allen,37.45925,27.08943,MEM
2830,Courtney Lee,74.03365,17.84677,MEM
2830,Mike Conley,50.9466,7.3994,MEM
2830,Marc Gasol,10.53919,23.29531,MEM
2840,Ball,75.51706,14.7839,Ball
2840,Rajon Rondo,84.11177,26.26286,SAC
2840,Rudy Gay,48.7987,29.65394,SAC
2840,Kosta Koufos,76.10148,25.84947,SAC
2840,Ben McLemore,77.83578,17.31517,SAC
2840,Willie Cauley-Stein,50.93892,17.08728,SAC
2840,Zach Randolph,12.49606,36.05739,MEM
2840,Tony Allen,41.9221,28.6175,MEM
2840,Courtney Lee,75.04379,14.38627,MEM
2840,Mike Conley,56.9547,6.86003,MEM
2840,Marc Gasol,12.91047,22.3654,MEM
2850,Ball,70.40479,9.58916,Ball
2850,Rajon Rondo,85.29715,26.95855,SAC
2850,Rudy Gay,53.65998,28.98087,SAC
2850,Kosta Koufos,78.2328,24.95656,SAC
2850,Ben McLemore,77.02785,13.48837,SAC
2850,Willie Cauley-Stein,57.22835,15.00707,SAC
2850,Zach Randolph,13.60049,35.7756,MEM
2850,Tony Allen,46.51941,30.54631,MEM
2850,Courtney Lee,75.35008,10.73981,MEM
2850,Mike Conley,62.35772,6.0287,MEM
2850,Marc Gasol,15.85315,21.53068,MEM
2860,Ball,67.59215,6.06918,Ball
2860,Rajon Rondo,85.83273,27.38586,SAC
2860,Rudy Gay,57.66258,28.4903,SAC
2860,Kosta Koufos,79.46102,24.67268,SAC
2860,Ben McLemore,75.67252,11.56357,SAC
2860,Willie Cauley-Stein,63.13094,12.6399,SAC
2860,Zach Randolph,15.62843,36.31131,MEM
2860,Tony Allen,51.10868,32.66189,MEM
2860,Courtney Lee,76.43775,7.05785,MEM
2860,Mike Conley,66.65542,5.8549,MEM
2860,Marc Gasol,19.49246,21.12592,MEM
2870,Ball,70.45268,4.99741,Ball
2870,Rajon Rondo,86.13725,27.462,SAC
2870,Rudy Gay,61.00397,28.03689,SAC
2870,Kosta Koufos,80.61563,24.17074,SAC
2870,Ben McLemore,75.85862,10.04655,SAC
2870,Willie Cauley-Stein,68.27004,12.14397,SAC
2870,Zach Randolph,18.04185,36.02394,MEM
2870,Tony Allen,55.62692,33.93234,MEM
2870,Courtney Lee,78.6818,3.84971,MEM
2870,Mike Conley,69.69182,5.55682,MEM
2870,Marc Gasol,23.68282,21.05733,MEM
2880,Ball,71.98886,5.13443,Ball
2880,Rajon Rondo,86.41276,27.28217,SAC
2880,Rudy Gay,63.52429,28.18232,SAC
2880,Kosta Koufos,80.94526,24.90725,SAC
2880,Ben McLemore,78.01362,7.8855900000000005,SAC
2880,Willie Cauley-Stein,72.2712,11.91414,SAC
2880,Zach Randolph,21.04966,35.35029,MEM
2880,Tony Allen,59.7583,35.7281,MEM
2880,Courtney Lee,81.82367,2.24527,MEM
2880,Mike Conley,70.91731,5.37497,MEM
2880,Marc Gasol,28.11633,20.37235,MEM
2890,Ball,70.99633,7.00405,Ball
2890,Rajon Rondo,86.43487,27.28502,SAC
2890,Rudy Gay,66.20484,29.24723,SAC
2890,Kosta Koufos,81.33498,25.86074,SAC
2890,Ben McLemore,80.5586,7.05883,SAC
2890,Willie Cauley-Stein,74.89496,11.42762,SAC
2890,Zach Randolph,24.64392,35.6221,MEM
2890,Tony Allen,63.88339,37.05088,MEM
2890,Courtney Lee,84.58989,2.53841,MEM
2890,Mike Conley,70.69357,5.46412,MEM
2890,Marc Gasol,33.00181,20.49294,MEM
2900,Ball,71.29603,6.79621,Ball
2900,Rajon Rondo,85.83378,27.965040000000002,SAC
2900,Rudy Gay,68.97438,30.86797,SAC
2900,Kosta Koufos,81.91633,26.28942,SAC
2900,Ben McLemore,82.5224,7.01373,SAC
2900,Willie Cauley-Stein,75.78163,11.93366,SAC
2900,Zach Randolph,28.71044,35.29756,MEM
2900,Tony Allen,67.71386,38.11985,MEM
2900,Courtney Lee,86.71255,2.72988,MEM
2900,Mike Conley,70.67594,5.74103,MEM
2900,Marc Gasol,38.0564,20.29171,MEM
2910,Ball,71.50472,6.92283,Ball
2910,Rajon Rondo,84.80556,28.96292,SAC
2910,Rudy Gay,71.64334,31.99009,SAC
2910,Kosta Koufos,81.59483,26.42863,SAC
2910,Ben McLemore,83.99283,8.00693,SAC
2910,Willie Cauley-Stein,75.19689,11.20057,SAC
2910,Zach Randolph,32.68365,34.21214,MEM
2910,Tony Allen,71.06265,38.89607,MEM
2910,Courtney Lee,87.73414,2.4933300000000003,MEM
2910,Mike Conley,70.80583,6.16948,MEM
2910,Marc Gasol,43.21995,20.02085,MEM
2920,Ball,76.18056,11.92441,Ball
2920,Rajon Rondo,83.7236,30.09253,SAC
2920,Rudy Gay,74.47211,30.78945,SAC
2920,Kosta Koufos,80.80343,25.27613,SAC
2920,Ben McLemore,85.05111,8.96949,SAC
2920,Willie Cauley-Stein,74.0253,9.1744,SAC
2920,Zach Randolph,36.35945,33.68381,MEM
2920,Tony Allen,73.93195,39.77479,MEM
2920,Courtney Lee,87.90904,2.60481,MEM
2920,Mike Conley,71.09213,5.99372,MEM
2920,Marc Gasol,47.88928,19.60659,MEM
2930,Ball,80.67394,17.0978,Ball
2930,Rajon Rondo,83.71526,30.54865,SAC
2930,Rudy Gay,77.10293,30.17163,SAC
2930,Kosta Koufos,80.19566,24.29332,SAC
2930,Ben McLemore,85.77435,9.38758,SAC
2930,Willie Cauley-Stein,72.98437,6.88994,SAC
2930,Zach Randolph,39.2319,33.06518,MEM
2930,Tony Allen,76.24062,40.12687,MEM
2930,Courtney Lee,87.301,2.67462,MEM
2930,Mike Conley,69.81741,6.74608,MEM
2930,Marc Gasol,51.2749,19.47624,MEM
2940,Ball,85.41128,21.71468,Ball
2940,Rajon Rondo,84.89346,29.61931,SAC
2940,Rudy Gay,79.64391,29.33604,SAC
2940,Kosta Koufos,80.86282,23.655920000000002,SAC
2940,Ben McLemore,86.10462,11.09961,SAC
2940,Willie Cauley-Stein,71.92299,4.94409,SAC
2940,Zach Randolph,40.98795,32.75572,MEM
2940,Tony Allen,77.40055,39.17903,MEM
2940,Courtney Lee,86.00672,2.00265,MEM
2940,Mike Conley,67.14578,6.9816400000000005,MEM
2940,Marc Gasol,52.85456,19.0914,MEM
2950,Ball,88.68979,24.74627,Ball
2950,Rajon Rondo,85.96457,28.721330000000002,SAC
2950,Rudy Gay,81.32646,28.46628,SAC
2950,Kosta Koufos,82.6013,23.42287,SAC
2950,Ben McLemore,86.03252,13.15074,SAC
2950,Willie Cauley-Stein,70.50214,3.9901,SAC
2950,Zach Randolph,41.34437,32.34334,MEM
2950,Tony Allen,78.47905,38.15839,MEM
2950,Courtney Lee,83.93964,2.39086,MEM
2950,Mike Conley,63.75197,7.16257,MEM
2950,Marc Gasol,52.45551,19.00458,MEM
2960,Ball,88.36537,21.65468,Ball
2960,Rajon Rondo,86.49766,28.14823,SAC
2960,Rudy Gay,81.96952,28.54549,SAC
2960,Kosta Koufos,84.88332,22.57467,SAC
2960,Ben McLemore,85.5009,14.31789,SAC
2960,Willie Cauley-Stein,69.23868,3.13571,SAC
2960,Zach Randolph,40.47788,32.23121,MEM
2960,Tony Allen,78.61722,38.19442,MEM
2960,Courtney Lee,81.15772,3.6006299999999998,MEM
2960,Mike Conley,60.0001,6.59717,MEM
2960,Marc Gasol,50.64981,19.01097,MEM
2970,Ball,87.84345,18.96296,Ball
2970,Rajon Rondo,87.03679,28.20629,SAC
2970,Rudy Gay,81.63335000000001,29.25062,SAC
2970,Kosta Koufos,87.24056,21.17981,SAC
2970,Ben McLemore,84.93746,15.32122,SAC
2970,Willie Cauley-Stein,67.74578,1.8886100000000001,SAC
2970,Zach Randolph,38.98499,32.3082,MEM
2970,Tony Allen,78.01431,37.23157,MEM
2970,Courtney Lee,77.80459,4.97461,MEM
2970,Mike Conley,55.87818,6.91064,MEM
2970,Marc Gasol,47.99084,18.752,MEM
2980,Ball,89.79575,18.24172,Ball
2980,Rajon Rondo,87.45556,28.32863,SAC
2980,Rudy Gay,80.60082,29.66997,SAC
2980,Kosta Koufos,89.96427,20.14761,SAC
2980,Ben McLemore,83.91887,15.34512,SAC
2980,Willie Cauley-Stein,65.68525,1.887,SAC
2980,Zach Randolph,37.32326,32.05542,MEM
2980,Tony Allen,76.67404,35.95968,MEM
2980,Courtney Lee,74.08501,5.96526,MEM
2980,Mike Conley,51.50994,7.43273,MEM
2980,Marc Gasol,45.03949,18.335,MEM
2990,Ball,93.48787,17.35164,Ball
2990,Rajon Rondo,86.52816,29.23227,SAC
2990,Rudy Gay,78.94651,30.6249,SAC
2990,Kosta Koufos,93.08563,19.75869,SAC
2990,Ben McLemore,82.34549,14.47722,SAC
2990,Willie Cauley-Stein,63.37772,2.11667,SAC
2990,Zach Randolph,35.43661,31.53369,MEM
2990,Tony Allen,74.13887,35.47053,MEM
2990,Courtney Lee,69.86456,7.82761,MEM
2990,Mike Conley,46.91788,7.69219,MEM
2990,Marc Gasol,42.23433,18.17196,MEM
3000,Ball,93.01638,18.63114,Ball
3000,Rajon Rondo,84.45952,30.05636,SAC
3000,Rudy Gay,76.54454,32.06659,SAC
3000,Kosta Koufos,94.81391,20.38299,SAC
3000,Ben McLemore,80.24675,12.73613,SAC
3000,Willie Cauley-Stein,60.94828,1.73941,SAC
3000,Zach Randolph,33.61772,31.34597,MEM
3000,Tony Allen,70.94827,34.98121,MEM
3000,Courtney Lee,65.41453,9.1791,MEM
3000,Mike Conley,42.48592,8.08735,MEM
3000,Marc Gasol,39.98377,17.84778,MEM
3010,Ball,84.32695,23.62854,Ball
3010,Rajon Rondo,81.35651,30.7004,SAC
3010,Rudy Gay,73.51189,33.34972,SAC
3010,Kosta Koufos,94.89704,21.13332,SAC
3010,Ben McLemore,77.46478,11.27557,SAC
3010,Willie Cauley-Stein,58.13096,1.8061500000000001,SAC
3010,Zach Randolph,31.88315,31.29486,MEM
3010,Tony Allen,67.67871,34.1985,MEM
3010,Courtney Lee,60.91864,10.42984,MEM
3010,Mike Conley,38.20735,8.98961,MEM
3010,Marc Gasol,38.00809,18.17691,MEM
3020,Ball,77.86201,27.19672,Ball
3020,Rajon Rondo,77.41504,31.39962,SAC
3020,Rudy Gay,69.76961,35.06288,SAC
3020,Kosta Koufos,93.70605,20.97432,SAC
3020,Ben McLemore,74.21324,9.56737,SAC
3020,Willie Cauley-Stein,54.87265,2.63929,SAC
3020,Zach Randolph,30.40429,30.41414,MEM
3020,Tony Allen,63.57912,34.58247,MEM
3020,Courtney Lee,56.46982,11.24705,MEM
3020,Mike Conley,34.45933,11.02898,MEM
3020,Marc Gasol,36.08205,18.61276,MEM
3030,Ball,72.03386,29.66996,Ball
3030,Rajon Rondo,72.4307,31.97387,SAC
3030,Rudy Gay,65.54196,37.5445,SAC
3030,Kosta Koufos,91.90427,20.43098,SAC
3030,Ben McLemore,70.40044,7.89057,SAC
3030,Willie Cauley-Stein,50.65553,3.10423,SAC
3030,Zach Randolph,28.89675,28.11503,MEM
3030,Tony Allen,59.08956,34.92393,MEM
3030,Courtney Lee,51.91101,12.04582,MEM
3030,Mike Conley,31.42392,13.25659,MEM
3030,Marc Gasol,34.36726,18.56449,MEM
3040,Ball,65.49764,32.80526,Ball
3040,Rajon Rondo,67.20241,32.32084,SAC
3040,Rudy Gay,61.37098,38.78267,SAC
3040,Kosta Koufos,88.81559,20.93112,SAC
3040,Ben McLemore,66.28514,7.05189,SAC
3040,Willie Cauley-Stein,45.38732,3.98864,SAC
3040,Zach Randolph,27.18449,25.31266,MEM
3040,Tony Allen,54.6115,36.02221,MEM
3040,Courtney Lee,47.38871,11.92582,MEM
3040,Mike Conley,29.16394,16.45298,MEM
3040,Marc Gasol,32.64763,19.57173,MEM
3050,Ball,61.17824,34.78149,Ball
3050,Rajon Rondo,61.62843,33.27794,SAC
3050,Rudy Gay,56.74311,40.39943,SAC
3050,Kosta Koufos,84.49456,21.23587,SAC
3050,Ben McLemore,61.9147,6.69029,SAC
3050,Willie Cauley-Stein,39.43358,4.76109,SAC
3050,Zach Randolph,25.49981,24.07136,MEM
3050,Tony Allen,50.05841,37.18471,MEM
3050,Courtney Lee,43.07357,11.4713,MEM
3050,Mike Conley,27.89971,20.4137,MEM
3050,Marc Gasol,31.15927,20.02651,MEM
3060,Ball,54.49016,35.1454,Ball
3060,Rajon Rondo,56.15914,34.1477,SAC
3060,Rudy Gay,52.02434,41.70198,SAC
3060,Kosta Koufos,79.4393,21.52121,SAC
3060,Ben McLemore,57.46279,6.541,SAC
3060,Willie Cauley-Stein,33.20278,5.4114700000000004,SAC
3060,Zach Randolph,24.05385,23.47528,MEM
3060,Tony Allen,45.48829,38.31917,MEM
3060,Courtney Lee,38.84667,11.0858,MEM
3060,Mike Conley,27.71843,24.57004,MEM
3060,Marc Gasol,29.60821,21.57896,MEM
3070,Ball,50.66583,35.80239,Ball
3070,Rajon Rondo,51.20743,34.94483,SAC
3070,Rudy Gay,47.28654,42.73119,SAC
3070,Kosta Koufos,73.7288,22.09739,SAC
3070,Ben McLemore,52.96641,6.38793,SAC
3070,Willie Cauley-Stein,27.16087,6.71436,SAC
3070,Zach Randolph,22.22628,23.21164,MEM
3070,Tony Allen,41.12911,39.04157,MEM
3070,Courtney Lee,35.1133,10.90081,MEM
3070,Mike Conley,28.11453,28.01813,MEM
3070,Marc Gasol,27.7382,22.25083,MEM
3080,Ball,45.93009,36.4967,Ball
3080,Rajon Rondo,47.17727,35.37376,SAC
3080,Rudy Gay,42.28183,43.70032,SAC
3080,Kosta Koufos,67.7643,22.60939,SAC
3080,Ben McLemore,48.69867,5.98207,SAC
3080,Willie Cauley-Stein,21.43715,8.37623,SAC
3080,Zach Randolph,19.50295,22.02255,MEM
3080,Tony Allen,36.8711,39.62204,MEM
3080,Courtney Lee,31.91386,12.29252,MEM
3080,Mike Conley,28.93735,30.18965,MEM
3080,Marc Gasol,25.77974,22.91462,MEM
3090,Ball,43.15875,37.18938,Ball
3090,Rajon Rondo,43.87409,35.81223,SAC
3090,Rudy Gay,37.07641,44.62286,SAC
3090,Kosta Koufos,61.59623,23.11282,SAC
3090,Ben McLemore,44.43815,5.831160000000001,SAC
3090,Willie Cauley-Stein,16.65796,10.39242,SAC
3090,Zach Randolph,16.40332,20.7263,MEM
3090,Tony Allen,33.22209,40.49611,MEM
3090,Courtney Lee,28.81459,13.39756,MEM
3090,Mike Conley,29.85913,31.90501,MEM
3090,Marc Gasol,24.10478,23.81669,MEM
3100,Ball,40.23954,36.92422,Ball
3100,Rajon Rondo,41.44334,35.56818,SAC
3100,Rudy Gay,31.99685,45.40442,SAC
3100,Kosta Koufos,55.51681,23.62416,SAC
3100,Ben McLemore,40.19599,5.66531,SAC
3100,Willie Cauley-Stein,12.58134,12.4507,SAC
3100,Zach Randolph,13.57945,20.01413,MEM
3100,Tony Allen,29.55219,41.56932,MEM
3100,Courtney Lee,25.73343,12.15611,MEM
3100,Mike Conley,30.50736,32.78123,MEM
3100,Marc Gasol,22.57867,24.3367,MEM
3110,Ball,39.39023,37.38937,Ball
3110,Rajon Rondo,39.32105,35.98264,SAC
3110,Rudy Gay,27.22523,46.04074,SAC
3110,Kosta Koufos,49.39586,24.10382,SAC
3110,Ben McLemore,35.65924,4.96345,SAC
3110,Willie Cauley-Stein,9.95678,14.07976,SAC
3110,Zach Randolph,11.08716,18.86337,MEM
3110,Tony Allen,25.57099,41.28062,MEM
3110,Courtney Lee,23.36597,11.22798,MEM
3110,Mike Conley,30.53242,33.47803,MEM
3110,Marc Gasol,21.46635,24.65375,MEM
3120,Ball,36.56742,36.46972,Ball
3120,Rajon Rondo,37.61022,35.89259,SAC
3120,Rudy Gay,22.76371,46.60454,SAC
3120,Kosta Koufos,43.51413,23.89592,SAC
3120,Ben McLemore,31.33446,5.04132,SAC
3120,Willie Cauley-Stein,8.25539,15.46744,SAC
3120,Zach Randolph,8.97439,18.36628,MEM
3120,Tony Allen,21.68648,40.39831,MEM
3120,Courtney Lee,21.46496,12.18399,MEM
3120,Mike Conley,30.17193,33.60388,MEM
3120,Marc Gasol,20.79402,24.81153,MEM
3130,Ball,37.51372,34.01091,Ball
3130,Rajon Rondo,36.43695,35.09475,SAC
3130,Rudy Gay,18.686,46.57309,SAC
3130,Kosta Koufos,37.7563,23.43623,SAC
3130,Ben McLemore,27.09886,3.97727,SAC
3130,Willie Cauley-Stein,6.74937,16.64575,SAC
3130,Zach Randolph,7.82898,19.02221,MEM
3130,Tony Allen,18.42417,40.62326,MEM
3130,Courtney Lee,19.78499,12.36038,MEM
3130,Mike Conley,29.57135,33.06555,MEM
3130,Marc Gasol,19.68383,24.15864,MEM
3140,Ball,35.07288,33.03804,Ball
3140,Rajon Rondo,35.27097,34.37939,SAC
3140,Rudy Gay,15.39624,46.86465,SAC
3140,Kosta Koufos,32.44888,22.31387,SAC
3140,Ben McLemore,23.5667,5.12405,SAC
3140,Willie Cauley-Stein,5.43712,17.54182,SAC
3140,Zach Randolph,6.94148,18.74247,MEM
3140,Tony Allen,15.49313,40.35366,MEM
3140,Courtney Lee,18.10675,12.39279,MEM
3140,Mike Conley,29.02806,32.56213,MEM
3140,Marc Gasol,18.86657,23.48107,MEM
3150,Ball,35.59546,32.26687,Ball
3150,Rajon Rondo,34.33496,33.56014,SAC
3150,Rudy Gay,12.61706,46.37507,SAC
3150,Kosta Koufos,27.45462,20.87938,SAC
3150,Ben McLemore,21.17395,6.55551,SAC
3150,Willie Cauley-Stein,4.42405,19.78432,SAC
3150,Zach Randolph,6.88478,19.18421,MEM
3150,Tony Allen,13.68905,39.7169,MEM
3150,Courtney Lee,17.27678,12.25912,MEM
3150,Mike Conley,28.7441,31.60553,MEM
3150,Marc Gasol,18.2113,22.29776,MEM
3160,Ball,34.76165,31.29139,Ball
3160,Rajon Rondo,33.91003,32.38071,SAC
3160,Rudy Gay,10.46032,46.67877,SAC
3160,Kosta Koufos,23.61339,19.04329,SAC
3160,Ben McLemore,21.69778,9.15827,SAC
3160,Willie Cauley-Stein,4.28939,23.27029,SAC
3160,Zach Randolph,7.03534,20.63994,MEM
3160,Tony Allen,12.64184,39.08404,MEM
3160,Courtney Lee,18.83034,12.11161,MEM
3160,Mike Conley,28.1441,31.0898,MEM
3160,Marc Gasol,17.33249,20.90296,MEM
3170,Ball,34.92269,30.57807,Ball
3170,Rajon Rondo,33.58164,31.53565,SAC
3170,Rudy Gay,8.9773,47.49495,SAC
3170,Kosta Koufos,21.7183,18.06886,SAC
3170,Ben McLemore,23.58803,13.09698,SAC
3170,Willie Cauley-Stein,4.09169,25.76303,SAC
3170,Zach Randolph,7.09563,22.14684,MEM
3170,Tony Allen,11.46625,38.97541,MEM
3170,Courtney Lee,21.69525,13.30424,MEM
3170,Mike Conley,27.68607,30.02087,MEM
3170,Marc Gasol,16.87322,20.24337,MEM
3180,Ball,34.17268,29.7992,Ball
3180,Rajon Rondo,33.30367,30.85439,SAC
3180,Rudy Gay,7.89332,48.1149,SAC
3180,Kosta Koufos,21.78765,16.29464,SAC
3180,Ben McLemore,24.94309,17.50631,SAC
3180,Willie Cauley-Stein,4.21465,27.74541,SAC
3180,Zach Randolph,7.11056,24.77853,MEM
3180,Tony Allen,10.67338,38.7416,MEM
3180,Courtney Lee,23.07796,15.1804,MEM
3180,Mike Conley,27.23279,29.59511,MEM
3180,Marc Gasol,16.21875,19.02609,MEM
3190,Ball,33.42266,29.26424,Ball
3190,Rajon Rondo,33.14489,30.66056,SAC
3190,Rudy Gay,6.7334700000000005,47.98476,SAC
3190,Kosta Koufos,21.30913,16.23903,SAC
3190,Ben McLemore,24.9162,21.80663,SAC
3190,Willie Cauley-Stein,4.42809,30.10984,SAC
3190,Zach Randolph,6.9999,26.43581,MEM
3190,Tony Allen,10.37666,38.23875,MEM
3190,Courtney Lee,23.29517,18.74569,MEM
3190,Mike Conley,26.60989,29.31609,MEM
3190,Marc Gasol,15.69119,17.85085,MEM
3200,Ball,34.08452,29.0725,Ball
3200,Rajon Rondo,32.92775,30.67112,SAC
3200,Rudy Gay,6.27777,47.95406,SAC
3200,Kosta Koufos,19.98265,16.73448,SAC
3200,Ben McLemore,22.70143,25.14279,SAC
3200,Willie Cauley-Stein,4.78366,32.39124,SAC
3200,Zach Randolph,6.62087,27.83231,MEM
3200,Tony Allen,10.24681,38.02171,MEM
3200,Courtney Lee,22.12618,21.8965,MEM
3200,Mike Conley,26.33454,29.13803,MEM
3200,Marc Gasol,16.03384,17.27121,MEM
3210,Ball,32.95216,28.82967,Ball
3210,Rajon Rondo,32.68836,30.47808,SAC
3210,Rudy Gay,6.42907,48.17828,SAC
3210,Kosta Koufos,19.50784,16.32655,SAC
3210,Ben McLemore,19.25945,26.80534,SAC
3210,Willie Cauley-Stein,5.04899,34.26729,SAC
3210,Zach Randolph,6.35865,29.50879,MEM
3210,Tony Allen,10.22675,37.81207,MEM
3210,Courtney Lee,19.6783,24.27742,MEM
3210,Mike Conley,26.47933,28.92124,MEM
3210,Marc Gasol,16.27336,17.39408,MEM
3220,Ball,33.25455,28.29466,Ball
3220,Rajon Rondo,32.23845,29.84204,SAC
3220,Rudy Gay,6.68759,48.27107,SAC
3220,Kosta Koufos,19.39195,16.67871,SAC
3220,Ben McLemore,14.56753,25.78016,SAC
3220,Willie Cauley-Stein,5.23164,35.9853,SAC
3220,Zach Randolph,6.36269,31.08087,MEM
3220,Tony Allen,10.321110000000001,37.51834,MEM
3220,Courtney Lee,16.67869,24.75283,MEM
3220,Mike Conley,26.59499,28.7729,MEM
3220,Marc Gasol,16.61607,17.84711,MEM
3230,Ball,31.6066,27.94556,Ball
3230,Rajon Rondo,31.63979,29.12324,SAC
3230,Rudy Gay,6.97242,48.1624,SAC
3230,Kosta Koufos,20.30581,17.16815,SAC
3230,Ben McLemore,11.35318,23.18153,SAC
3230,Willie Cauley-Stein,4.63665,36.73531,SAC
3230,Zach Randolph,5.98841,32.07673,MEM
3230,Tony Allen,10.47583,38.00586,MEM
3230,Courtney Lee,13.95718,23.50317,MEM
3230,Mike Conley,26.03861,28.31092,MEM
3230,Marc Gasol,17.21613,17.98766,MEM
3240,Ball,31.95152,27.24277,Ball
3240,Rajon Rondo,31.2637,27.34607,SAC
3240,Rudy Gay,7.23333,48.37093,SAC
3240,Kosta Koufos,21.62225,18.48853,SAC
3240,Ben McLemore,9.98597,18.70656,SAC
3240,Willie Cauley-Stein,3.79089,37.3977,SAC
3240,Zach Randolph,5.75382,32.52061,MEM
3240,Tony Allen,10.91761,38.71987,MEM
3240,Courtney Lee,11.92494,20.80773,MEM
3240,Mike Conley,25.64899,28.06528,MEM
3240,Marc Gasol,18.63381,18.19246,MEM
3250,Ball,29.77796,24.1377,Ball
3250,Rajon Rondo,29.77222,25.83064,SAC
3250,Rudy Gay,7.085,48.11433,SAC
3250,Kosta Koufos,22.99103,20.8367,SAC
3250,Ben McLemore,9.72208,14.90862,SAC
3250,Willie Cauley-Stein,3.2324,38.04463,SAC
3250,Zach Randolph,5.73069,32.63821,MEM
3250,Tony Allen,11.52673,38.76255,MEM
3250,Courtney Lee,10.9956,17.67858,MEM
3250,Mike Conley,25.05887,26.10732,MEM
3250,Marc Gasol,20.01963,17.70957,MEM
3260,Ball,29.59452,21.29103,Ball
3260,Rajon Rondo,28.0805,23.06894,SAC
3260,Rudy Gay,7.06653,48.03621,SAC
3260,Kosta Koufos,22.92303,23.91275,SAC
3260,Ben McLemore,9.17751,10.77571,SAC
3260,Willie Cauley-Stein,2.99747,38.18128,SAC
3260,Zach Randolph,5.86692,32.26894,MEM
3260,Tony Allen,12.01586,39.10063,MEM
3260,Courtney Lee,10.83185,15.33122,MEM
3260,Mike Conley,23.35783,24.14883,MEM
3260,Marc Gasol,20.54797,17.82282,MEM
3270,Ball,25.94787,18.08759,Ball
3270,Rajon Rondo,26.55435,19.69133,SAC
3270,Rudy Gay,7.5840700000000005,47.81038,SAC
3270,Kosta Koufos,21.10507,25.12931,SAC
3270,Ben McLemore,8.1475,7.3796100000000004,SAC
3270,Willie Cauley-Stein,2.6600200000000003,36.98316,SAC
3270,Zach Randolph,6.15085,31.21932,MEM
3270,Tony Allen,12.23713,39.11061,MEM
3270,Courtney Lee,10.36787,14.05465,MEM
3270,Mike Conley,19.94566,22.96716,MEM
3270,Marc Gasol,19.6649,18.48323,MEM
3280,Ball,23.84973,16.61983,Ball
3280,Rajon Rondo,24.81627,18.34107,SAC
3280,Rudy Gay,8.85944,47.78216,SAC
3280,Kosta Koufos,19.02256,24.48579,SAC
3280,Ben McLemore,7.26459,4.43943,SAC
3280,Willie Cauley-Stein,2.30078,35.23808,SAC
3280,Zach Randolph,6.16395,29.98445,MEM
3280,Tony Allen,12.58874,38.23077,MEM
3280,Courtney Lee,9.62831,12.60199,MEM
3280,Mike Conley,15.94539,22.49686,MEM
3280,Marc Gasol,17.37859,18.74561,MEM
3290,Ball,22.00038,18.23278,Ball
3290,Rajon Rondo,23.31397,18.61051,SAC
3290,Rudy Gay,9.850200000000001,47.53784,SAC
3290,Kosta Koufos,16.64427,24.18147,SAC
3290,Ben McLemore,7.18752,1.71434,SAC
3290,Willie Cauley-Stein,2.54099,34.06147,SAC
3290,Zach Randolph,6.07232,28.71332,MEM
3290,Tony Allen,13.2592,37.54005,MEM
3290,Courtney Lee,8.80579,11.36093,MEM
3290,Mike Conley,11.8173,21.62291,MEM
3290,Marc Gasol,14.95172,19.19425,MEM
