18610,Ball,33.55948,16.35101,Ball
18610,George Hill,31.91005,15.48427,IND
18610,Rodney Stuckey,74.11124,12.53776,IND
18610,Chase Budinger,57.84668,24.20586,IND
18610,Glenn Robinson,77.49659,47.60399,IND
18610,Myles Turner,22.86717,28.37627,IND
18610,David Lee,69.21035,29.01935,BOS
18610,Evan Turner,75.28954,13.80585,BOS
18610,Jonas Jerebko,81.44119,39.51766,BOS
18610,Kelly Olynyk,64.70063,25.05828,BOS
18610,Terry Rozier,52.38846,20.45555,BOS
18620,Ball,37.43939,15.36034,Ball
18620,George Hill,36.98909,14.05541,IND
18620,Rodney Stuckey,75.9618,12.08935,IND
18620,Chase Budinger,62.27233,21.85139,IND
18620,Glenn Robinson,79.96126,47.77916,IND
18620,Myles Turner,28.59935,28.26244,IND
18620,David Lee,68.11276,28.48265,BOS
18620,Evan Turner,76.38457,13.60695,BOS
18620,Jonas Jerebko,83.26043,39.02957,BOS
18620,Kelly Olynyk,67.52538,24.05927,BOS
18620,Terry Rozier,53.4907,20.12971,BOS
18630,Ball,43.16783,13.04011,Ball
18630,George Hill,41.94364,12.29164,IND
18630,Rodney Stuckey,77.75234,11.98874,IND
18630,Chase Budinger,66.51802,19.89909,IND
18630,Glenn Robinson,81.91452,47.6584,IND
18630,Myles Turner,34.57051,28.16227,IND
18630,David Lee,67.54578,27.80243,BOS
18630,Evan Turner,77.83395,13.46166,BOS
18630,Jonas Jerebko,84.66808,38.14782,BOS
18630,Kelly Olynyk,70.09466,22.97928,BOS
18630,Terry Rozier,55.1224,18.96186,BOS
18640,Ball,45.79339,11.55163,Ball
18640,George Hill,46.86579,10.36269,IND
18640,Rodney Stuckey,79.15891,11.92759,IND
18640,Chase Budinger,70.44669,18.01747,IND
18640,Glenn Robinson,83.52854,47.75855,IND
18640,Myles Turner,40.76992,27.94974,IND
18640,David Lee,67.13514,27.41944,BOS
18640,Evan Turner,79.21387,13.47747,BOS
18640,Jonas Jerebko,85.70271,37.08577,BOS
18640,Kelly Olynyk,72.58228,22.11609,BOS
18640,Terry Rozier,57.3726,17.04705,BOS
18650,Ball,51.85257,7.45592,Ball
18650,George Hill,51.55583,8.67675,IND
18650,Rodney Stuckey,80.07834,12.06436,IND
18650,Chase Budinger,74.18873,16.78695,IND
18650,Glenn Robinson,84.49545,48.27058,IND
18650,Myles Turner,47.05183,27.14281,IND
18650,David Lee,67.27068,26.44547,BOS
18650,Evan Turner,80.4811,13.33134,BOS
18650,Jonas Jerebko,86.2764,36.54178,BOS
18650,Kelly Olynyk,74.78473,21.14078,BOS
18650,Terry Rozier,59.82598,14.43126,BOS
18660,Ball,55.58776,5.97557,Ball
18660,George Hill,55.53236,7.29707,IND
18660,Rodney Stuckey,80.72687,12.03658,IND
18660,Chase Budinger,76.68227,15.02983,IND
18660,Glenn Robinson,85.14132,48.73488,IND
18660,Myles Turner,53.24283,26.42973,IND
18660,David Lee,67.31109,25.74149,BOS
18660,Evan Turner,81.24267,13.35371,BOS
18660,Jonas Jerebko,86.14648,35.89879,BOS
18660,Kelly Olynyk,77.29211,20.33482,BOS
18660,Terry Rozier,61.89167,11.81355,BOS
18670,Ball,58.19231,5.22367,Ball
18670,George Hill,58.62315,6.45685,IND
18670,Rodney Stuckey,80.24679,11.05329,IND
18670,Chase Budinger,78.81602,14.09008,IND
18670,Glenn Robinson,85.99865,48.72155,IND
18670,Myles Turner,59.09002,26.55334,IND
18670,David Lee,67.84888,24.73546,BOS
18670,Evan Turner,81.22197,14.58119,BOS
18670,Jonas Jerebko,85.66634,35.69532,BOS
18670,Kelly Olynyk,79.24026,19.65155,BOS
18670,Terry Rozier,63.43535,10.06665,BOS
18680,Ball,59.96962,7.40791,Ball
18680,George Hill,60.50494,6.00657,IND
18680,Rodney Stuckey,77.00812,10.23402,IND
18680,Chase Budinger,79.77385,14.58865,IND
18680,Glenn Robinson,86.95825,48.34937,IND
18680,Myles Turner,64.42151,27.27965,IND
18680,David Lee,69.04464,24.63805,BOS
18680,Evan Turner,79.50267,16.09784,BOS
18680,Jonas Jerebko,85.25239,35.91865,BOS
18680,Kelly Olynyk,80.29729,18.54896,BOS
18680,Terry Rozier,63.84727,9.4136,BOS
18690,Ball,59.51163,5.92371,Ball
18690,George Hill,60.92661,5.64648,IND
18690,Rodney Stuckey,72.51269,11.1964,IND
18690,Chase Budinger,81.17249,15.69867,IND
18690,Glenn Robinson,87.22545,48.21137,IND
18690,Myles Turner,68.70721,28.06641,IND
18690,David Lee,70.81029,25.74065,BOS
18690,Evan Turner,76.11536,16.67547,BOS
18690,Jonas Jerebko,85.06924,35.58028,BOS
18690,Kelly Olynyk,81.1513,17.8152,BOS
18690,Terry Rozier,64.10302,9.28798,BOS
18700,Ball,60.15698,6.35634,Ball
18700,George Hill,59.80997,6.21712,IND
18700,Rodney Stuckey,67.22452,12.80925,IND
18700,Chase Budinger,83.94319,16.46408,IND
18700,Glenn Robinson,87.44897,48.07178,IND
18700,Myles Turner,70.84822,28.80584,IND
18700,David Lee,72.93568,26.09006,BOS
18700,Evan Turner,71.36783,17.22356,BOS
18700,Jonas Jerebko,84.95136,35.68969,BOS
18700,Kelly Olynyk,82.43118,17.79416,BOS
18700,Terry Rozier,63.71097,9.65751,BOS
18710,Ball,57.05108,9.28567,Ball
18710,George Hill,59.18404,6.81074,IND
18710,Rodney Stuckey,61.76347,14.38818,IND
18710,Chase Budinger,86.50233,16.94188,IND
18710,Glenn Robinson,87.6489,48.03588,IND
18710,Myles Turner,70.1808,29.49607,IND
18710,David Lee,73.82975,26.01997,BOS
18710,Evan Turner,66.09151,18.07187,BOS
18710,Jonas Jerebko,84.74144,36.37638,BOS
18710,Kelly Olynyk,83.93309,18.37156,BOS
18710,Terry Rozier,63.06387,10.21841,BOS
18720,Ball,56.41775,15.59994,Ball
18720,George Hill,59.88681,6.88779,IND
18720,Rodney Stuckey,57.60376,16.32861,IND
18720,Chase Budinger,88.53446,17.2973,IND
18720,Glenn Robinson,87.07213,48.06562,IND
18720,Myles Turner,68.43317,29.23804,IND
18720,David Lee,73.03112,25.63122,BOS
18720,Evan Turner,61.73614,18.93073,BOS
18720,Jonas Jerebko,84.54428,36.28518,BOS
18720,Kelly Olynyk,85.16648,19.30561,BOS
18720,Terry Rozier,64.00826,10.36793,BOS
18730,Ball,55.68721,17.14076,Ball
18730,George Hill,62.14735,6.25396,IND
18730,Rodney Stuckey,55.3886,18.04814,IND
18730,Chase Budinger,89.74322,16.838,IND
18730,Glenn Robinson,86.0124,47.98679,IND
18730,Myles Turner,66.17835,28.10299,IND
18730,David Lee,71.50231,24.84063,BOS
18730,Evan Turner,59.09065,20.16863,BOS
18730,Jonas Jerebko,84.47884,36.18076,BOS
18730,Kelly Olynyk,86.34993,19.83749,BOS
18730,Terry Rozier,66.04179,10.09749,BOS
18740,Ball,55.07202,19.49276,Ball
18740,George Hill,65.48317,5.50766,IND
18740,Rodney Stuckey,55.24927,19.22636,IND
18740,Chase Budinger,90.45148,15.65825,IND
18740,Glenn Robinson,84.94666,47.80509,IND
18740,Myles Turner,64.06987,26.0784,IND
18740,David Lee,70.24249,23.61822,BOS
18740,Evan Turner,57.43637,21.51027,BOS
18740,Jonas Jerebko,84.37354,36.28553,BOS
18740,Kelly Olynyk,87.24046,19.948430000000002,BOS
18740,Terry Rozier,68.29979,9.98183,BOS
18750,Ball,58.28368,17.68372,Ball
18750,George Hill,69.5785,4.45423,IND
18750,Rodney Stuckey,57.17149,18.53484,IND
18750,Chase Budinger,91.00558,14.23467,IND
18750,Glenn Robinson,84.21972,47.94045,IND
18750,Myles Turner,62.4305,22.541150000000002,IND
18750,David Lee,70.25669,22.03762,BOS
18750,Evan Turner,57.84104,21.66688,BOS
18750,Jonas Jerebko,83.931,35.65626,BOS
18750,Kelly Olynyk,87.68211,19.70978,BOS
18750,Terry Rozier,70.71763,10.1767,BOS
18760,Ball,61.72202,16.37826,Ball
18760,George Hill,73.66843,3.3615500000000003,IND
18760,Rodney Stuckey,60.83053,18.00584,IND
18760,Chase Budinger,90.84897,12.66655,IND
18760,Glenn Robinson,84.44671,48.23788,IND
18760,Myles Turner,61.65364,20.76039,IND
18760,David Lee,71.28688,20.90655,BOS
18760,Evan Turner,60.06185,19.79216,BOS
18760,Jonas Jerebko,83.31045,35.2622,BOS
18760,Kelly Olynyk,88.17366,19.1327,BOS
18760,Terry Rozier,73.30837,10.557970000000001,BOS
18770,Ball,65.27309,21.11975,Ball
18770,George Hill,77.48476,2.31306,IND
18770,Rodney Stuckey,64.97369,19.4642,IND
18770,Chase Budinger,90.64541,10.87055,IND
18770,Glenn Robinson,84.84477,48.40909,IND
18770,Myles Turner,62.67223,19.98053,IND
18770,David Lee,73.24559,21.08355,BOS
18770,Evan Turner,62.99653,18.26029,BOS
18770,Jonas Jerebko,82.82847,34.91428,BOS
18770,Kelly Olynyk,87.90008,18.9747,BOS
18770,Terry Rozier,76.10997,10.56593,BOS
18780,Ball,67.61725,24.110970000000002,Ball
18780,George Hill,80.85035,1.8223,IND
18780,Rodney Stuckey,67.89434,23.22349,IND
18780,Chase Budinger,90.32529,9.31913,IND
18780,Glenn Robinson,85.28989,48.32929,IND
18780,Myles Turner,64.66105,21.62956,IND
18780,David Lee,75.86076,23.08559,BOS
18780,Evan Turner,67.04663,18.80199,BOS
18780,Jonas Jerebko,82.70018,35.72174,BOS
18780,Kelly Olynyk,88.01461,18.4572,BOS
18780,Terry Rozier,78.71375,11.12525,BOS
18790,Ball,69.67809,28.24844,Ball
18790,George Hill,83.20927,1.5206,IND
18790,Rodney Stuckey,69.82943,27.40983,IND
18790,Chase Budinger,89.57443,8.63458,IND
18790,Glenn Robinson,86.22719,48.2254,IND
18790,Myles Turner,65.92349,23.30562,IND
18790,David Lee,78.37684,25.47173,BOS
18790,Evan Turner,71.18955,21.38327,BOS
18790,Jonas Jerebko,83.27546,37.14754,BOS
18790,Kelly Olynyk,88.111,18.34834,BOS
18790,Terry Rozier,80.4719,12.15792,BOS
18800,Ball,71.81293,32.56662,Ball
18800,George Hill,84.05768,1.42702,IND
18800,Rodney Stuckey,71.32235,30.89598,IND
18800,Chase Budinger,87.1221,7.76587,IND
18800,Glenn Robinson,86.73063,48.21433,IND
18800,Myles Turner,66.37975,23.00594,IND
18800,David Lee,80.4418,27.02993,BOS
18800,Evan Turner,74.47995,25.46252,BOS
18800,Jonas Jerebko,84.36106,38.305,BOS
18800,Kelly Olynyk,88.18464,18.46055,BOS
18800,Terry Rozier,81.53877,13.45327,BOS
18810,Ball,71.81924,32.86763,Ball
18810,George Hill,84.59124,1.45835,IND
18810,Rodney Stuckey,70.82762,33.05313,IND
18810,Chase Budinger,82.82831,6.51349,IND
18810,Glenn Robinson,86.47286,48.30746,IND
18810,Myles Turner,66.72748,21.87365,IND
18810,David Lee,80.98898,27.16517,BOS
18810,Evan Turner,75.84944,29.0864,BOS
18810,Jonas Jerebko,85.24609,39.48932,BOS
18810,Kelly Olynyk,87.60774,18.49988,BOS
18810,Terry Rozier,81.93723,14.00439,BOS
18820,Ball,68.11494,22.72503,Ball
18820,George Hill,85.34899,1.61164,IND
18820,Rodney Stuckey,69.62289,34.76019,IND
18820,Chase Budinger,77.72669,5.88096,IND
18820,Glenn Robinson,86.04375,48.28081,IND
18820,Myles Turner,67.0149,20.87601,IND
18820,David Lee,79.32826,25.22426,BOS
18820,Evan Turner,75.7133,31.38808,BOS
18820,Jonas Jerebko,85.79062,40.06206,BOS
18820,Kelly Olynyk,85.56615,18.72197,BOS
18820,Terry Rozier,82.07021,13.49603,BOS
18830,Ball,69.56389,19.78728,Ball
18830,George Hill,85.64962,1.6128,IND
18830,Rodney Stuckey,68.26219,36.09125,IND
18830,Chase Budinger,73.38406,5.60919,IND
18830,Glenn Robinson,86.45564,47.77594,IND
18830,Myles Turner,67.54562,19.94256,IND
18830,David Lee,76.70655,23.06577,BOS
18830,Evan Turner,76.25223,32.31298,BOS
18830,Jonas Jerebko,85.97176,39.43999,BOS
18830,Kelly Olynyk,82.69231,18.19232,BOS
18830,Terry Rozier,81.74993,12.82572,BOS
18840,Ball,70.0222,20.353180000000002,Ball
18840,George Hill,85.28525,1.76024,IND
18840,Rodney Stuckey,66.65898,36.02349,IND
18840,Chase Budinger,71.09776,5.60111,IND
18840,Glenn Robinson,86.64029,46.59012,IND
18840,Myles Turner,68.18881,19.62046,IND
18840,David Lee,73.26574,20.37763,BOS
18840,Evan Turner,77.13065,31.68652,BOS
18840,Jonas Jerebko,86.20379,38.01268,BOS
18840,Kelly Olynyk,80.96012,17.286,BOS
18840,Terry Rozier,82.85003,12.3839,BOS
18850,Ball,76.05224,21.96629,Ball
18850,George Hill,84.17461,2.20546,IND
18850,Rodney Stuckey,64.99448,35.68799,IND
18850,Chase Budinger,69.68733,6.22348,IND
18850,Glenn Robinson,86.4408,44.13737,IND
18850,Myles Turner,67.98775,19.46667,IND
18850,David Lee,69.37465,17.54389,BOS
18850,Evan Turner,78.85208,30.27771,BOS
18850,Jonas Jerebko,86.73163,35.93702,BOS
18850,Kelly Olynyk,80.36127,17.62356,BOS
18850,Terry Rozier,84.81944,13.36675,BOS
18860,Ball,81.91872,23.43654,Ball
18860,George Hill,82.92531,3.11501,IND
18860,Rodney Stuckey,63.0779,34.94183,IND
18860,Chase Budinger,67.97735,7.09766,IND
18860,Glenn Robinson,86.10032,39.99534,IND
18860,Myles Turner,65.85365,18.91055,IND
18860,David Lee,65.27165,14.71448,BOS
18860,Evan Turner,81.47167,28.75357,BOS
18860,Jonas Jerebko,87.20009,33.71819,BOS
18860,Kelly Olynyk,80.69995,18.96838,BOS
18860,Terry Rozier,86.17883,15.55544,BOS
18870,Ball,87.69751,24.84149,Ball
18870,George Hill,81.30475,4.09631,IND
18870,Rodney Stuckey,61.26103,34.09441,IND
18870,Chase Budinger,65.90263,8.25002,IND
18870,Glenn Robinson,85.12998,35.36873,IND
18870,Myles Turner,62.39659,18.5694,IND
18870,David Lee,60.3649,12.0181,BOS
18870,Evan Turner,84.1152,27.37197,BOS
18870,Jonas Jerebko,86.80427,31.75166,BOS
18870,Kelly Olynyk,81.62039,20.47722,BOS
18870,Terry Rozier,87.02777,18.50696,BOS
18880,Ball,80.39539,24.58056,Ball
18880,George Hill,79.57711,5.41883,IND
18880,Rodney Stuckey,59.30307,33.38871,IND
18880,Chase Budinger,62.88952,9.27918,IND
18880,Glenn Robinson,83.17023,31.31842,IND
18880,Myles Turner,58.27699,18.87273,IND
18880,David Lee,55.17766,9.96857,BOS
18880,Evan Turner,85.93173,27.05291,BOS
18880,Jonas Jerebko,85.08245,30.42323,BOS
18880,Kelly Olynyk,82.01114,21.91612,BOS
18880,Terry Rozier,87.26075,20.89612,BOS
18890,Ball,73.894,28.05344,Ball
18890,George Hill,77.1153,7.19933,IND
18890,Rodney Stuckey,58.0854,32.3458,IND
18890,Chase Budinger,59.16571,10.18634,IND
18890,Glenn Robinson,79.3534,29.00738,IND
18890,Myles Turner,53.61968,19.097,IND
18890,David Lee,49.93948,8.28776,BOS
18890,Evan Turner,86.37959,27.36138,BOS
18890,Jonas Jerebko,82.67255,29.54253,BOS
18890,Kelly Olynyk,80.72144,23.99457,BOS
18890,Terry Rozier,86.43814,20.98495,BOS
18900,Ball,68.62938,31.65038,Ball
18900,George Hill,73.77719,9.06094,IND
18900,Rodney Stuckey,57.52002,32.51096,IND
18900,Chase Budinger,57.11625,10.82504,IND
18900,Glenn Robinson,74.47356,27.80075,IND
18900,Myles Turner,49.12007,19.245730000000002,IND
18900,David Lee,44.70066,7.43713,BOS
18900,Evan Turner,86.39183,27.39068,BOS
18900,Jonas Jerebko,79.25353,29.47515,BOS
18900,Kelly Olynyk,78.18498,25.63905,BOS
18900,Terry Rozier,84.08474,19.89423,BOS
18910,Ball,63.51524,35.07743,Ball
18910,George Hill,70.69357,10.61023,IND
18910,Rodney Stuckey,57.38297,34.31857,IND
18910,Chase Budinger,58.48447,11.49599,IND
18910,Glenn Robinson,69.97228,27.18244,IND
18910,Myles Turner,46.28289,19.706,IND
18910,David Lee,40.58475,7.03357,BOS
18910,Evan Turner,85.31944,27.57309,BOS
18910,Jonas Jerebko,75.88086,30.3239,BOS
18910,Kelly Olynyk,75.93846,26.3192,BOS
18910,Terry Rozier,81.10596,18.72224,BOS
18920,Ball,58.10419,38.33291,Ball
18920,George Hill,68.97674,10.64324,IND
18920,Rodney Stuckey,57.7484,36.44478,IND
18920,Chase Budinger,60.92037,11.69828,IND
18920,Glenn Robinson,65.98173,26.70146,IND
18920,Myles Turner,46.84709,20.36726,IND
18920,David Lee,38.47221,7.57716,BOS
18920,Evan Turner,83.74703,28.1431,BOS
18920,Jonas Jerebko,73.02031,32.10924,BOS
18920,Kelly Olynyk,74.79055,26.16312,BOS
18920,Terry Rozier,78.63552,17.41823,BOS
18930,Ball,58.34519,39.57201,Ball
18930,George Hill,69.1265,9.83851,IND
18930,Rodney Stuckey,58.70021,38.04574,IND
18930,Chase Budinger,63.02145,10.49559,IND
18930,Glenn Robinson,63.25688,26.53455,IND
18930,Myles Turner,49.69444,20.77268,IND
18930,David Lee,39.11338,9.43346,BOS
18930,Evan Turner,82.00258,29.17864,BOS
18930,Jonas Jerebko,70.88965,34.26444,BOS
18930,Kelly Olynyk,74.83802,25.36172,BOS
18930,Terry Rozier,77.05421,16.61908,BOS
18940,Ball,60.45501,38.21424,Ball
18940,George Hill,69.75462,8.62125,IND
18940,Rodney Stuckey,59.77957,38.29528,IND
18940,Chase Budinger,65.0836,9.03249,IND
18940,Glenn Robinson,62.37193,27.30173,IND
18940,Myles Turner,53.82566,21.20328,IND
18940,David Lee,42.46983,11.6851,BOS
18940,Evan Turner,80.01901,29.55977,BOS
18940,Jonas Jerebko,69.51354,35.37397,BOS
18940,Kelly Olynyk,75.16918,25.26873,BOS
18940,Terry Rozier,76.9169,15.62462,BOS
18950,Ball,60.13843,37.61858,Ball
18950,George Hill,71.80211,7.25877,IND
18950,Rodney Stuckey,60.34466,38.44184,IND
18950,Chase Budinger,66.56244,7.73716,IND
18950,Glenn Robinson,63.19917,29.32519,IND
18950,Myles Turner,58.77036,21.67846,IND
18950,David Lee,47.41849,13.90955,BOS
18950,Evan Turner,77.887,29.54048,BOS
18950,Jonas Jerebko,68.90524,35.51116,BOS
18950,Kelly Olynyk,75.19993,25.60288,BOS
18950,Terry Rozier,77.54207,14.64393,BOS
18960,Ball,60.53543,37.9494,Ball
18960,George Hill,74.35645,5.48466,IND
18960,Rodney Stuckey,60.68902,38.67918,IND
18960,Chase Budinger,67.26398,6.94034,IND
18960,Glenn Robinson,65.2536,32.49203,IND
18960,Myles Turner,63.97595,22.41846,IND
18960,David Lee,53.22481,15.81857,BOS
18960,Evan Turner,76.25389,29.98282,BOS
18960,Jonas Jerebko,68.77283,35.59358,BOS
18960,Kelly Olynyk,75.75828,26.03794,BOS
18960,Terry Rozier,78.11155,14.04134,BOS
18970,Ball,60.68869,37.75445,Ball
18970,George Hill,77.63187,4.025,IND
18970,Rodney Stuckey,60.75161,38.60122,IND
18970,Chase Budinger,66.97375,6.80515,IND
18970,Glenn Robinson,67.67726,36.43005,IND
18970,Myles Turner,68.8208,23.50188,IND
18970,David Lee,59.11534,17.76575,BOS
18970,Evan Turner,75.91693,30.90405,BOS
18970,Jonas Jerebko,68.77309,35.28568,BOS
18970,Kelly Olynyk,76.67664,25.69879,BOS
18970,Terry Rozier,78.95328,13.64099,BOS
18980,Ball,60.90956,37.69406,Ball
18980,George Hill,80.81456,3.15486,IND
18980,Rodney Stuckey,60.71602,38.47326,IND
18980,Chase Budinger,66.42365,7.31666,IND
18980,Glenn Robinson,70.16955,40.40816,IND
18980,Myles Turner,72.9059,25.18187,IND
18980,David Lee,64.55086,20.0556,BOS
18980,Evan Turner,76.56479,32.57727,BOS
18980,Jonas Jerebko,68.87546,34.45787,BOS
18980,Kelly Olynyk,77.66796,26.02912,BOS
18980,Terry Rozier,80.06305,13.45726,BOS
18990,Ball,60.903,37.83735,Ball
18990,George Hill,83.26351,2.31631,IND
18990,Rodney Stuckey,60.60437,38.34482,IND
18990,Chase Budinger,66.04562,8.17588,IND
18990,Glenn Robinson,73.44697,43.67326,IND
18990,Myles Turner,76.23644,26.66184,IND
18990,David Lee,69.77415,22.25324,BOS
18990,Evan Turner,77.16552,34.61883,BOS
18990,Jonas Jerebko,68.5783,34.27978,BOS
18990,Kelly Olynyk,78.9969,26.64733,BOS
18990,Terry Rozier,80.44575,13.29081,BOS
19000,Ball,62.67877,26.45713,Ball
19000,George Hill,85.28635,1.68682,IND
19000,Rodney Stuckey,60.58795,38.27917,IND
19000,Chase Budinger,65.45789,8.85083,IND
19000,Glenn Robinson,76.50458,46.34991,IND
19000,Myles Turner,78.41785,28.54961,IND
19000,David Lee,73.81125,24.45154,BOS
19000,Evan Turner,78.1626,36.41961,BOS
19000,Jonas Jerebko,68.22254,34.06295,BOS
19000,Kelly Olynyk,80.3653,27.10397,BOS
19000,Terry Rozier,78.27477,13.20877,BOS
19010,Ball,65.06846,12.54296,Ball
19010,George Hill,86.46902,1.23213,IND
19010,Rodney Stuckey,60.99331,38.47046,IND
19010,Chase Budinger,65.52246,9.15821,IND
19010,Glenn Robinson,79.03816,47.62536,IND
19010,Myles Turner,79.66121,30.63102,IND
19010,David Lee,77.00831,26.10552,BOS
19010,Evan Turner,79.37941000000001,38.05085,BOS
19010,Jonas Jerebko,68.41387,33.33368,BOS
19010,Kelly Olynyk,81.26177,27.16111,BOS
19010,Terry Rozier,74.75595,12.49313,BOS
19020,Ball,70.87195,7.71486,Ball
19020,George Hill,87.34427,1.25398,IND
19020,Rodney Stuckey,60.93261,38.02563,IND
19020,Chase Budinger,66.19732,8.88351,IND
19020,Glenn Robinson,81.17095,47.8238,IND
19020,Myles Turner,80.67424,32.20556,IND
19020,David Lee,79.56132,27.08473,BOS
19020,Evan Turner,80.67963,38.96663,BOS
19020,Jonas Jerebko,69.34452,32.43132,BOS
19020,Kelly Olynyk,82.34527,25.56115,BOS
19020,Terry Rozier,72.41297,9.70965,BOS
19030,Ball,83.88175,1.72907,Ball
19030,George Hill,88.31263,1.41909,IND
19030,Rodney Stuckey,60.37409,37.53218,IND
19030,Chase Budinger,66.05906,9.44396,IND
19030,Glenn Robinson,82.63184,47.54569,IND
19030,Myles Turner,82.30568,32.92431,IND
19030,David Lee,81.62428,28.23056,BOS
19030,Evan Turner,82.09819,38.92245,BOS
19030,Jonas Jerebko,70.53578,31.45765,BOS
19030,Kelly Olynyk,83.65614,21.46946,BOS
19030,Terry Rozier,71.96379,7.03364,BOS
19040,Ball,89.05048,1.8479100000000002,Ball
19040,George Hill,89.51985,1.4806300000000001,IND
19040,Rodney Stuckey,60.07793,36.87196,IND
19040,Chase Budinger,65.56526,9.99717,IND
19040,Glenn Robinson,84.23736,47.24809,IND
19040,Myles Turner,84.15687,32.77785,IND
19040,David Lee,83.71939,29.09103,BOS
19040,Evan Turner,83.51846,38.3611,BOS
19040,Jonas Jerebko,71.9246,31.01839,BOS
19040,Kelly Olynyk,85.87308,16.21756,BOS
19040,Terry Rozier,73.18478,6.92696,BOS
19050,Ball,90.27588,1.96768,Ball
19050,George Hill,90.2878,1.68146,IND
19050,Rodney Stuckey,60.19751,35.96042,IND
19050,Chase Budinger,65.23145,10.13418,IND
19050,Glenn Robinson,85.85574,46.86076,IND
19050,Myles Turner,85.54462,32.38638,IND
19050,David Lee,85.70175,28.95412,BOS
19050,Evan Turner,85.03742,37.13333,BOS
19050,Jonas Jerebko,73.55973,30.52915,BOS
19050,Kelly Olynyk,87.82454,11.04466,BOS
19050,Terry Rozier,74.34718,8.50475,BOS
19060,Ball,89.79956,6.39239,Ball
19060,George Hill,90.7044,1.9985600000000001,IND
19060,Rodney Stuckey,59.99922,35.14532,IND
19060,Chase Budinger,64.61389,10.978110000000001,IND
19060,Glenn Robinson,86.94051,46.36549,IND
19060,Myles Turner,86.8717,32.14258,IND
19060,David Lee,86.80558,28.09895,BOS
19060,Evan Turner,86.05766,35.31395,BOS
19060,Jonas Jerebko,75.13455,29.26237,BOS
19060,Kelly Olynyk,89.42594,7.25724,BOS
19060,Terry Rozier,75.51388,10.43749,BOS
19070,Ball,89.04996,13.44618,Ball
19070,George Hill,91.6714,2.49263,IND
19070,Rodney Stuckey,59.06342,34.4064,IND
19070,Chase Budinger,63.52471,11.64339,IND
19070,Glenn Robinson,87.70023,44.79574,IND
19070,Myles Turner,88.49316,31.474,IND
19070,David Lee,87.51604,28.26337,BOS
19070,Evan Turner,87.11859,33.88214,BOS
19070,Jonas Jerebko,77.10541,27.56336,BOS
19070,Kelly Olynyk,91.89405000000001,3.7967,BOS
19070,Terry Rozier,77.83951,12.72719,BOS
19080,Ball,88.49529,20.04622,Ball
19080,George Hill,92.04613,2.01416,IND
19080,Rodney Stuckey,57.9287,34.10362,IND
19080,Chase Budinger,61.84804,12.03746,IND
19080,Glenn Robinson,87.93894,41.30411,IND
19080,Myles Turner,90.38934,30.03157,IND
19080,David Lee,88.92674,28.87003,BOS
19080,Evan Turner,86.8021,32.16787,BOS
19080,Jonas Jerebko,79.44331,25.48088,BOS
19080,Kelly Olynyk,93.69902,1.01541,BOS
19080,Terry Rozier,80.65537,15.31496,BOS
19090,Ball,88.43944,25.52702,Ball
19090,George Hill,92.06225,0.6176900000000001,IND
19090,Rodney Stuckey,56.54556,34.05156,IND
19090,Chase Budinger,60.0381,12.48002,IND
19090,Glenn Robinson,87.24817,37.132,IND
19090,Myles Turner,91.42351,29.51521,IND
19090,David Lee,90.45914,28.37217,BOS
19090,Evan Turner,86.51442,30.76731,BOS
19090,Jonas Jerebko,82.17136,23.48897,BOS
19090,Kelly Olynyk,93.98768,-1.00919,BOS
19090,Terry Rozier,83.20128,17.67026,BOS
19100,Ball,88.68809,26.71567,Ball
19100,George Hill,92.35616,0.46912000000000004,IND
19100,Rodney Stuckey,54.86357,33.66809,IND
19100,Chase Budinger,58.28085,12.71267,IND
19100,Glenn Robinson,85.53207,33.38302,IND
19100,Myles Turner,91.04733,30.01788,IND
19100,David Lee,90.08232,28.5952,BOS
19100,Evan Turner,86.65703,29.6123,BOS
19100,Jonas Jerebko,85.01445,22.4279,BOS
19100,Kelly Olynyk,93.34491,-1.80292,BOS
19100,Terry Rozier,84.45053,19.06944,BOS
19110,Ball,88.03747,27.66803,Ball
19110,George Hill,90.919,1.09097,IND
19110,Rodney Stuckey,53.02227,33.50685,IND
19110,Chase Budinger,56.71969,13.32711,IND
19110,Glenn Robinson,84.50621,30.2439,IND
19110,Myles Turner,88.88155,30.48872,IND
19110,David Lee,88.65711,28.38976,BOS
19110,Evan Turner,85.73522,29.01504,BOS
19110,Jonas Jerebko,86.1392,22.43496,BOS
19110,Kelly Olynyk,91.02941,-2.02494,BOS
19110,Terry Rozier,83.93948,19.7878,BOS
19120,Ball,87.0518,26.31409,Ball
19120,George Hill,88.68311,2.18454,IND
19120,Rodney Stuckey,51.12426,33.49064,IND
19120,Chase Budinger,55.07249,14.33547,IND
19120,Glenn Robinson,83.0907,27.99192,IND
19120,Myles Turner,86.37158,30.94163,IND
19120,David Lee,87.08318,27.94118,BOS
19120,Evan Turner,83.83803,27.94553,BOS
19120,Jonas Jerebko,84.92497,22.75932,BOS
19120,Kelly Olynyk,87.41939,-1.54496,BOS
19120,Terry Rozier,82.08213,20.07039,BOS
19130,Ball,86.48047,23.97143,Ball
19130,George Hill,85.74017,4.14298,IND
19130,Rodney Stuckey,49.00683,33.1688,IND
19130,Chase Budinger,52.49299,15.31458,IND
19130,Glenn Robinson,79.14704,27.11958,IND
19130,Myles Turner,83.19373,31.89027,IND
19130,David Lee,86.01189,25.82324,BOS
19130,Evan Turner,83.30662,27.20172,BOS
19130,Jonas Jerebko,81.83237,22.99159,BOS
19130,Kelly Olynyk,81.70507,-0.9331100000000001,BOS
19130,Terry Rozier,79.0445,19.70504,BOS
19140,Ball,84.07566,21.01472,Ball
19140,George Hill,81.47225,6.59335,IND
19140,Rodney Stuckey,46.72215,32.9493,IND
19140,Chase Budinger,48.89335,16.03423,IND
19140,Glenn Robinson,74.3623,26.66548,IND
19140,Myles Turner,78.96257,32.7089,IND
19140,David Lee,83.37827,23.28603,BOS
19140,Evan Turner,82.81344,27.79939,BOS
19140,Jonas Jerebko,77.21939,23.45648,BOS
19140,Kelly Olynyk,74.77798,-0.15928,BOS
19140,Terry Rozier,75.22061,18.75152,BOS
19150,Ball,79.56291,18.68774,Ball
19150,George Hill,76.18596,9.09577,IND
19150,Rodney Stuckey,44.08741,32.60616,IND
19150,Chase Budinger,44.77638,16.31947,IND
19150,Glenn Robinson,68.96153,26.21644,IND
19150,Myles Turner,73.7653,32.91303,IND
19150,David Lee,79.54935,20.7289,BOS
19150,Evan Turner,80.87768,28.9532,BOS
19150,Jonas Jerebko,71.60389,24.36221,BOS
19150,Kelly Olynyk,67.54883,0.45699000000000006,BOS
19150,Terry Rozier,70.64469,17.73946,BOS
19160,Ball,65.46562,12.95873,Ball
19160,George Hill,69.98331,11.35801,IND
19160,Rodney Stuckey,41.10803,32.17145,IND
19160,Chase Budinger,40.07355,16.40508,IND
19160,Glenn Robinson,63.00511,26.0994,IND
19160,Myles Turner,67.91923,32.59169,IND
19160,David Lee,76.03782,18.84724,BOS
19160,Evan Turner,77.63392,30.57186,BOS
19160,Jonas Jerebko,65.85795,26.29964,BOS
19160,Kelly Olynyk,59.54633,0.9916400000000001,BOS
19160,Terry Rozier,65.93693,17.37814,BOS
19170,Ball,48.3064,5.08358,Ball
19170,George Hill,62.84877,12.79978,IND
19170,Rodney Stuckey,37.773,31.53039,IND
19170,Chase Budinger,35.0781,15.75184,IND
19170,Glenn Robinson,55.49522,25.83242,IND
19170,Myles Turner,61.77362,32.05947,IND
19170,David Lee,73.62746,17.56896,BOS
19170,Evan Turner,73.49199,32.32052,BOS
19170,Jonas Jerebko,60.30695,28.97078,BOS
19170,Kelly Olynyk,50.80241,1.50529,BOS
19170,Terry Rozier,60.63873,17.17833,BOS
19180,Ball,40.87445,2.19678,Ball
19180,George Hill,55.45777,13.45311,IND
19180,Rodney Stuckey,34.05724,30.53754,IND
19180,Chase Budinger,30.20335,14.15805,IND
19180,Glenn Robinson,47.94797,25.51509,IND
19180,Myles Turner,56.53876,31.10698,IND
19180,David Lee,71.06332,17.01224,BOS
19180,Evan Turner,68.63691,33.89413,BOS
19180,Jonas Jerebko,54.34247,32.38731,BOS
19180,Kelly Olynyk,42.13634,2.82421,BOS
19180,Terry Rozier,55.22874,16.454,BOS
19190,Ball,33.09655,6.83817,Ball
19190,George Hill,47.75727,13.56906,IND
19190,Rodney Stuckey,29.85103,28.61612,IND
19190,Chase Budinger,25.53145,12.85304,IND
19190,Glenn Robinson,40.94014,25.358060000000002,IND
19190,Myles Turner,51.51279,30.02142,IND
19190,David Lee,67.76331,16.94173,BOS
19190,Evan Turner,63.38152,35.31459,BOS
19190,Jonas Jerebko,48.44995,36.27514,BOS
19190,Kelly Olynyk,34.3691,5.88821,BOS
19190,Terry Rozier,50.1257,15.05271,BOS
19200,Ball,28.81903,12.26489,Ball
19200,George Hill,39.78299,14.222,IND
19200,Rodney Stuckey,24.75776,26.00936,IND
19200,Chase Budinger,21.79252,14.642430000000001,IND
19200,Glenn Robinson,34.71708,25.42015,IND
19200,Myles Turner,45.87987,28.71735,IND
19200,David Lee,64.10161,17.06465,BOS
19200,Evan Turner,58.09928,36.51511,BOS
19200,Jonas Jerebko,42.21756,39.48445,BOS
19200,Kelly Olynyk,27.7304,10.64646,BOS
19200,Terry Rozier,45.6679,13.02316,BOS
19210,Ball,24.14046,16.89882,Ball
19210,George Hill,32.14916,15.33615,IND
19210,Rodney Stuckey,19.74793,24.14551,IND
19210,Chase Budinger,19.82243,17.49078,IND
19210,Glenn Robinson,29.75816,26.3754,IND
19210,Myles Turner,40.28203,27.49681,IND
19210,David Lee,60.56501,17.262340000000002,BOS
19210,Evan Turner,52.96745,37.3593,BOS
19210,Jonas Jerebko,35.68149,41.65543,BOS
19210,Kelly Olynyk,22.2532,15.21358,BOS
19210,Terry Rozier,40.89406,10.89191,BOS
19220,Ball,19.46216,15.84601,Ball
19220,George Hill,25.10992,16.30698,IND
19220,Rodney Stuckey,15.93962,24.25618,IND
19220,Chase Budinger,17.34245,18.85991,IND
19220,Glenn Robinson,25.62155,27.69819,IND
19220,Myles Turner,34.85646,26.3612,IND
19220,David Lee,57.72662,17.79832,BOS
19220,Evan Turner,47.97327,37.95392,BOS
19220,Jonas Jerebko,29.50508,43.05211,BOS
19220,Kelly Olynyk,18.30077,17.03102,BOS
19220,Terry Rozier,35.86839,9.16013,BOS
19230,Ball,15.14918,15.37741,Ball
19230,George Hill,18.5467,15.47473,IND
19230,Rodney Stuckey,13.16563,25.26154,IND
19230,Chase Budinger,13.52965,20.11374,IND
19230,Glenn Robinson,20.7737,30.09301,IND
19230,Myles Turner,29.79073,25.20721,IND
19230,David Lee,55.05315,18.31612,BOS
19230,Evan Turner,43.34919,38.06255,BOS
19230,Jonas Jerebko,23.7283,43.88537,BOS
19230,Kelly Olynyk,15.45926,16.71608,BOS
19230,Terry Rozier,30.81852,7.33586,BOS
19240,Ball,13.49017,14.54253,Ball
19240,George Hill,14.49563,12.9714,IND
19240,Rodney Stuckey,11.18008,26.33064,IND
19240,Chase Budinger,10.27431,20.60921,IND
19240,Glenn Robinson,17.06603,33.19466,IND
19240,Myles Turner,25.45745,23.6135,IND
19240,David Lee,52.64133,18.94776,BOS
19240,Evan Turner,39.1985,37.66827,BOS
19240,Jonas Jerebko,19.01187,44.69853,BOS
19240,Kelly Olynyk,14.61106,15.83583,BOS
19240,Terry Rozier,26.90503,6.2711,BOS
19250,Ball,14.13063,12.0128,Ball
19250,George Hill,14.00622,11.16248,IND
19250,Rodney Stuckey,10.44032,27.12405,IND
19250,Chase Budinger,9.83724,20.0634,IND
19250,Glenn Robinson,14.49533,35.44588,IND
19250,Myles Turner,22.58055,21.22038,IND
19250,David Lee,49.60964,19.83735,BOS
19250,Evan Turner,35.60636,36.55226,BOS
19250,Jonas Jerebko,15.5595,45.39587,BOS
19250,Kelly Olynyk,14.58935,14.36694,BOS
19250,Terry Rozier,25.24543,6.27462,BOS
19260,Ball,14.60494,9.1246,Ball
19260,George Hill,14.33443,9.54764,IND
19260,Rodney Stuckey,10.49896,27.3151,IND
19260,Chase Budinger,10.27273,18.84831,IND
19260,Glenn Robinson,12.83902,36.25175,IND
19260,Myles Turner,21.16799,18.88319,IND
19260,David Lee,46.5706,20.70267,BOS
19260,Evan Turner,33.39117,35.26594,BOS
19260,Jonas Jerebko,13.82576,45.77209,BOS
19260,Kelly Olynyk,14.48547,11.97779,BOS
19260,Terry Rozier,24.47226,6.05221,BOS
19270,Ball,15.14737,7.96953,Ball
19270,George Hill,14.56237,8.02997,IND
19270,Rodney Stuckey,11.31224,27.27062,IND
19270,Chase Budinger,10.98653,17.66988,IND
19270,Glenn Robinson,12.00084,36.49444,IND
19270,Myles Turner,20.91598,17.23137,IND
19270,David Lee,44.79136,21.47338,BOS
19270,Evan Turner,32.54662,34.51998,BOS
19270,Jonas Jerebko,14.58532,45.73963,BOS
19270,Kelly Olynyk,13.78386,9.31896,BOS
19270,Terry Rozier,24.39189,6.09365,BOS
19280,Ball,15.0117,7.3424,Ball
19280,George Hill,14.732990000000001,7.20744,IND
19280,Rodney Stuckey,12.9297,27.26714,IND
19280,Chase Budinger,12.5617,17.29708,IND
19280,Glenn Robinson,13.58496,37.09237,IND
19280,Myles Turner,21.83782,16.63864,IND
19280,David Lee,45.16939,21.63249,BOS
19280,Evan Turner,33.24458,34.03327,BOS
19280,Jonas Jerebko,16.97645,44.68033,BOS
19280,Kelly Olynyk,12.89317,7.02767,BOS
19280,Terry Rozier,25.2902,6.67929,BOS
19290,Ball,16.90134,8.11885,Ball
19290,George Hill,16.15058,7.92712,IND
19290,Rodney Stuckey,15.67037,27.41036,IND
19290,Chase Budinger,15.44798,17.78761,IND
19290,Glenn Robinson,17.11919,38.68559,IND
19290,Myles Turner,24.3707,16.49755,IND
19290,David Lee,47.03072,21.83426,BOS
19290,Evan Turner,35.11992,33.38529,BOS
19290,Jonas Jerebko,20.7538,42.55491,BOS
19290,Kelly Olynyk,12.8542,5.6881,BOS
19290,Terry Rozier,27.48048,7.59249,BOS
19300,Ball,19.90426,11.53072,Ball
19300,George Hill,19.455,10.03498,IND
19300,Rodney Stuckey,19.33172,28.31229,IND
19300,Chase Budinger,20.05649,19.16136,IND
19300,Glenn Robinson,21.77502,40.24737,IND
19300,Myles Turner,28.25812,16.67628,IND
19300,David Lee,49.91864,22.24137,BOS
19300,Evan Turner,37.35227,32.60005,BOS
19300,Jonas Jerebko,25.670090000000002,40.62136,BOS
19300,Kelly Olynyk,15.62851,4.73363,BOS
19300,Terry Rozier,30.74205,8.69928,BOS
19310,Ball,23.25879,15.1885,Ball
19310,George Hill,23.31458,13.55501,IND
19310,Rodney Stuckey,23.64772,30.05071,IND
19310,Chase Budinger,25.90644,20.1562,IND
19310,Glenn Robinson,27.9612,41.80761,IND
19310,Myles Turner,33.15812,16.58087,IND
19310,David Lee,53.48202,22.49632,BOS
19310,Evan Turner,41.37763,31.51078,BOS
19310,Jonas Jerebko,31.81332,39.45482,BOS
19310,Kelly Olynyk,20.02052,5.2631499999999996,BOS
19310,Terry Rozier,35.05664,10.46831,BOS
19320,Ball,27.0783,18.84673,Ball
19320,George Hill,28.33543,17.19064,IND
19320,Rodney Stuckey,28.47312,32.32757,IND
19320,Chase Budinger,32.42509,19.18856,IND
19320,Glenn Robinson,34.84035,43.73406,IND
19320,Myles Turner,38.95047,15.7814,IND
19320,David Lee,57.35949,22.85162,BOS
19320,Evan Turner,46.40046,30.12031,BOS
19320,Jonas Jerebko,38.51672,38.93119,BOS
19320,Kelly Olynyk,25.2318,6.37024,BOS
19320,Terry Rozier,40.18645,12.85324,BOS
19330,Ball,34.12504,21.2349,Ball
19330,George Hill,34.25711,20.61528,IND
19330,Rodney Stuckey,34.01156,34.41163,IND
19330,Chase Budinger,38.92002,16.05931,IND
19330,Glenn Robinson,42.72529,45.31293,IND
19330,Myles Turner,45.34364,14.93736,IND
19330,David Lee,61.34121,23.22024,BOS
19330,Evan Turner,51.805930000000004,29.67417,BOS
19330,Jonas Jerebko,45.60198,39.11004,BOS
19330,Kelly Olynyk,31.01774,7.87493,BOS
19330,Terry Rozier,45.9428,14.8169,BOS
