58740,Ball,33.63636,9.68591,Ball
58740,George Hill,34.06225,9.94798,IND
58740,Rodney Stuckey,24.51166,5.14497,IND
58740,Chase Budinger,33.83013,34.08211,IND
58740,Glenn Robinson,1.08892,30.65128,IND
58740,Myles Turner,7.80167,17.01812,IND
58740,David Lee,10.51826,19.66207,BOS
58740,Evan Turner,18.84121,8.70809,BOS
58740,Isaiah Thomas,26.3142,15.77488,BOS
58740,Jonas Jerebko,24.97827,29.41259,BOS
58740,RJ Hunter,4.30336,24.06321,BOS
58750,Ball,29.52498,6.34947,Ball
58750,George Hill,33.49589,9.99516,IND
58750,Rodney Stuckey,25.7323,4.14641,IND
58750,Chase Budinger,32.22789,34.26336,IND
58750,Glenn Robinson,2.20334,34.9747,IND
58750,Myles Turner,8.34468,16.37917,IND
58750,David Lee,10.35929,18.73681,BOS
58750,Evan Turner,20.06751,7.6361,BOS
58750,Isaiah Thomas,26.07253,15.6617,BOS
58750,Jonas Jerebko,24.66965,29.72365,BOS
58750,RJ Hunter,5.35509,27.37999,BOS
58760,Ball,26.96829,4.40057,Ball
58760,George Hill,32.99763,11.06624,IND
58760,Rodney Stuckey,26.43145,3.95928,IND
58760,Chase Budinger,30.75996,34.2415,IND
58760,Glenn Robinson,3.5544000000000002,38.89166,IND
58760,Myles Turner,8.93657,16.05754,IND
58760,David Lee,11.1443,17.4561,BOS
58760,Evan Turner,21.75632,6.61244,BOS
58760,Isaiah Thomas,25.22902,15.37082,BOS
58760,Jonas Jerebko,24.13058,29.88862,BOS
58760,RJ Hunter,6.46976,30.40737,BOS
58770,Ball,26.56316,4.16371,Ball
58770,George Hill,31.71925,12.90526,IND
58770,Rodney Stuckey,26.62193,3.98391,IND
58770,Chase Budinger,29.36101,33.78832,IND
58770,Glenn Robinson,4.96938,42.0992,IND
58770,Myles Turner,10.05012,16.06149,IND
58770,David Lee,12.05513,15.64822,BOS
58770,Evan Turner,22.25876,6.44238,BOS
58770,Isaiah Thomas,24.7275,15.80522,BOS
58770,Jonas Jerebko,23.51501,29.81204,BOS
58770,RJ Hunter,7.33314,32.81549,BOS
58780,Ball,27.14551,4.2179400000000005,Ball
58780,George Hill,29.17705,15.0568,IND
58780,Rodney Stuckey,26.55638,3.76596,IND
58780,Chase Budinger,28.10601,32.67641,IND
58780,Glenn Robinson,6.3057,44.89905,IND
58780,Myles Turner,10.67309,16.10657,IND
58780,David Lee,12.32317,14.79271,BOS
58780,Evan Turner,21.90778,7.31977,BOS
58780,Isaiah Thomas,23.94416,16.55141,BOS
58780,Jonas Jerebko,23.02968,29.06163,BOS
58780,RJ Hunter,7.9818999999999996,34.512010000000004,BOS
58790,Ball,25.76822,4.9174,Ball
58790,George Hill,25.8213,17.76068,IND
58790,Rodney Stuckey,25.81993,3.9950900000000003,IND
58790,Chase Budinger,27.22791,30.78153,IND
58790,Glenn Robinson,6.67961,46.71054,IND
58790,Myles Turner,11.67666,16.6915,IND
58790,David Lee,12.76698,14.9372,BOS
58790,Evan Turner,21.32843,8.2724,BOS
58790,Isaiah Thomas,22.20092,17.40176,BOS
58790,Jonas Jerebko,22.90128,27.65971,BOS
58790,RJ Hunter,8.48818,35.97479,BOS
58800,Ball,24.49265,4.40216,Ball
58800,George Hill,21.58251,21.42005,IND
58800,Rodney Stuckey,25.0825,3.93272,IND
58800,Chase Budinger,26.86038,27.82052,IND
58800,Glenn Robinson,6.87636,47.86765,IND
58800,Myles Turner,13.23071,17.16357,IND
58800,David Lee,13.43311,15.37368,BOS
58800,Evan Turner,20.52388,8.91036,BOS
58800,Isaiah Thomas,19.8628,19.16305,BOS
58800,Jonas Jerebko,22.83658,25.76324,BOS
58800,RJ Hunter,9.12772,36.94198,BOS
58810,Ball,24.17957,4.88299,Ball
58810,George Hill,17.61304,23.95858,IND
58810,Rodney Stuckey,25.07053,4.05256,IND
58810,Chase Budinger,26.65564,25.23969,IND
58810,Glenn Robinson,7.55433,48.23777,IND
58810,Myles Turner,14.00491,16.44967,IND
58810,David Lee,14.0044,15.40583,BOS
58810,Evan Turner,20.11886,8.88119,BOS
58810,Isaiah Thomas,17.32744,21.60026,BOS
58810,Jonas Jerebko,22.88763,23.56419,BOS
58810,RJ Hunter,9.2959,37.68601,BOS
58820,Ball,25.17694,5.50066,Ball
58820,George Hill,13.51434,26.1013,IND
58820,Rodney Stuckey,25.36121,4.52138,IND
58820,Chase Budinger,27.42406,25.47136,IND
58820,Glenn Robinson,8.62651,48.26779,IND
58820,Myles Turner,16.25512,14.47462,IND
58820,David Lee,14.15054,15.43157,BOS
58820,Evan Turner,20.07765,9.03204,BOS
58820,Isaiah Thomas,14.80612,23.60928,BOS
58820,Jonas Jerebko,23.00727,22.02719,BOS
58820,RJ Hunter,8.80246,38.32045,BOS
58830,Ball,25.57817,6.01188,Ball
58830,George Hill,9.93187,28.66809,IND
58830,Rodney Stuckey,25.63956,5.02502,IND
58830,Chase Budinger,28.74699,27.53635,IND
58830,Glenn Robinson,9.84872,48.17198,IND
58830,Myles Turner,17.84361,12.76537,IND
58830,David Lee,14.74592,15.43362,BOS
58830,Evan Turner,20.4922,9.49794,BOS
58830,Isaiah Thomas,12.57284,25.38346,BOS
58830,Jonas Jerebko,23.02687,22.74568,BOS
58830,RJ Hunter,8.42931,38.35527,BOS
58840,Ball,25.10835,6.2831,Ball
58840,George Hill,7.32181,31.86589,IND
58840,Rodney Stuckey,25.61276,5.48701,IND
58840,Chase Budinger,30.12788,29.93172,IND
58840,Glenn Robinson,11.29158,47.97419,IND
58840,Myles Turner,17.77126,10.09054,IND
58840,David Lee,14.85272,14.64386,BOS
58840,Evan Turner,21.77854,9.78013,BOS
58840,Isaiah Thomas,10.82023,27.60422,BOS
58840,Jonas Jerebko,23.15851,24.39662,BOS
58840,RJ Hunter,8.84046,38.62911,BOS
58850,Ball,28.16781,14.57811,Ball
58850,George Hill,5.43566,34.56919,IND
58850,Rodney Stuckey,25.49685,6.35114,IND
58850,Chase Budinger,31.45064,31.96754,IND
58850,Glenn Robinson,12.65867,47.91444,IND
58850,Myles Turner,18.21112,8.58588,IND
58850,David Lee,14.62123,13.34429,BOS
58850,Evan Turner,23.37747,10.18138,BOS
58850,Isaiah Thomas,9.72651,29.67362,BOS
58850,Jonas Jerebko,23.31675,26.14041,BOS
58850,RJ Hunter,9.67762,38.92251,BOS
58860,Ball,33.09355,29.1634,Ball
58860,George Hill,4.61327,37.01484,IND
58860,Rodney Stuckey,24.88912,6.7445900000000005,IND
58860,Chase Budinger,32.38583,33.32625,IND
58860,Glenn Robinson,13.89892,47.78644,IND
58860,Myles Turner,18.14562,8.74104,IND
58860,David Lee,14.49851,12.96589,BOS
58860,Evan Turner,23.40362,11.23165,BOS
58860,Isaiah Thomas,8.56044,31.33829,BOS
58860,Jonas Jerebko,23.87661,28.16038,BOS
58860,RJ Hunter,10.61441,38.95604,BOS
58870,Ball,33.32983,33.04473,Ball
58870,George Hill,5.24628,40.39922,IND
58870,Rodney Stuckey,24.209,6.61497,IND
58870,Chase Budinger,32.752250000000004,33.98063,IND
58870,Glenn Robinson,14.11516,45.04959,IND
58870,Myles Turner,17.24791,10.19584,IND
58870,David Lee,14.48924,13.85061,BOS
58870,Evan Turner,22.20825,12.5869,BOS
58870,Isaiah Thomas,7.9164200000000005,33.1764,BOS
58870,Jonas Jerebko,24.63782,29.88061,BOS
58870,RJ Hunter,11.691,39.42403,BOS
58880,Ball,30.1111,36.13723,Ball
58880,George Hill,7.63564,43.60141,IND
58880,Rodney Stuckey,23.29938,6.53478,IND
58880,Chase Budinger,30.7069,35.21066,IND
58880,Glenn Robinson,13.82407,39.39695,IND
58880,Myles Turner,16.4041,11.65568,IND
58880,David Lee,14.33334,15.54026,BOS
58880,Evan Turner,20.67216,14.02116,BOS
58880,Isaiah Thomas,8.52661,35.84787,BOS
58880,Jonas Jerebko,24.21892,31.44971,BOS
58880,RJ Hunter,12.66853,38.74963,BOS
58890,Ball,27.16121,38.81419,Ball
58890,George Hill,11.98353,45.63418,IND
58890,Rodney Stuckey,22.58272,6.54656,IND
58890,Chase Budinger,26.93436,36.48928,IND
58890,Glenn Robinson,14.06566,35.26293,IND
58890,Myles Turner,14.91662,13.13132,IND
58890,David Lee,13.64717,17.6634,BOS
58890,Evan Turner,19.05669,15.40771,BOS
58890,Isaiah Thomas,10.79031,38.88923,BOS
58890,Jonas Jerebko,22.57122,33.09505,BOS
58890,RJ Hunter,12.73836,36.02921,BOS
58900,Ball,22.76985,43.0899,Ball
58900,George Hill,17.36917,45.50129,IND
58900,Rodney Stuckey,22.05635,6.46628,IND
58900,Chase Budinger,23.25352,38.15135,IND
58900,Glenn Robinson,12.67055,30.05832,IND
58900,Myles Turner,13.4304,14.69888,IND
58900,David Lee,12.55451,19.78075,BOS
58900,Evan Turner,17.7453,16.45269,BOS
58900,Isaiah Thomas,14.1746,40.4657,BOS
58900,Jonas Jerebko,21.14948,34.80427,BOS
58900,RJ Hunter,11.73666,32.61537,BOS
58910,Ball,22.66148,44.01167,Ball
58910,George Hill,21.57655,43.83342,IND
58910,Rodney Stuckey,22.39208,6.4661100000000005,IND
58910,Chase Budinger,20.31001,38.32667,IND
58910,Glenn Robinson,10.02289,24.64525,IND
58910,Myles Turner,11.49962,15.99483,IND
58910,David Lee,11.94266,21.93859,BOS
58910,Evan Turner,16.49661,16.92847,BOS
58910,Isaiah Thomas,16.28511,40.06713,BOS
58910,Jonas Jerebko,21.32686,36.03819,BOS
58910,RJ Hunter,9.89646,29.57721,BOS
58920,Ball,23.7994,41.80451,Ball
58920,George Hill,23.16528,42.54008,IND
58920,Rodney Stuckey,23.64093,6.59231,IND
58920,Chase Budinger,17.03484,38.11332,IND
58920,Glenn Robinson,7.12094,19.43479,IND
58920,Myles Turner,10.1183,16.51836,IND
58920,David Lee,11.29258,23.85199,BOS
58920,Evan Turner,16.06021,17.69359,BOS
58920,Isaiah Thomas,15.88556,38.32288,BOS
58920,Jonas Jerebko,21.36792,36.55941,BOS
58920,RJ Hunter,8.03172,26.44358,BOS
58930,Ball,25.28614,40.27243,Ball
58930,George Hill,24.01351,41.04501,IND
58930,Rodney Stuckey,24.44966,7.2956,IND
58930,Chase Budinger,15.49004,37.38714,IND
58930,Glenn Robinson,5.39168,14.21745,IND
58930,Myles Turner,8.84308,16.5025,IND
58930,David Lee,10.419,24.99026,BOS
58930,Evan Turner,16.36248,18.23682,BOS
58930,Isaiah Thomas,13.98547,36.67048,BOS
58930,Jonas Jerebko,21.01262,37.86868,BOS
58930,RJ Hunter,6.94577,22.64683,BOS
58940,Ball,25.8696,36.87342,Ball
58940,George Hill,24.0444,37.15009,IND
58940,Rodney Stuckey,25.02316,8.0354,IND
58940,Chase Budinger,14.90364,36.99368,IND
58940,Glenn Robinson,4.5938300000000005,9.79698,IND
58940,Myles Turner,7.70098,16.42775,IND
58940,David Lee,9.95141,25.0694,BOS
58940,Evan Turner,17.37218,19.06841,BOS
58940,Isaiah Thomas,12.97683,35.14571,BOS
58940,Jonas Jerebko,20.54803,37.26338,BOS
58940,RJ Hunter,6.6200600000000005,19.29166,BOS
58950,Ball,21.93704,32.09182,Ball
58950,George Hill,22.28135,32.23487,IND
58950,Rodney Stuckey,25.33021,8.20907,IND
58950,Chase Budinger,14.07841,38.07516,IND
58950,Glenn Robinson,4.45298,5.88614,IND
58950,Myles Turner,7.71759,15.71365,IND
58950,David Lee,9.47733,23.95921,BOS
58950,Evan Turner,17.58443,21.83301,BOS
58950,Isaiah Thomas,12.30133,34.09554,BOS
58950,Jonas Jerebko,19.41059,33.95091,BOS
58950,RJ Hunter,6.37417,16.18863,BOS
58960,Ball,18.14812,28.85412,Ball
58960,George Hill,17.95467,28.14848,IND
58960,Rodney Stuckey,24.95796,7.9692,IND
58960,Chase Budinger,13.89612,40.35378,IND
58960,Glenn Robinson,5.0297,3.02387,IND
58960,Myles Turner,6.8775200000000005,15.7232,IND
58960,David Lee,8.74102,22.492,BOS
58960,Evan Turner,17.17618,24.04995,BOS
58960,Isaiah Thomas,12.10062,34.28884,BOS
58960,Jonas Jerebko,16.46261,29.55577,BOS
58960,RJ Hunter,6.7249,13.93377,BOS
58970,Ball,10.44861,24.7675,Ball
58970,George Hill,12.17535,25.94102,IND
58970,Rodney Stuckey,24.77114,7.86353,IND
58970,Chase Budinger,14.48564,42.71698,IND
58970,Glenn Robinson,5.95812,1.56852,IND
58970,Myles Turner,5.91543,16.05226,IND
58970,David Lee,7.97268,21.26392,BOS
58970,Evan Turner,17.2844,23.9031,BOS
58970,Isaiah Thomas,12.13028,34.83671,BOS
58970,Jonas Jerebko,11.74055,26.61704,BOS
58970,RJ Hunter,7.58757,13.76239,BOS
58980,Ball,4.0994,24.36659,Ball
58980,George Hill,8.18969,24.92474,IND
58980,Rodney Stuckey,24.89604,7.93682,IND
58980,Chase Budinger,15.47203,44.23998,IND
58980,Glenn Robinson,5.92583,1.34794,IND
58980,Myles Turner,5.62043,16.10858,IND
58980,David Lee,7.11539,20.99578,BOS
58980,Evan Turner,17.0539,23.56908,BOS
58980,Isaiah Thomas,11.83107,35.15056,BOS
58980,Jonas Jerebko,8.18969,24.92474,BOS
58980,RJ Hunter,8.24316,14.19725,BOS
