31680,Ball,8.03755,19.72861,Ball
31680,Gerald Henderson,44.9622,6.00036,POR
31680,Al-Farouq Aminu,40.24323,42.8158,POR
31680,Damian Lillard,4.93574,17.36892,POR
31680,Mason Plumlee,39.56902,31.9621,POR
31680,Meyers Leonard,6.78961,25.73206,POR
31680,Ian Mahinmi,53.46869,25.69019,IND
31680,CJ Miles,53.16632,27.42432,IND
31680,Monta Ellis,49.23616,16.63531,IND
31680,Chase Budinger,52.26194,9.37735,IND
31680,Paul George,52.87286,42.43456,IND
31700,Ball,14.48318,15.02474,Ball
31700,Gerald Henderson,57.1829,3.75871,POR
31700,Al-Farouq Aminu,49.80474,44.72386,POR
31700,Damian Lillard,12.59878,14.92482,POR
31700,Mason Plumlee,47.56943,32.56594,POR
31700,Meyers Leonard,12.408,26.61873,POR
31700,Ian Mahinmi,60.01403,25.16619,IND
31700,CJ Miles,56.80598,26.74948,IND
31700,Monta Ellis,53.00746,16.27767,IND
31700,Chase Budinger,61.57661,9.67259,IND
31700,Paul George,59.82881,40.56818,IND
31710,Ball,18.04162,12.98533,Ball
31710,Gerald Henderson,63.05828,2.90698,POR
31710,Al-Farouq Aminu,54.54987,45.45155,POR
31710,Damian Lillard,17.17286,13.6514,POR
31710,Mason Plumlee,51.24252,32.54142,POR
31710,Meyers Leonard,16.576810000000002,26.67576,POR
31710,Ian Mahinmi,62.8308,25.38381,IND
31710,CJ Miles,58.57325,26.72691,IND
31710,Monta Ellis,55.06187,15.81219,IND
31710,Chase Budinger,65.94077,9.79971,IND
31710,Paul George,63.35485,40.18633,IND
31720,Ball,23.02171,11.58151,Ball
31720,Gerald Henderson,68.5709,2.3167400000000002,POR
31720,Al-Farouq Aminu,58.71009,46.13354,POR
31720,Damian Lillard,21.37183,12.64455,POR
31720,Mason Plumlee,54.66296,32.38038,POR
31720,Meyers Leonard,21.12292,27.30401,POR
31720,Ian Mahinmi,65.27236,26.1534,IND
31720,CJ Miles,60.20494,26.46506,IND
31720,Monta Ellis,56.87035,15.22338,IND
31720,Chase Budinger,69.891,9.82251,IND
31720,Paul George,66.61665,39.55812,IND
31720,Ball,23.57706,11.39363,Ball
31720,Gerald Henderson,69.09661,2.27839,POR
31720,Al-Farouq Aminu,59.10037,46.22363,POR
31720,Damian Lillard,21.79582,12.55292,POR
31720,Mason Plumlee,54.99492,32.35612,POR
31720,Meyers Leonard,21.59668,27.39066,POR
31720,Ian Mahinmi,65.50993,26.11388,IND
31720,CJ Miles,60.37709,26.41768,IND
31720,Monta Ellis,57.03836,15.17009,IND
31720,Chase Budinger,70.25948,9.81691,IND
31720,Paul George,66.93069,39.4981,IND
31730,Ball,26.47171,10.44412,Ball
31730,Gerald Henderson,73.54798,1.9739900000000001,POR
31730,Al-Farouq Aminu,62.39964,46.92126,POR
31730,Damian Lillard,25.7507,11.6731,POR
31730,Mason Plumlee,57.87962,32.24773,POR
31730,Meyers Leonard,25.91448,28.07068,POR
31730,Ian Mahinmi,67.32474,25.9436,IND
31730,CJ Miles,62.00404,26.16247,IND
31730,Monta Ellis,58.5362,14.72233,IND
31730,Chase Budinger,73.5263,9.77027,IND
31730,Paul George,69.5461,39.1426,IND
31750,Ball,34.81448,10.03723,Ball
31750,Gerald Henderson,80.67058,1.8119200000000002,POR
31750,Al-Farouq Aminu,68.52789,47.64521,POR
31750,Damian Lillard,34.17133,11.02107,POR
31750,Mason Plumlee,63.4379,32.04156,POR
31750,Meyers Leonard,36.34988,28.47956,POR
31750,Ian Mahinmi,71.12639,26.48151,IND
31750,CJ Miles,65.10286,25.92812,IND
31750,Monta Ellis,61.05102,13.96793,IND
31750,Chase Budinger,78.73898,9.87402,IND
31750,Paul George,74.51193,38.44927,IND
31760,Ball,40.01095,11.45247,Ball
31760,Gerald Henderson,83.07929,1.6648800000000001,POR
31760,Al-Farouq Aminu,71.11411,47.81452,POR
31760,Damian Lillard,37.91937,11.7333,POR
31760,Mason Plumlee,65.9425,32.24829,POR
31760,Meyers Leonard,41.82477,27.66608,POR
31760,Ian Mahinmi,72.72913,26.46492,IND
31760,CJ Miles,67.06668,25.76474,IND
31760,Monta Ellis,61.85388,14.46284,IND
31760,Chase Budinger,80.73849,9.74892,IND
31760,Paul George,76.62363,38.07771,IND
31770,Ball,42.52818,12.47894,Ball
31770,Gerald Henderson,84.6919,2.00075,POR
31770,Al-Farouq Aminu,73.69509,47.38608,POR
31770,Damian Lillard,41.36048,12.98998,POR
31770,Mason Plumlee,68.62657,32.20481,POR
31770,Meyers Leonard,47.17475,26.48421,POR
31770,Ian Mahinmi,74.17187,26.85008,IND
31770,CJ Miles,68.65738,25.59457,IND
31770,Monta Ellis,62.32019,15.37296,IND
31770,Chase Budinger,82.54874,9.95741,IND
31770,Paul George,78.42375,37.94992,IND
31770,Ball,42.7607,12.67886,Ball
31770,Gerald Henderson,84.83477,2.06457,POR
31770,Al-Farouq Aminu,73.95338,47.29543,POR
31770,Damian Lillard,41.66042,13.132390000000001,POR
31770,Mason Plumlee,68.91039,32.22962,POR
31770,Meyers Leonard,47.70805,26.34881,POR
31770,Ian Mahinmi,74.30752,26.88997,IND
31770,CJ Miles,68.7701,25.50468,IND
31770,Monta Ellis,62.37948,15.48772,IND
31770,Chase Budinger,82.71203,10.03191,IND
31770,Paul George,78.60241,37.93332,IND
31780,Ball,45.80656,15.82009,Ball
31780,Gerald Henderson,85.71221,2.59344,POR
31780,Al-Farouq Aminu,76.55582,46.18152,POR
31780,Damian Lillard,44.00878,14.53798,POR
31780,Mason Plumlee,71.49994,32.52792,POR
31780,Meyers Leonard,52.51314,24.95632,POR
31780,Ian Mahinmi,75.51911,27.14529,IND
31780,CJ Miles,70.15626,24.82666,IND
31780,Monta Ellis,62.75959,16.70334,IND
31780,Chase Budinger,83.84567,10.96655,IND
31780,Paul George,80.04482,38.04011,IND
31800,Ball,48.29696,20.55472,Ball
31800,Gerald Henderson,84.42935,5.93342,POR
31800,Al-Farouq Aminu,83.02477,41.23311,POR
31800,Damian Lillard,47.9189,18.24874,POR
31800,Mason Plumlee,77.91474,33.1743,POR
31800,Meyers Leonard,63.04247,22.1682,POR
31800,Ian Mahinmi,78.35367,28.17486,IND
31800,CJ Miles,73.16754,23.446930000000002,IND
31800,Monta Ellis,62.14359,19.88382,IND
31800,Chase Budinger,83.49996,12.15608,IND
31800,Paul George,82.97533,37.71727,IND
31810,Ball,49.1785,21.57675,Ball
31810,Gerald Henderson,82.64969,7.76929,POR
31810,Al-Farouq Aminu,86.39492,37.78513,POR
31810,Damian Lillard,48.99605,20.24757,POR
31810,Mason Plumlee,80.3524,33.35459,POR
31810,Meyers Leonard,67.72654,20.70108,POR
31810,Ian Mahinmi,79.87328,28.5026,IND
31810,CJ Miles,74.70877,22.69882,IND
31810,Monta Ellis,61.95922,21.49659,IND
31810,Chase Budinger,82.64108,13.06572,IND
31810,Paul George,84.65543,36.14245,IND
31820,Ball,49.9169,23.44867,Ball
31820,Gerald Henderson,80.4066,9.93564,POR
31820,Al-Farouq Aminu,89.312,33.49797,POR
31820,Damian Lillard,49.96833,21.83393,POR
31820,Mason Plumlee,81.92891,33.40725,POR
31820,Meyers Leonard,72.21968,19.34379,POR
31820,Ian Mahinmi,81.95896,29.17462,IND
31820,CJ Miles,76.70788,21.99045,IND
31820,Monta Ellis,61.87699,22.7914,IND
31820,Chase Budinger,81.31059,13.84915,IND
31820,Paul George,86.35456,33.1087,IND
31820,Ball,49.92636,23.62164,Ball
31820,Gerald Henderson,80.13967,10.16908,POR
31820,Al-Farouq Aminu,89.5639,33.00069,POR
31820,Damian Lillard,50.06677,21.99436,POR
31820,Mason Plumlee,82.10589,33.4386,POR
31820,Meyers Leonard,72.62095,19.22422,POR
31820,Ian Mahinmi,82.15929,29.2616,IND
31820,CJ Miles,76.90699,21.90591,IND
31820,Monta Ellis,61.88475,22.91963,IND
31820,Chase Budinger,81.13571,13.84813,IND
31820,Paul George,86.51464,32.7748,IND
31830,Ball,50.01921,25.10641,Ball
31830,Gerald Henderson,77.68784,12.09017,POR
31830,Al-Farouq Aminu,91.12276,28.1706,POR
31830,Damian Lillard,50.70193,23.76498,POR
31830,Mason Plumlee,83.6703,33.79097,POR
31830,Meyers Leonard,76.72082,18.16959,POR
31830,Ian Mahinmi,83.26863,29.76814,IND
31830,CJ Miles,78.49528,21.17546,IND
31830,Monta Ellis,62.2276,24.25735,IND
31830,Chase Budinger,79.30694,14.08845,IND
31830,Paul George,87.51307,29.66229,IND
31850,Ball,51.77176,28.16796,Ball
31850,Gerald Henderson,72.68581,15.20354,POR
31850,Al-Farouq Aminu,92.70153,18.03424,POR
31850,Damian Lillard,52.44968,27.07931,POR
31850,Mason Plumlee,86.21279,35.05132,POR
31850,Meyers Leonard,83.13623,16.13699,POR
31850,Ian Mahinmi,83.71775,31.21395,IND
31850,CJ Miles,81.91852,20.15851,IND
31850,Monta Ellis,63.08528,26.90334,IND
31850,Chase Budinger,76.00002,16.06976,IND
31850,Paul George,89.43785,21.98173,IND
31860,Ball,53.34269,29.70192,Ball
31860,Gerald Henderson,72.0312,16.44117,POR
31860,Al-Farouq Aminu,92.75685,13.62601,POR
31860,Damian Lillard,53.35666,28.74663,POR
31860,Mason Plumlee,87.48198,35.0685,POR
31860,Meyers Leonard,85.18326,15.86286,POR
31860,Ian Mahinmi,85.15064,31.71921,IND
31860,CJ Miles,84.15481,20.02129,IND
31860,Monta Ellis,63.22775,28.0046,IND
31860,Chase Budinger,75.42508,17.19865,IND
31860,Paul George,89.6107,18.50054,IND
31870,Ball,54.48322,31.66458,Ball
31870,Gerald Henderson,73.06649,17.7075,POR
31870,Al-Farouq Aminu,92.54876,10.62867,POR
31870,Damian Lillard,54.33754,29.99245,POR
31870,Mason Plumlee,88.52597,35.35032,POR
31870,Meyers Leonard,86.08712,15.43362,POR
31870,Ian Mahinmi,86.19793,31.76283,IND
31870,CJ Miles,86.14734,20.42358,IND
31870,Monta Ellis,63.52594,29.00272,IND
31870,Chase Budinger,75.30761,17.63849,IND
31870,Paul George,89.3173,15.49175,IND
31870,Ball,54.47825,31.74769,Ball
31870,Gerald Henderson,73.27952,17.88174,POR
31870,Al-Farouq Aminu,92.51536,10.4324,POR
31870,Damian Lillard,54.41593,30.10398,POR
31870,Mason Plumlee,88.63911,35.42059,POR
31870,Meyers Leonard,86.0703,15.39734,POR
31870,Ian Mahinmi,86.27744,31.74626,IND
31870,CJ Miles,86.29125,20.4114,IND
31870,Monta Ellis,63.57832,29.1039,IND
31870,Chase Budinger,75.32328,17.66147,IND
31870,Paul George,89.30511,15.24907,IND
31880,Ball,54.61708,32.44739,Ball
31880,Gerald Henderson,76.10393,19.5005,POR
31880,Al-Farouq Aminu,92.54777,9.52971,POR
31880,Damian Lillard,55.09269,31.10847,POR
31880,Mason Plumlee,89.65051,35.622370000000004,POR
31880,Meyers Leonard,85.16012,15.19921,POR
31880,Ian Mahinmi,87.08756,31.75582,IND
31880,CJ Miles,87.1257,19.96861,IND
31880,Monta Ellis,63.99546,29.79678,IND
31880,Chase Budinger,76.38384,17.85184,IND
31880,Paul George,88.90299,13.66065,IND
31900,Ball,55.45476,31.57399,Ball
31900,Gerald Henderson,82.37675,19.72162,POR
31900,Al-Farouq Aminu,92.98211,13.2327,POR
31900,Damian Lillard,55.85686,32.82068,POR
31900,Mason Plumlee,90.90362,35.96908,POR
31900,Meyers Leonard,79.68556,15.77801,POR
31900,Ian Mahinmi,88.65967,32.38508,IND
31900,CJ Miles,84.54724,16.90043,IND
31900,Monta Ellis,64.99791,30.93248,IND
31900,Chase Budinger,80.70525,18.79078,IND
31900,Paul George,90.08207,14.46482,IND
31910,Ball,57.95372,33.66701,Ball
31910,Gerald Henderson,83.15925,17.61064,POR
31910,Al-Farouq Aminu,93.4814,17.38772,POR
31910,Damian Lillard,56.75367,33.54808,POR
31910,Mason Plumlee,90.46134,36.26376,POR
31910,Meyers Leonard,75.24082,17.62748,POR
31910,Ian Mahinmi,89.08057,32.51298,IND
31910,CJ Miles,80.96105,15.94546,IND
31910,Monta Ellis,65.33722,31.29665,IND
31910,Chase Budinger,81.65817,19.52679,IND
31910,Paul George,90.70489,16.15485,IND
31920,Ball,59.21484,34.60459,Ball
31920,Gerald Henderson,83.47329,14.55174,POR
31920,Al-Farouq Aminu,93.61382,22.0693,POR
31920,Damian Lillard,57.66863,33.30684,POR
31920,Mason Plumlee,89.87421,36.43263,POR
31920,Meyers Leonard,70.78579,20.61714,POR
31920,Ian Mahinmi,89.33348,32.6627,IND
31920,CJ Miles,76.11182,16.93046,IND
31920,Monta Ellis,65.90658,31.2598,IND
31920,Chase Budinger,81.90355,19.51689,IND
31920,Paul George,90.9683,18.87455,IND
31920,Ball,59.37742,34.57565,Ball
31920,Gerald Henderson,83.54057,14.22989,POR
31920,Al-Farouq Aminu,93.64398,22.57084,POR
31920,Damian Lillard,57.72022,33.22421,POR
31920,Mason Plumlee,89.82807,36.45601,POR
31920,Meyers Leonard,70.38485,20.93163,POR
31920,Ian Mahinmi,89.34107,32.68417,IND
31920,CJ Miles,75.59403,17.08974,IND
31920,Monta Ellis,65.97156,31.23054,IND
31920,Chase Budinger,81.87815,19.43908,IND
31920,Paul George,90.94029,19.16695,IND
31930,Ball,57.90609,31.634430000000002,Ball
31930,Gerald Henderson,84.40995,11.21031,POR
31930,Al-Farouq Aminu,93.97502,27.26839,POR
31930,Damian Lillard,58.03699,31.82412,POR
31930,Mason Plumlee,89.37252,36.71845,POR
31930,Meyers Leonard,67.4165,23.55601,POR
31930,Ian Mahinmi,89.32043,32.84881,IND
31930,CJ Miles,71.20509,19.07367,IND
31930,Monta Ellis,66.25006,30.93987,IND
31930,Chase Budinger,82.05759,18.5008,IND
31930,Paul George,90.48949,22.09662,IND
31950,Ball,57.38606,24.52027,Ball
31950,Gerald Henderson,86.75636,5.32676,POR
31950,Al-Farouq Aminu,92.82566,37.06385,POR
31950,Damian Lillard,57.6134,25.87873,POR
31950,Mason Plumlee,87.80189,37.0217,POR
31950,Meyers Leonard,64.19081,26.16735,POR
31950,Ian Mahinmi,88.12303,32.923,IND
31950,CJ Miles,62.96089,22.00052,IND
31950,Monta Ellis,64.40158,28.90402,IND
31950,Chase Budinger,83.57878,16.74751,IND
31950,Paul George,87.14059,28.92827,IND
31960,Ball,54.22717,22.45607,Ball
31960,Gerald Henderson,86.4848,3.12047,POR
31960,Al-Farouq Aminu,91.20692,41.28523,POR
31960,Damian Lillard,55.97568,23.3056,POR
31960,Mason Plumlee,86.98212,37.02312,POR
31960,Meyers Leonard,63.02359,26.57204,POR
31960,Ian Mahinmi,87.79042,32.84745,IND
31960,CJ Miles,60.893,22.26548,IND
31960,Monta Ellis,62.43268,27.48527,IND
31960,Chase Budinger,84.12784,15.9036,IND
31960,Paul George,85.20577,31.19409,IND
31970,Ball,54.51062,19.56574,Ball
31970,Gerald Henderson,85.8479,1.81732,POR
31970,Al-Farouq Aminu,89.26362,44.66879,POR
31970,Damian Lillard,55.81852,20.81038,POR
31970,Mason Plumlee,87.34691,37.10871,POR
31970,Meyers Leonard,63.09526,27.03328,POR
31970,Ian Mahinmi,86.96475,31.91137,IND
31970,CJ Miles,61.3659,23.99467,IND
31970,Monta Ellis,62.05494,24.54745,IND
31970,Chase Budinger,84.21116,14.83992,IND
31970,Paul George,83.31506,32.38822,IND
31970,Ball,54.36591,19.3067,Ball
31970,Gerald Henderson,85.80517,1.74719,POR
31970,Al-Farouq Aminu,89.06305,44.942660000000004,POR
31970,Damian Lillard,56.01512,20.54198,POR
31970,Mason Plumlee,87.42759,37.1241,POR
31970,Meyers Leonard,63.1573,27.14631,POR
31970,Ian Mahinmi,86.86531,31.80676,IND
31970,CJ Miles,61.59639,24.14474,IND
31970,Monta Ellis,62.09002,24.29988,IND
31970,Chase Budinger,84.19744,14.76378,IND
31970,Paul George,83.1303,32.5288,IND
31980,Ball,59.66411,17.29726,Ball
31980,Gerald Henderson,85.9519,1.52553,POR
31980,Al-Farouq Aminu,87.19023,46.78255,POR
31980,Damian Lillard,59.34204,18.47175,POR
31980,Mason Plumlee,88.07806,37.03918,POR
31980,Meyers Leonard,63.36777,27.88117,POR
31980,Ian Mahinmi,85.96453,30.99775,IND
31980,CJ Miles,64.05992,24.949,IND
31980,Monta Ellis,63.22239,23.27255,IND
31980,Chase Budinger,83.96169,14.19835,IND
31980,Paul George,81.76924,33.38114,IND
32000,Ball,73.39604,16.38049,Ball
32000,Gerald Henderson,87.18515,1.93022,POR
32000,Al-Farouq Aminu,84.03414,48.32049,POR
32000,Damian Lillard,72.62728,17.54771,POR
32000,Mason Plumlee,89.04205,34.42709,POR
32000,Meyers Leonard,62.39331,29.52534,POR
32000,Ian Mahinmi,83.78421,27.13394,IND
32000,CJ Miles,68.66519,28.54581,IND
32000,Monta Ellis,71.82494,20.61468,IND
32000,Chase Budinger,83.62814,15.17779,IND
32000,Paul George,80.99009,33.73846,IND
32010,Ball,78.46676,24.84645,Ball
32010,Gerald Henderson,87.03542,2.0285,POR
32010,Al-Farouq Aminu,83.54034,48.17256,POR
32010,Damian Lillard,79.44773,19.42719,POR
32010,Mason Plumlee,89.57208,31.4944,POR
32010,Meyers Leonard,62.55965,29.74374,POR
32010,Ian Mahinmi,83.0524,24.49738,IND
32010,CJ Miles,71.10958,29.25476,IND
32010,Monta Ellis,77.43733,21.31562,IND
32010,Chase Budinger,83.94575,15.11417,IND
32010,Paul George,82.52446,32.52477,IND
32020,Ball,81.15494,40.90281,Ball
32020,Gerald Henderson,87.10062,1.9992400000000001,POR
32020,Al-Farouq Aminu,83.18868,48.23239,POR
32020,Damian Lillard,85.53497,21.28217,POR
32020,Mason Plumlee,89.66158,28.44118,POR
32020,Meyers Leonard,63.18786,29.21222,POR
32020,Ian Mahinmi,83.66272,22.67959,IND
32020,CJ Miles,73.19974,29.27359,IND
32020,Monta Ellis,81.16575,24.09302,IND
32020,Chase Budinger,84.67548,14.16167,IND
32020,Paul George,84.78568,31.56821,IND
32020,Ball,81.27621,42.50498,Ball
32020,Gerald Henderson,87.05202,2.00524,POR
32020,Al-Farouq Aminu,83.10332,48.23362,POR
32020,Damian Lillard,86.05925,21.44832,POR
32020,Mason Plumlee,89.68062,28.17316,POR
32020,Meyers Leonard,63.22432,29.11288,POR
32020,Ian Mahinmi,83.7348,22.6086,IND
32020,CJ Miles,73.37464,29.25054,IND
32020,Monta Ellis,81.47128,24.37574,IND
32020,Chase Budinger,84.74403,14.10321,IND
32020,Paul George,84.98108,31.58512,IND
32030,Ball,81.85454,47.07487,Ball
32030,Gerald Henderson,85.6827,2.24308,POR
32030,Al-Farouq Aminu,82.40021,48.18676,POR
32030,Damian Lillard,90.02296,22.63249,POR
32030,Mason Plumlee,90.37484,26.00691,POR
32030,Meyers Leonard,63.2845,28.13228,POR
32030,Ian Mahinmi,84.14698,23.28626,IND
32030,CJ Miles,74.59254,28.81137,IND
32030,Monta Ellis,83.68673,26.12229,IND
32030,Chase Budinger,85.17265,13.52122,IND
32030,Paul George,85.60437,33.27708,IND
32050,Ball,83.05538,44.49519,Ball
32050,Gerald Henderson,79.43626,3.70678,POR
32050,Al-Farouq Aminu,82.04367,47.62973,POR
32050,Damian Lillard,94.37285,26.0092,POR
32050,Mason Plumlee,89.90884,22.18449,POR
32050,Meyers Leonard,63.44384,27.827280000000002,POR
32050,Ian Mahinmi,84.76094,25.58587,IND
32050,CJ Miles,75.53673,26.57336,IND
32050,Monta Ellis,86.33577,28.43372,IND
32050,Chase Budinger,85.22172,14.4896,IND
32050,Paul George,83.06775,40.99904,IND
32060,Ball,85.29721,37.50529,Ball
32060,Gerald Henderson,75.2258,4.77955,POR
32060,Al-Farouq Aminu,81.71111,47.39323,POR
32060,Damian Lillard,93.92017,28.78927,POR
32060,Mason Plumlee,89.10218,21.45056,POR
32060,Meyers Leonard,63.26864,27.10473,POR
32060,Ian Mahinmi,84.28365,25.33766,IND
32060,CJ Miles,76.44864,25.84939,IND
32060,Monta Ellis,86.86308,29.68911,IND
32060,Chase Budinger,84.99439,16.00221,IND
32060,Paul George,80.41595,44.76036,IND
32070,Ball,87.44351,30.63737,Ball
32070,Gerald Henderson,70.84686,5.8729,POR
32070,Al-Farouq Aminu,81.42349,47.43443,POR
32070,Damian Lillard,92.06343,31.28683,POR
32070,Mason Plumlee,88.59893,20.699,POR
32070,Meyers Leonard,62.67477,26.75989,POR
32070,Ian Mahinmi,85.2689,24.26206,IND
32070,CJ Miles,77.76784,25.45205,IND
32070,Monta Ellis,86.69223,30.54088,IND
32070,Chase Budinger,85.22042,17.3651,IND
32070,Paul George,76.948,47.36456,IND
32070,Ball,87.64519,29.90914,Ball
32070,Gerald Henderson,70.39893000000001,5.97314,POR
32070,Al-Farouq Aminu,81.38007,47.41104,POR
32070,Damian Lillard,91.82277,31.51148,POR
32070,Mason Plumlee,88.52565,20.61177,POR
32070,Meyers Leonard,62.58869,26.77113,POR
32070,Ian Mahinmi,85.30691,24.03877,IND
32070,CJ Miles,77.89008,25.45438,IND
32070,Monta Ellis,86.65594,30.60255,IND
32070,Chase Budinger,85.25786,17.48412,IND
32070,Paul George,76.55371,47.61294,IND
32080,Ball,88.83374,24.28778,Ball
32080,Gerald Henderson,66.54434,7.01043,POR
32080,Al-Farouq Aminu,80.56136,47.00732,POR
32080,Damian Lillard,89.43798,32.86279,POR
32080,Mason Plumlee,87.57412,19.66019,POR
32080,Meyers Leonard,61.71042,26.92406,POR
32080,Ian Mahinmi,86.46306,21.6807,IND
32080,CJ Miles,79.00916,25.72032,IND
32080,Monta Ellis,86.31893,31.10526,IND
32080,Chase Budinger,85.74846,18.23852,IND
32080,Paul George,73.34073,48.94865,IND
32100,Ball,87.16739,17.30341,Ball
32100,Gerald Henderson,59.25956,8.62104,POR
32100,Al-Farouq Aminu,75.99273,44.61447,POR
32100,Damian Lillard,82.23451,32.50478,POR
32100,Mason Plumlee,87.21369,16.71986,POR
32100,Meyers Leonard,59.09001,26.32239,POR
32100,Ian Mahinmi,89.6621,19.21301,IND
32100,CJ Miles,80.84728,25.45128,IND
32100,Monta Ellis,86.045,31.26849,IND
32100,Chase Budinger,86.36416,19.22233,IND
32100,Paul George,64.73627,48.2659,IND
32110,Ball,86.74744,19.8972,Ball
32110,Gerald Henderson,57.041,9.30973,POR
32110,Al-Farouq Aminu,73.75055,42.98428,POR
32110,Damian Lillard,79.03988,30.56736,POR
32110,Mason Plumlee,87.37558,15.38602,POR
32110,Meyers Leonard,57.61268,26.4604,POR
32110,Ian Mahinmi,90.01592,19.02529,IND
32110,CJ Miles,81.09256,24.78366,IND
32110,Monta Ellis,86.09803,30.84821,IND
32110,Chase Budinger,87.55623,18.62871,IND
32110,Paul George,59.611,46.59374,IND
32120,Ball,86.15787,22.42138,Ball
32120,Gerald Henderson,54.51953,9.83862,POR
32120,Al-Farouq Aminu,71.70279,41.31165,POR
32120,Damian Lillard,76.44846,27.90786,POR
32120,Mason Plumlee,86.37145,13.32518,POR
32120,Meyers Leonard,56.05098,26.38682,POR
32120,Ian Mahinmi,90.26779,18.93904,IND
32120,CJ Miles,83.27259,24.53433,IND
32120,Monta Ellis,86.42528,30.27343,IND
32120,Chase Budinger,87.90769,17.6269,IND
32120,Paul George,54.68571,45.08664,IND
32120,Ball,86.04858,22.69187,Ball
32120,Gerald Henderson,54.26215,9.90867,POR
32120,Al-Farouq Aminu,71.42876,41.14865,POR
32120,Damian Lillard,76.19052,27.66661,POR
32120,Mason Plumlee,86.2036,13.17785,POR
32120,Meyers Leonard,55.87416,26.3624,POR
32120,Ian Mahinmi,90.25104,18.93836,IND
32120,CJ Miles,83.53989,24.52318,IND
32120,Monta Ellis,86.46094,30.23013,IND
32120,Chase Budinger,87.88614,17.47867,IND
32120,Paul George,54.19962,44.89683,IND
