48340,Ball,37.69589,35.01095,Ball
48340,Devin Harris,10.830680000000001,32.5098,DAL
48340,Jose Juan Barea,37.37639,30.17575,DAL
48340,Raymond Felton,22.27228,37.05212,DAL
48340,Charlie Villanueva,8.21866,16.29674,DAL
48340,Dwight Powell,28.86775,30.0855,DAL
48340,Garrett Temple,7.22537,47.62188,WAS
48340,Ramon Sessions,24.68223,46.12285,WAS
48340,Marcin Gortat,32.87566,28.77617,WAS
48340,John Wall,37.48046,32.73636,WAS
48340,Otto Porter,2.53302,-0.9066900000000001,WAS
48350,Ball,32.47953,35.03347,Ball
48350,Devin Harris,10.64343,32.43374,DAL
48350,Jose Juan Barea,33.91605,31.49449,DAL
48350,Raymond Felton,22.0802,36.81029,DAL
48350,Charlie Villanueva,9.4032,16.82525,DAL
48350,Dwight Powell,27.57709,31.62585,DAL
48350,Garrett Temple,6.3413,47.4725,WAS
48350,Ramon Sessions,23.92172,46.95032,WAS
48350,Marcin Gortat,31.07681,29.68862,WAS
48350,John Wall,33.30641,33.73454,WAS
48350,Otto Porter,3.42573,1.04615,WAS
48360,Ball,29.49962,36.67403,Ball
48360,Devin Harris,10.05824,33.48576,DAL
48360,Jose Juan Barea,31.13909,32.4095,DAL
48360,Raymond Felton,21.83677,36.91574,DAL
48360,Charlie Villanueva,10.39756,18.37694,DAL
48360,Dwight Powell,25.48262,32.59302,DAL
48360,Garrett Temple,5.64036,47.66188,WAS
48360,Ramon Sessions,23.15957,47.37555,WAS
48360,Marcin Gortat,29.67627,31.02081,WAS
48360,John Wall,29.61627,34.12041,WAS
48360,Otto Porter,4.09711,1.8599800000000002,WAS
48370,Ball,27.44125,36.597,Ball
48370,Devin Harris,9.13589,34.93926,DAL
48370,Jose Juan Barea,29.11983,32.79327,DAL
48370,Raymond Felton,21.64571,36.85573,DAL
48370,Charlie Villanueva,11.34036,19.93841,DAL
48370,Dwight Powell,24.35972,33.51466,DAL
48370,Garrett Temple,5.68499,47.73981,WAS
48370,Ramon Sessions,21.92727,47.69309,WAS
48370,Marcin Gortat,28.11437,29.98908,WAS
48370,John Wall,28.34047,35.04654,WAS
48370,Otto Porter,3.86737,2.35717,WAS
48380,Ball,28.19201,38.0452,Ball
48380,Devin Harris,8.49778,36.31669,DAL
48380,Jose Juan Barea,28.52001,34.32203,DAL
48380,Raymond Felton,21.05304,38.24163,DAL
48380,Charlie Villanueva,11.91057,20.90817,DAL
48380,Dwight Powell,23.86533,35.24961,DAL
48380,Garrett Temple,5.80537,47.73078,WAS
48380,Ramon Sessions,20.78858,47.95633,WAS
48380,Marcin Gortat,25.9436,27.744,WAS
48380,John Wall,28.72341,36.16324,WAS
48380,Otto Porter,4.04606,2.9664,WAS
48390,Ball,24.395,31.64424,Ball
48390,Devin Harris,8.11655,36.57115,DAL
48390,Jose Juan Barea,28.30412,35.93848,DAL
48390,Raymond Felton,20.02292,39.91851,DAL
48390,Charlie Villanueva,12.12705,21.45324,DAL
48390,Dwight Powell,24.70383,36.84369,DAL
48390,Garrett Temple,5.7406,47.70271,WAS
48390,Ramon Sessions,19.58388,47.83267,WAS
48390,Marcin Gortat,22.57734,25.86155,WAS
48390,John Wall,29.10386,37.6756,WAS
48390,Otto Porter,4.32237,3.39561,WAS
48400,Ball,17.54774,22.15375,Ball
48400,Devin Harris,7.78233,35.23902,DAL
48400,Jose Juan Barea,28.11545,36.76412,DAL
48400,Raymond Felton,18.49649,40.65464,DAL
48400,Charlie Villanueva,12.22666,21.78769,DAL
48400,Dwight Powell,25.98485,37.86821,DAL
48400,Garrett Temple,5.77451,47.68317,WAS
48400,Ramon Sessions,18.85711,47.39125,WAS
48400,Marcin Gortat,19.26307,24.38638,WAS
48400,John Wall,29.85869,38.89646,WAS
48400,Otto Porter,4.81094,3.27109,WAS
48410,Ball,10.986180000000001,12.95062,Ball
48410,Devin Harris,7.35614,33.53785,DAL
48410,Jose Juan Barea,28.31337,36.63301,DAL
48410,Raymond Felton,16.83249,40.15108,DAL
48410,Charlie Villanueva,11.51557,19.83604,DAL
48410,Dwight Powell,25.88611,37.69834,DAL
48410,Garrett Temple,5.72712,47.70598,WAS
48410,Ramon Sessions,18.39836,47.1768,WAS
48410,Marcin Gortat,17.24484,22.17022,WAS
48410,John Wall,30.9725,39.73271,WAS
48410,Otto Porter,4.78653,3.24845,WAS
48420,Ball,4.56869,4.0584,Ball
48420,Devin Harris,6.74422,32.29611,DAL
48420,Jose Juan Barea,28.75986,35.94093,DAL
48420,Raymond Felton,15.46322,38.75959,DAL
48420,Charlie Villanueva,9.811350000000001,15.6383,DAL
48420,Dwight Powell,23.44552,35.69659,DAL
48420,Garrett Temple,5.65988,47.74612,WAS
48420,Ramon Sessions,18.09233,47.21461,WAS
48420,Marcin Gortat,16.0259,19.68651,WAS
48420,John Wall,31.99752,40.25695,WAS
48420,Otto Porter,4.28358,2.85884,WAS
48430,Ball,3.60847,3.25895,Ball
48430,Devin Harris,6.8705,29.86018,DAL
48430,Jose Juan Barea,28.47152,34.8829,DAL
48430,Raymond Felton,13.92182,37.25119,DAL
48430,Charlie Villanueva,7.74735,11.581,DAL
48430,Dwight Powell,19.93999,32.18352,DAL
48430,Garrett Temple,5.67511,47.73317,WAS
48430,Ramon Sessions,18.13396,47.1589,WAS
48430,Marcin Gortat,15.2013,17.07453,WAS
48430,John Wall,32.82556,40.35086,WAS
48430,Otto Porter,3.95233,2.66639,WAS
48440,Ball,5.90008,3.6147400000000003,Ball
48440,Devin Harris,7.13407,26.66184,DAL
48440,Jose Juan Barea,27.64564,33.88342,DAL
48440,Raymond Felton,12.20206,35.73152,DAL
48440,Charlie Villanueva,6.62313,9.31538,DAL
48440,Dwight Powell,16.4073,27.85987,DAL
48440,Garrett Temple,5.66005,47.70756,WAS
48440,Ramon Sessions,18.18447,47.072,WAS
48440,Marcin Gortat,15.35995,14.8732,WAS
48440,John Wall,33.45107,40.04249,WAS
48440,Otto Porter,4.62895,2.4235100000000003,WAS
48450,Ball,5.43301,4.07691,Ball
48450,Devin Harris,7.34747,24.11949,DAL
48450,Jose Juan Barea,26.21564,32.81773,DAL
48450,Raymond Felton,10.46216,34.54094,DAL
48450,Charlie Villanueva,6.49345,7.053,DAL
48450,Dwight Powell,14.03046,23.22632,DAL
48450,Garrett Temple,5.78333,47.54711,WAS
48450,Ramon Sessions,18.46724,46.82481,WAS
48450,Marcin Gortat,16.28735,13.88914,WAS
48450,John Wall,33.95239,39.63369,WAS
48450,Otto Porter,5.15346,2.58685,WAS
48460,Ball,5.17232,11.4176,Ball
48460,Devin Harris,6.97683,22.5451,DAL
48460,Jose Juan Barea,24.43133,31.84552,DAL
48460,Raymond Felton,8.75621,33.68838,DAL
48460,Charlie Villanueva,5.99993,5.05615,DAL
48460,Dwight Powell,13.86856,19.51036,DAL
48460,Garrett Temple,6.58316,47.08599,WAS
48460,Ramon Sessions,19.12167,46.16015,WAS
48460,Marcin Gortat,17.28757,14.05996,WAS
48460,John Wall,34.00701,38.96144,WAS
48460,Otto Porter,5.56857,2.69728,WAS
48470,Ball,5.39055,19.07945,Ball
48470,Devin Harris,6.49422,21.63975,DAL
48470,Jose Juan Barea,22.49981,30.84983,DAL
48470,Raymond Felton,7.30868,32.90232,DAL
48470,Charlie Villanueva,5.73466,3.71099,DAL
48470,Dwight Powell,13.913030000000001,18.31201,DAL
48470,Garrett Temple,7.92109,45.86061,WAS
48470,Ramon Sessions,19.97279,45.09996,WAS
48470,Marcin Gortat,18.98036,14.4829,WAS
48470,John Wall,34.25505,37.86597,WAS
48470,Otto Porter,6.2554,1.8839700000000001,WAS
48480,Ball,5.06446,25.3302,Ball
48480,Devin Harris,5.83898,21.84832,DAL
48480,Jose Juan Barea,20.7496,30.16209,DAL
48480,Raymond Felton,6.39932,32.47144,DAL
48480,Charlie Villanueva,5.84511,2.77008,DAL
48480,Dwight Powell,12.90209,18.33785,DAL
48480,Garrett Temple,9.63398,44.34691,WAS
48480,Ramon Sessions,21.06897,43.76198,WAS
48480,Marcin Gortat,21.19094,15.0662,WAS
48480,John Wall,35.19508,36.66995,WAS
48480,Otto Porter,7.5869,0.8434200000000001,WAS
48490,Ball,5.13561,23.62055,Ball
48490,Devin Harris,5.0694,21.64118,DAL
48490,Jose Juan Barea,19.03733,29.6768,DAL
48490,Raymond Felton,6.34035,32.4717,DAL
48490,Charlie Villanueva,6.1017,2.85282,DAL
48490,Dwight Powell,11.58632,18.80046,DAL
48490,Garrett Temple,12.47382,42.34982,WAS
48490,Ramon Sessions,22.48921,42.51732,WAS
48490,Marcin Gortat,23.89821,15.54206,WAS
48490,John Wall,36.4337,35.46335,WAS
48490,Otto Porter,9.5955,0.7597400000000001,WAS
48500,Ball,4.42796,23.02958,Ball
48500,Devin Harris,3.9823,21.49985,DAL
48500,Jose Juan Barea,17.55544,28.98567,DAL
48500,Raymond Felton,7.43069,32.63637,DAL
48500,Charlie Villanueva,6.55304,3.45768,DAL
48500,Dwight Powell,10.5721,18.92931,DAL
48500,Garrett Temple,16.05012,39.96871,WAS
48500,Ramon Sessions,23.95993,41.19239,WAS
48500,Marcin Gortat,27.3602,16.11118,WAS
48500,John Wall,38.08023,34.15642,WAS
48500,Otto Porter,12.22204,1.58343,WAS
48510,Ball,1.79242,23.44758,Ball
48510,Devin Harris,1.9153,22.30474,DAL
48510,Jose Juan Barea,16.16709,28.09248,DAL
48510,Raymond Felton,9.60775,33.41941,DAL
48510,Charlie Villanueva,7.62217,4.77831,DAL
48510,Dwight Powell,10.99117,18.42808,DAL
48510,Garrett Temple,20.25881,37.5626,WAS
48510,Ramon Sessions,25.72262,39.927080000000004,WAS
48510,Marcin Gortat,31.34281,16.63092,WAS
48510,John Wall,40.11534,33.12766,WAS
48510,Otto Porter,16.32019,3.16211,WAS
48530,Ball,5.19081,24.05489,Ball
48530,Devin Harris,-0.9174100000000001,22.13665,DAL
48530,Jose Juan Barea,14.21573,25.69459,DAL
48530,Raymond Felton,17.02258,36.22426,DAL
48530,Charlie Villanueva,12.98695,7.47976,DAL
48530,Dwight Powell,16.3803,17.85162,DAL
48530,Garrett Temple,30.11622,34.24532,WAS
48530,Ramon Sessions,30.13753,37.32286,WAS
48530,Marcin Gortat,39.99067,17.70233,WAS
48530,John Wall,45.03853,31.9507,WAS
48530,Otto Porter,26.23247,6.8234200000000005,WAS
48540,Ball,13.73948,23.40563,Ball
48540,Devin Harris,0.59096,20.67522,DAL
48540,Jose Juan Barea,14.19297,24.256,DAL
48540,Raymond Felton,21.6288,37.94275,DAL
48540,Charlie Villanueva,17.5926,7.94907,DAL
48540,Dwight Powell,20.4228,17.70972,DAL
48540,Garrett Temple,35.65851,33.42078,WAS
48540,Ramon Sessions,32.73368,35.42049,WAS
48540,Marcin Gortat,44.40264,18.23409,WAS
48540,John Wall,47.67804,32.41665,WAS
48540,Otto Porter,31.56394,8.53767,WAS
48550,Ball,17.11403,22.17845,Ball
48550,Devin Harris,3.9292100000000003,18.96421,DAL
48550,Jose Juan Barea,15.80134,22.75354,DAL
48550,Raymond Felton,26.70193,39.79984,DAL
48550,Charlie Villanueva,22.82236,8.10471,DAL
48550,Dwight Powell,25.11983,17.73078,DAL
48550,Garrett Temple,40.7426,32.16645,WAS
48550,Ramon Sessions,35.67851,33.49295,WAS
48550,Marcin Gortat,48.67247,18.81225,WAS
48550,John Wall,50.51105,33.28874,WAS
48550,Otto Porter,36.99112,10.21155,WAS
48560,Ball,20.36551,20.30235,Ball
48560,Devin Harris,8.45893,17.17621,DAL
48560,Jose Juan Barea,18.46064,21.47297,DAL
48560,Raymond Felton,31.97678,41.50374,DAL
48560,Charlie Villanueva,28.43367,8.14597,DAL
48560,Dwight Powell,30.38116,17.47757,DAL
48560,Garrett Temple,45.04573,29.75431,WAS
48560,Ramon Sessions,38.79455,31.52066,WAS
48560,Marcin Gortat,52.686,19.51764,WAS
48560,John Wall,53.27844,33.98842,WAS
48560,Otto Porter,42.40882,11.2195,WAS
48570,Ball,22.63936,19.40199,Ball
48570,Devin Harris,13.69579,15.52046,DAL
48570,Jose Juan Barea,22.37284,20.41708,DAL
48570,Raymond Felton,37.46521,43.13796,DAL
48570,Charlie Villanueva,34.60171,8.24106,DAL
48570,Dwight Powell,35.88842,16.73615,DAL
48570,Garrett Temple,48.76347,26.58372,WAS
48570,Ramon Sessions,42.10959,29.33969,WAS
48570,Marcin Gortat,56.50586,20.00719,WAS
48570,John Wall,55.74337,34.73203,WAS
48570,Otto Porter,47.37181,11.48693,WAS
48580,Ball,28.45609,19.45535,Ball
48580,Devin Harris,19.40499,14.08361,DAL
48580,Jose Juan Barea,27.07764,20.17831,DAL
48580,Raymond Felton,43.06263,44.71145,DAL
48580,Charlie Villanueva,40.93186,8.33625,DAL
48580,Dwight Powell,41.66033,15.87002,DAL
48580,Garrett Temple,51.92633,22.98238,WAS
48580,Ramon Sessions,45.44463,27.36968,WAS
48580,Marcin Gortat,60.19296,20.35206,WAS
48580,John Wall,58.22604,35.46855,WAS
48580,Otto Porter,52.21664,11.54656,WAS
48590,Ball,32.57125,19.33711,Ball
48590,Devin Harris,25.39407,12.57715,DAL
48590,Jose Juan Barea,32.13462,20.39992,DAL
48590,Raymond Felton,48.66533,46.16602,DAL
48590,Charlie Villanueva,47.14601,8.02763,DAL
48590,Dwight Powell,47.63977,15.02332,DAL
48590,Garrett Temple,54.76316,19.29278,WAS
48590,Ramon Sessions,48.71829,25.7243,WAS
48590,Marcin Gortat,63.58292,20.67353,WAS
48590,John Wall,60.8202,35.78068,WAS
48590,Otto Porter,56.97126,11.67959,WAS
48600,Ball,38.87351,21.97622,Ball
48600,Devin Harris,31.29476,10.95118,DAL
48600,Jose Juan Barea,36.83729,21.669620000000002,DAL
48600,Raymond Felton,54.07804,47.3604,DAL
48600,Charlie Villanueva,52.55595,7.31765,DAL
48600,Dwight Powell,53.36425,13.93461,DAL
48600,Garrett Temple,57.23995,16.31243,WAS
48600,Ramon Sessions,51.89143,24.68476,WAS
48600,Marcin Gortat,66.57227,20.877580000000002,WAS
48600,John Wall,63.44946,36.12362,WAS
48600,Otto Porter,61.46735,11.80863,WAS
48610,Ball,41.60636,24.51152,Ball
48610,Devin Harris,37.17237,9.05948,DAL
48610,Jose Juan Barea,41.04205,23.53488,DAL
48610,Raymond Felton,59.23164,48.01605,DAL
48610,Charlie Villanueva,57.08751,6.67539,DAL
48610,Dwight Powell,59.05552,12.58765,DAL
48610,Garrett Temple,59.8873,14.6828,WAS
48610,Ramon Sessions,54.46299,24.94667,WAS
48610,Marcin Gortat,69.24317,20.97061,WAS
48610,John Wall,66.02805,36.84228,WAS
48610,Otto Porter,65.6458,11.65651,WAS
48620,Ball,45.03369,26.36844,Ball
48620,Devin Harris,43.00849,7.11061,DAL
48620,Jose Juan Barea,44.88012,25.1519,DAL
48620,Raymond Felton,64.21061,48.29749,DAL
48620,Charlie Villanueva,60.6708,6.08592,DAL
48620,Dwight Powell,64.20192,11.01411,DAL
48620,Garrett Temple,62.20173,14.04349,WAS
48620,Ramon Sessions,56.18235,25.73901,WAS
48620,Marcin Gortat,71.81102,21.25097,WAS
48620,John Wall,68.74465000000001,37.3575,WAS
48620,Otto Porter,68.38629,11.68511,WAS
48630,Ball,48.82087,28.25901,Ball
48630,Devin Harris,48.94709,5.3571,DAL
48630,Jose Juan Barea,48.31137,26.75917,DAL
48630,Raymond Felton,69.0239,48.69512,DAL
48630,Charlie Villanueva,63.504,5.69747,DAL
48630,Dwight Powell,69.39822,9.59948,DAL
48630,Garrett Temple,64.38673,13.30345,WAS
48630,Ramon Sessions,57.77579,26.47878,WAS
48630,Marcin Gortat,74.05244,21.14157,WAS
48630,John Wall,71.20848,38.0195,WAS
48630,Otto Porter,68.95905,12.62862,WAS
48640,Ball,52.09475,28.74477,Ball
48640,Devin Harris,54.78083,3.80422,DAL
48640,Jose Juan Barea,51.23804,28.30028,DAL
48640,Raymond Felton,73.30285,48.85142,DAL
48640,Charlie Villanueva,65.92187,5.21357,DAL
48640,Dwight Powell,74.41568,8.65833,DAL
48640,Garrett Temple,66.24239,12.32827,WAS
48640,Ramon Sessions,59.45937,27.15146,WAS
48640,Marcin Gortat,76.1849,20.88862,WAS
48640,John Wall,73.30417,39.05524,WAS
48640,Otto Porter,68.19057,13.63182,WAS
48650,Ball,53.39052,28.62129,Ball
48650,Devin Harris,60.53278,2.59058,DAL
48650,Jose Juan Barea,53.67178,29.70226,DAL
48650,Raymond Felton,77.3021,49.06262,DAL
48650,Charlie Villanueva,66.80194,5.16115,DAL
48650,Dwight Powell,78.91391,8.41907,DAL
48650,Garrett Temple,68.11068,11.55766,WAS
48650,Ramon Sessions,60.99031,27.99596,WAS
48650,Marcin Gortat,78.47881,20.60919,WAS
48650,John Wall,75.39724,39.96225,WAS
48650,Otto Porter,68.35729,14.54226,WAS
48660,Ball,55.43331,31.22443,Ball
48660,Devin Harris,66.22897,1.64952,DAL
48660,Jose Juan Barea,55.90728,31.35234,DAL
48660,Raymond Felton,80.85453,48.89174,DAL
48660,Charlie Villanueva,67.08221,5.12702,DAL
48660,Dwight Powell,82.77582,8.35806,DAL
48660,Garrett Temple,70.23167,10.45828,WAS
48660,Ramon Sessions,62.57935,29.06038,WAS
48660,Marcin Gortat,80.51607,20.0824,WAS
48660,John Wall,77.18036,40.41419,WAS
48660,Otto Porter,69.19332,14.93556,WAS
48670,Ball,57.31565,31.76214,Ball
48670,Devin Harris,71.57852,1.26059,DAL
48670,Jose Juan Barea,57.77425,32.78462,DAL
48670,Raymond Felton,83.55687,48.5502,DAL
48670,Charlie Villanueva,66.70345,5.14849,DAL
48670,Dwight Powell,85.70815,8.58765,DAL
48670,Garrett Temple,72.67087,9.60765,WAS
48670,Ramon Sessions,64.03207,29.96526,WAS
48670,Marcin Gortat,82.59242,19.71599,WAS
48670,John Wall,78.91039,40.64509,WAS
48670,Otto Porter,69.4028,15.47166,WAS
48680,Ball,59.02976,32.73514,Ball
48680,Devin Harris,76.48184,1.02044,DAL
48680,Jose Juan Barea,59.7506,33.61576,DAL
48680,Raymond Felton,85.63395,48.43899,DAL
48680,Charlie Villanueva,65.51715,5.57817,DAL
48680,Dwight Powell,88.18279,8.59586,DAL
48680,Garrett Temple,75.43422,8.92337,WAS
48680,Ramon Sessions,65.22739,30.85715,WAS
48680,Marcin Gortat,84.53804,19.08921,WAS
48680,John Wall,80.64774,40.54459,WAS
48680,Otto Porter,69.20112,16.28811,WAS
48690,Ball,62.25889,31.63651,Ball
48690,Devin Harris,80.66574,0.9409400000000001,DAL
48690,Jose Juan Barea,62.58451,33.01876,DAL
48690,Raymond Felton,86.52939,48.37761,DAL
48690,Charlie Villanueva,64.47022,6.26876,DAL
48690,Dwight Powell,89.82411,8.14088,DAL
48690,Garrett Temple,77.99987,8.78715,WAS
48690,Ramon Sessions,66.27505,31.612,WAS
48690,Marcin Gortat,85.99636,18.50538,WAS
48690,John Wall,81.846,40.4821,WAS
48690,Otto Porter,68.85847,15.23676,WAS
48700,Ball,64.75189,29.11009,Ball
48700,Devin Harris,83.91491,1.02292,DAL
48700,Jose Juan Barea,65.88968,30.19287,DAL
48700,Raymond Felton,86.70656,48.36127,DAL
48700,Charlie Villanueva,63.54059,6.7812,DAL
48700,Dwight Powell,90.71324,7.9641,DAL
48700,Garrett Temple,80.2121,8.82462,WAS
48700,Ramon Sessions,67.89142,30.67554,WAS
48700,Marcin Gortat,87.23413,18.17143,WAS
48700,John Wall,82.83337,40.33449,WAS
48700,Otto Porter,69.04616,14.98469,WAS
48710,Ball,70.57296,25.7664,Ball
48710,Devin Harris,86.24678,1.35951,DAL
48710,Jose Juan Barea,69.97432,27.38926,DAL
48710,Raymond Felton,86.49932,48.32925,DAL
48710,Charlie Villanueva,63.65017,6.9821,DAL
48710,Dwight Powell,91.00954,8.45028,DAL
48710,Garrett Temple,82.03979,9.36337,WAS
48710,Ramon Sessions,71.59523,28.41864,WAS
48710,Marcin Gortat,88.08145,17.87062,WAS
48710,John Wall,83.5986,39.77719,WAS
48710,Otto Porter,70.51532,16.86727,WAS
