7320,Ball,13.51115,4.68332,Ball
7320,Zach Randolph,11.66113,12.45397,MEM
7320,Tony Allen,4.48529,20.29205,MEM
7320,Jeff Green,7.5153,27.78481,MEM
7320,Mike Conley,17.89241,27.97914,MEM
7320,Marc Gasol,11.06134,18.5905,MEM
7320,Marvin Williams,14.12471,4.1455,CHA
7320,Nicolas Batum,9.16843,28.92537,CHA
7320,Kemba Walker,28.2461,31.47432,CHA
7320,Cody Zeller,13.14133,12.79527,CHA
7320,PJ Hairston,-1.9468400000000001,17.49665,CHA
7320,Ball,13.79001,4.63452,Ball
7320,Zach Randolph,11.59688,12.21691,MEM
7320,Tony Allen,4.46045,20.26075,MEM
7320,Jeff Green,7.52595,27.83482,MEM
7320,Mike Conley,17.97405,27.92075,MEM
7320,Marc Gasol,11.12294,18.55364,MEM
7320,Marvin Williams,14.19082,4.1197,CHA
7320,Nicolas Batum,9.16903,29.00465,CHA
7320,Kemba Walker,28.35677,31.45533,CHA
7320,Cody Zeller,13.06897,12.88143,CHA
7320,PJ Hairston,-1.93328,17.57045,CHA
7330,Ball,14.7987,3.87865,Ball
7330,Zach Randolph,12.13647,9.57099,MEM
7330,Tony Allen,4.01611,20.57621,MEM
7330,Jeff Green,7.68223,28.2364,MEM
7330,Mike Conley,18.85089,27.25165,MEM
7330,Marc Gasol,11.25156,17.52746,MEM
7330,Marvin Williams,14.87373,3.60865,CHA
7330,Nicolas Batum,9.06184,29.8701,CHA
7330,Kemba Walker,29.54288,31.47373,CHA
7330,Cody Zeller,12.53116,13.26272,CHA
7330,PJ Hairston,-1.46052,18.71573,CHA
7340,Ball,12.98779,8.26186,Ball
7340,Zach Randolph,14.10194,7.46957,MEM
7340,Tony Allen,3.67248,21.17473,MEM
7340,Jeff Green,7.80349,28.30238,MEM
7340,Mike Conley,19.60819,26.95346,MEM
7340,Marc Gasol,10.46722,15.80367,MEM
7340,Marvin Williams,15.40848,3.68485,CHA
7340,Nicolas Batum,8.68266,30.50584,CHA
7340,Kemba Walker,30.9923,31.24597,CHA
7340,Cody Zeller,12.31625,12.99284,CHA
7340,PJ Hairston,-0.48339000000000004,19.50738,CHA
7350,Ball,9.65781,15.250070000000001,Ball
7350,Zach Randolph,16.30475,5.16742,MEM
7350,Tony Allen,3.41303,21.11626,MEM
7350,Jeff Green,7.86319,28.59524,MEM
7350,Mike Conley,19.72933,27.14697,MEM
7350,Marc Gasol,10.12195,15.51833,MEM
7350,Marvin Williams,16.57261,2.8623000000000003,CHA
7350,Nicolas Batum,8.1486,30.38315,CHA
7350,Kemba Walker,32.27774,30.6843,CHA
7350,Cody Zeller,12.69246,12.80498,CHA
7350,PJ Hairston,0.62297,19.55056,CHA
7350,Ball,9.3522,16.00202,Ball
7350,Zach Randolph,16.53954,4.949450000000001,MEM
7350,Tony Allen,3.39505,21.09656,MEM
7350,Jeff Green,7.90039,28.68282,MEM
7350,Mike Conley,19.70027,27.18587,MEM
7350,Marc Gasol,10.10791,15.61441,MEM
7350,Marvin Williams,16.74051,2.66934,CHA
7350,Nicolas Batum,8.06543,30.35515,CHA
7350,Kemba Walker,32.41458,30.63878,CHA
7350,Cody Zeller,12.785,12.85294,CHA
7350,PJ Hairston,0.7421700000000001,19.52791,CHA
7360,Ball,6.14619,22.7495,Ball
7360,Zach Randolph,18.90686,3.0585,MEM
7360,Tony Allen,3.41196,21.32511,MEM
7360,Jeff Green,7.78925,29.69086,MEM
7360,Mike Conley,19.21751,27.6763,MEM
7360,Marc Gasol,10.24652,16.53419,MEM
7360,Marvin Williams,19.12882,1.16248,CHA
7360,Nicolas Batum,7.65119,30.27831,CHA
7360,Kemba Walker,33.8773,30.33636,CHA
7360,Cody Zeller,14.45297,14.3575,CHA
7360,PJ Hairston,2.27869,19.31789,CHA
7370,Ball,4.7382,26.43342,Ball
7370,Zach Randolph,21.76406,1.69853,MEM
7370,Tony Allen,3.64296,21.29552,MEM
7370,Jeff Green,7.19713,29.84035,MEM
7370,Mike Conley,18.64609,28.06627,MEM
7370,Marc Gasol,10.89313,18.4229,MEM
7370,Marvin Williams,22.5295,-0.11475,CHA
7370,Nicolas Batum,8.66816,30.342,CHA
7370,Kemba Walker,35.50267,29.80505,CHA
7370,Cody Zeller,17.77233,16.46463,CHA
7370,PJ Hairston,4.68211,19.23077,CHA
7380,Ball,4.92307,27.67234,Ball
7380,Zach Randolph,25.11296,1.19137,MEM
7380,Tony Allen,4.48697,21.55108,MEM
7380,Jeff Green,5.6336,29.75189,MEM
7380,Mike Conley,18.03994,28.78262,MEM
7380,Marc Gasol,12.05363,19.84882,MEM
7380,Marvin Williams,26.84816,-0.6034200000000001,CHA
7380,Nicolas Batum,10.9354,30.83641,CHA
7380,Kemba Walker,37.25455,29.235970000000002,CHA
7380,Cody Zeller,22.83225,18.3244,CHA
7380,PJ Hairston,8.66503,16.54027,CHA
7390,Ball,4.82835,27.40001,Ball
7390,Zach Randolph,28.74089,1.6448800000000001,MEM
7390,Tony Allen,6.00118,21.53844,MEM
7390,Jeff Green,4.02576,29.61825,MEM
7390,Mike Conley,17.19846,28.77323,MEM
7390,Marc Gasol,13.703240000000001,21.06187,MEM
7390,Marvin Williams,32.99968,-0.03484,CHA
7390,Nicolas Batum,13.79176,30.96147,CHA
7390,Kemba Walker,39.07262,29.01565,CHA
7390,Cody Zeller,28.02086,19.91197,CHA
7390,PJ Hairston,13.20926,15.51697,CHA
7390,Ball,4.70021,27.40897,Ball
7390,Zach Randolph,29.15814,1.68955,MEM
7390,Tony Allen,6.184,21.54163,MEM
7390,Jeff Green,3.86146,29.54245,MEM
7390,Mike Conley,17.09114,28.73357,MEM
7390,Marc Gasol,13.92114,21.12956,MEM
7390,Marvin Williams,33.70066,-0.01058,CHA
7390,Nicolas Batum,14.11154,31.0112,CHA
7390,Kemba Walker,39.26052,28.97589,CHA
7390,Cody Zeller,28.60986,20.03649,CHA
7390,PJ Hairston,13.70865,15.440760000000001,CHA
7400,Ball,3.35004,27.70549,Ball
7400,Zach Randolph,33.58976,2.28905,MEM
7400,Tony Allen,8.36904,21.46546,MEM
7400,Jeff Green,2.2687,29.12616,MEM
7400,Mike Conley,15.9454,28.92954,MEM
7400,Marc Gasol,16.41239,21.44666,MEM
7400,Marvin Williams,38.97965,2.37448,CHA
7400,Nicolas Batum,17.22006,30.79495,CHA
7400,Kemba Walker,41.09031,28.63735,CHA
7400,Cody Zeller,34.632130000000004,21.03313,CHA
7400,PJ Hairston,18.89164,15.07727,CHA
7410,Ball,1.6731600000000002,28.49764,Ball
7410,Zach Randolph,38.79953,3.35595,MEM
7410,Tony Allen,11.67427,21.04152,MEM
7410,Jeff Green,0.73038,29.16431,MEM
7410,Mike Conley,14.48127,29.75864,MEM
7410,Marc Gasol,19.29018,21.1422,MEM
7410,Marvin Williams,43.95628,5.81286,CHA
7410,Nicolas Batum,21.66801,29.86667,CHA
7410,Kemba Walker,43.03623,28.60221,CHA
7410,Cody Zeller,41.16454,21.62484,CHA
7410,PJ Hairston,24.88773,15.33288,CHA
7420,Ball,1.6059700000000001,29.71053,Ball
7420,Zach Randolph,44.24259,4.85595,MEM
7420,Tony Allen,15.8001,20.19293,MEM
7420,Jeff Green,0.47014000000000006,28.91479,MEM
7420,Mike Conley,13.05551,30.39634,MEM
7420,Marc Gasol,23.01331,20.69591,MEM
7420,Marvin Williams,49.66317,8.00667,CHA
7420,Nicolas Batum,26.598770000000002,28.6819,CHA
7420,Kemba Walker,44.96823,28.65846,CHA
7420,Cody Zeller,47.177,21.91502,CHA
7420,PJ Hairston,31.01833,15.92221,CHA
7430,Ball,5.36638,31.73649,Ball
7430,Zach Randolph,49.27195,6.44941,MEM
7430,Tony Allen,19.99277,18.91598,MEM
7430,Jeff Green,0.25904000000000005,29.73666,MEM
7430,Mike Conley,12.33094,31.37353,MEM
7430,Marc Gasol,26.69429,20.01696,MEM
7430,Marvin Williams,54.6013,10.07358,CHA
7430,Nicolas Batum,31.36674,26.72846,CHA
7430,Kemba Walker,46.72662,28.84702,CHA
7430,Cody Zeller,51.71024,21.70142,CHA
7430,PJ Hairston,36.38335,16.93871,CHA
7440,Ball,8.72277,33.60308,Ball
7440,Zach Randolph,54.70038,8.38229,MEM
7440,Tony Allen,24.80704,17.36482,MEM
7440,Jeff Green,1.28639,30.41625,MEM
7440,Mike Conley,12.11575,33.10463,MEM
7440,Marc Gasol,31.00105,19.78012,MEM
7440,Marvin Williams,59.44375,12.0793,CHA
7440,Nicolas Batum,36.57023,24.15738,CHA
7440,Kemba Walker,48.58044,29.26393,CHA
7440,Cody Zeller,55.56748,21.5446,CHA
7440,PJ Hairston,42.178,17.86511,CHA
7440,Ball,9.01571,33.75382,Ball
7440,Zach Randolph,55.17652,8.55909,MEM
7440,Tony Allen,25.24935,17.18489,MEM
7440,Jeff Green,1.4592800000000001,30.4913,MEM
7440,Mike Conley,12.1556,33.26563,MEM
7440,Marc Gasol,31.38465,19.77749,MEM
7440,Marvin Williams,59.87078,12.26067,CHA
7440,Nicolas Batum,37.0374,23.88816,CHA
7440,Kemba Walker,48.74873,29.29363,CHA
7440,Cody Zeller,55.91603,21.54674,CHA
7440,PJ Hairston,42.67785,17.87594,CHA
7450,Ball,11.34056,34.63049,Ball
7450,Zach Randolph,59.9385,10.24106,MEM
7450,Tony Allen,29.72736,15.24127,MEM
7450,Jeff Green,3.46542,30.84222,MEM
7450,Mike Conley,12.61449,35.13965,MEM
7450,Marc Gasol,35.38509,19.91345,MEM
7450,Marvin Williams,63.6955,13.60534,CHA
7450,Nicolas Batum,41.70325,21.12542,CHA
7450,Kemba Walker,50.45847,29.25142,CHA
7450,Cody Zeller,59.38141,21.11279,CHA
7450,PJ Hairston,47.28222,18.14031,CHA
7460,Ball,14.1951,36.23587,Ball
7460,Zach Randolph,64.62986,11.97594,MEM
7460,Tony Allen,34.59727,13.32141,MEM
7460,Jeff Green,5.9935,31.26883,MEM
7460,Mike Conley,14.35673,37.03105,MEM
7460,Marc Gasol,39.7897,20.05557,MEM
7460,Marvin Williams,67.2681,14.98294,CHA
7460,Nicolas Batum,46.63815,18.23919,CHA
7460,Kemba Walker,52.19464,29.38899,CHA
7460,Cody Zeller,62.70206,20.77636,CHA
7460,PJ Hairston,51.73556,19.36766,CHA
7470,Ball,17.41085,37.94962,Ball
7470,Zach Randolph,68.25131,13.98764,MEM
7470,Tony Allen,38.97394,11.54753,MEM
7470,Jeff Green,8.59608,30.93615,MEM
7470,Mike Conley,17.00152,38.24858,MEM
7470,Marc Gasol,43.71046,20.39811,MEM
7470,Marvin Williams,69.97588,16.20308,CHA
7470,Nicolas Batum,50.97316,15.8857,CHA
7470,Kemba Walker,53.78731,29.48418,CHA
7470,Cody Zeller,65.22903,20.80609,CHA
7470,PJ Hairston,55.13857,21.29222,CHA
7470,Ball,18.01705,38.07857,Ball
7470,Zach Randolph,68.55302,14.26623,MEM
7470,Tony Allen,39.42285,11.37702,MEM
7470,Jeff Green,8.88431,30.87706,MEM
7470,Mike Conley,17.31381,38.32872,MEM
7470,Marc Gasol,44.09057,20.39417,MEM
7470,Marvin Williams,70.22765,16.33632,CHA
7470,Nicolas Batum,51.41705,15.67795,CHA
7470,Kemba Walker,53.94782,29.48906,CHA
7470,Cody Zeller,65.46473,20.83621,CHA
7470,PJ Hairston,55.45347,21.48157,CHA
7480,Ball,21.82056,39.77093,Ball
7480,Zach Randolph,71.16261,16.84896,MEM
7480,Tony Allen,43.72035,9.77621,MEM
7480,Jeff Green,12.03325,30.02687,MEM
7480,Mike Conley,20.79724,38.93991,MEM
7480,Marc Gasol,47.89482,20.37431,MEM
7480,Marvin Williams,72.84721,17.99407,CHA
7480,Nicolas Batum,55.67872,13.88571,CHA
7480,Kemba Walker,55.46313,29.72547,CHA
7480,Cody Zeller,67.60165,21.51027,CHA
7480,PJ Hairston,58.47012,22.75172,CHA
7490,Ball,25.72188,39.99322,Ball
7490,Zach Randolph,73.40681,19.37795,MEM
7490,Tony Allen,48.18447,8.27623,MEM
7490,Jeff Green,15.81998,28.60422,MEM
7490,Mike Conley,25.00014,39.02163,MEM
7490,Marc Gasol,51.93943,20.50808,MEM
7490,Marvin Williams,74.8703,19.84466,CHA
7490,Nicolas Batum,59.8519,12.32048,CHA
7490,Kemba Walker,56.96402,30.3647,CHA
7490,Cody Zeller,69.52533,22.27275,CHA
7490,PJ Hairston,60.95296,23.47725,CHA
7500,Ball,30.66152,39.59734,Ball
7500,Zach Randolph,75.14652,21.57002,MEM
7500,Tony Allen,52.46127,6.98045,MEM
7500,Jeff Green,20.00722,26.68656,MEM
7500,Mike Conley,29.13124,38.61209,MEM
7500,Marc Gasol,55.69018,20.30921,MEM
7500,Marvin Williams,75.39566,21.5653,CHA
7500,Nicolas Batum,63.69058,11.0954,CHA
7500,Kemba Walker,58.30596,30.84415,CHA
7500,Cody Zeller,71.19702,22.98729,CHA
7500,PJ Hairston,62.90911,23.3931,CHA
7520,Ball,38.05286,36.63337,Ball
7520,Zach Randolph,78.40701,25.77822,MEM
7520,Tony Allen,60.02012,5.04979,MEM
7520,Jeff Green,28.0858,22.7598,MEM
7520,Mike Conley,36.32157,37.25557,MEM
7520,Marc Gasol,61.15028,20.0139,MEM
7520,Marvin Williams,78.40701,25.77822,CHA
7520,Nicolas Batum,69.74524,9.97545,CHA
7520,Kemba Walker,60.21466,32.43381,CHA
7520,Cody Zeller,73.42,22.56937,CHA
7520,PJ Hairston,65.57652,22.77483,CHA
7530,Ball,40.76091,35.44798,Ball
7530,Zach Randolph,80.08927,27.627,MEM
7530,Tony Allen,63.51517,4.36477,MEM
7530,Jeff Green,32.43063,20.99872,MEM
7530,Mike Conley,39.66072,36.62669,MEM
7530,Marc Gasol,62.73385,20.45331,MEM
7530,Marvin Williams,80.08927,27.627,CHA
7530,Nicolas Batum,72.0893,9.19619,CHA
7530,Kemba Walker,60.74873,32.4622,CHA
7530,Cody Zeller,73.97709,22.28888,CHA
7530,PJ Hairston,66.52857,21.82079,CHA
7540,Ball,43.11422,35.16794,Ball
7540,Zach Randolph,81.25205,28.29583,MEM
7540,Tony Allen,66.75652,3.8159,MEM
7540,Jeff Green,36.64415,19.05601,MEM
7540,Mike Conley,42.47739,36.12493,MEM
7540,Marc Gasol,64.09624,21.00931,MEM
7540,Marvin Williams,81.25205,28.29583,CHA
7540,Nicolas Batum,74.1279,8.4871,CHA
7540,Kemba Walker,61.19123,32.42688,CHA
7540,Cody Zeller,74.51431,22.76609,CHA
7540,PJ Hairston,66.73277,21.0358,CHA
7550,Ball,46.4267,35.87078,Ball
7550,Zach Randolph,81.18815,28.33336,MEM
7550,Tony Allen,69.2935,3.5889800000000003,MEM
7550,Jeff Green,40.41739,17.87187,MEM
7550,Mike Conley,45.04068,36.35273,MEM
7550,Marc Gasol,64.81189,21.2967,MEM
7550,Marvin Williams,81.5798,28.7786,CHA
7550,Nicolas Batum,75.79023,8.54694,CHA
7550,Kemba Walker,61.4994,32.56405,CHA
7550,Cody Zeller,75.01221,22.70764,CHA
7550,PJ Hairston,67.04338,19.79792,CHA
7560,Ball,49.21749,38.53029,Ball
7560,Zach Randolph,79.66678,28.86177,MEM
7560,Tony Allen,71.61991,3.4631600000000002,MEM
7560,Jeff Green,44.38306,16.50587,MEM
7560,Mike Conley,48.46589,37.67929,MEM
7560,Marc Gasol,64.78137,21.88992,MEM
7560,Marvin Williams,81.81696,30.62917,CHA
7560,Nicolas Batum,77.5204,8.37525,CHA
7560,Kemba Walker,62.27894,33.12408,CHA
7560,Cody Zeller,74.85431,24.23832,CHA
7560,PJ Hairston,67.34226,18.70867,CHA
7570,Ball,53.1395,40.53628,Ball
7570,Zach Randolph,78.85668,30.03756,MEM
7570,Tony Allen,73.82083,3.54494,MEM
7570,Jeff Green,48.2026,15.38447,MEM
7570,Mike Conley,52.4435,39.50451,MEM
7570,Marc Gasol,63.97042,22.79082,MEM
7570,Marvin Williams,80.85288,32.7684,CHA
7570,Nicolas Batum,79.16674,8.98053,CHA
7570,Kemba Walker,63.91819,34.00369,CHA
7570,Cody Zeller,74.58382,25.66516,CHA
7570,PJ Hairston,67.66623,17.7558,CHA
7580,Ball,56.92812,42.97971,Ball
7580,Zach Randolph,79.18637,31.73498,MEM
7580,Tony Allen,75.89617,3.56063,MEM
7580,Jeff Green,51.60193,14.14538,MEM
7580,Mike Conley,56.62209,41.60851,MEM
7580,Marc Gasol,63.69726,23.86063,MEM
7580,Marvin Williams,79.53675,34.24711,CHA
7580,Nicolas Batum,80.81451,9.944700000000001,CHA
7580,Kemba Walker,66.15326,34.85209,CHA
7580,Cody Zeller,74.07291,26.98418,CHA
7580,PJ Hairston,68.3759,17.01,CHA
7590,Ball,61.47218,44.22204,Ball
7590,Zach Randolph,80.57898,33.31071,MEM
7590,Tony Allen,77.70571,3.40003,MEM
7590,Jeff Green,54.08788,13.26915,MEM
7590,Mike Conley,60.53355,43.67182,MEM
7590,Marc Gasol,63.49821,24.72816,MEM
7590,Marvin Williams,79.41591,34.72356,CHA
7590,Nicolas Batum,82.24743,11.55435,CHA
7590,Kemba Walker,68.313,35.79112,CHA
7590,Cody Zeller,73.65148,27.70895,CHA
7590,PJ Hairston,69.77725,16.87401,CHA
7590,Ball,62.00043,44.16616,Ball
7590,Zach Randolph,80.74591,33.46189,MEM
7590,Tony Allen,77.89575,3.38249,MEM
7590,Jeff Green,54.31993,13.20438,MEM
7590,Mike Conley,60.90083,43.82303,MEM
7590,Marc Gasol,63.47265,24.79918,MEM
7590,Marvin Williams,79.48334,34.72968,CHA
7590,Nicolas Batum,82.39489,11.73705,CHA
7590,Kemba Walker,68.52055,35.86759,CHA
7590,Cody Zeller,73.65484000000001,27.76265,CHA
7590,PJ Hairston,69.9347,16.88891,CHA
7600,Ball,65.5734,44.33196,Ball
7600,Zach Randolph,82.26054,34.98282,MEM
7600,Tony Allen,79.76188,3.25288,MEM
7600,Jeff Green,56.72387,12.46905,MEM
7600,Mike Conley,64.37415,44.91027,MEM
7600,Marc Gasol,63.39706,25.39063,MEM
7600,Marvin Williams,80.42833,35.01069,CHA
7600,Nicolas Batum,83.94145,13.78514,CHA
7600,Kemba Walker,70.54876,36.74582,CHA
7600,Cody Zeller,74.11583,28.1501,CHA
7600,PJ Hairston,71.49529,17.0693,CHA
7610,Ball,68.59431,45.02459,Ball
7610,Zach Randolph,83.29606,35.28125,MEM
7610,Tony Allen,81.56048,3.3157,MEM
7610,Jeff Green,59.02488,11.40491,MEM
7610,Mike Conley,67.92532,45.71508,MEM
7610,Marc Gasol,64.06276,25.73098,MEM
7610,Marvin Williams,81.71641,35.59418,CHA
7610,Nicolas Batum,85.40855,16.61774,CHA
7610,Kemba Walker,72.55385,38.40565,CHA
7610,Cody Zeller,74.4654,28.28794,CHA
7610,PJ Hairston,73.23861,17.56797,CHA
7620,Ball,69.85744,45.07186,Ball
7620,Zach Randolph,82.84116,34.15336,MEM
7620,Tony Allen,83.29475,3.57683,MEM
7620,Jeff Green,61.25413,10.62979,MEM
7620,Mike Conley,69.8671,45.67741,MEM
7620,Marc Gasol,64.7509,26.4659,MEM
7620,Marvin Williams,82.48007,35.78376,CHA
7620,Nicolas Batum,86.38621,19.1787,CHA
7620,Kemba Walker,73.97073,39.95005,CHA
7620,Cody Zeller,74.11607,28.03078,CHA
7620,PJ Hairston,74.95536,17.59271,CHA
7630,Ball,68.15655,39.35805,Ball
7630,Zach Randolph,82.1263,33.30903,MEM
7630,Tony Allen,84.44099,4.19149,MEM
7630,Jeff Green,63.27023,9.99204,MEM
7630,Mike Conley,70.3303,44.74164,MEM
7630,Marc Gasol,64.78175,26.96416,MEM
7630,Marvin Williams,81.6042,33.9645,CHA
7630,Nicolas Batum,86.77588,19.56287,CHA
7630,Kemba Walker,74.65039,40.4949,CHA
7630,Cody Zeller,73.42421,27.64145,CHA
7630,PJ Hairston,75.58951,17.15293,CHA
7640,Ball,65.19087,28.55087,Ball
7640,Zach Randolph,81.04879,31.76068,MEM
7640,Tony Allen,85.18328,4.93168,MEM
7640,Jeff Green,65.02664,9.10767,MEM
7640,Mike Conley,70.87886,44.70505,MEM
7640,Marc Gasol,64.86409,26.76771,MEM
7640,Marvin Williams,80.09548,31.90299,CHA
7640,Nicolas Batum,86.62504,18.70166,CHA
7640,Kemba Walker,74.6336,40.13698,CHA
7640,Cody Zeller,71.04224,26.59682,CHA
7640,PJ Hairston,75.06576,16.18999,CHA
7650,Ball,64.3684,25.77063,Ball
7650,Zach Randolph,80.66517,29.97682,MEM
7650,Tony Allen,85.00949,5.7124500000000005,MEM
7650,Jeff Green,66.35612,8.49844,MEM
7650,Mike Conley,70.97704,44.52324,MEM
7650,Marc Gasol,65.09782,25.96065,MEM
7650,Marvin Williams,78.65995,30.84869,CHA
7650,Nicolas Batum,86.38286,18.66181,CHA
7650,Kemba Walker,75.14041,40.04172,CHA
7650,Cody Zeller,69.4067,26.0477,CHA
7650,PJ Hairston,73.73008,14.38438,CHA
7660,Ball,64.30565,25.79421,Ball
7660,Zach Randolph,80.53546,30.06021,MEM
7660,Tony Allen,82.35809,6.66118,MEM
7660,Jeff Green,67.1169,7.47714,MEM
7660,Mike Conley,70.94973,44.17625,MEM
7660,Marc Gasol,65.08748,25.83618,MEM
7660,Marvin Williams,78.87541,28.42131,CHA
7660,Nicolas Batum,86.17322,17.51545,CHA
7660,Kemba Walker,75.90497,39.8286,CHA
7660,Cody Zeller,68.61319,25.72025,CHA
7660,PJ Hairston,72.3792,12.52272,CHA
7670,Ball,64.11028,25.58238,Ball
7670,Zach Randolph,79.8896,31.5755,MEM
7670,Tony Allen,78.94804,8.19387,MEM
7670,Jeff Green,66.91854,6.47778,MEM
7670,Mike Conley,70.90517,44.389920000000004,MEM
7670,Marc Gasol,65.33838,25.3569,MEM
7670,Marvin Williams,79.5985,28.83988,CHA
7670,Nicolas Batum,85.60992,16.0361,CHA
7670,Kemba Walker,76.05273,39.13575,CHA
7670,Cody Zeller,67.95054,25.57751,CHA
7670,PJ Hairston,71.44546,10.51672,CHA
7670,Ball,64.04696,25.53889,Ball
7670,Zach Randolph,79.85595,31.69798,MEM
7670,Tony Allen,78.61799,8.38479,MEM
7670,Jeff Green,66.8442,6.39803,MEM
7670,Mike Conley,70.88812,44.43205,MEM
7670,Marc Gasol,65.38884,25.26158,MEM
7670,Marvin Williams,79.60354,29.01458,CHA
7670,Nicolas Batum,85.4939,16.00056,CHA
7670,Kemba Walker,76.03931,39.06056,CHA
7670,Cody Zeller,67.87203,25.60583,CHA
7670,PJ Hairston,71.35314,10.27624,CHA
7680,Ball,65.36455,31.56734,Ball
7680,Zach Randolph,79.82941,32.18228,MEM
7680,Tony Allen,75.86622,10.51057,MEM
7680,Jeff Green,66.2401,5.50302,MEM
7680,Mike Conley,70.23657,44.61687,MEM
7680,Marc Gasol,65.34706,24.96313,MEM
7680,Marvin Williams,79.25575,30.70581,CHA
7680,Nicolas Batum,83.69779,16.62265,CHA
7680,Kemba Walker,75.62318,38.64218,CHA
7680,Cody Zeller,66.86194,26.11937,CHA
7680,PJ Hairston,70.58303,9.60778,CHA
7690,Ball,68.50887,44.22069,Ball
7690,Zach Randolph,79.02132,33.10705,MEM
7690,Tony Allen,73.9169,12.18337,MEM
7690,Jeff Green,66.69095,5.3262,MEM
7690,Mike Conley,69.3769,44.76675,MEM
7690,Marc Gasol,64.1948,25.03336,MEM
7690,Marvin Williams,78.61438,32.70202,CHA
7690,Nicolas Batum,81.85341,18.21286,CHA
7690,Kemba Walker,74.94976,39.24423,CHA
7690,Cody Zeller,66.88174,27.03067,CHA
7690,PJ Hairston,71.25156,9.93225,CHA
7700,Ball,70.0975,44.55431,Ball
7700,Zach Randolph,79.40079,33.93757,MEM
7700,Tony Allen,72.73498,12.78261,MEM
7700,Jeff Green,67.95842,5.63645,MEM
7700,Mike Conley,69.62576,45.10924,MEM
7700,Marc Gasol,63.38372,25.34544,MEM
7700,Marvin Williams,78.35541,33.85489,CHA
7700,Nicolas Batum,81.50257,20.26816,CHA
7700,Kemba Walker,74.44927,40.48127,CHA
7700,Cody Zeller,68.34047,28.1164,CHA
7700,PJ Hairston,72.46028,10.31157,CHA
7700,Ball,70.10324,44.50136,Ball
7700,Zach Randolph,79.50252,33.9894,MEM
7700,Tony Allen,72.65622,12.80191,MEM
7700,Jeff Green,68.07917,5.60662,MEM
7700,Mike Conley,69.65965,45.132,MEM
7700,Marc Gasol,63.39757,25.40179,MEM
7700,Marvin Williams,78.37242,33.94928,CHA
7700,Nicolas Batum,81.51593,20.4683,CHA
7700,Kemba Walker,74.42281,40.60857,CHA
7700,Cody Zeller,68.54245,28.18895,CHA
7700,PJ Hairston,72.6024,10.39015,CHA
7720,Ball,69.23206,44.42947,Ball
7720,Zach Randolph,79.36481,34.31261,MEM
7720,Tony Allen,72.90278,12.64396,MEM
7720,Jeff Green,71.96655,4.99861,MEM
7720,Mike Conley,69.41209,44.89769,MEM
7720,Marc Gasol,64.83509,25.82385,MEM
7720,Marvin Williams,78.62843,35.57344,CHA
7720,Nicolas Batum,80.28626,20.97934,CHA
7720,Kemba Walker,73.06189,41.23547,CHA
7720,Cody Zeller,71.48786,28.57415,CHA
7720,PJ Hairston,76.45616,12.48793,CHA
7730,Ball,69.77823,44.28647,Ball
7730,Zach Randolph,79.31586,33.98922,MEM
7730,Tony Allen,73.30854,12.01388,MEM
7730,Jeff Green,74.5965,4.50349,MEM
7730,Mike Conley,69.62413,44.55392,MEM
7730,Marc Gasol,65.88733,25.49427,MEM
7730,Marvin Williams,79.15709,36.08654,CHA
7730,Nicolas Batum,78.40772,18.514780000000002,CHA
7730,Kemba Walker,72.93978,41.1364,CHA
7730,Cody Zeller,71.30986,27.88,CHA
7730,PJ Hairston,79.208,13.55466,CHA
7740,Ball,70.14059,43.97327,Ball
7740,Zach Randolph,78.98976,33.18048,MEM
7740,Tony Allen,72.82315,12.13388,MEM
7740,Jeff Green,76.87121,3.7314,MEM
7740,Mike Conley,69.81965,44.66777,MEM
7740,Marc Gasol,67.49913,24.25187,MEM
7740,Marvin Williams,79.72688,35.11356,CHA
7740,Nicolas Batum,77.66857,17.00602,CHA
7740,Kemba Walker,72.6806,41.02101,CHA
7740,Cody Zeller,72.07755,27.72181,CHA
7740,PJ Hairston,81.14708,14.45891,CHA
7740,Ball,70.08555,44.26925,Ball
7740,Zach Randolph,78.9615,33.11595,MEM
7740,Tony Allen,72.72894,12.16993,MEM
7740,Jeff Green,77.08585,3.6843500000000002,MEM
7740,Mike Conley,69.8264,44.67348,MEM
7740,Marc Gasol,67.70491,24.0671,MEM
7740,Marvin Williams,79.73804,35.05502,CHA
7740,Nicolas Batum,77.65282,16.96429,CHA
7740,Kemba Walker,72.66746,40.98503,CHA
7740,Cody Zeller,72.24353,27.73515,CHA
7740,PJ Hairston,81.2545,14.55667,CHA
7750,Ball,69.8336,43.9913,Ball
7750,Zach Randolph,78.47668,33.20115,MEM
7750,Tony Allen,71.611,12.25116,MEM
7750,Jeff Green,79.27788,3.4100800000000002,MEM
7750,Mike Conley,69.82989,44.65699,MEM
7750,Marc Gasol,70.12217,21.81342,MEM
7750,Marvin Williams,79.48777,35.26614,CHA
7750,Nicolas Batum,78.13575,17.67223,CHA
7750,Kemba Walker,72.57323,40.50446,CHA
7750,Cody Zeller,74.27708,27.15398,CHA
7750,PJ Hairston,81.41229,16.55616,CHA
7760,Ball,70.19507,44.13731,Ball
7760,Zach Randolph,78.20567,34.39446,MEM
7760,Tony Allen,70.23084,12.28163,MEM
7760,Jeff Green,81.33512,2.97886,MEM
7760,Mike Conley,69.97756,44.74498,MEM
7760,Marc Gasol,72.87681,19.48995,MEM
7760,Marvin Williams,79.71196,36.04046,CHA
7760,Nicolas Batum,78.53871,20.15713,CHA
7760,Kemba Walker,72.52422,40.31712,CHA
7760,Cody Zeller,76.78392,24.58048,CHA
7760,PJ Hairston,82.99092,20.25509,CHA
