47960,Ball,27.99275,37.21856,Ball
47960,Ersan Ilyasova,27.27425,35.32693,DET
47960,Aron Baynes,5.05988,31.74689,DET
47960,Reggie Jackson,25.35106,41.12105,DET
47960,Kentavious Caldwell-Pope,25.80237,6.02216,DET
47960,Stanley Johnson,6.4832,0.7739800000000001,DET
47960,Corey Brewer,8.88398,16.33766,HOU
47960,Ty Lawson,22.43954,39.58484,HOU
47960,James Harden,26.84446,34.03929,HOU
47960,Marcus Thornton,23.28525,11.582699999999999,HOU
47960,Montrezl Harrell,10.13594,29.59978,HOU
47970,Ball,27.57945,36.80824,Ball
47970,Ersan Ilyasova,26.3491,38.61813,DET
47970,Aron Baynes,3.89985,33.48544,DET
47970,Reggie Jackson,28.89626,38.25265,DET
47970,Kentavious Caldwell-Pope,26.61316,7.18576,DET
47970,Stanley Johnson,6.42662,0.98472,DET
47970,Corey Brewer,8.93966,16.24068,HOU
47970,Ty Lawson,23.09233,36.86257,HOU
47970,James Harden,26.93522,35.96217,HOU
47970,Marcus Thornton,24.18028,12.51209,HOU
47970,Montrezl Harrell,9.07484,30.182,HOU
47980,Ball,32.22299,34.98115,Ball
47980,Ersan Ilyasova,25.98778,41.42948,DET
47980,Aron Baynes,3.39421,34.35415,DET
47980,Reggie Jackson,31.20707,35.63933,DET
47980,Kentavious Caldwell-Pope,27.27919,8.11967,DET
47980,Stanley Johnson,6.27733,1.31845,DET
47980,Corey Brewer,8.7471,16.08358,HOU
47980,Ty Lawson,24.31456,34.14992,HOU
47980,James Harden,25.60097,38.27235,HOU
47980,Marcus Thornton,24.81453,13.13777,HOU
47980,Montrezl Harrell,8.2321,30.94605,HOU
47990,Ball,32.82379,33.09872,Ball
47990,Ersan Ilyasova,25.6167,43.78721,DET
47990,Aron Baynes,3.67048,34.72635,DET
47990,Reggie Jackson,31.783830000000002,33.79922,DET
47990,Kentavious Caldwell-Pope,27.72107,7.9112,DET
47990,Stanley Johnson,5.94709,1.65645,DET
47990,Corey Brewer,8.88547,15.27683,HOU
47990,Ty Lawson,26.03681,32.09643,HOU
47990,James Harden,24.10723,40.59333,HOU
47990,Marcus Thornton,24.78657,13.43709,HOU
47990,Montrezl Harrell,7.90208,30.97878,HOU
48000,Ball,31.92996,30.7672,Ball
48000,Ersan Ilyasova,24.39319,45.20165,DET
48000,Aron Baynes,4.4599,34.78819,DET
48000,Reggie Jackson,31.84584,32.13834,DET
48000,Kentavious Caldwell-Pope,28.02822,7.80411,DET
48000,Stanley Johnson,5.94885,1.58534,DET
48000,Corey Brewer,9.00112,14.51071,HOU
48000,Ty Lawson,26.68813,30.4901,HOU
48000,James Harden,22.25829,40.86441,HOU
48000,Marcus Thornton,24.58444,13.6376,HOU
48000,Montrezl Harrell,7.6607,30.86409,HOU
48010,Ball,32.93967,28.72677,Ball
48010,Ersan Ilyasova,22.51697,44.64809,DET
48010,Aron Baynes,7.25866,34.90318,DET
48010,Reggie Jackson,32.14315,30.3635,DET
48010,Kentavious Caldwell-Pope,28.16876,7.4626,DET
48010,Stanley Johnson,5.89348,1.39214,DET
48010,Corey Brewer,8.88251,13.83202,HOU
48010,Ty Lawson,26.84693,29.00244,HOU
48010,James Harden,20.7031,40.03696,HOU
48010,Marcus Thornton,24.09384,14.13598,HOU
48010,Montrezl Harrell,7.77034,31.09062,HOU
48020,Ball,33.61437,26.83546,Ball
48020,Ersan Ilyasova,20.98421,43.72156,DET
48020,Aron Baynes,11.59555,34.31111,DET
48020,Reggie Jackson,32.83499,28.78414,DET
48020,Kentavious Caldwell-Pope,27.89184,7.29206,DET
48020,Stanley Johnson,5.9187,1.42449,DET
48020,Corey Brewer,8.55945,13.88057,HOU
48020,Ty Lawson,27.01285,27.38794,HOU
48020,James Harden,19.32877,39.22745,HOU
48020,Marcus Thornton,23.5419,14.45586,HOU
48020,Montrezl Harrell,9.33012,30.92715,HOU
48030,Ball,34.59216,24.5638,Ball
48030,Ersan Ilyasova,19.46992,43.08929,DET
48030,Aron Baynes,16.56038,32.34912,DET
48030,Reggie Jackson,33.97547,26.36861,DET
48030,Kentavious Caldwell-Pope,27.84127,6.64855,DET
48030,Stanley Johnson,5.94144,1.20093,DET
48030,Corey Brewer,8.30175,13.92323,HOU
48030,Ty Lawson,28.02411,25.70712,HOU
48030,James Harden,18.00962,38.69984,HOU
48030,Marcus Thornton,22.852899999999998,14.37691,HOU
48030,Montrezl Harrell,12.85,30.6361,HOU
48040,Ball,35.33689,23.517220000000002,Ball
48040,Ersan Ilyasova,17.4543,43.68331,DET
48040,Aron Baynes,21.07862,29.71737,DET
48040,Reggie Jackson,35.01144,24.79731,DET
48040,Kentavious Caldwell-Pope,28.12699,5.73706,DET
48040,Stanley Johnson,5.95497,1.24518,DET
48040,Corey Brewer,8.18737,13.96039,HOU
48040,Ty Lawson,29.4645,24.531390000000002,HOU
48040,James Harden,16.95238,37.97917,HOU
48040,Marcus Thornton,22.22894,14.05285,HOU
48040,Montrezl Harrell,17.14823,30.14456,HOU
48050,Ball,35.00368,24.06377,Ball
48050,Ersan Ilyasova,15.64406,44.78107,DET
48050,Aron Baynes,24.97073,27.89905,DET
48050,Reggie Jackson,35.19397,25.01771,DET
48050,Kentavious Caldwell-Pope,27.89051,5.30534,DET
48050,Stanley Johnson,5.96453,0.91105,DET
48050,Corey Brewer,8.12352,14.60836,HOU
48050,Ty Lawson,30.86063,24.07804,HOU
48050,James Harden,15.94829,37.80959,HOU
48050,Marcus Thornton,21.98512,13.62256,HOU
48050,Montrezl Harrell,21.45036,29.98781,HOU
48060,Ball,36.00811,27.61281,Ball
48060,Ersan Ilyasova,13.45608,45.41464,DET
48060,Aron Baynes,28.31842,26.79064,DET
48060,Reggie Jackson,34.41049,26.81775,DET
48060,Kentavious Caldwell-Pope,27.64771,5.09698,DET
48060,Stanley Johnson,6.03323,1.34212,DET
48060,Corey Brewer,8.08074,15.45673,HOU
48060,Ty Lawson,32.2537,25.84551,HOU
48060,James Harden,14.74616,37.76459,HOU
48060,Marcus Thornton,21.59103,14.48268,HOU
48060,Montrezl Harrell,26.19876,30.54625,HOU
48070,Ball,34.92899,31.85639,Ball
48070,Ersan Ilyasova,11.61094,45.66592,DET
48070,Aron Baynes,30.62949,27.20953,DET
48070,Reggie Jackson,33.5455,30.71962,DET
48070,Kentavious Caldwell-Pope,27.94444,5.31198,DET
48070,Stanley Johnson,6.1293,1.6974,DET
48070,Corey Brewer,8.26939,16.823900000000002,HOU
48070,Ty Lawson,32.98311,28.51358,HOU
48070,James Harden,13.62789,37.78108,HOU
48070,Marcus Thornton,20.69975,16.71612,HOU
48070,Montrezl Harrell,29.56593,32.47708,HOU
48080,Ball,35.11963,35.50567,Ball
48080,Ersan Ilyasova,10.01315,46.0586,DET
48080,Aron Baynes,31.1711,27.96728,DET
48080,Reggie Jackson,33.04222,35.7425,DET
48080,Kentavious Caldwell-Pope,28.33683,6.1294,DET
48080,Stanley Johnson,6.12629,1.79377,DET
48080,Corey Brewer,8.64878,18.34232,HOU
48080,Ty Lawson,33.33476,31.94537,HOU
48080,James Harden,12.36633,38.21359,HOU
48080,Marcus Thornton,19.84089,19.86206,HOU
48080,Montrezl Harrell,30.82019,35.705,HOU
48090,Ball,32.14145,41.74074,Ball
48090,Ersan Ilyasova,8.87036,46.40819,DET
48090,Aron Baynes,29.57427,27.82296,DET
48090,Reggie Jackson,31.48226,40.92559,DET
48090,Kentavious Caldwell-Pope,28.60374,7.50204,DET
48090,Stanley Johnson,6.07978,1.8563200000000002,DET
48090,Corey Brewer,8.71688,19.8105,HOU
48090,Ty Lawson,33.18647,36.58903,HOU
48090,James Harden,11.27096,38.61609,HOU
48090,Marcus Thornton,19.5425,22.75606,HOU
48090,Montrezl Harrell,30.05443,39.60293,HOU
48100,Ball,29.80576,46.50587,Ball
48100,Ersan Ilyasova,8.12357,46.73999,DET
48100,Aron Baynes,26.45187,27.89226,DET
48100,Reggie Jackson,28.85612,45.5789,DET
48100,Kentavious Caldwell-Pope,29.44924,9.22289,DET
48100,Stanley Johnson,5.95088,1.79412,DET
48100,Corey Brewer,8.58365,20.95132,HOU
48100,Ty Lawson,32.05303,41.30513,HOU
48100,James Harden,10.05642,39.51528,HOU
48100,Marcus Thornton,20.2271,24.85334,HOU
48100,Montrezl Harrell,27.64406,43.91369,HOU
48110,Ball,23.69774,49.0478,Ball
48110,Ersan Ilyasova,8.00713,46.99652,DET
48110,Aron Baynes,22.30847,28.99354,DET
48110,Reggie Jackson,24.8683,48.36063,DET
48110,Kentavious Caldwell-Pope,30.27649,11.14125,DET
48110,Stanley Johnson,5.75886,1.62148,DET
48110,Corey Brewer,8.80397,21.97837,HOU
48110,Ty Lawson,29.72977,44.90831,HOU
48110,James Harden,9.19324,40.4455,HOU
48110,Marcus Thornton,21.69073,26.14063,HOU
48110,Montrezl Harrell,23.8617,47.15326,HOU
48120,Ball,13.1254,49.08752,Ball
48120,Ersan Ilyasova,8.46798,46.99053,DET
48120,Aron Baynes,18.43797,30.07811,DET
48120,Reggie Jackson,20.83591,50.03245,DET
48120,Kentavious Caldwell-Pope,30.94422,13.14779,DET
48120,Stanley Johnson,5.8529800000000005,1.47004,DET
48120,Corey Brewer,9.59632,23.84147,HOU
48120,Ty Lawson,27.18758,46.83972,HOU
48120,James Harden,8.8918,41.54858,HOU
48120,Marcus Thornton,22.24421,27.16907,HOU
48120,Montrezl Harrell,21.0425,47.62125,HOU
48130,Ball,10.23957,47.06443,Ball
48130,Ersan Ilyasova,9.44668,45.90428,DET
48130,Aron Baynes,14.82968,31.30257,DET
48130,Reggie Jackson,18.52858,50.5954,DET
48130,Kentavious Caldwell-Pope,31.41407,14.72111,DET
48130,Stanley Johnson,6.04405,1.68045,DET
48130,Corey Brewer,10.17131,27.43204,HOU
48130,Ty Lawson,24.98927,47.7375,HOU
48130,James Harden,9.19647,42.2093,HOU
48130,Marcus Thornton,21.16608,28.32327,HOU
48130,Montrezl Harrell,18.15067,47.05252,HOU
48140,Ball,11.23151,43.86762,Ball
48140,Ersan Ilyasova,10.56689,43.32479,DET
48140,Aron Baynes,12.50558,30.88704,DET
48140,Reggie Jackson,18.08011,50.34008,DET
48140,Kentavious Caldwell-Pope,31.75514,15.70111,DET
48140,Stanley Johnson,6.04091,1.67848,DET
48140,Corey Brewer,10.46072,30.93096,HOU
48140,Ty Lawson,22.88833,48.21296,HOU
48140,James Harden,10.47853,41.22529,HOU
48140,Marcus Thornton,20.02374,28.66139,HOU
48140,Montrezl Harrell,15.02801,44.91301,HOU
48150,Ball,9.76655,41.59166,Ball
48150,Ersan Ilyasova,9.98387,41.90231,DET
48150,Aron Baynes,10.63349,29.50895,DET
48150,Reggie Jackson,18.52681,49.66057,DET
48150,Kentavious Caldwell-Pope,31.77242,15.96293,DET
48150,Stanley Johnson,6.21209,1.42728,DET
48150,Corey Brewer,9.92541,31.4923,HOU
48150,Ty Lawson,21.29111,47.63319,HOU
48150,James Harden,11.36259,39.16963,HOU
48150,Marcus Thornton,20.94353,27.55503,HOU
48150,Montrezl Harrell,12.74953,43.54015,HOU
48160,Ball,6.95002,42.04237,Ball
48160,Ersan Ilyasova,8.640460000000001,42.15623,DET
48160,Aron Baynes,9.29613,27.68094,DET
48160,Reggie Jackson,18.68388,49.48307,DET
48160,Kentavious Caldwell-Pope,31.7116,15.85418,DET
48160,Stanley Johnson,6.1272400000000005,1.5398900000000002,DET
48160,Corey Brewer,8.71417,30.35233,HOU
48160,Ty Lawson,20.1829,46.95859,HOU
48160,James Harden,10.31894,37.96455,HOU
48160,Marcus Thornton,22.20911,25.8523,HOU
48160,Montrezl Harrell,10.7758,42.20295,HOU
48170,Ball,7.14387,43.81576,Ball
48170,Ersan Ilyasova,7.52192,42.92051,DET
48170,Aron Baynes,8.25628,26.42693,DET
48170,Reggie Jackson,18.70345,49.17368,DET
48170,Kentavious Caldwell-Pope,31.64685,15.70088,DET
48170,Stanley Johnson,6.14421,1.58947,DET
48170,Corey Brewer,7.31628,28.34725,HOU
48170,Ty Lawson,19.41706,46.39723,HOU
48170,James Harden,9.32367,37.34324,HOU
48170,Marcus Thornton,22.62928,23.58701,HOU
48170,Montrezl Harrell,9.08199,40.71426,HOU
48180,Ball,6.5113900000000005,37.26694,Ball
48180,Ersan Ilyasova,6.33227,44.89937,DET
48180,Aron Baynes,7.33741,25.72553,DET
48180,Reggie Jackson,18.75833,49.10042,DET
48180,Kentavious Caldwell-Pope,31.65014,15.62357,DET
48180,Stanley Johnson,5.9506,2.05416,DET
48180,Corey Brewer,6.06796,26.78263,HOU
48180,Ty Lawson,19.35364,45.64158,HOU
48180,James Harden,8.58303,36.83797,HOU
48180,Marcus Thornton,21.67196,21.59494,HOU
48180,Montrezl Harrell,7.7403200000000005,39.8836,HOU
48190,Ball,5.43496,30.57662,Ball
48190,Ersan Ilyasova,6.12101,47.6442,DET
48190,Aron Baynes,6.52092,24.64556,DET
48190,Reggie Jackson,19.15137,48.81657,DET
48190,Kentavious Caldwell-Pope,31.78191,15.48009,DET
48190,Stanley Johnson,5.73163,4.2093,DET
48190,Corey Brewer,5.56421,25.94097,HOU
48190,Ty Lawson,19.52611,44.58182,HOU
48190,James Harden,8.05157,35.58039,HOU
48190,Marcus Thornton,19.09457,20.31835,HOU
48190,Montrezl Harrell,7.80233,39.95931,HOU
48200,Ball,5.15676,24.92342,Ball
48200,Ersan Ilyasova,7.3111,49.62615,DET
48200,Aron Baynes,6.39454,23.82276,DET
48200,Reggie Jackson,20.11668,48.17205,DET
48200,Kentavious Caldwell-Pope,31.88688,15.43904,DET
48200,Stanley Johnson,6.05403,8.27289,DET
48200,Corey Brewer,5.91747,25.17549,HOU
48200,Ty Lawson,20.17799,43.77752,HOU
48200,James Harden,7.90621,33.30578,HOU
48200,Marcus Thornton,15.04183,19.80394,HOU
48200,Montrezl Harrell,9.47123,40.88777,HOU
48210,Ball,5.49539,24.92475,Ball
48210,Ersan Ilyasova,9.38755,50.61999,DET
48210,Aron Baynes,7.91732,24.45873,DET
48210,Reggie Jackson,21.89066,46.64335,DET
48210,Kentavious Caldwell-Pope,32.01097,15.59708,DET
48210,Stanley Johnson,6.82026,12.6762,DET
48210,Corey Brewer,6.34963,24.33255,HOU
48210,Ty Lawson,20.9539,42.93593,HOU
48210,James Harden,8.53145,31.6168,HOU
48210,Marcus Thornton,11.14186,19.5936,HOU
48210,Montrezl Harrell,12.3206,41.73854,HOU
48220,Ball,4.78041,25.13502,Ball
48220,Ersan Ilyasova,12.73409,50.41477,DET
48220,Aron Baynes,9.1531,24.2994,DET
48220,Reggie Jackson,24.64177,44.06879,DET
48220,Kentavious Caldwell-Pope,32.79589,16.17369,DET
48220,Stanley Johnson,8.82586,15.53265,DET
48220,Corey Brewer,7.43156,24.53657,HOU
48220,Ty Lawson,21.04762,41.94851,HOU
48220,James Harden,8.6843,30.54986,HOU
48220,Marcus Thornton,9.0531,18.77525,HOU
48220,Montrezl Harrell,15.89725,42.59406,HOU
48230,Ball,3.97675,24.56821,Ball
48230,Ersan Ilyasova,17.11031,49.0512,DET
48230,Aron Baynes,11.62151,24.73932,DET
48230,Reggie Jackson,28.03413,41.99171,DET
48230,Kentavious Caldwell-Pope,34.60417,17.25847,DET
48230,Stanley Johnson,12.20186,16.57653,DET
48230,Corey Brewer,8.87059,24.12747,HOU
48230,Ty Lawson,20.82473,41.05957,HOU
48230,James Harden,8.64793,30.05369,HOU
48230,Marcus Thornton,8.53741,17.78398,HOU
48230,Montrezl Harrell,20.49306,43.57289,HOU
48240,Ball,3.58555,23.54613,Ball
48240,Ersan Ilyasova,22.15924,47.62709,DET
48240,Aron Baynes,15.72926,26.1376,DET
48240,Reggie Jackson,31.84232,40.20404,DET
48240,Kentavious Caldwell-Pope,36.92006,18.79597,DET
48240,Stanley Johnson,16.77201,17.37768,DET
48240,Corey Brewer,11.02354,22.83794,HOU
48240,Ty Lawson,20.63538,40.22651,HOU
48240,James Harden,8.83667,30.17663,HOU
48240,Marcus Thornton,7.89674,17.32064,HOU
48240,Montrezl Harrell,25.19368,43.51275,HOU
48250,Ball,3.16702,22.83573,Ball
48250,Ersan Ilyasova,27.35184,45.80761,DET
48250,Aron Baynes,20.62885,25.939140000000002,DET
48250,Reggie Jackson,35.91954,38.43094,DET
48250,Kentavious Caldwell-Pope,39.29302,20.17983,DET
48250,Stanley Johnson,21.75859,18.38959,DET
48250,Corey Brewer,14.07745,21.2372,HOU
48250,Ty Lawson,20.33188,40.03824,HOU
48250,James Harden,8.84401,30.27128,HOU
48250,Marcus Thornton,6.30243,17.58891,HOU
48250,Montrezl Harrell,30.31154,44.69183,HOU
48260,Ball,2.81724,22.30762,Ball
48260,Ersan Ilyasova,32.85924,43.93055,DET
48260,Aron Baynes,26.0504,25.22399,DET
48260,Reggie Jackson,39.96058,36.73636,DET
48260,Kentavious Caldwell-Pope,41.77296,21.0973,DET
48260,Stanley Johnson,27.01461,18.97649,DET
48260,Corey Brewer,17.82613,20.582160000000002,HOU
48260,Ty Lawson,20.61392,40.59002,HOU
48260,James Harden,8.87043,30.30581,HOU
48260,Marcus Thornton,3.84273,18.48805,HOU
48260,Montrezl Harrell,35.83788,45.16596,HOU
48280,Ball,0.6404700000000001,21.11295,Ball
48280,Ersan Ilyasova,44.430930000000004,40.93194,DET
48280,Aron Baynes,37.95258,24.77402,DET
48280,Reggie Jackson,46.28925,33.38013,DET
48280,Kentavious Caldwell-Pope,45.43737,22.53601,DET
48280,Stanley Johnson,36.78109,17.74931,DET
48280,Corey Brewer,26.08686,23.11983,HOU
48280,Ty Lawson,23.15205,42.49323,HOU
48280,James Harden,10.49512,29.80798,HOU
48280,Marcus Thornton,0.22035000000000002,20.68337,HOU
48280,Montrezl Harrell,46.6177,45.21073,HOU
48290,Ball,10.56116,25.48993,Ball
48290,Ersan Ilyasova,50.55804,39.4472,DET
48290,Aron Baynes,44.5374,25.30327,DET
48290,Reggie Jackson,49.20162,32.73265,DET
48290,Kentavious Caldwell-Pope,47.22409,22.93372,DET
48290,Stanley Johnson,41.68534,16.68706,DET
48290,Corey Brewer,30.76002,25.60615,HOU
48290,Ty Lawson,25.68581,44.05297,HOU
48290,James Harden,12.8023,28.99245,HOU
48290,Marcus Thornton,0.92766,21.10747,HOU
48290,Montrezl Harrell,52.30731,45.16458,HOU
48300,Ball,17.12842,27.22907,Ball
48300,Ersan Ilyasova,56.58133,37.72579,DET
48300,Aron Baynes,51.11138,26.10285,DET
48300,Reggie Jackson,52.16742,33.08081,DET
48300,Kentavious Caldwell-Pope,49.13827,23.20964,DET
48300,Stanley Johnson,46.60784,16.14944,DET
48300,Corey Brewer,35.57863,28.62356,HOU
48300,Ty Lawson,28.94609,45.29568,HOU
48300,James Harden,15.90547,27.71701,HOU
48300,Marcus Thornton,2.89494,20.81118,HOU
48300,Montrezl Harrell,58.05991,44.86601,HOU
48310,Ball,25.87802,33.5139,Ball
48310,Ersan Ilyasova,62.03079,36.33022,DET
48310,Aron Baynes,57.46537,26.88776,DET
48310,Reggie Jackson,55.36897,33.88882,DET
48310,Kentavious Caldwell-Pope,50.5896,23.41664,DET
48310,Stanley Johnson,51.16505,15.70655,DET
48310,Corey Brewer,40.63403,31.90688,HOU
48310,Ty Lawson,32.93198,45.78281,HOU
48310,James Harden,19.42139,27.33612,HOU
48310,Marcus Thornton,6.7985500000000005,20.17169,HOU
48310,Montrezl Harrell,63.77602,44.33359,HOU
48320,Ball,35.43164,41.18561,Ball
48320,Ersan Ilyasova,66.61927,35.09112,DET
48320,Aron Baynes,63.02696,27.762,DET
48320,Reggie Jackson,58.89405,35.17869,DET
48320,Kentavious Caldwell-Pope,52.53276,23.56487,DET
48320,Stanley Johnson,55.2047,15.36323,DET
48320,Corey Brewer,45.95217,35.11223,HOU
48320,Ty Lawson,37.45727,45.74091,HOU
48320,James Harden,23.31676,26.02592,HOU
48320,Marcus Thornton,11.68149,19.31943,HOU
48320,Montrezl Harrell,68.75404,43.38947,HOU
48330,Ball,43.83945,43.24794,Ball
48330,Ersan Ilyasova,70.92601,34.4715,DET
48330,Aron Baynes,68.34809,27.48783,DET
48330,Reggie Jackson,62.08973,36.58602,DET
48330,Kentavious Caldwell-Pope,54.83323,23.7514,DET
48330,Stanley Johnson,58.92926,15.19873,DET
48330,Corey Brewer,51.34516,38.12191,HOU
48330,Ty Lawson,41.89007,45.16736,HOU
48330,James Harden,27.61953,24.78679,HOU
48330,Marcus Thornton,16.88768,17.8479,HOU
48330,Montrezl Harrell,72.37101,41.93467,HOU
48340,Ball,48.81709,42.4766,Ball
48340,Ersan Ilyasova,74.46479,34.02322,DET
48340,Aron Baynes,73.15382,27.29029,DET
48340,Reggie Jackson,64.81133,37.61079,DET
48340,Kentavious Caldwell-Pope,57.22762,23.80809,DET
48340,Stanley Johnson,62.45001,15.02719,DET
48340,Corey Brewer,56.75925,40.7932,HOU
48340,Ty Lawson,46.08441,43.43498,HOU
48340,James Harden,31.83097,23.00397,HOU
48340,Marcus Thornton,22.47349,16.68467,HOU
48340,Montrezl Harrell,74.71826,41.03809,HOU
48350,Ball,52.34874,39.95173,Ball
48350,Ersan Ilyasova,77.27771,34.79934,DET
48350,Aron Baynes,77.04744,27.613,DET
48350,Reggie Jackson,67.05307,37.75462,DET
48350,Kentavious Caldwell-Pope,59.92467,23.97879,DET
48350,Stanley Johnson,65.6811,15.19581,DET
48350,Corey Brewer,62.12041,43.06889,HOU
48350,Ty Lawson,49.81783,41.10395,HOU
48350,James Harden,35.86612,21.20271,HOU
48350,Marcus Thornton,28.34706,15.26941,HOU
48350,Montrezl Harrell,75.5936,40.79293,HOU
48360,Ball,54.73224,37.94841,Ball
48360,Ersan Ilyasova,79.19615,36.37511,DET
48360,Aron Baynes,79.98963,28.12443,DET
48360,Reggie Jackson,67.90414,36.48127,DET
48360,Kentavious Caldwell-Pope,62.84581,23.79563,DET
48360,Stanley Johnson,68.77327,15.39266,DET
48360,Corey Brewer,67.31695,44.97534,HOU
48360,Ty Lawson,53.39717,38.56997,HOU
48360,James Harden,39.6026,19.46329,HOU
48360,Marcus Thornton,34.41829,13.57073,HOU
48360,Montrezl Harrell,75.14214,40.95106,HOU
48370,Ball,57.91559,35.36855,Ball
48370,Ersan Ilyasova,80.59075,38.30882,DET
48370,Aron Baynes,80.90636,28.34417,DET
48370,Reggie Jackson,67.60338,34.97281,DET
48370,Kentavious Caldwell-Pope,65.47422,23.53251,DET
48370,Stanley Johnson,71.41483,13.95996,DET
48370,Corey Brewer,72.3049,46.60055,HOU
48370,Ty Lawson,56.15157,36.31629,HOU
48370,James Harden,43.01515,17.88826,HOU
48370,Marcus Thornton,40.61439,11.65163,HOU
48370,Montrezl Harrell,73.85262,40.682900000000004,HOU
48380,Ball,59.51079,33.74027,Ball
48380,Ersan Ilyasova,81.27994,40.53077,DET
48380,Aron Baynes,80.64987,28.90043,DET
48380,Reggie Jackson,67.02073,33.5471,DET
48380,Kentavious Caldwell-Pope,67.53231,22.59328,DET
48380,Stanley Johnson,73.55656,13.8923,DET
48380,Corey Brewer,76.30838,47.48807,HOU
48380,Ty Lawson,58.30855,34.54023,HOU
48380,James Harden,45.83278,16.43974,HOU
48380,Marcus Thornton,46.04609,9.85554,HOU
48380,Montrezl Harrell,72.90399,39.20768,HOU
48390,Ball,62.46932,35.17772,Ball
48390,Ersan Ilyasova,82.51239,40.89191,DET
48390,Aron Baynes,79.80282,30.08188,DET
48390,Reggie Jackson,66.81232,32.5468,DET
48390,Kentavious Caldwell-Pope,69.3319,21.972830000000002,DET
48390,Stanley Johnson,75.75541,14.5472,DET
48390,Corey Brewer,80.20699,48.10906,HOU
48390,Ty Lawson,60.82387,34.42497,HOU
48390,James Harden,48.74612,15.11833,HOU
48390,Marcus Thornton,51.80213,8.12207,HOU
48390,Montrezl Harrell,71.93128,37.09908,HOU
48400,Ball,64.39595,37.16037,Ball
48400,Ersan Ilyasova,83.83454,40.79417,DET
48400,Aron Baynes,78.43351,31.87951,DET
48400,Reggie Jackson,67.33829,34.29183,DET
48400,Kentavious Caldwell-Pope,70.96219,21.62063,DET
48400,Stanley Johnson,77.97392,13.13547,DET
48400,Corey Brewer,83.2701,48.40415,HOU
48400,Ty Lawson,64.5118,36.08168,HOU
48400,James Harden,51.35244,13.94193,HOU
48400,Marcus Thornton,57.43967,6.47856,HOU
48400,Montrezl Harrell,70.62699,35.43539,HOU
48410,Ball,70.89129,39.52762,Ball
48410,Ersan Ilyasova,85.04977,40.96358,DET
48410,Aron Baynes,78.37756,34.3993,DET
48410,Reggie Jackson,68.68276,36.91489,DET
48410,Kentavious Caldwell-Pope,72.7562,22.10953,DET
48410,Stanley Johnson,80.18805,13.56222,DET
48410,Corey Brewer,85.58809,48.41475,HOU
48410,Ty Lawson,69.14568,38.35044,HOU
48410,James Harden,53.73733,13.39481,HOU
48410,Marcus Thornton,62.82936,4.4662500000000005,HOU
48410,Montrezl Harrell,69.37795,35.20994,HOU
48420,Ball,74.63405,40.25109,Ball
48420,Ersan Ilyasova,86.15107,40.91073,DET
48420,Aron Baynes,79.47608,35.25057,DET
48420,Reggie Jackson,71.85283,38.12669,DET
48420,Kentavious Caldwell-Pope,74.20535,22.85602,DET
48420,Stanley Johnson,82.28641,13.85423,DET
48420,Corey Brewer,87.16454,48.34914,HOU
48420,Ty Lawson,73.86216,39.30948,HOU
48420,James Harden,55.86971,12.99014,HOU
48420,Marcus Thornton,67.83813,3.40443,HOU
48420,Montrezl Harrell,69.48624,34.13772,HOU
48430,Ball,79.03279,38.78999,Ball
48430,Ersan Ilyasova,86.89073,40.92285,DET
48430,Aron Baynes,81.46583,34.92264,DET
48430,Reggie Jackson,76.21074,38.28737,DET
48430,Kentavious Caldwell-Pope,74.83178,23.43302,DET
48430,Stanley Johnson,83.85289,13.40943,DET
48430,Corey Brewer,88.33232,48.48232,HOU
48430,Ty Lawson,78.09372,38.30475,HOU
48430,James Harden,57.86928,13.04254,HOU
48430,Marcus Thornton,72.43085,2.9652700000000003,HOU
48430,Montrezl Harrell,69.97192,32.77883,HOU
48440,Ball,81.6428,33.3494,Ball
48440,Ersan Ilyasova,87.40366,40.74018,DET
48440,Aron Baynes,82.85135,33.34609,DET
48440,Reggie Jackson,80.8211,38.6408,DET
48440,Kentavious Caldwell-Pope,74.18236,21.49246,DET
48440,Stanley Johnson,84.79405,13.66047,DET
48440,Corey Brewer,88.61536,48.52311,HOU
48440,Ty Lawson,80.78724,36.65973,HOU
48440,James Harden,59.68848,13.11296,HOU
48440,Marcus Thornton,76.61581,2.43935,HOU
48440,Montrezl Harrell,70.51417000000001,31.66299,HOU
