24840,Ball,0.55347,19.1077,Ball
24840,Jeff Withey,40.65661,16.18066,UTA
24840,Joe Ingles,45.83871,10.0809,UTA
24840,Trey Burke,44.23571,17.13636,UTA
24840,Raul Neto,45.79772,30.61518,UTA
24840,Trey Lyles,39.7755,38.85188,UTA
24840,Amar'e Stoudemire,21.32244,10.69724,MIA
24840,Chris Bosh,0.3337,19.87334,MIA
24840,Gerald Green,40.84163,3.49161,MIA
24840,Goran Dragic,12.98331,33.90082,MIA
24840,Justise Winslow,20.52627,27.80416,MIA
24850,Ball,0.6984300000000001,20.08519,Ball
24850,Jeff Withey,46.29802,16.79809,UTA
24850,Joe Ingles,50.49114,10.18164,UTA
24850,Trey Burke,47.72293,19.35874,UTA
24850,Raul Neto,46.95623,30.75563,UTA
24850,Trey Lyles,45.05495,36.76824,UTA
24850,Amar'e Stoudemire,25.62637,11.09231,MIA
24850,Chris Bosh,-0.52237,20.37847,MIA
24850,Gerald Green,46.55976,3.5027,MIA
24850,Goran Dragic,13.53766,34.55729,MIA
24850,Justise Winslow,24.60746,28.91616,MIA
24860,Ball,5.98507,24.48748,Ball
24860,Jeff Withey,51.86427,17.63387,UTA
24860,Joe Ingles,54.97063,10.37293,UTA
24860,Trey Burke,51.13977,21.42494,UTA
24860,Raul Neto,47.83304,30.61254,UTA
24860,Trey Lyles,50.00751,34.72138,UTA
24860,Amar'e Stoudemire,30.15308,11.78153,MIA
24860,Chris Bosh,-0.06028000000000001,20.68349,MIA
24860,Gerald Green,52.36397,3.74702,MIA
24860,Goran Dragic,14.25687,34.74985,MIA
24860,Justise Winslow,28.58893,30.22254,MIA
24870,Ball,12.90126,30.28622,Ball
24870,Jeff Withey,56.92634,18.71402,UTA
24870,Joe Ingles,59.27727,10.39485,UTA
24870,Trey Burke,54.38945,23.48937,UTA
24870,Raul Neto,48.59606,30.53747,UTA
24870,Trey Lyles,54.30789,32.61025,UTA
24870,Amar'e Stoudemire,34.8069,12.73179,MIA
24870,Chris Bosh,1.76023,20.53307,MIA
24870,Gerald Green,58.1096,3.88005,MIA
24870,Goran Dragic,14.96883,34.54586,MIA
24870,Justise Winslow,32.66494,31.845860000000002,MIA
24880,Ball,17.22536,33.42446,Ball
24880,Jeff Withey,61.43064,19.93741,UTA
24880,Joe Ingles,63.3006,10.55707,UTA
24880,Trey Burke,57.0631,25.67385,UTA
24880,Raul Neto,49.15352,30.83623,UTA
24880,Trey Lyles,58.05181,30.59119,UTA
24880,Amar'e Stoudemire,39.63989,13.55437,MIA
24880,Chris Bosh,4.38859,20.63373,MIA
24880,Gerald Green,63.77279,4.20324,MIA
24880,Goran Dragic,16.42088,34.22959,MIA
24880,Justise Winslow,36.72507,33.53586,MIA
24890,Ball,19.44273,33.57092,Ball
24890,Jeff Withey,65.45658,20.95753,UTA
24890,Joe Ingles,67.05766,11.14368,UTA
24890,Trey Burke,59.18812,28.0184,UTA
24890,Raul Neto,49.50749,30.84804,UTA
24890,Trey Lyles,60.9766,28.66396,UTA
24890,Amar'e Stoudemire,44.5633,14.40662,MIA
24890,Chris Bosh,7.63236,20.43938,MIA
24890,Gerald Green,69.2726,4.85249,MIA
24890,Goran Dragic,18.43978,33.79791,MIA
24890,Justise Winslow,40.86925,35.16841,MIA
24900,Ball,21.72427,34.03407,Ball
24900,Jeff Withey,68.60498,21.50426,UTA
24900,Joe Ingles,70.50799,11.54451,UTA
24900,Trey Burke,60.95298,30.36345,UTA
24900,Raul Neto,49.95856,30.34004,UTA
24900,Trey Lyles,63.46743,27.43429,UTA
24900,Amar'e Stoudemire,49.76016,14.92524,MIA
24900,Chris Bosh,11.57471,20.17088,MIA
24900,Gerald Green,73.96778,5.68186,MIA
24900,Goran Dragic,20.56687,33.31529,MIA
24900,Justise Winslow,44.95339,36.78386,MIA
24910,Ball,23.7972,34.01137,Ball
24910,Jeff Withey,71.35272,21.48143,UTA
24910,Joe Ingles,73.36841,12.09499,UTA
24910,Trey Burke,62.62166,32.51655,UTA
24910,Raul Neto,50.61733,30.07385,UTA
24910,Trey Lyles,65.293,26.81547,UTA
24910,Amar'e Stoudemire,54.92711,15.55737,MIA
24910,Chris Bosh,16.17857,20.01924,MIA
24910,Gerald Green,78.35129,6.65199,MIA
24910,Goran Dragic,22.93153,33.04307,MIA
24910,Justise Winslow,49.00512,38.34554,MIA
24920,Ball,26.37367,33.47965,Ball
24920,Jeff Withey,73.61713,21.04485,UTA
24920,Joe Ingles,76.27899,12.88084,UTA
24920,Trey Burke,64.50338,34.39898,UTA
24920,Raul Neto,51.21393,30.04907,UTA
24920,Trey Lyles,66.29415,26.72429,UTA
24920,Amar'e Stoudemire,60.07378,15.99579,MIA
24920,Chris Bosh,21.07984,19.73266,MIA
24920,Gerald Green,81.86965000000001,7.14787,MIA
24920,Goran Dragic,25.32806,32.46148,MIA
24920,Justise Winslow,52.9212,39.82172,MIA
24930,Ball,28.46462,33.25309,Ball
24930,Jeff Withey,75.25805,20.97671,UTA
24930,Joe Ingles,78.95771,13.47069,UTA
24930,Trey Burke,66.4168,35.80796,UTA
24930,Raul Neto,51.89122,30.00356,UTA
24930,Trey Lyles,66.99671,25.96329,UTA
24930,Amar'e Stoudemire,65.12821,16.41558,MIA
24930,Chris Bosh,26.31183,19.5416,MIA
24930,Gerald Green,84.92929,7.00639,MIA
24930,Goran Dragic,27.9571,32.03213,MIA
24930,Justise Winslow,56.61473,41.11925,MIA
24940,Ball,31.87543,31.774,Ball
24940,Jeff Withey,76.82475,20.5487,UTA
24940,Joe Ingles,81.0307,13.46785,UTA
24940,Trey Burke,68.44709,36.37861,UTA
24940,Raul Neto,52.52509,29.58767,UTA
24940,Trey Lyles,67.37903,24.99816,UTA
24940,Amar'e Stoudemire,69.90376,16.4573,MIA
24940,Chris Bosh,31.66488,19.55333,MIA
24940,Gerald Green,86.41452,5.93759,MIA
24940,Goran Dragic,30.54339,30.99296,MIA
24940,Justise Winslow,59.90648,42.23279,MIA
24950,Ball,33.97607,31.24396,Ball
24950,Jeff Withey,77.9817,19.67105,UTA
24950,Joe Ingles,82.63053,12.9128,UTA
24950,Trey Burke,70.63271,36.50343,UTA
24950,Raul Neto,53.55481,29.0014,UTA
24950,Trey Lyles,67.56803,24.23933,UTA
24950,Amar'e Stoudemire,74.37715,16.51344,MIA
24950,Chris Bosh,37.27855,19.61463,MIA
24950,Gerald Green,87.42113,4.85021,MIA
24950,Goran Dragic,33.43813,30.2422,MIA
24950,Justise Winslow,62.93321,43.19993,MIA
24960,Ball,37.97322,30.17376,Ball
24960,Jeff Withey,78.89445,19.21709,UTA
24960,Joe Ingles,83.98178,12.26251,UTA
24960,Trey Burke,72.73114,36.72566,UTA
24960,Raul Neto,54.57259,28.60467,UTA
24960,Trey Lyles,67.80627,23.49158,UTA
24960,Amar'e Stoudemire,78.36061,16.51309,MIA
24960,Chris Bosh,42.8867,19.84979,MIA
24960,Gerald Green,88.50026,3.9021500000000002,MIA
24960,Goran Dragic,36.42934,29.32066,MIA
24960,Justise Winslow,65.60687,44.08199,MIA
24970,Ball,40.29519,29.848770000000002,Ball
24970,Jeff Withey,80.25393,19.3634,UTA
24970,Joe Ingles,84.37587,11.60543,UTA
24970,Trey Burke,74.41395,36.95193,UTA
24970,Raul Neto,55.40598,27.94335,UTA
24970,Trey Lyles,68.51224,22.86389,UTA
24970,Amar'e Stoudemire,81.13709,16.08531,MIA
24970,Chris Bosh,48.50197,20.10494,MIA
24970,Gerald Green,88.93352,2.9170100000000003,MIA
24970,Goran Dragic,39.5047,28.66311,MIA
24970,Justise Winslow,67.9211,44.61953,MIA
24980,Ball,43.36754,28.86572,Ball
24980,Jeff Withey,80.94158,19.36874,UTA
24980,Joe Ingles,84.93719,10.91541,UTA
24980,Trey Burke,75.76384,37.15901,UTA
24980,Raul Neto,56.26236,27.51416,UTA
24980,Trey Lyles,69.47453,22.76047,UTA
24980,Amar'e Stoudemire,82.94384,15.54563,MIA
24980,Chris Bosh,54.12718,20.34586,MIA
24980,Gerald Green,89.82271,2.44586,MIA
24980,Goran Dragic,42.16716,27.92951,MIA
24980,Justise Winslow,70.11512,45.31308,MIA
24990,Ball,45.87492,28.42,Ball
24990,Jeff Withey,82.42716,19.74263,UTA
24990,Joe Ingles,85.47077,10.48911,UTA
24990,Trey Burke,76.70799,37.61454,UTA
24990,Raul Neto,57.1469,27.01699,UTA
24990,Trey Lyles,70.72052,22.51079,UTA
24990,Amar'e Stoudemire,84.75978,16.22554,MIA
24990,Chris Bosh,59.76047,20.39958,MIA
24990,Gerald Green,90.62044,2.11233,MIA
24990,Goran Dragic,44.84841,27.46874,MIA
24990,Justise Winslow,71.88487,45.71192,MIA
25000,Ball,47.69046,25.53214,Ball
25000,Jeff Withey,84.32931,19.83201,UTA
25000,Joe Ingles,85.47771,10.6242,UTA
25000,Trey Burke,77.10866,37.79991,UTA
25000,Raul Neto,58.11558,26.43527,UTA
25000,Trey Lyles,72.30327,22.16313,UTA
25000,Amar'e Stoudemire,85.79822,16.95732,MIA
25000,Chris Bosh,65.37557,20.45246,MIA
25000,Gerald Green,90.8546,1.8085900000000001,MIA
25000,Goran Dragic,47.02161,26.58342,MIA
25000,Justise Winslow,73.58199,46.21239,MIA
25010,Ball,49.88382,24.92581,Ball
25010,Jeff Withey,85.42602,19.96043,UTA
25010,Joe Ingles,85.4722,10.67553,UTA
25010,Trey Burke,77.0923,37.56772,UTA
25010,Raul Neto,59.13602,26.17388,UTA
25010,Trey Lyles,74.13537,22.28214,UTA
25010,Amar'e Stoudemire,86.37661,17.59496,MIA
25010,Chris Bosh,70.76151,20.49492,MIA
25010,Gerald Green,90.93174,2.01479,MIA
25010,Goran Dragic,49.19666,25.88946,MIA
25010,Justise Winslow,75.37342,46.65327,MIA
25020,Ball,51.54401,24.0981,Ball
25020,Jeff Withey,85.79602,20.58064,UTA
25020,Joe Ingles,85.48971,10.67815,UTA
25020,Trey Burke,77.1185,37.18537,UTA
25020,Raul Neto,60.14748,25.50076,UTA
25020,Trey Lyles,76.70106,22.66643,UTA
25020,Amar'e Stoudemire,86.33502,18.33369,MIA
25020,Chris Bosh,75.55294,20.97844,MIA
25020,Gerald Green,89.97857,1.82597,MIA
25020,Goran Dragic,51.13147,25.60184,MIA
25020,Justise Winslow,76.91162,46.69495,MIA
25030,Ball,53.83641,24.13544,Ball
25030,Jeff Withey,85.0615,19.7277,UTA
25030,Joe Ingles,85.45947,10.66537,UTA
25030,Trey Burke,77.38016,37.00834,UTA
25030,Raul Neto,61.21491,25.21545,UTA
25030,Trey Lyles,79.1242,23.49669,UTA
25030,Amar'e Stoudemire,84.99191,18.80188,MIA
25030,Chris Bosh,78.91392,20.85252,MIA
25030,Gerald Green,89.85175,2.27772,MIA
25030,Goran Dragic,53.09,25.00981,MIA
25030,Justise Winslow,78.57458,46.89131,MIA
25040,Ball,55.40555,22.95175,Ball
25040,Jeff Withey,83.27007,18.17899,UTA
25040,Joe Ingles,85.33646,10.61792,UTA
25040,Trey Burke,78.03358,37.09469,UTA
25040,Raul Neto,62.21404,25.0437,UTA
25040,Trey Lyles,80.43526,23.96045,UTA
25040,Amar'e Stoudemire,81.08464,17.75955,MIA
25040,Chris Bosh,81.12223,19.34135,MIA
25040,Gerald Green,88.82657,2.31874,MIA
25040,Goran Dragic,54.987,24.76271,MIA
25040,Justise Winslow,80.00092,46.77382,MIA
25050,Ball,56.38184,22.4237,Ball
25050,Jeff Withey,80.92099,16.71044,UTA
25050,Joe Ingles,85.26961,10.61345,UTA
25050,Trey Burke,78.85193,37.03183,UTA
25050,Raul Neto,63.40215,24.38651,UTA
25050,Trey Lyles,82.52621,22.69529,UTA
25050,Amar'e Stoudemire,76.0936,16.99138,MIA
25050,Chris Bosh,81.02653,18.04936,MIA
25050,Gerald Green,87.6937,2.26984,MIA
25050,Goran Dragic,56.82523,24.24698,MIA
25050,Justise Winslow,81.26966,46.59045,MIA
25060,Ball,58.84035,22.30583,Ball
25060,Jeff Withey,78.82395,15.56857,UTA
25060,Joe Ingles,85.2642,10.65681,UTA
25060,Trey Burke,79.52588,36.52176,UTA
25060,Raul Neto,64.67977,23.56055,UTA
25060,Trey Lyles,83.01655,21.12031,UTA
25060,Amar'e Stoudemire,72.4001,17.36983,MIA
25060,Chris Bosh,79.7087,16.89718,MIA
25060,Gerald Green,87.39131,2.03159,MIA
25060,Goran Dragic,58.26432,23.90331,MIA
25060,Justise Winslow,82.46273,47.08335,MIA
25070,Ball,60.08708,21.14704,Ball
25070,Jeff Withey,76.83392,16.07959,UTA
25070,Joe Ingles,85.26301,10.66971,UTA
25070,Trey Burke,80.0562,36.43349,UTA
25070,Raul Neto,66.00226,23.28029,UTA
25070,Trey Lyles,82.39203,19.92918,UTA
25070,Amar'e Stoudemire,69.40521,17.2858,MIA
25070,Chris Bosh,79.89717,16.25025,MIA
25070,Gerald Green,86.77412,1.9421300000000001,MIA
25070,Goran Dragic,59.39647,23.75195,MIA
25070,Justise Winslow,83.07069,47.80968,MIA
25080,Ball,66.11918,17.49295,Ball
25080,Jeff Withey,75.35198,17.50735,UTA
25080,Joe Ingles,85.13676,10.60249,UTA
25080,Trey Burke,80.45423,36.97223,UTA
25080,Raul Neto,67.19662,23.782890000000002,UTA
25080,Trey Lyles,82.51542,18.44187,UTA
25080,Amar'e Stoudemire,67.82068,17.09556,MIA
25080,Chris Bosh,80.58983,15.70293,MIA
25080,Gerald Green,86.15921,2.28285,MIA
25080,Goran Dragic,61.41718,24.63171,MIA
25080,Justise Winslow,83.30459,48.42455,MIA
25090,Ball,65.95773,17.44293,Ball
25090,Jeff Withey,74.9686,18.38388,UTA
25090,Joe Ingles,84.92921,10.12837,UTA
25090,Trey Burke,80.83882,36.8283,UTA
25090,Raul Neto,68.92558,24.82789,UTA
25090,Trey Lyles,82.99033,17.69882,UTA
25090,Amar'e Stoudemire,67.28087,17.38906,MIA
25090,Chris Bosh,81.75214,15.65748,MIA
25090,Gerald Green,86.02736,2.18294,MIA
25090,Goran Dragic,65.46957,26.324370000000002,MIA
25090,Justise Winslow,83.56085,48.63913,MIA
25100,Ball,66.3549,18.90949,Ball
25100,Jeff Withey,74.72264,19.16113,UTA
25100,Joe Ingles,84.82936,9.66162,UTA
25100,Trey Burke,81.38996,36.84365,UTA
25100,Raul Neto,71.83475,26.09625,UTA
25100,Trey Lyles,83.6139,17.92555,UTA
25100,Amar'e Stoudemire,66.97805,18.20742,MIA
25100,Chris Bosh,83.3031,16.84577,MIA
25100,Gerald Green,86.29742,1.7743700000000002,MIA
25100,Goran Dragic,70.54209,28.59553,MIA
25100,Justise Winslow,83.96239,48.10545,MIA
25110,Ball,66.71905,19.56634,Ball
25110,Jeff Withey,74.30319,19.87573,UTA
25110,Joe Ingles,84.57702,10.01126,UTA
25110,Trey Burke,81.71648,37.37485,UTA
25110,Raul Neto,75.65955,27.80308,UTA
25110,Trey Lyles,85.06052,19.18835,UTA
25110,Amar'e Stoudemire,66.87398,18.70004,MIA
25110,Chris Bosh,84.8463,18.72549,MIA
25110,Gerald Green,86.16342,1.5058,MIA
25110,Goran Dragic,75.69613,30.40024,MIA
25110,Justise Winslow,83.8402,47.35932,MIA
25120,Ball,67.82201,19.59694,Ball
25120,Jeff Withey,73.82448,20.14363,UTA
25120,Joe Ingles,84.45177,10.0085,UTA
25120,Trey Burke,81.75464,37.31111,UTA
25120,Raul Neto,79.3645,29.11534,UTA
25120,Trey Lyles,85.46932,20.9393,UTA
25120,Amar'e Stoudemire,67.51273,18.94472,MIA
25120,Chris Bosh,86.79092,21.76619,MIA
25120,Gerald Green,86.08224,1.96528,MIA
25120,Goran Dragic,79.6831,32.5571,MIA
25120,Justise Winslow,83.36006,46.47331,MIA
25130,Ball,68.48641,20.82809,Ball
25130,Jeff Withey,73.81666,21.26612,UTA
25130,Joe Ingles,84.52729,9.84604,UTA
25130,Trey Burke,82.4667,36.88252,UTA
25130,Raul Neto,82.07872,29.99951,UTA
25130,Trey Lyles,85.08047,22.94336,UTA
25130,Amar'e Stoudemire,68.09469,20.19322,MIA
25130,Chris Bosh,87.43157,24.68653,MIA
25130,Gerald Green,85.70776,2.41699,MIA
25130,Goran Dragic,81.68502,34.61946,MIA
25130,Justise Winslow,82.24238,44.83637,MIA
25140,Ball,68.75157,25.37173,Ball
25140,Jeff Withey,74.2855,23.21841,UTA
25140,Joe Ingles,84.44548,10.10334,UTA
25140,Trey Burke,83.06352,36.78873,UTA
25140,Raul Neto,83.41212,30.65857,UTA
25140,Trey Lyles,85.11011,24.29188,UTA
25140,Amar'e Stoudemire,68.94771,23.08762,MIA
25140,Chris Bosh,87.0632,26.91681,MIA
25140,Gerald Green,84.55485,2.30365,MIA
25140,Goran Dragic,82.42244,35.35524,MIA
25140,Justise Winslow,82.85354,42.3608,MIA
25150,Ball,69.32747,28.58647,Ball
25150,Jeff Withey,75.76881,24.95882,UTA
25150,Joe Ingles,83.97995,10.718630000000001,UTA
25150,Trey Burke,83.01707,36.86828,UTA
25150,Raul Neto,83.94183,30.49348,UTA
25150,Trey Lyles,85.34838,26.44182,UTA
25150,Amar'e Stoudemire,70.85999,27.18154,MIA
25150,Chris Bosh,86.66839,29.36155,MIA
25150,Gerald Green,83.33627,2.05936,MIA
25150,Goran Dragic,82.80005,35.72458,MIA
25150,Justise Winslow,85.55351,38.56091,MIA
25160,Ball,72.98317,33.43192,Ball
25160,Jeff Withey,77.68478,27.26717,UTA
25160,Joe Ingles,83.4849,11.951,UTA
25160,Trey Burke,82.79137,36.52494,UTA
25160,Raul Neto,85.48523,29.11561,UTA
25160,Trey Lyles,85.70381,29.30972,UTA
25160,Amar'e Stoudemire,73.42903,31.19444,MIA
25160,Chris Bosh,86.46646,30.61298,MIA
25160,Gerald Green,82.05922,2.37416,MIA
25160,Goran Dragic,82.73861,35.49759,MIA
25160,Justise Winslow,87.6545,33.46551,MIA
25170,Ball,74.86024,35.68429,Ball
25170,Jeff Withey,79.46131,29.09751,UTA
25170,Joe Ingles,82.67942,13.0077,UTA
25170,Trey Burke,82.57076,35.9549,UTA
25170,Raul Neto,86.81591,28.50301,UTA
25170,Trey Lyles,87.7581,30.06222,UTA
25170,Amar'e Stoudemire,75.78316,34.35242,MIA
25170,Chris Bosh,86.13152,31.91631,MIA
25170,Gerald Green,80.73331,3.02488,MIA
25170,Goran Dragic,82.60717,35.15727,MIA
25170,Justise Winslow,89.06719,27.94617,MIA
25180,Ball,77.91554,37.34264,Ball
25180,Jeff Withey,80.6828,30.53039,UTA
25180,Joe Ingles,81.19649,13.44254,UTA
25180,Trey Burke,82.24835,35.41124,UTA
25180,Raul Neto,88.07092,26.64998,UTA
25180,Trey Lyles,87.90931,30.02237,UTA
25180,Amar'e Stoudemire,77.08835,36.41857,MIA
25180,Chris Bosh,87.05331,32.39871,MIA
25180,Gerald Green,78.72371,3.68811,MIA
25180,Goran Dragic,82.85952,36.31139,MIA
25180,Justise Winslow,89.35258,22.48267,MIA
25190,Ball,78.17005,39.31648,Ball
25190,Jeff Withey,80.63356,31.67407,UTA
25190,Joe Ingles,79.63981,14.11164,UTA
25190,Trey Burke,81.67484,37.01763,UTA
25190,Raul Neto,88.56647,24.14078,UTA
25190,Trey Lyles,87.12986,30.83824,UTA
25190,Amar'e Stoudemire,77.88993,36.93837,MIA
25190,Chris Bosh,86.8639,32.71907,MIA
25190,Gerald Green,76.45195,4.41596,MIA
25190,Goran Dragic,81.98312,38.84867,MIA
25190,Justise Winslow,88.9452,17.40606,MIA
25200,Ball,76.85828,43.07179,Ball
25200,Jeff Withey,80.48711,32.71375,UTA
25200,Joe Ingles,78.21807,15.33853,UTA
25200,Trey Burke,80.05438,38.95214,UTA
25200,Raul Neto,88.21314,21.61319,UTA
25200,Trey Lyles,86.06662,31.77881,UTA
25200,Amar'e Stoudemire,78.09498,37.64455,MIA
25200,Chris Bosh,86.50438,33.81,MIA
25200,Gerald Green,74.29597,5.484,MIA
25200,Goran Dragic,79.98948,41.96956,MIA
25200,Justise Winslow,88.37708,13.05553,MIA
25210,Ball,75.04441,46.88438,Ball
25210,Jeff Withey,80.9313,33.815690000000004,UTA
25210,Joe Ingles,76.96196,17.2128,UTA
25210,Trey Burke,76.73649,40.48948,UTA
25210,Raul Neto,87.50936,19.32732,UTA
25210,Trey Lyles,84.92642,33.05052,UTA
25210,Amar'e Stoudemire,78.0503,38.1313,MIA
25210,Chris Bosh,85.95203,35.56564,MIA
25210,Gerald Green,72.17409,6.66097,MIA
25210,Goran Dragic,76.28179,44.92157,MIA
25210,Justise Winslow,87.76693,9.29371,MIA
25220,Ball,72.08154,47.84121,Ball
25220,Jeff Withey,80.84289,34.24621,UTA
25220,Joe Ingles,75.66199,18.86453,UTA
25220,Trey Burke,73.12062,41.85001,UTA
25220,Raul Neto,86.4496,17.46837,UTA
25220,Trey Lyles,84.13057,34.30085,UTA
25220,Amar'e Stoudemire,77.78695,38.78694,MIA
25220,Chris Bosh,85.24452,36.5568,MIA
25220,Gerald Green,70.16176,7.902,MIA
25220,Goran Dragic,73.30077,46.25151,MIA
25220,Justise Winslow,87.05141,6.23381,MIA
25230,Ball,70.99879,46.39504,Ball
25230,Jeff Withey,80.59025,34.76035,UTA
25230,Joe Ingles,74.78228,20.48297,UTA
25230,Trey Burke,71.22126,42.82514,UTA
25230,Raul Neto,85.6079,16.19286,UTA
25230,Trey Lyles,83.35675,35.56703,UTA
25230,Amar'e Stoudemire,77.22518,39.62927,MIA
25230,Chris Bosh,84.15827,38.47534,MIA
25230,Gerald Green,68.2291,8.91766,MIA
25230,Goran Dragic,71.82216,46.65266,MIA
25230,Justise Winslow,86.59661,3.5371,MIA
25240,Ball,68.4308,47.882,Ball
25240,Jeff Withey,80.2056,35.92438,UTA
25240,Joe Ingles,74.10241,21.59492,UTA
25240,Trey Burke,69.5281,43.24863,UTA
25240,Raul Neto,85.13393,15.68677,UTA
25240,Trey Lyles,82.6993,36.88829,UTA
25240,Amar'e Stoudemire,76.89156,40.81554,MIA
25240,Chris Bosh,82.67367,39.67293,MIA
25240,Gerald Green,66.54591,9.78035,MIA
25240,Goran Dragic,69.90708,46.07723,MIA
25240,Justise Winslow,86.32224,2.28947,MIA
25250,Ball,66.17539,46.17972,Ball
25250,Jeff Withey,80.5234,35.96998,UTA
25250,Joe Ingles,73.89735,22.42533,UTA
25250,Trey Burke,66.90237,42.05808,UTA
25250,Raul Neto,85.07262,15.92389,UTA
25250,Trey Lyles,81.71211,38.34635,UTA
25250,Amar'e Stoudemire,76.95954,41.87127,MIA
25250,Chris Bosh,81.86833,40.54033,MIA
25250,Gerald Green,65.16969,10.72732,MIA
25250,Goran Dragic,66.60464,44.44008,MIA
25250,Justise Winslow,86.36287,1.4271,MIA
25260,Ball,61.10818,42.21407,Ball
25260,Jeff Withey,80.56213,35.7063,UTA
25260,Joe Ingles,73.38701,22.41135,UTA
25260,Trey Burke,64.75435,40.06162,UTA
25260,Raul Neto,84.79208,15.81024,UTA
25260,Trey Lyles,80.61152,39.30352,UTA
25260,Amar'e Stoudemire,76.23626,41.59978,MIA
25260,Chris Bosh,80.3535,41.7832,MIA
25260,Gerald Green,64.00268,11.40464,MIA
25260,Goran Dragic,63.09804,42.33822,MIA
25260,Justise Winslow,86.3404,1.05574,MIA
25270,Ball,57.13248,39.85475,Ball
25270,Jeff Withey,80.01803,34.8742,UTA
25270,Joe Ingles,72.41849,21.51203,UTA
25270,Trey Burke,63.23879,37.14398,UTA
25270,Raul Neto,84.73794,15.99215,UTA
25270,Trey Lyles,79.58907,39.90151,UTA
25270,Amar'e Stoudemire,74.47173,40.83854,MIA
25270,Chris Bosh,79.56976,42.07372,MIA
25270,Gerald Green,63.10467,11.69445,MIA
25270,Goran Dragic,58.96058,39.43494,MIA
25270,Justise Winslow,86.37827,0.9571900000000001,MIA
25280,Ball,54.24836,34.84482,Ball
25280,Jeff Withey,78.85797,34.19206,UTA
25280,Joe Ingles,71.18895,20.16299,UTA
25280,Trey Burke,61.9336,34.33456,UTA
25280,Raul Neto,84.67745,15.86049,UTA
25280,Trey Lyles,78.33288,39.90716,UTA
25280,Amar'e Stoudemire,72.14648,39.882130000000004,MIA
25280,Chris Bosh,78.30881,41.94144,MIA
25280,Gerald Green,62.26513,11.11031,MIA
25280,Goran Dragic,55.58398,36.71876,MIA
25280,Justise Winslow,86.46702,1.36111,MIA
25290,Ball,53.17018,33.06587,Ball
25290,Jeff Withey,77.25647,33.32976,UTA
25290,Joe Ingles,69.81899,18.88901,UTA
25290,Trey Burke,60.58347,31.73134,UTA
25290,Raul Neto,84.48687,15.46133,UTA
25290,Trey Lyles,77.15496,39.73766,UTA
25290,Amar'e Stoudemire,69.64216,38.193,MIA
25290,Chris Bosh,77.19427,41.66177,MIA
25290,Gerald Green,62.13024,9.86796,MIA
25290,Goran Dragic,53.4372,34.508070000000004,MIA
25290,Justise Winslow,86.82942,1.83954,MIA
25300,Ball,51.73741,34.87844,Ball
25300,Jeff Withey,75.60892,32.75105,UTA
25300,Joe Ingles,69.43023,18.02835,UTA
25300,Trey Burke,59.58859,30.20512,UTA
25300,Raul Neto,84.22994,15.77424,UTA
25300,Trey Lyles,76.08704,39.30944,UTA
25300,Amar'e Stoudemire,67.40987,36.32873,MIA
25300,Chris Bosh,75.66576,41.03252,MIA
25300,Gerald Green,62.4478,8.56894,MIA
25300,Goran Dragic,52.07232,33.42277,MIA
25300,Justise Winslow,86.58478,1.66066,MIA
25310,Ball,53.61024,33.70494,Ball
25310,Jeff Withey,74.14445,32.68726,UTA
25310,Joe Ingles,70.12396,18.15589,UTA
25310,Trey Burke,58.675,29.78252,UTA
25310,Raul Neto,83.84403,16.22538,UTA
25310,Trey Lyles,74.73005,38.55224,UTA
25310,Amar'e Stoudemire,65.9045,34.43534,MIA
25310,Chris Bosh,74.5092,40.28998,MIA
25310,Gerald Green,62.58874,7.50633,MIA
25310,Goran Dragic,52.1604,33.10867,MIA
25310,Justise Winslow,86.40143,1.29679,MIA
25320,Ball,54.07742,34.97189,Ball
25320,Jeff Withey,73.13177,32.26678,UTA
25320,Joe Ingles,70.92382,18.85524,UTA
25320,Trey Burke,57.71349,30.01742,UTA
25320,Raul Neto,83.34646,16.1951,UTA
25320,Trey Lyles,73.58003,38.26627,UTA
25320,Amar'e Stoudemire,63.998780000000004,33.85058,MIA
25320,Chris Bosh,73.07248,40.06222,MIA
25320,Gerald Green,63.10735,6.93769,MIA
25320,Goran Dragic,53.92114,33.27878,MIA
25320,Justise Winslow,86.34044,1.10184,MIA
25330,Ball,58.08674,36.13444,Ball
25330,Jeff Withey,72.90453,31.62323,UTA
25330,Joe Ingles,71.21149,18.89877,UTA
25330,Trey Burke,58.55705,31.94804,UTA
25330,Raul Neto,82.97206,16.50116,UTA
25330,Trey Lyles,72.68056,38.05583,UTA
25330,Amar'e Stoudemire,62.6673,34.08798,MIA
25330,Chris Bosh,71.7448,39.6259,MIA
25330,Gerald Green,63.68741,7.14164,MIA
25330,Goran Dragic,57.63548,34.3152,MIA
25330,Justise Winslow,86.05087,0.8722000000000001,MIA
25340,Ball,63.18584,36.61717,Ball
25340,Jeff Withey,73.79307,31.19231,UTA
25340,Joe Ingles,72.07472,19.2395,UTA
25340,Trey Burke,60.84422,34.9197,UTA
25340,Raul Neto,82.71778,17.8955,UTA
25340,Trey Lyles,72.41044,37.93986,UTA
25340,Amar'e Stoudemire,62.15207,34.70278,MIA
25340,Chris Bosh,70.9341,39.64141,MIA
25340,Gerald Green,63.77838,8.25659,MIA
25340,Goran Dragic,61.35106,34.52587,MIA
25340,Justise Winslow,86.15785,0.84186,MIA
25350,Ball,66.34785,34.09599,Ball
25350,Jeff Withey,75.14325,30.21863,UTA
25350,Joe Ingles,72.90793,18.944490000000002,UTA
25350,Trey Burke,63.11851,37.29632,UTA
25350,Raul Neto,82.56391,19.88922,UTA
25350,Trey Lyles,72.91216,37.73248,UTA
25350,Amar'e Stoudemire,62.30569,34.77324,MIA
25350,Chris Bosh,70.27849,40.37531,MIA
25350,Gerald Green,64.08701,9.52129,MIA
25350,Goran Dragic,64.24052,34.64093,MIA
25350,Justise Winslow,86.61817,1.06085,MIA
25360,Ball,67.10155,31.07102,Ball
25360,Jeff Withey,76.60933,29.16549,UTA
25360,Joe Ingles,73.02574,17.92836,UTA
25360,Trey Burke,66.28805,36.99727,UTA
25360,Raul Neto,82.1176,20.93328,UTA
25360,Trey Lyles,74.24397,37.15846,UTA
25360,Amar'e Stoudemire,63.33268,34.93984,MIA
25360,Chris Bosh,70.25233,41.03375,MIA
25360,Gerald Green,64.58914,10.47531,MIA
25360,Goran Dragic,66.85921,32.61434,MIA
25360,Justise Winslow,86.79781,1.44747,MIA
25370,Ball,71.56508,28.71709,Ball
25370,Jeff Withey,77.68512,27.72149,UTA
25370,Joe Ingles,73.00256,17.26793,UTA
25370,Trey Burke,68.82756,34.46064,UTA
25370,Raul Neto,81.86781,20.81094,UTA
25370,Trey Lyles,76.25087,36.71353,UTA
25370,Amar'e Stoudemire,65.90072,34.70682,MIA
25370,Chris Bosh,69.94627,41.07162,MIA
25370,Gerald Green,64.59726,11.334,MIA
25370,Goran Dragic,70.99106,29.15702,MIA
25370,Justise Winslow,86.31988,1.78469,MIA
25380,Ball,75.29504,25.51642,Ball
25380,Jeff Withey,79.65794,26.5266,UTA
25380,Joe Ingles,73.16774,17.09878,UTA
25380,Trey Burke,71.66293,32.14042,UTA
25380,Raul Neto,82.25247,20.39519,UTA
25380,Trey Lyles,78.1857,36.40874,UTA
25380,Amar'e Stoudemire,70.53553,33.62032,MIA
25380,Chris Bosh,69.65031,40.92203,MIA
25380,Gerald Green,64.54651,12.67073,MIA
25380,Goran Dragic,75.92511,26.9333,MIA
25380,Justise Winslow,85.80475,2.00552,MIA
25390,Ball,80.41891,28.40462,Ball
25390,Jeff Withey,81.19196,27.3172,UTA
25390,Joe Ingles,74.33584,18.50499,UTA
25390,Trey Burke,76.12249,31.73953,UTA
25390,Raul Neto,83.10286,19.67639,UTA
25390,Trey Lyles,80.21589,34.92584,UTA
25390,Amar'e Stoudemire,74.17175,31.92519,MIA
25390,Chris Bosh,69.85496,40.82324,MIA
25390,Gerald Green,64.82672,14.29292,MIA
25390,Goran Dragic,80.40166,27.21714,MIA
25390,Justise Winslow,85.72789,2.09308,MIA
25400,Ball,86.36424,29.22176,Ball
25400,Jeff Withey,83.91547,28.19268,UTA
25400,Joe Ingles,75.35342,20.60616,UTA
25400,Trey Burke,80.70179,32.07594,UTA
25400,Raul Neto,84.63222,19.47654,UTA
25400,Trey Lyles,81.74412,33.64934,UTA
25400,Amar'e Stoudemire,77.56892,28.8008,MIA
25400,Chris Bosh,69.92712,40.73157,MIA
25400,Gerald Green,64.93007,16.01597,MIA
25400,Goran Dragic,83.91547,28.19268,MIA
25400,Justise Winslow,86.02039,2.00657,MIA
25410,Ball,89.04424,30.19007,Ball
25410,Jeff Withey,87.37379,28.36979,UTA
25410,Joe Ingles,76.5795,23.02101,UTA
25410,Trey Burke,83.9478,31.68932,UTA
25410,Raul Neto,86.19197,19.75638,UTA
25410,Trey Lyles,82.12129,32.60303,UTA
25410,Amar'e Stoudemire,81.20435,26.1777,MIA
25410,Chris Bosh,69.53404,40.3506,MIA
25410,Gerald Green,64.84442,17.78271,MIA
25410,Goran Dragic,88.29246,28.78913,MIA
25410,Justise Winslow,86.08365,1.9885700000000002,MIA
25420,Ball,92.37987,31.60387,Ball
25420,Jeff Withey,89.7529,28.93983,UTA
25420,Joe Ingles,77.6711,24.97152,UTA
25420,Trey Burke,86.16073,32.31937,UTA
25420,Raul Neto,87.47652,20.87823,UTA
25420,Trey Lyles,83.15715,32.04039,UTA
25420,Amar'e Stoudemire,84.75681,24.10195,MIA
25420,Chris Bosh,69.16304,40.07458,MIA
25420,Gerald Green,64.68925,19.27621,MIA
25420,Goran Dragic,91.46211,30.2624,MIA
25420,Justise Winslow,85.90784,1.90962,MIA
25450,Ball,93.42413,39.65006,Ball
25450,Jeff Withey,81.57076,34.76404,UTA
25450,Joe Ingles,73.17629,19.95832,UTA
25450,Trey Burke,91.77522,36.19671,UTA
25450,Raul Neto,75.13572,39.84069,UTA
25450,Trey Lyles,78.49156,18.35939,UTA
25450,Dwyane Wade,96.49916,36.94883,MIA
25450,Luol Deng,76.75231,16.45482,MIA
25450,Gerald Green,78.21556,44.53329,MIA
25450,Goran Dragic,65.84347,17.04622,MIA
25450,Hassan Whiteside,73.79863,35.85557,MIA
25450,Ball,92.59087,40.33845,Ball
25450,Jeff Withey,81.61742,34.72252,UTA
25450,Joe Ingles,73.16281,19.89126,UTA
25450,Trey Burke,91.76375,36.45626,UTA
25450,Raul Neto,75.41788,40.10154,UTA
25450,Trey Lyles,78.57736,18.34938,UTA
25450,Dwyane Wade,96.48722,36.9698,MIA
25450,Luol Deng,76.77222,16.4554,MIA
25450,Gerald Green,78.80183,44.85799,MIA
25450,Goran Dragic,65.80341,16.87877,MIA
25450,Hassan Whiteside,73.78623,35.80367,MIA
25450,Ball,91.49104,41.13041,Ball
25450,Jeff Withey,81.6723,34.72657,UTA
25450,Joe Ingles,73.15846,19.82963,UTA
25450,Trey Burke,91.77323,36.73806,UTA
25450,Raul Neto,75.73178,40.36071,UTA
25450,Trey Lyles,78.61565,18.31217,UTA
25450,Dwyane Wade,96.4797,36.9832,MIA
25450,Luol Deng,76.78837,16.46307,MIA
25450,Gerald Green,79.40411,45.16999,MIA
25450,Goran Dragic,65.76642,16.71265,MIA
25450,Hassan Whiteside,73.78291,35.74693,MIA
25450,Ball,90.77847,41.76913,Ball
25450,Jeff Withey,81.7119,34.68144,UTA
25450,Joe Ingles,73.1555,19.77219,UTA
25450,Trey Burke,91.77855,37.03756,UTA
25450,Raul Neto,76.0823,40.60266,UTA
25450,Trey Lyles,78.65255,18.27542,UTA
25450,Dwyane Wade,96.47828,36.97902,MIA
25450,Luol Deng,76.812,16.47045,MIA
25450,Gerald Green,80.03597,45.4504,MIA
25450,Goran Dragic,65.7319,16.55786,MIA
25450,Hassan Whiteside,73.78072,35.68319,MIA
25450,Ball,89.8568,42.4981,Ball
25450,Jeff Withey,81.75298,34.64716,UTA
25450,Joe Ingles,73.15056,19.72334,UTA
25450,Trey Burke,91.78099,37.31365,UTA
25450,Raul Neto,76.44631,40.86731,UTA
25450,Trey Lyles,78.73827,18.2619,UTA
25450,Dwyane Wade,96.47221,36.95494,MIA
25450,Luol Deng,76.83428,16.47986,MIA
25450,Gerald Green,80.66317,45.71615,MIA
25450,Goran Dragic,65.69447,16.41087,MIA
25450,Hassan Whiteside,73.77793,35.62015,MIA
25450,Ball,89.07035,43.11683,Ball
25450,Jeff Withey,81.7873,34.58876,UTA
25450,Joe Ingles,73.15193,19.67679,UTA
25450,Trey Burke,91.78606,37.57486,UTA
25450,Raul Neto,76.85411,41.17032,UTA
25450,Trey Lyles,78.88085,18.27502,UTA
25450,Dwyane Wade,96.45312,36.92647,MIA
25450,Luol Deng,76.85662,16.48881,MIA
25450,Gerald Green,81.29902,45.95447,MIA
25450,Goran Dragic,65.65897,16.27676,MIA
25450,Hassan Whiteside,73.77862,35.56489,MIA
25450,Ball,88.19119,43.73541,Ball
25450,Jeff Withey,81.82314,34.53138,UTA
25450,Joe Ingles,73.14776,19.63999,UTA
25450,Trey Burke,91.79313,37.81873,UTA
25450,Raul Neto,77.25422,41.50081,UTA
25450,Trey Lyles,79.02507,18.29182,UTA
25450,Dwyane Wade,96.42411,36.90013,MIA
25450,Luol Deng,76.87531,16.50076,MIA
25450,Gerald Green,81.92768,46.15586,MIA
25450,Goran Dragic,65.62456,16.14862,MIA
25450,Hassan Whiteside,73.7828,35.50602,MIA
25450,Ball,87.43483,44.42263,Ball
25450,Jeff Withey,81.85933,34.48341,UTA
25450,Joe Ingles,73.15353,19.60488,UTA
25450,Trey Burke,91.79874,38.04044,UTA
25450,Raul Neto,77.69816,41.73141,UTA
25450,Trey Lyles,79.16442,18.30662,UTA
25450,Dwyane Wade,96.4168,36.81262,MIA
25450,Luol Deng,76.89548,16.507460000000002,MIA
25450,Gerald Green,82.55406,46.37249,MIA
25450,Goran Dragic,65.59845,16.03757,MIA
25450,Hassan Whiteside,73.79676,35.43898,MIA
25450,Ball,86.52468,45.05918,Ball
25450,Jeff Withey,81.8983,34.4356,UTA
25450,Joe Ingles,73.15456,19.5769,UTA
25450,Trey Burke,91.80483,38.22527,UTA
25450,Raul Neto,78.16713,41.89349,UTA
25450,Trey Lyles,79.24846,18.3038,UTA
25450,Dwyane Wade,96.40084,36.71828,MIA
25450,Luol Deng,76.91496,16.51467,MIA
25450,Gerald Green,83.17507,46.56853,MIA
25450,Goran Dragic,65.57277,15.94715,MIA
25450,Hassan Whiteside,73.81108,35.37382,MIA
25450,Ball,86.3961,46.70756,Ball
25450,Jeff Withey,82.08833,34.27028,UTA
25450,Joe Ingles,73.23363,19.62846,UTA
25450,Trey Burke,91.77855,38.54473,UTA
25450,Raul Neto,80.22287,42.5518,UTA
25450,Trey Lyles,79.42016,18.30405,UTA
25450,Dwyane Wade,96.31909,36.29587,MIA
25450,Luol Deng,76.98112,16.54614,MIA
25450,Gerald Green,85.59249,47.05524,MIA
25450,Goran Dragic,65.48009,15.708590000000001,MIA
25450,Hassan Whiteside,73.90249,35.15624,MIA
25460,Ball,89.19788,47.75127,Ball
25460,Jeff Withey,82.42149,34.01569,UTA
25460,Joe Ingles,73.39171,19.67947,UTA
25460,Trey Burke,91.63042,37.05394,UTA
25460,Raul Neto,85.83461,44.02226,UTA
25460,Trey Lyles,79.56888000000001,18.41129,UTA
25460,Dwyane Wade,95.71118,35.26475,MIA
25460,Luol Deng,76.97341,16.59555,MIA
25460,Gerald Green,89.35849,47.61444,MIA
25460,Goran Dragic,65.16546,15.91815,MIA
25460,Hassan Whiteside,74.51067,35.02722,MIA
25470,Ball,89.59795,44.20891,Ball
25470,Jeff Withey,82.08833,33.66199,UTA
25470,Joe Ingles,74.14368,20.36071,UTA
25470,Trey Burke,91.6067,34.48103,UTA
25470,Raul Neto,90.78032,44.93191,UTA
25470,Trey Lyles,79.50718,18.43206,UTA
25470,Dwyane Wade,94.80913,34.26217,MIA
25470,Luol Deng,76.52646,16.78359,MIA
25470,Gerald Green,90.90648,46.72207,MIA
25470,Goran Dragic,64.61213,16.43822,MIA
25470,Hassan Whiteside,75.91178,34.72132,MIA
25480,Ball,89.29897,36.05417,Ball
25480,Jeff Withey,81.84174,33.47743,UTA
25480,Joe Ingles,76.09631,21.60691,UTA
25480,Trey Burke,91.5188,32.68036,UTA
25480,Raul Neto,94.93069,45.68053,UTA
25480,Trey Lyles,79.79133,18.71636,UTA
25480,Dwyane Wade,93.25169,33.9506,MIA
25480,Luol Deng,76.12289,16.77515,MIA
25480,Gerald Green,92.09679,47.42694,MIA
25480,Goran Dragic,63.59085,16.5884,MIA
25480,Hassan Whiteside,77.41726,34.31692,MIA
25490,Ball,88.60478,28.2435,Ball
25490,Jeff Withey,82.09083,33.11256,UTA
25490,Joe Ingles,78.96942,22.78754,UTA
25490,Trey Burke,90.49166,32.47809,UTA
25490,Raul Neto,97.67887,46.48921,UTA
25490,Trey Lyles,81.31006,19.12708,UTA
25490,Dwyane Wade,91.41182,34.48927,MIA
25490,Luol Deng,77.7771,16.2272,MIA
25490,Gerald Green,94.19675,47.74817,MIA
25490,Goran Dragic,62.19364,16.91951,MIA
25490,Hassan Whiteside,78.28871,33.86103,MIA
25500,Ball,89.38954,24.50118,Ball
25500,Jeff Withey,82.55313,31.95131,UTA
25500,Joe Ingles,82.45813,23.62753,UTA
25500,Trey Burke,89.25965,33.25969,UTA
25500,Raul Neto,98.63005,46.98456,UTA
25500,Trey Lyles,83.86399,19.96919,UTA
25500,Dwyane Wade,89.36507,35.61661,MIA
25500,Luol Deng,81.56922,15.78836,MIA
25500,Gerald Green,95.70953,48.2805,MIA
25500,Goran Dragic,60.57421,17.25163,MIA
25500,Hassan Whiteside,78.25596,32.63776,MIA
25510,Ball,88.06176,24.4533,Ball
25510,Jeff Withey,82.71946,30.69812,UTA
25510,Joe Ingles,85.13592,24.49953,UTA
25510,Trey Burke,88.31446,33.3617,UTA
25510,Raul Neto,98.3454,47.00551,UTA
25510,Trey Lyles,86.31771,21.59578,UTA
25510,Dwyane Wade,86.66355,36.58494,MIA
25510,Luol Deng,85.7963,16.3861,MIA
25510,Gerald Green,94.91572,48.3131,MIA
25510,Goran Dragic,58.68562,17.54077,MIA
25510,Hassan Whiteside,77.60031,31.37843,MIA
25520,Ball,88.19431,25.39629,Ball
25520,Jeff Withey,81.89315,29.22118,UTA
25520,Joe Ingles,87.1032,25.06391,UTA
25520,Trey Burke,87.643,32.50915,UTA
25520,Raul Neto,96.94195,46.67533,UTA
25520,Trey Lyles,87.77474,24.10925,UTA
25520,Dwyane Wade,83.13942,36.56835,MIA
25520,Luol Deng,88.15511,17.88422,MIA
25520,Gerald Green,92.50837,47.7475,MIA
25520,Goran Dragic,56.46085,18.0068,MIA
25520,Hassan Whiteside,75.56829,30.06074,MIA
25530,Ball,91.0654,26.685200000000002,Ball
25530,Jeff Withey,80.00635,27.19212,UTA
25530,Joe Ingles,87.58057,24.87154,UTA
25530,Trey Burke,87.02283,32.07143,UTA
25530,Raul Neto,94.44736,45.78024,UTA
25530,Trey Lyles,89.7714,25.8241,UTA
25530,Dwyane Wade,78.55818,36.15715,MIA
25530,Luol Deng,87.56502,19.54887,MIA
25530,Gerald Green,89.2212,46.68345,MIA
25530,Goran Dragic,53.58271,18.531390000000002,MIA
25530,Hassan Whiteside,72.04475,28.87425,MIA
25540,Ball,91.83094,27.36515,Ball
25540,Jeff Withey,76.68125,25.12012,UTA
25540,Joe Ingles,88.14404,24.37149,UTA
25540,Trey Burke,87.15685,31.95843,UTA
25540,Raul Neto,90.71215,44.68622,UTA
25540,Trey Lyles,90.60394,26.47638,UTA
25540,Dwyane Wade,73.66402,35.40929,MIA
25540,Luol Deng,85.3038,21.12616,MIA
25540,Gerald Green,84.51297,45.33389,MIA
25540,Goran Dragic,50.115,19.35332,MIA
25540,Hassan Whiteside,67.45917,27.94761,MIA
25550,Ball,88.1802,29.74402,Ball
25550,Jeff Withey,72.20547,23.54882,UTA
25550,Joe Ingles,86.61965000000001,22.41702,UTA
25550,Trey Burke,86.9806,31.05828,UTA
25550,Raul Neto,85.76447,44.29454,UTA
25550,Trey Lyles,90.24894,27.15433,UTA
25550,Dwyane Wade,68.55946,34.26423,MIA
25550,Luol Deng,81.4035,21.45849,MIA
25550,Gerald Green,79.4113,43.60711,MIA
25550,Goran Dragic,46.33172,20.33605,MIA
25550,Hassan Whiteside,62.21141,27.19666,MIA
25560,Ball,86.7145,27.95273,Ball
25560,Jeff Withey,66.74217,22.09,UTA
25560,Joe Ingles,83.14689,19.8893,UTA
25560,Trey Burke,85.98142,28.24247,UTA
25560,Raul Neto,79.92145,44.74054,UTA
25560,Trey Lyles,89.00098,28.4103,UTA
25560,Dwyane Wade,63.44037,32.6589,MIA
25560,Luol Deng,76.31685,20.77631,MIA
25560,Gerald Green,73.80462,41.79468,MIA
25560,Goran Dragic,42.47809,21.47832,MIA
25560,Hassan Whiteside,56.40021,26.53477,MIA
25570,Ball,82.75664,22.10328,Ball
25570,Jeff Withey,60.63304,20.78032,UTA
25570,Joe Ingles,78.4434,16.99627,UTA
25570,Trey Burke,83.82959,23.94157,UTA
25570,Raul Neto,73.50558,45.74328,UTA
25570,Trey Lyles,86.1887,29.87338,UTA
25570,Dwyane Wade,58.45653,30.7781,MIA
25570,Luol Deng,70.66612,19.74063,MIA
25570,Gerald Green,67.6778,40.596940000000004,MIA
25570,Goran Dragic,38.39304,23.03474,MIA
25570,Hassan Whiteside,50.25064,25.95746,MIA
25580,Ball,77.79686,20.11381,Ball
25580,Jeff Withey,54.0849,19.44516,UTA
25580,Joe Ingles,72.57112,14.09478,UTA
25580,Trey Burke,80.30215,20.42477,UTA
25580,Raul Neto,66.74,46.75676,UTA
25580,Trey Lyles,81.96485,30.59166,UTA
25580,Dwyane Wade,53.21905,28.67695,MIA
25580,Luol Deng,64.73429,19.4463,MIA
25580,Gerald Green,61.02802,40.16032,MIA
25580,Goran Dragic,34.23148,24.88044,MIA
25580,Hassan Whiteside,44.12752,25.21701,MIA
25590,Ball,73.26107,18.31915,Ball
25590,Jeff Withey,47.59225,17.98379,UTA
25590,Joe Ingles,65.92044,11.42707,UTA
25590,Trey Burke,75.49207,17.22538,UTA
25590,Raul Neto,59.90068,47.58209,UTA
25590,Trey Lyles,76.90182,30.66035,UTA
25590,Dwyane Wade,48.10059,26.39829,MIA
25590,Luol Deng,58.58286,20.26882,MIA
25590,Gerald Green,54.06926,40.24302,MIA
25590,Goran Dragic,30.23817,26.7644,MIA
25590,Hassan Whiteside,38.21881,24.28282,MIA
25600,Ball,66.76655,15.58315,Ball
25600,Jeff Withey,41.08758,16.75808,UTA
25600,Joe Ingles,58.73523,8.97833,UTA
25600,Trey Burke,69.84832,14.85374,UTA
25600,Raul Neto,53.1104,48.17277,UTA
25600,Trey Lyles,71.38484,30.30838,UTA
25600,Dwyane Wade,43.08697,24.00508,MIA
25600,Luol Deng,52.55419,21.66871,MIA
25600,Gerald Green,47.05584,40.64239,MIA
25600,Goran Dragic,26.77785,28.11583,MIA
25600,Hassan Whiteside,32.94112,23.17482,MIA
25610,Ball,61.76259,13.10834,Ball
25610,Jeff Withey,35.05941,16.23077,UTA
25610,Joe Ingles,51.40129,6.55419,UTA
25610,Trey Burke,63.74344,13.12563,UTA
25610,Raul Neto,46.29645,48.68116,UTA
25610,Trey Lyles,65.65383,29.78817,UTA
25610,Dwyane Wade,38.61979,21.39737,MIA
25610,Luol Deng,46.53867,23.13673,MIA
25610,Gerald Green,40.00891,41.24415,MIA
25610,Goran Dragic,24.32058,28.50599,MIA
25610,Hassan Whiteside,28.27147,21.96361,MIA
25620,Ball,56.05602,11.40023,Ball
25620,Jeff Withey,30.13255,16.23039,UTA
25620,Joe Ingles,44.10024,4.6737400000000004,UTA
25620,Trey Burke,57.92655,11.93501,UTA
25620,Raul Neto,39.78472,48.96292,UTA
25620,Trey Lyles,60.12905,29.3201,UTA
25620,Dwyane Wade,34.24972,18.84529,MIA
25620,Luol Deng,41.38346,24.51493,MIA
25620,Gerald Green,33.56384,41.99287,MIA
25620,Goran Dragic,23.16172,28.24488,MIA
25620,Hassan Whiteside,23.87257,20.97659,MIA
25630,Ball,51.28292,9.92704,Ball
25630,Jeff Withey,26.05675,15.76496,UTA
25630,Joe Ingles,36.91133,3.44078,UTA
25630,Trey Burke,52.02493,11.36888,UTA
25630,Raul Neto,33.59056,49.00096,UTA
25630,Trey Lyles,54.79149,28.7265,UTA
25630,Dwyane Wade,30.33771,16.41126,MIA
25630,Luol Deng,36.35422,25.21662,MIA
25630,Gerald Green,27.61475,42.13748,MIA
25630,Goran Dragic,21.73637,27.05685,MIA
25630,Hassan Whiteside,20.63726,20.63896,MIA
25640,Ball,44.83996,12.38658,Ball
25640,Jeff Withey,23.16475,14.48429,UTA
25640,Joe Ingles,30.02366,2.79444,UTA
25640,Trey Burke,46.68847,11.75675,UTA
25640,Raul Neto,27.78603,48.92077,UTA
25640,Trey Lyles,49.82537,28.17168,UTA
25640,Dwyane Wade,27.20214,13.99286,MIA
25640,Luol Deng,32.27635,25.3959,MIA
25640,Gerald Green,22.89797,41.599,MIA
25640,Goran Dragic,19.39208,24.268,MIA
25640,Hassan Whiteside,17.59175,20.31806,MIA
25650,Ball,41.99765,13.92145,Ball
25650,Jeff Withey,20.95604,13.88416,UTA
25650,Joe Ingles,23.61809,2.46541,UTA
25650,Trey Burke,41.86621,12.73964,UTA
25650,Raul Neto,22.35445,48.86173,UTA
25650,Trey Lyles,45.358670000000004,27.77855,UTA
25650,Dwyane Wade,24.5617,11.62166,MIA
25650,Luol Deng,29.11469,25.36654,MIA
25650,Gerald Green,18.82574,40.8012,MIA
25650,Goran Dragic,18.39586,20.46243,MIA
25650,Hassan Whiteside,15.91985,19.85028,MIA
25660,Ball,36.89842,15.3022,Ball
25660,Jeff Withey,18.73114,13.97325,UTA
25660,Joe Ingles,17.56509,2.06848,UTA
25660,Trey Burke,37.20394,13.71734,UTA
25660,Raul Neto,17.52479,48.93435,UTA
25660,Trey Lyles,41.51997,27.38506,UTA
25660,Dwyane Wade,21.13777,9.69546,MIA
25660,Luol Deng,27.20057,25.22357,MIA
25660,Gerald Green,15.39204,40.41536,MIA
25660,Goran Dragic,17.63138,17.19409,MIA
25660,Hassan Whiteside,14.30087,19.42126,MIA
25670,Ball,33.57962,16.28128,Ball
25670,Jeff Withey,16.51631,14.03459,UTA
25670,Joe Ingles,12.33628,2.24365,UTA
25670,Trey Burke,33.15008,14.50005,UTA
25670,Raul Neto,13.58061,48.86919,UTA
25670,Trey Lyles,38.49534,27.2387,UTA
25670,Dwyane Wade,17.72673,8.55598,MIA
25670,Luol Deng,26.32335,25.04916,MIA
25670,Gerald Green,12.85514,39.98361,MIA
25670,Goran Dragic,19.0153,16.38542,MIA
25670,Hassan Whiteside,12.95161,19.13129,MIA
25680,Ball,29.9833,12.85621,Ball
25680,Jeff Withey,16.19583,13.93431,UTA
25680,Joe Ingles,8.30107,2.42454,UTA
25680,Trey Burke,30.034,13.85415,UTA
25680,Raul Neto,10.75165,48.72389,UTA
25680,Trey Lyles,36.31869,27.23421,UTA
25680,Dwyane Wade,14.41515,8.35489,MIA
25680,Luol Deng,25.83637,24.86721,MIA
25680,Gerald Green,10.88502,39.21119,MIA
25680,Goran Dragic,22.52429,16.6462,MIA
25680,Hassan Whiteside,11.8971,18.6936,MIA
25690,Ball,27.81606,11.02059,Ball
25690,Jeff Withey,17.86724,13.20888,UTA
25690,Joe Ingles,5.58105,2.14411,UTA
25690,Trey Burke,28.19247,12.52225,UTA
25690,Raul Neto,8.81015,48.48696,UTA
25690,Trey Lyles,34.77616,27.59004,UTA
25690,Dwyane Wade,11.66863,8.89123,MIA
25690,Luol Deng,25.05905,25.06004,MIA
25690,Gerald Green,9.420350000000001,38.46024,MIA
25690,Goran Dragic,23.68025,16.29716,MIA
25690,Hassan Whiteside,11.62564,18.29537,MIA
25700,Ball,24.6256,9.55384,Ball
25700,Jeff Withey,19.97641,12.46412,UTA
25700,Joe Ingles,4.38179,1.8406,UTA
25700,Trey Burke,25.54607,11.28031,UTA
25700,Raul Neto,7.3785,48.36754,UTA
25700,Trey Lyles,33.90957,28.08254,UTA
25700,Dwyane Wade,9.73312,9.55103,MIA
25700,Luol Deng,23.58844,24.92506,MIA
25700,Gerald Green,8.69154,37.42268,MIA
25700,Goran Dragic,23.51887,14.504,MIA
25700,Hassan Whiteside,12.00657,17.11556,MIA
25710,Ball,19.69338,9.78664,Ball
25710,Jeff Withey,21.41548,12.52055,UTA
25710,Joe Ingles,4.12555,1.80598,UTA
25710,Trey Burke,21.30157,11.25934,UTA
25710,Raul Neto,7.10417,48.2797,UTA
25710,Trey Lyles,33.37311,28.02128,UTA
25710,Dwyane Wade,8.7371,9.65226,MIA
25710,Luol Deng,22.47433,25.33034,MIA
25710,Gerald Green,8.49986,36.43321,MIA
25710,Goran Dragic,20.75261,12.34932,MIA
25710,Hassan Whiteside,12.10201,16.06249,MIA
25720,Ball,17.04762,9.9331,Ball
25720,Jeff Withey,21.33427,14.26201,UTA
25720,Joe Ingles,4.13772,1.7522000000000002,UTA
25720,Trey Burke,19.13046,11.40721,UTA
25720,Raul Neto,7.54406,48.24739,UTA
25720,Trey Lyles,32.68259,28.09713,UTA
25720,Dwyane Wade,8.62391,9.72328,MIA
25720,Luol Deng,20.81138,25.12926,MIA
25720,Gerald Green,8.30485,35.0062,MIA
25720,Goran Dragic,19.13046,11.40721,MIA
25720,Hassan Whiteside,12.80559,16.73654,MIA
25730,Ball,15.81761,14.03145,Ball
25730,Jeff Withey,20.2117,17.48131,UTA
25730,Joe Ingles,4.2068,1.7721200000000001,UTA
25730,Trey Burke,17.83248,11.98396,UTA
25730,Raul Neto,7.92275,48.18707,UTA
25730,Trey Lyles,31.9055,28.42708,UTA
25730,Dwyane Wade,9.00517,10.05202,MIA
25730,Luol Deng,20.62525,24.90115,MIA
25730,Gerald Green,8.13982,33.6901,MIA
25730,Goran Dragic,17.83248,11.98396,MIA
25730,Hassan Whiteside,11.80366,18.26985,MIA
25740,Ball,17.11581,17.79808,Ball
25740,Jeff Withey,17.79349,21.10554,UTA
25740,Joe Ingles,4.7416,1.81941,UTA
25740,Trey Burke,16.62995,15.43625,UTA
25740,Raul Neto,8.69452,48.0958,UTA
25740,Trey Lyles,31.4078,28.79278,UTA
25740,Dwyane Wade,9.12014,10.74892,MIA
25740,Luol Deng,22.34826,25.59258,MIA
25740,Gerald Green,7.99871,33.28572,MIA
25740,Goran Dragic,16.21036,14.43326,MIA
25740,Hassan Whiteside,10.70172,20.42746,MIA
