34110,Ball,66.70411,6.39133,Ball
34110,George Hill,65.3786,7.14009,IND
34110,Jordan Hill,70.74478,34.98953,IND
34110,Lavoy Allen,63.8789,32.92156,IND
34110,Paul George,81.67801,46.68611,IND
34110,Glenn Robinson,89.45559,4.88236,IND
34110,Isaiah Thomas,70.06375,12.38974,BOS
34110,Avery Bradley,84.0183,10.51323,BOS
34110,Kelly Olynyk,75.98099,28.37869,BOS
34110,Jae Crowder,81.83258000000001,37.42843,BOS
34110,Jared Sullinger,76.07589,22.60205,BOS
34120,Ball,66.63606,5.39906,Ball
34120,George Hill,66.2525,7.00972,IND
34120,Jordan Hill,75.5441,35.21783,IND
34120,Lavoy Allen,64.80187,30.21267,IND
34120,Paul George,83.84724,46.92197,IND
34120,Glenn Robinson,90.41167,3.40267,IND
34120,Isaiah Thomas,70.57763,12.18627,BOS
34120,Avery Bradley,85.35697,10.35305,BOS
34120,Kelly Olynyk,78.326,28.90165,BOS
34120,Jae Crowder,83.05108,37.39797,BOS
34120,Jared Sullinger,76.61512,19.86307,BOS
34130,Ball,67.52535,5.94855,Ball
34130,George Hill,66.77107,7.01755,IND
34130,Jordan Hill,79.76849,35.24226,IND
34130,Lavoy Allen,65.11943,26.67664,IND
34130,Paul George,85.32489,46.90312,IND
34130,Glenn Robinson,90.64356,2.35002,IND
34130,Isaiah Thomas,70.15567,12.31272,BOS
34130,Avery Bradley,86.06382,10.1435,BOS
34130,Kelly Olynyk,80.70989,29.14445,BOS
34130,Jae Crowder,83.35924,37.91079,BOS
34130,Jared Sullinger,77.09423,17.62704,BOS
34140,Ball,70.53042,6.79829,Ball
34140,George Hill,69.22665,7.2915600000000005,IND
34140,Jordan Hill,82.92695,35.15262,IND
34140,Lavoy Allen,65.81753,23.2531,IND
34140,Paul George,86.68178,47.07478,IND
34140,Glenn Robinson,90.46725,1.69456,IND
34140,Isaiah Thomas,69.7824,12.27171,BOS
34140,Avery Bradley,86.36025,9.94849,BOS
34140,Kelly Olynyk,82.78575,29.07382,BOS
34140,Jae Crowder,83.3115,37.90242,BOS
34140,Jared Sullinger,77.32525,15.3686,BOS
34150,Ball,73.39688,6.62781,Ball
34150,George Hill,72.97332,7.904,IND
34150,Jordan Hill,85.21498,34.91293,IND
34150,Lavoy Allen,66.72005,21.21909,IND
34150,Paul George,87.68548,47.40585,IND
34150,Glenn Robinson,90.49303,1.546,IND
34150,Isaiah Thomas,71.71303,12.20698,BOS
34150,Avery Bradley,86.47075,10.15779,BOS
34150,Kelly Olynyk,84.72447,28.70865,BOS
34150,Jae Crowder,83.07136,37.05199,BOS
34150,Jared Sullinger,78.52262,13.85768,BOS
34160,Ball,77.36042,11.93095,Ball
34160,George Hill,76.2416,9.23685,IND
34160,Jordan Hill,85.85892,34.24844,IND
34160,Lavoy Allen,68.33294,21.85281,IND
34160,Paul George,87.76662,47.621340000000004,IND
34160,Glenn Robinson,90.14664,1.50017,IND
34160,Isaiah Thomas,74.79242,12.14747,BOS
34160,Avery Bradley,86.75765,10.16503,BOS
34160,Kelly Olynyk,85.91641,27.71294,BOS
34160,Jae Crowder,82.18656,36.10492,BOS
34160,Jared Sullinger,80.15146,13.97356,BOS
34170,Ball,73.13623,20.52994,Ball
34170,George Hill,77.7845,9.18997,IND
34170,Jordan Hill,85.01828,32.31339,IND
34170,Lavoy Allen,70.33708,23.17907,IND
34170,Paul George,87.50424,47.60168,IND
34170,Glenn Robinson,90.03934,1.5721500000000002,IND
34170,Isaiah Thomas,76.38983,12.62327,BOS
34170,Avery Bradley,86.89618,10.08547,BOS
34170,Kelly Olynyk,86.09756,27.30506,BOS
34170,Jae Crowder,81.78003,35.25756,BOS
34170,Jared Sullinger,81.14946,15.59982,BOS
34180,Ball,74.14101,23.90467,Ball
34180,George Hill,78.21463,8.4501,IND
34180,Jordan Hill,85.46026,29.1047,IND
34180,Lavoy Allen,72.24454,24.42583,IND
34180,Paul George,86.63122,47.48689,IND
34180,Glenn Robinson,89.43974,1.9819900000000001,IND
34180,Isaiah Thomas,75.70648,13.59633,BOS
34180,Avery Bradley,86.79297,10.87347,BOS
34180,Kelly Olynyk,85.81291,26.43741,BOS
34180,Jae Crowder,82.23715,35.25125,BOS
34180,Jared Sullinger,80.64041,18.81667,BOS
34190,Ball,73.6833,24.44673,Ball
34190,George Hill,78.30867,8.37552,IND
34190,Jordan Hill,86.77147,27.18872,IND
34190,Lavoy Allen,72.90634,24.98333,IND
34190,Paul George,84.38268,47.43008,IND
34190,Glenn Robinson,88.3094,2.86841,IND
34190,Isaiah Thomas,75.93752,14.7325,BOS
34190,Avery Bradley,86.9402,12.61928,BOS
34190,Kelly Olynyk,86.2729,25.4167,BOS
34190,Jae Crowder,83.37758,34.96379,BOS
34190,Jared Sullinger,78.61886,22.58564,BOS
34200,Ball,79.775,24.6129,Ball
34200,George Hill,78.01979,8.67488,IND
34200,Jordan Hill,86.85778,26.51985,IND
34200,Lavoy Allen,72.76443,24.91825,IND
34200,Paul George,81.82714,46.93394,IND
34200,Glenn Robinson,85.99461,3.88718,IND
34200,Isaiah Thomas,77.4476,16.08736,BOS
34200,Avery Bradley,86.88991,15.38262,BOS
34200,Kelly Olynyk,86.73723,25.92162,BOS
34200,Jae Crowder,84.63712,33.30663,BOS
34200,Jared Sullinger,75.58233,26.20855,BOS
34210,Ball,85.66951,24.7772,Ball
34210,George Hill,77.48309,9.29357,IND
34210,Jordan Hill,86.84626,26.35818,IND
34210,Lavoy Allen,71.65496,25.04987,IND
34210,Paul George,79.49711,45.76206,IND
34210,Glenn Robinson,82.30858,4.74957,IND
34210,Isaiah Thomas,79.02573,17.78827,BOS
34210,Avery Bradley,87.06452,18.48737,BOS
34210,Kelly Olynyk,86.84626,26.35818,BOS
34210,Jae Crowder,85.4705,31.13011,BOS
34210,Jared Sullinger,72.17727,29.668,BOS
34220,Ball,89.08942,24.24233,Ball
34220,George Hill,77.03282,10.46679,IND
34220,Jordan Hill,86.84184,25.86805,IND
34220,Lavoy Allen,69.79037,25.18242,IND
34220,Paul George,77.15599,44.52249,IND
34220,Glenn Robinson,77.88424,6.29477,IND
34220,Isaiah Thomas,80.28219,19.70479,BOS
34220,Avery Bradley,87.88017,21.45275,BOS
34220,Kelly Olynyk,86.84184,25.86805,BOS
34220,Jae Crowder,86.32561,29.31357,BOS
34220,Jared Sullinger,68.66571,32.28887,BOS
34230,Ball,89.48892,22.91713,Ball
34230,George Hill,76.41569,11.96958,IND
34230,Jordan Hill,86.76688,25.9707,IND
34230,Lavoy Allen,67.74754,25.08812,IND
34230,Paul George,75.03523,43.33499,IND
34230,Glenn Robinson,73.71652,9.29163,IND
34230,Isaiah Thomas,80.77951,21.47078,BOS
34230,Avery Bradley,89.01524,21.82854,BOS
34230,Kelly Olynyk,86.76688,25.9707,BOS
34230,Jae Crowder,86.59016,28.69481,BOS
34230,Jared Sullinger,65.14727,33.91943,BOS
34240,Ball,89.31544,22.24965,Ball
34240,George Hill,75.93871,13.26136,IND
34240,Jordan Hill,87.40599,25.85361,IND
34240,Lavoy Allen,65.86753,25.3645,IND
34240,Paul George,73.64455,41.7157,IND
34240,Glenn Robinson,71.20181,13.56564,IND
34240,Isaiah Thomas,81.35738,21.05626,BOS
34240,Avery Bradley,90.97845,20.62924,BOS
34240,Kelly Olynyk,86.68336,24.86834,BOS
34240,Jae Crowder,86.71692,28.87878,BOS
34240,Jared Sullinger,61.89446,34.77204,BOS
34250,Ball,90.29909,20.48227,Ball
34250,George Hill,75.9295,13.57259,IND
34250,Jordan Hill,88.34753,24.77606,IND
34250,Lavoy Allen,64.26967,25.89027,IND
34250,Paul George,71.89582,40.0392,IND
34250,Glenn Robinson,70.80895,17.32942,IND
34250,Isaiah Thomas,82.32829,19.10267,BOS
34250,Avery Bradley,91.50048,19.8206,BOS
34250,Kelly Olynyk,85.91012,23.83397,BOS
34250,Jae Crowder,86.89679,28.85624,BOS
34250,Jared Sullinger,58.99256,35.02469,BOS
34260,Ball,91.45026,18.33613,Ball
34260,George Hill,75.91356,13.453710000000001,IND
34260,Jordan Hill,88.24206,22.51805,IND
34260,Lavoy Allen,61.47681,25.57712,IND
34260,Paul George,70.47488,38.58614,IND
34260,Glenn Robinson,70.30003,20.03969,IND
34260,Isaiah Thomas,83.30224,15.62871,BOS
34260,Avery Bradley,91.05624,18.7509,BOS
34260,Kelly Olynyk,84.60183,22.83779,BOS
34260,Jae Crowder,86.53985,29.47461,BOS
34260,Jared Sullinger,55.54863,34.90531,BOS
34270,Ball,90.34764,17.04619,Ball
34270,George Hill,75.06326,13.348700000000001,IND
34270,Jordan Hill,86.65016,20.10129,IND
34270,Lavoy Allen,57.34212,24.91676,IND
34270,Paul George,68.37048,37.44404,IND
34270,Glenn Robinson,68.22407,21.73323,IND
34270,Isaiah Thomas,83.39398,11.81652,BOS
34270,Avery Bradley,90.73208,17.66241,BOS
34270,Kelly Olynyk,82.0338,22.05048,BOS
34270,Jae Crowder,85.15417,31.59845,BOS
34270,Jared Sullinger,51.39972,34.04098,BOS
34280,Ball,88.52878,16.21711,Ball
34280,George Hill,73.11449,12.23499,IND
34280,Jordan Hill,83.34219,17.74435,IND
34280,Lavoy Allen,52.57358,24.58541,IND
34280,Paul George,64.45215,36.57459,IND
34280,Glenn Robinson,64.83868,22.29277,IND
34280,Isaiah Thomas,81.61267,8.27001,BOS
34280,Avery Bradley,89.40282,17.06636,BOS
34280,Kelly Olynyk,77.33749,22.19933,BOS
34280,Jae Crowder,82.18524,34.38924,BOS
34280,Jared Sullinger,46.78602,32.26349,BOS
34290,Ball,86.05812,17.25855,Ball
34290,George Hill,70.66725,10.4042,IND
34290,Jordan Hill,78.31122,16.40755,IND
34290,Lavoy Allen,46.46697,24.25874,IND
34290,Paul George,59.69898,36.28493,IND
34290,Glenn Robinson,60.44164,22.31426,IND
34290,Isaiah Thomas,77.77582,5.31447,BOS
34290,Avery Bradley,86.89293,18.71693,BOS
34290,Kelly Olynyk,71.31085,23.39321,BOS
34290,Jae Crowder,78.16681,36.8348,BOS
34290,Jared Sullinger,42.02506,30.11739,BOS
34300,Ball,80.41215,23.03218,Ball
34300,George Hill,66.95141,8.88285,IND
34300,Jordan Hill,72.27104,15.87197,IND
34300,Lavoy Allen,40.21361,24.19742,IND
34300,Paul George,55.054,36.55902,IND
34300,Glenn Robinson,55.87963,22.7948,IND
34300,Isaiah Thomas,72.41598,3.46197,BOS
34300,Avery Bradley,83.0678,22.14859,BOS
34300,Kelly Olynyk,64.42743,24.92389,BOS
34300,Jae Crowder,73.09208,39.04081,BOS
34300,Jared Sullinger,37.108,28.33842,BOS
34310,Ball,76.64351,26.67671,Ball
34310,George Hill,62.17502,7.92614,IND
34310,Jordan Hill,65.51252,15.85504,IND
34310,Lavoy Allen,34.10901,24.29514,IND
34310,Paul George,50.16694,36.58252,IND
34310,Glenn Robinson,51.24432,23.75628,IND
34310,Isaiah Thomas,66.43565,2.3540200000000002,BOS
34310,Avery Bradley,77.29736,25.55252,BOS
34310,Kelly Olynyk,56.73477,26.31946,BOS
34310,Jae Crowder,66.75181,41.24847,BOS
34310,Jared Sullinger,32.06709,27.44047,BOS
34320,Ball,68.21633,27.08558,Ball
34320,George Hill,56.74029,7.67709,IND
34320,Jordan Hill,58.248,16.35616,IND
34320,Lavoy Allen,28.54446,24.86248,IND
34320,Paul George,45.16251,36.58408,IND
34320,Glenn Robinson,46.52066,25.05026,IND
34320,Isaiah Thomas,60.34575,1.5257100000000001,BOS
34320,Avery Bradley,70.41425,27.01753,BOS
34320,Kelly Olynyk,48.66833,27.42455,BOS
34320,Jae Crowder,59.48384,43.56992,BOS
34320,Jared Sullinger,27.3469,26.79646,BOS
34330,Ball,60.64159,26.2475,Ball
34330,George Hill,50.97569,7.67492,IND
34330,Jordan Hill,50.63314,17.21643,IND
34330,Lavoy Allen,24.33692,25.17576,IND
34330,Paul George,40.03795,36.35411,IND
34330,Glenn Robinson,41.64254,25.78012,IND
34330,Isaiah Thomas,54.24435,1.00928,BOS
34330,Avery Bradley,62.76301,27.60307,BOS
34330,Kelly Olynyk,40.37405,28.85276,BOS
34330,Jae Crowder,51.45709,45.40466,BOS
34330,Jared Sullinger,22.47489,26.02527,BOS
34340,Ball,54.44875,26.31968,Ball
34340,George Hill,45.13334,7.79023,IND
34340,Jordan Hill,42.84252,18.19669,IND
34340,Lavoy Allen,21.79995,25.37302,IND
34340,Paul George,34.96426,36.12201,IND
34340,Glenn Robinson,37.35358,26.19817,IND
34340,Isaiah Thomas,48.07776,0.89458,BOS
34340,Avery Bradley,55.02707,27.52985,BOS
34340,Kelly Olynyk,32.24862,31.10695,BOS
34340,Jae Crowder,43.33211,46.68547,BOS
34340,Jared Sullinger,18.25548,26.19945,BOS
34350,Ball,48.17972,26.95173,Ball
34350,George Hill,39.35778,8.01846,IND
34350,Jordan Hill,35.04854,19.66393,IND
34350,Lavoy Allen,19.23539,24.97041,IND
34350,Paul George,30.15785,36.04223,IND
34350,Glenn Robinson,33.2154,26.89114,IND
34350,Isaiah Thomas,42.20969,1.1114600000000001,BOS
34350,Avery Bradley,47.74948,27.46255,BOS
34350,Kelly Olynyk,24.75603,33.33963,BOS
34350,Jae Crowder,35.55652,47.25641,BOS
34350,Jared Sullinger,15.51078,26.22638,BOS
34360,Ball,40.28285,28.54015,Ball
34360,George Hill,33.77233,8.41963,IND
34360,Jordan Hill,27.64156,21.85846,IND
34360,Lavoy Allen,17.16267,25.75029,IND
34360,Paul George,25.51732,36.26967,IND
34360,Glenn Robinson,29.63433,27.03571,IND
34360,Isaiah Thomas,36.77715,1.7723900000000001,BOS
34360,Avery Bradley,40.97637,27.28735,BOS
34360,Kelly Olynyk,18.51175,35.27266,BOS
34360,Jae Crowder,28.907420000000002,47.43229,BOS
34360,Jared Sullinger,14.5347,25.81323,BOS
34370,Ball,32.77622,25.3452,Ball
34370,George Hill,28.41777,9.26949,IND
34370,Jordan Hill,21.38408,24.74503,IND
34370,Lavoy Allen,15.89177,28.00591,IND
34370,Paul George,21.72814,36.51995,IND
34370,Glenn Robinson,26.70519,26.45769,IND
34370,Isaiah Thomas,32.15647,2.54001,BOS
34370,Avery Bradley,34.65353,26.30196,BOS
34370,Kelly Olynyk,15.04845,37.00275,BOS
34370,Jae Crowder,23.67506,47.29197,BOS
34370,Jared Sullinger,14.77443,26.43358,BOS
34380,Ball,27.81675,22.27125,Ball
34380,George Hill,23.57576,10.3266,IND
34380,Jordan Hill,16.4215,26.77738,IND
34380,Lavoy Allen,14.2939,30.18602,IND
34380,Paul George,18.97336,36.48273,IND
34380,Glenn Robinson,23.74579,25.53324,IND
34380,Isaiah Thomas,28.72417,3.35498,BOS
34380,Avery Bradley,27.73453,24.52359,BOS
34380,Kelly Olynyk,14.83611,37.54754,BOS
34380,Jae Crowder,19.6228,46.93919,BOS
34380,Jared Sullinger,14.75001,27.63972,BOS
34390,Ball,20.66195,21.33908,Ball
34390,George Hill,19.78835,11.41046,IND
34390,Jordan Hill,12.66678,27.52626,IND
34390,Lavoy Allen,12.59859,31.89622,IND
34390,Paul George,16.464010000000002,35.18591,IND
34390,Glenn Robinson,19.90187,22.98283,IND
34390,Isaiah Thomas,25.77266,4.12409,BOS
34390,Avery Bradley,20.44919,22.60399,BOS
34390,Kelly Olynyk,15.20167,36.68215,BOS
34390,Jae Crowder,15.89136,46.48545,BOS
34390,Jared Sullinger,12.28327,27.69507,BOS
34400,Ball,12.7514,21.78263,Ball
34400,George Hill,17.12556,12.53667,IND
34400,Jordan Hill,9.2723,27.88522,IND
34400,Lavoy Allen,10.82583,31.59252,IND
34400,Paul George,15.39636,33.37617,IND
34400,Glenn Robinson,13.61348,21.28126,IND
34400,Isaiah Thomas,23.67293,5.3468,BOS
34400,Avery Bradley,13.61348,21.28126,BOS
34400,Kelly Olynyk,15.89726,35.69246,BOS
34400,Jae Crowder,11.85004,46.17985,BOS
34400,Jared Sullinger,8.72562,27.30022,BOS
34410,Ball,7.4549,21.38422,Ball
34410,George Hill,15.19166,13.72156,IND
34410,Jordan Hill,8.42679,26.69603,IND
34410,Lavoy Allen,8.94434,30.59937,IND
34410,Paul George,15.11124,31.38835,IND
34410,Glenn Robinson,8.6492,22.25557,IND
34410,Isaiah Thomas,22.54342,6.70759,BOS
34410,Avery Bradley,8.58929,21.21416,BOS
34410,Kelly Olynyk,16.96711,34.86272,BOS
34410,Jae Crowder,8.07935,46.45397,BOS
34410,Jared Sullinger,7.62317,26.81573,BOS
34420,Ball,5.1412,23.93739,Ball
34420,George Hill,14.14466,14.65445,IND
34420,Jordan Hill,8.81374,24.98878,IND
34420,Lavoy Allen,7.57293,29.113410000000002,IND
34420,Paul George,14.91982,29.31324,IND
34420,Glenn Robinson,4.91212,23.57853,IND
34420,Isaiah Thomas,21.85217,8.24637,BOS
34420,Avery Bradley,3.82953,21.50342,BOS
34420,Kelly Olynyk,18.13136,33.82914,BOS
34420,Jae Crowder,5.90869,46.91102,BOS
34420,Jared Sullinger,8.05733,25.63166,BOS
34430,Ball,5.17994,25.74673,Ball
34430,George Hill,13.99284,15.259,IND
34430,Jordan Hill,8.93319,24.36553,IND
34430,Lavoy Allen,6.965,27.526980000000002,IND
34430,Paul George,15.18092,27.50505,IND
34430,Glenn Robinson,1.63636,24.38572,IND
34430,Isaiah Thomas,21.97335,9.76552,BOS
34430,Avery Bradley,-0.09879,20.47123,BOS
34430,Kelly Olynyk,19.72797,32.68663,BOS
34430,Jae Crowder,5.22586,47.40613,BOS
34430,Jared Sullinger,8.93319,24.36553,BOS
34440,Ball,4.97511,26.21526,Ball
34440,George Hill,13.36421,15.5365,IND
34440,Jordan Hill,8.60793,23.80088,IND
34440,Lavoy Allen,7.03637,25.42473,IND
34440,Paul George,15.73962,26.31586,IND
34440,Glenn Robinson,-0.07303000000000001,24.88031,IND
34440,Isaiah Thomas,22.3243,11.21927,BOS
34440,Avery Bradley,-1.11444,17.38986,BOS
34440,Kelly Olynyk,21.34341,32.19897,BOS
34440,Jae Crowder,5.74533,47.37521,BOS
34440,Jared Sullinger,8.60793,23.80088,BOS
34450,Ball,5.11079,24.28793,Ball
34450,George Hill,13.043520000000001,15.27839,IND
34450,Jordan Hill,6.8174600000000005,23.99796,IND
34450,Lavoy Allen,8.10965,23.76022,IND
34450,Paul George,16.15624,26.42885,IND
34450,Glenn Robinson,-0.16112,25.20168,IND
34450,Isaiah Thomas,22.85021,12.64765,BOS
34450,Avery Bradley,0.058030000000000005,13.78281,BOS
34450,Kelly Olynyk,22.83001,32.53015,BOS
34450,Jae Crowder,6.27774,47.25671,BOS
34450,Jared Sullinger,8.43944,23.69559,BOS
34460,Ball,5.28963,22.68577,Ball
34460,George Hill,13.01351,14.92887,IND
34460,Jordan Hill,5.97351,23.28509,IND
34460,Lavoy Allen,8.29489,23.62446,IND
34460,Paul George,16.20645,27.16049,IND
34460,Glenn Robinson,0.8532900000000001,25.60124,IND
34460,Isaiah Thomas,23.92028,13.69873,BOS
34460,Avery Bradley,2.3141,10.487,BOS
34460,Kelly Olynyk,24.48943,32.40391,BOS
34460,Jae Crowder,6.30659,47.31862,BOS
34460,Jared Sullinger,8.29489,23.62446,BOS
34470,Ball,5.8657900000000005,22.88693,Ball
34470,George Hill,12.48762,14.64503,IND
34470,Jordan Hill,5.66541,23.51665,IND
34470,Lavoy Allen,7.0107,23.30916,IND
34470,Paul George,16.14983,27.43324,IND
34470,Glenn Robinson,2.45382,25.87511,IND
34470,Isaiah Thomas,25.23602,14.0985,BOS
34470,Avery Bradley,4.76675,8.18033,BOS
34470,Kelly Olynyk,25.87515,32.63072,BOS
34470,Jae Crowder,6.30008,47.34246,BOS
34470,Jared Sullinger,7.0107,23.30916,BOS
34480,Ball,5.8403,24.35167,Ball
34480,George Hill,12.24775,14.62814,IND
34480,Jordan Hill,6.37537,24.33009,IND
34480,Lavoy Allen,6.13119,22.20294,IND
34480,Paul George,16.05867,27.45424,IND
34480,Glenn Robinson,4.02558,26.30648,IND
34480,Isaiah Thomas,26.74026,14.06607,BOS
34480,Avery Bradley,7.546,7.3609,BOS
34480,Kelly Olynyk,27.14517,32.97523,BOS
34480,Jae Crowder,7.18381,46.93979,BOS
34480,Jared Sullinger,6.13119,22.20294,BOS
34500,Ball,5.82784,24.97979,Ball
34500,George Hill,11.9613,14.56993,IND
34500,Jordan Hill,8.4787,24.15127,IND
34500,Lavoy Allen,6.324,20.80899,IND
34500,Paul George,16.06393,27.87444,IND
34500,Glenn Robinson,5.51371,28.01806,IND
34500,Isaiah Thomas,28.88274,14.42347,BOS
34500,Avery Bradley,10.70346,8.07123,BOS
34500,Kelly Olynyk,29.24837,32.75235,BOS
34500,Jae Crowder,9.03163,46.0127,BOS
34500,Jared Sullinger,7.1218,20.61892,BOS
34500,Ball,5.78979,24.83485,Ball
34500,George Hill,11.9293,14.52921,IND
34500,Jordan Hill,8.59661,24.15226,IND
34500,Lavoy Allen,6.35896,20.63786,IND
34500,Paul George,16.10041,27.9773,IND
34500,Glenn Robinson,5.70843,28.23376,IND
34500,Isaiah Thomas,29.12788,14.4816,BOS
34500,Avery Bradley,11.0569,8.21586,BOS
34500,Kelly Olynyk,29.49286,32.73818,BOS
34500,Jae Crowder,9.26557,45.86792,BOS
34500,Jared Sullinger,7.30518,20.40669,BOS
34500,Ball,5.85009,24.8692,Ball
34500,George Hill,11.89178,14.47624,IND
34500,Jordan Hill,8.71433,24.16897,IND
34500,Lavoy Allen,6.40332,20.44445,IND
34500,Paul George,16.15193,28.08596,IND
34500,Glenn Robinson,5.89677,28.45797,IND
34500,Isaiah Thomas,29.37661,14.54202,BOS
34500,Avery Bradley,11.41794,8.37137,BOS
34500,Kelly Olynyk,29.73975,32.72974,BOS
34500,Jae Crowder,9.50901,45.71651,BOS
34500,Jared Sullinger,7.518,20.18968,BOS
34500,Ball,5.84423,24.82553,Ball
34500,George Hill,11.85063,14.427340000000001,IND
34500,Jordan Hill,8.846540000000001,24.211,IND
34500,Lavoy Allen,6.45616,20.24342,IND
34500,Paul George,16.2186,28.20861,IND
34500,Glenn Robinson,6.09872,28.66572,IND
34500,Isaiah Thomas,29.62813,14.60524,BOS
34500,Avery Bradley,11.78128,8.54408,BOS
34500,Kelly Olynyk,29.99691,32.72807,BOS
34500,Jae Crowder,9.75837,45.56343,BOS
34500,Jared Sullinger,7.75538,19.96512,BOS
34500,Ball,5.84248,24.79204,Ball
34500,George Hill,11.79717,14.373,IND
34500,Jordan Hill,9.00931,24.27073,IND
34500,Lavoy Allen,6.51392,20.05275,IND
34500,Paul George,16.2951,28.3437,IND
34500,Glenn Robinson,6.29326,28.88395,IND
34500,Isaiah Thomas,29.89125,14.66641,BOS
34500,Avery Bradley,12.15229,8.72804,BOS
34500,Kelly Olynyk,30.25742,32.73198,BOS
34500,Jae Crowder,10.01853,45.40382,BOS
34500,Jared Sullinger,8.0306,19.77504,BOS
34500,Ball,5.94215,24.6668,Ball
34500,George Hill,11.73221,14.32346,IND
34500,Jordan Hill,9.11435,24.33792,IND
34500,Lavoy Allen,6.56459,19.85049,IND
34500,Paul George,16.38985,28.489910000000002,IND
34500,Glenn Robinson,6.48749,29.06403,IND
34500,Isaiah Thomas,30.15674,14.72519,BOS
34500,Avery Bradley,12.52901,8.92327,BOS
34500,Kelly Olynyk,30.52028,32.73326,BOS
34500,Jae Crowder,10.29023,45.24015,BOS
34500,Jared Sullinger,8.329180000000001,19.57244,BOS
34500,Ball,5.98096,24.5611,Ball
34500,George Hill,11.65643,14.2713,IND
34500,Jordan Hill,9.20839,24.43394,IND
34500,Lavoy Allen,6.60531,19.64597,IND
34500,Paul George,16.49116,28.65073,IND
34500,Glenn Robinson,6.6979500000000005,29.23007,IND
34500,Isaiah Thomas,30.42395,14.78292,BOS
34500,Avery Bradley,12.90739,9.12922,BOS
34500,Kelly Olynyk,30.78271,32.73523,BOS
34500,Jae Crowder,10.56984,45.0798,BOS
34500,Jared Sullinger,8.6406,19.3873,BOS
34500,Ball,5.9525,24.64445,Ball
34500,George Hill,11.57095,14.23681,IND
34500,Jordan Hill,9.30689,24.5073,IND
34500,Lavoy Allen,6.65754,19.41933,IND
34500,Paul George,16.60699,28.81946,IND
34500,Glenn Robinson,6.9268600000000005,29.38664,IND
34500,Isaiah Thomas,30.68589,14.83978,BOS
34500,Avery Bradley,13.29729,9.33082,BOS
34500,Kelly Olynyk,31.05156,32.74001,BOS
34500,Jae Crowder,10.86261,44.91896,BOS
34500,Jared Sullinger,8.97209,19.18427,BOS
34500,Ball,5.96131,24.59816,Ball
34500,George Hill,11.4773,14.18418,IND
34500,Jordan Hill,9.338,24.58197,IND
34500,Lavoy Allen,6.71968,19.22624,IND
34500,Paul George,16.73288,28.99918,IND
34500,Glenn Robinson,7.16978,29.54428,IND
34500,Isaiah Thomas,30.9516,14.88838,BOS
34500,Avery Bradley,13.68988,9.53156,BOS
34500,Kelly Olynyk,31.33193,32.73953,BOS
34500,Jae Crowder,11.16535,44.76154,BOS
34500,Jared Sullinger,9.32049,19.02758,BOS
34500,Ball,5.83343,24.53049,Ball
34500,George Hill,11.38074,14.13397,IND
34500,Jordan Hill,9.3091,24.66366,IND
34500,Lavoy Allen,6.76226,19.02686,IND
34500,Paul George,16.8675,29.18642,IND
34500,Glenn Robinson,7.42217,29.69724,IND
34500,Isaiah Thomas,31.22177,14.93518,BOS
34500,Avery Bradley,14.0697,9.77039,BOS
34500,Kelly Olynyk,31.62281,32.7321,BOS
34500,Jae Crowder,11.46972,44.59998,BOS
34500,Jared Sullinger,9.68971,18.88714,BOS
34500,Ball,5.70582,24.46333,Ball
34500,George Hill,11.2831,14.08184,IND
34500,Jordan Hill,9.27361,24.74267,IND
34500,Lavoy Allen,6.8958200000000005,18.79324,IND
34500,Paul George,17.01803,29.37565,IND
34500,Glenn Robinson,7.65452,29.88171,IND
34500,Isaiah Thomas,31.49665,14.982050000000001,BOS
34500,Avery Bradley,14.4791,9.97582,BOS
34500,Kelly Olynyk,31.92027,32.72554,BOS
34500,Jae Crowder,11.78584,44.43552,BOS
34500,Jared Sullinger,10.06582,18.72022,BOS
34500,Ball,5.62634,24.37762,Ball
34500,George Hill,11.19609,14.03345,IND
34500,Jordan Hill,9.22448,24.82073,IND
34500,Lavoy Allen,6.99698,18.56441,IND
34500,Paul George,17.19241,29.57701,IND
34500,Glenn Robinson,7.9287,30.02897,IND
34500,Isaiah Thomas,31.78014,15.031,BOS
34500,Avery Bradley,14.88258,10.18801,BOS
34500,Kelly Olynyk,32.22672,32.71694,BOS
34500,Jae Crowder,12.11117,44.27192,BOS
34500,Jared Sullinger,10.42559,18.60048,BOS
34500,Ball,5.58356,24.32033,Ball
34500,George Hill,11.11154,13.97697,IND
34500,Jordan Hill,9.16871,24.90885,IND
34500,Lavoy Allen,7.08534,18.33794,IND
34500,Paul George,17.37814,29.78137,IND
34500,Glenn Robinson,8.23737,30.12284,IND
34500,Isaiah Thomas,32.06465,15.09233,BOS
34500,Avery Bradley,15.27778,10.40519,BOS
34500,Kelly Olynyk,32.54665,32.70327,BOS
34500,Jae Crowder,12.44021,44.1056,BOS
34500,Jared Sullinger,10.80522,18.4892,BOS
34500,Ball,5.5408,24.26357,Ball
34500,George Hill,11.0307,13.91071,IND
34500,Jordan Hill,9.11477,25.04199,IND
34500,Lavoy Allen,7.15213,18.13982,IND
34500,Paul George,17.57033,29.98911,IND
34500,Glenn Robinson,8.565,30.2125,IND
34500,Isaiah Thomas,32.34796,15.15991,BOS
34500,Avery Bradley,15.65958,10.64288,BOS
34500,Kelly Olynyk,32.86704,32.68773,BOS
34500,Jae Crowder,12.75249,43.91143,BOS
34500,Jared Sullinger,11.20095,18.39882,BOS
34500,Ball,5.43063,24.17605,Ball
34500,George Hill,10.95935,13.85029,IND
34500,Jordan Hill,9.0424,25.14409,IND
34500,Lavoy Allen,7.20311,17.96597,IND
34500,Paul George,17.761,30.20717,IND
34500,Glenn Robinson,8.8542,30.2795,IND
34500,Isaiah Thomas,32.63236,15.23278,BOS
34500,Avery Bradley,16.04412,10.88249,BOS
34500,Kelly Olynyk,33.19066,32.66122,BOS
34500,Jae Crowder,13.10934,43.69989,BOS
34500,Jared Sullinger,11.64138,18.32354,BOS
34500,Ball,5.35186,24.14653,Ball
34500,George Hill,10.88456,13.78596,IND
34500,Jordan Hill,8.9525,25.23303,IND
34500,Lavoy Allen,7.25061,17.80977,IND
34500,Paul George,17.94935,30.42288,IND
34500,Glenn Robinson,9.16377,30.35298,IND
34500,Isaiah Thomas,32.92003,15.3055,BOS
34500,Avery Bradley,16.44065,11.13414,BOS
34500,Kelly Olynyk,33.52442,32.63458,BOS
34500,Jae Crowder,13.47931,43.48782,BOS
34500,Jared Sullinger,12.06221,18.26507,BOS
34500,Ball,5.28254,24.08082,Ball
34500,George Hill,10.81003,13.72846,IND
34500,Jordan Hill,8.83749,25.31644,IND
34500,Lavoy Allen,7.30224,17.65095,IND
34500,Paul George,18.12929,30.64432,IND
34500,Glenn Robinson,9.54835,30.43166,IND
34500,Isaiah Thomas,33.21322,15.38452,BOS
34500,Avery Bradley,16.8492,11.38785,BOS
34500,Kelly Olynyk,33.864,32.60329,BOS
34500,Jae Crowder,13.84035,43.33297,BOS
34500,Jared Sullinger,12.52949,18.22424,BOS
34500,Ball,5.1066,23.97711,Ball
34500,George Hill,10.73108,13.67867,IND
34500,Jordan Hill,8.71588,25.39371,IND
34500,Lavoy Allen,7.34408,17.51817,IND
34500,Paul George,18.29707,30.8757,IND
34500,Glenn Robinson,9.94744,30.5047,IND
34500,Isaiah Thomas,33.50751,15.46806,BOS
34500,Avery Bradley,17.25939,11.63956,BOS
34500,Kelly Olynyk,34.21577,32.56495,BOS
34500,Jae Crowder,14.2264,43.17702,BOS
34500,Jared Sullinger,13.00298,18.20049,BOS
34500,Ball,5.10669,23.98393,Ball
34500,George Hill,10.64284,13.63274,IND
34500,Jordan Hill,8.5774,25.46637,IND
34500,Lavoy Allen,7.37635,17.3994,IND
34500,Paul George,18.45877,31.11822,IND
34500,Glenn Robinson,10.36437,30.57108,IND
34500,Isaiah Thomas,33.80816,15.55549,BOS
34500,Avery Bradley,17.67202,11.88537,BOS
34500,Kelly Olynyk,34.5772,32.51708,BOS
34500,Jae Crowder,14.62703,43.02385,BOS
34500,Jared Sullinger,13.46374,18.19025,BOS
34500,Ball,4.99743,23.89906,Ball
34500,George Hill,10.54738,13.5904,IND
34500,Jordan Hill,8.41182,25.53157,IND
34500,Lavoy Allen,7.40427,17.29989,IND
34500,Paul George,18.61561,31.36831,IND
34500,Glenn Robinson,10.79212,30.62796,IND
34500,Isaiah Thomas,34.10713,15.64013,BOS
34500,Avery Bradley,18.09221,12.13255,BOS
34500,Kelly Olynyk,34.94205,32.46446,BOS
34500,Jae Crowder,15.03406,42.88221,BOS
34500,Jared Sullinger,13.91808,18.17739,BOS
34500,Ball,4.9440100000000005,23.84726,Ball
34500,George Hill,10.44829,13.54568,IND
34500,Jordan Hill,8.27878,25.57212,IND
34500,Lavoy Allen,7.41779,17.2118,IND
34500,Paul George,18.77717,31.62329,IND
34500,Glenn Robinson,11.22436,30.69283,IND
34500,Isaiah Thomas,34.41402,15.7235,BOS
34500,Avery Bradley,18.53306,12.36744,BOS
34500,Kelly Olynyk,35.3111,32.4068,BOS
34500,Jae Crowder,15.44945,42.74185,BOS
34500,Jared Sullinger,14.37353,18.1871,BOS
34500,Ball,4.79758,23.65899,Ball
34500,George Hill,10.34391,13.4995,IND
34500,Jordan Hill,8.15178,25.59362,IND
34500,Lavoy Allen,7.42324,17.15453,IND
34500,Paul George,18.936,31.88535,IND
34500,Glenn Robinson,11.67042,30.74204,IND
34500,Isaiah Thomas,34.71445,15.80868,BOS
34500,Avery Bradley,18.97452,12.62058,BOS
34500,Kelly Olynyk,35.68351,32.34495,BOS
34500,Jae Crowder,15.869250000000001,42.6103,BOS
34500,Jared Sullinger,14.831620000000001,18.20365,BOS
34500,Ball,4.71434,23.61813,Ball
34500,George Hill,10.23447,13.43482,IND
34500,Jordan Hill,7.98944,25.6088,IND
34500,Lavoy Allen,7.41922,17.11155,IND
34500,Paul George,19.09451,32.15487,IND
34500,Glenn Robinson,12.11415,30.77314,IND
34500,Isaiah Thomas,35.017,15.89862,BOS
34500,Avery Bradley,19.39591,12.88997,BOS
34500,Kelly Olynyk,36.04961,32.28007,BOS
34500,Jae Crowder,16.29959,42.47581,BOS
34500,Jared Sullinger,15.31421,18.24621,BOS
34500,Ball,4.65195,23.59673,Ball
34500,George Hill,10.12171,13.38463,IND
34500,Jordan Hill,7.82581,25.62521,IND
34500,Lavoy Allen,7.38809,17.07978,IND
34500,Paul George,19.25475,32.43302,IND
34500,Glenn Robinson,12.57025,30.78088,IND
34500,Isaiah Thomas,35.31803,15.98685,BOS
34500,Avery Bradley,19.83069,13.15823,BOS
34500,Kelly Olynyk,36.43124,32.2094,BOS
34500,Jae Crowder,16.73758,42.34357,BOS
34500,Jared Sullinger,15.79978,18.30989,BOS
34500,Ball,4.6047,23.56742,Ball
34500,George Hill,10.01056,13.33112,IND
34500,Jordan Hill,7.61951,25.64547,IND
34500,Lavoy Allen,7.36629,17.07473,IND
34500,Paul George,19.41942,32.71781,IND
34500,Glenn Robinson,13.03893,30.78683,IND
34500,Isaiah Thomas,35.61836,16.07051,BOS
34500,Avery Bradley,20.27271,13.42312,BOS
34500,Kelly Olynyk,36.81154,32.13706,BOS
34500,Jae Crowder,17.18654,42.26223,BOS
34500,Jared Sullinger,16.28219,18.37968,BOS
34500,Ball,4.5715,23.50872,Ball
34500,George Hill,9.9004,13.27472,IND
34500,Jordan Hill,7.41955,25.64208,IND
34500,Lavoy Allen,7.33277,17.08461,IND
34500,Paul George,19.59083,33.00837,IND
34500,Glenn Robinson,13.5299,30.77038,IND
34500,Isaiah Thomas,35.91281,16.15651,BOS
34500,Avery Bradley,20.72892,13.68122,BOS
34500,Kelly Olynyk,37.2028,32.05382,BOS
34500,Jae Crowder,17.64406,42.14486,BOS
34500,Jared Sullinger,16.75696,18.464010000000002,BOS
34500,Ball,4.41779,23.43031,Ball
34500,George Hill,9.78911,13.21471,IND
34500,Jordan Hill,7.21045,25.63333,IND
34500,Lavoy Allen,7.33344,17.07745,IND
34500,Paul George,19.76178,33.29426,IND
34500,Glenn Robinson,14.04236,30.73135,IND
34500,Isaiah Thomas,36.2041,16.24961,BOS
34500,Avery Bradley,21.19579,13.94015,BOS
34500,Kelly Olynyk,37.59669,31.96366,BOS
34500,Jae Crowder,18.116,42.02804,BOS
34500,Jared Sullinger,17.26218,18.51233,BOS
34500,Ball,4.29863,23.33726,Ball
34500,George Hill,9.68432,13.16149,IND
34500,Jordan Hill,7.02204,25.63483,IND
34500,Lavoy Allen,7.34373,17.09638,IND
34500,Paul George,19.93521,33.58307,IND
34500,Glenn Robinson,14.55645,30.68769,IND
34500,Isaiah Thomas,36.49944,16.33424,BOS
34500,Avery Bradley,21.67362,14.20375,BOS
34500,Kelly Olynyk,37.99611,31.88418,BOS
34500,Jae Crowder,18.58688,41.92594,BOS
34500,Jared Sullinger,17.74784,18.61362,BOS
34500,Ball,4.13718,23.56246,Ball
34500,George Hill,9.58521,13.11771,IND
34500,Jordan Hill,6.8200400000000005,25.59958,IND
34500,Lavoy Allen,7.37574,17.12035,IND
34500,Paul George,20.11794,33.87884,IND
34500,Glenn Robinson,15.07009,30.65848,IND
34500,Isaiah Thomas,36.7913,16.42242,BOS
34500,Avery Bradley,22.15616,14.45202,BOS
34500,Kelly Olynyk,38.40761,31.80877,BOS
34500,Jae Crowder,19.0609,41.82206,BOS
34500,Jared Sullinger,18.26102,18.7141,BOS
34500,Ball,3.89982,23.64489,Ball
34500,George Hill,9.48443,13.07297,IND
34500,Jordan Hill,6.62729,25.61614,IND
34500,Lavoy Allen,7.44349,17.10622,IND
34500,Paul George,20.26401,34.2082,IND
34500,Glenn Robinson,15.63801,30.63,IND
34500,Isaiah Thomas,37.08364,16.50861,BOS
34500,Avery Bradley,22.64274,14.69049,BOS
34500,Kelly Olynyk,38.83101,31.73329,BOS
34500,Jae Crowder,19.52661,41.71701,BOS
34500,Jared Sullinger,18.80551,18.822,BOS
34500,Ball,3.8432500000000003,23.73389,Ball
34500,George Hill,9.39209,13.03741,IND
34500,Jordan Hill,6.42272,25.65175,IND
34500,Lavoy Allen,7.52865,17.09788,IND
34500,Paul George,20.42074,34.54775,IND
34500,Glenn Robinson,16.204,30.58388,IND
34500,Isaiah Thomas,37.37598,16.58792,BOS
34500,Avery Bradley,23.13877,14.92776,BOS
34500,Kelly Olynyk,39.26455,31.66334,BOS
34500,Jae Crowder,19.98125,41.61078,BOS
34500,Jared Sullinger,19.37371,18.93321,BOS
34500,Ball,3.6194100000000002,23.98838,Ball
34500,George Hill,9.30807,13.00027,IND
34500,Jordan Hill,6.21425,25.70424,IND
34500,Lavoy Allen,7.6182300000000005,17.10782,IND
34500,Paul George,20.59473,34.89726,IND
34500,Glenn Robinson,16.75561,30.51157,IND
34500,Isaiah Thomas,37.67513,16.6539,BOS
34500,Avery Bradley,23.63249,15.15265,BOS
34500,Kelly Olynyk,39.71397,31.59114,BOS
34500,Jae Crowder,20.44188,41.51564,BOS
34500,Jared Sullinger,19.89532,19.06209,BOS
34500,Ball,3.42958,24.08612,Ball
34500,George Hill,9.23153,12.96651,IND
34500,Jordan Hill,5.99751,25.75939,IND
34500,Lavoy Allen,7.73484,17.10272,IND
34500,Paul George,20.77952,35.25197,IND
34500,Glenn Robinson,17.24497,30.42005,IND
34500,Isaiah Thomas,37.98406,16.70231,BOS
34500,Avery Bradley,24.13616,15.38304,BOS
34500,Kelly Olynyk,40.1603,31.52042,BOS
34500,Jae Crowder,20.89772,41.42845,BOS
34500,Jared Sullinger,20.41288,19.1913,BOS
34500,Ball,3.24156,24.22446,Ball
34500,George Hill,9.1648,12.93363,IND
34500,Jordan Hill,5.74222,25.76719,IND
34500,Lavoy Allen,7.86717,17.09425,IND
34500,Paul George,20.98675,35.56611,IND
34500,Glenn Robinson,17.75976,30.30792,IND
34500,Isaiah Thomas,38.28975,16.74305,BOS
34500,Avery Bradley,24.64729,15.6103,BOS
34500,Kelly Olynyk,40.606,31.45409,BOS
34500,Jae Crowder,21.3625,41.33134,BOS
34500,Jared Sullinger,20.92795,19.34111,BOS
34500,Ball,3.2646100000000002,24.28578,Ball
34500,George Hill,9.11048,12.90476,IND
34500,Jordan Hill,5.49268,25.79245,IND
34500,Lavoy Allen,8.01224,17.08348,IND
34500,Paul George,21.20137,35.88181,IND
34500,Glenn Robinson,18.27405,30.18531,IND
34500,Isaiah Thomas,38.59333,16.7866,BOS
34500,Avery Bradley,25.15983,15.83449,BOS
34500,Kelly Olynyk,41.05954,31.38241,BOS
34500,Jae Crowder,21.83108,41.2355,BOS
34500,Jared Sullinger,21.44656,19.49297,BOS
34500,Ball,3.15072,24.31952,Ball
34500,George Hill,9.05817,12.8818,IND
34500,Jordan Hill,5.23794,25.81736,IND
34500,Lavoy Allen,8.1862,17.08863,IND
34500,Paul George,21.41817,36.20032,IND
34500,Glenn Robinson,18.78892,30.03845,IND
34500,Isaiah Thomas,38.88827,16.82932,BOS
34500,Avery Bradley,25.66154,16.06425,BOS
34500,Kelly Olynyk,41.52,31.31187,BOS
34500,Jae Crowder,22.30862,41.14334,BOS
34500,Jared Sullinger,21.99156,19.64024,BOS
34500,Ball,3.0047,24.53772,Ball
34500,George Hill,9.00998,12.86346,IND
34500,Jordan Hill,4.98491,25.84599,IND
34500,Lavoy Allen,8.37261,17.07314,IND
34500,Paul George,21.63626,36.54904,IND
34500,Glenn Robinson,19.29478,29.88369,IND
34500,Isaiah Thomas,39.18615,16.86934,BOS
34500,Avery Bradley,26.17712,16.26857,BOS
34500,Kelly Olynyk,41.98642,31.24439,BOS
34500,Jae Crowder,22.79435,41.05037,BOS
34500,Jared Sullinger,22.57327,19.78166,BOS
34500,Ball,2.90998,24.58734,Ball
34500,George Hill,8.96637,12.84204,IND
34500,Jordan Hill,4.72614,25.88437,IND
34500,Lavoy Allen,8.57509,17.06655,IND
34500,Paul George,21.87091,36.89561,IND
34500,Glenn Robinson,19.80623,29.72102,IND
34500,Isaiah Thomas,39.48047,16.90727,BOS
34500,Avery Bradley,26.71909,16.43622,BOS
34500,Kelly Olynyk,42.47953,31.18141,BOS
34500,Jae Crowder,23.27967,40.96591,BOS
34500,Jared Sullinger,23.1513,19.92036,BOS
34500,Ball,2.85318,24.72398,Ball
34500,George Hill,8.9233,12.81764,IND
34500,Jordan Hill,4.47017,25.93664,IND
34500,Lavoy Allen,8.79435,17.07016,IND
34500,Paul George,22.11091,37.24044,IND
34500,Glenn Robinson,20.31181,29.54967,IND
34500,Isaiah Thomas,39.77557,16.94495,BOS
34500,Avery Bradley,27.26062,16.60026,BOS
34500,Kelly Olynyk,42.96581,31.11623,BOS
34500,Jae Crowder,23.76477,40.88431,BOS
34500,Jared Sullinger,23.73831,20.06978,BOS
34500,Ball,2.71002,24.86371,Ball
34500,George Hill,8.87231,12.79706,IND
34500,Jordan Hill,4.24308,25.98369,IND
34500,Lavoy Allen,9.02929,17.06555,IND
34500,Paul George,22.35719,37.58618,IND
34500,Glenn Robinson,20.81401,29.35621,IND
34500,Isaiah Thomas,40.06946,16.98523,BOS
34500,Avery Bradley,27.79293,16.76417,BOS
34500,Kelly Olynyk,43.45624,31.05764,BOS
34500,Jae Crowder,24.26142,40.7631,BOS
34500,Jared Sullinger,24.33714,20.21112,BOS
34500,Ball,2.62325,25.08167,Ball
34500,George Hill,8.82047,12.78147,IND
34500,Jordan Hill,4.00162,26.04804,IND
34500,Lavoy Allen,9.28699,17.05399,IND
34500,Paul George,22.6103,37.93238,IND
34500,Glenn Robinson,21.29984,29.16004,IND
34500,Isaiah Thomas,40.36859,17.01981,BOS
34500,Avery Bradley,28.32128,16.94318,BOS
34500,Kelly Olynyk,43.94555,31.00968,BOS
34500,Jae Crowder,24.75984,40.6933,BOS
34500,Jared Sullinger,24.9238,20.37129,BOS
34500,Ball,2.449,25.204,Ball
34500,George Hill,8.76128,12.76711,IND
34500,Jordan Hill,3.75792,26.11539,IND
34500,Lavoy Allen,9.57866,17.06288,IND
34500,Paul George,22.86032,38.27435,IND
34500,Glenn Robinson,21.78787,28.96108,IND
34500,Isaiah Thomas,40.66864,17.04461,BOS
34500,Avery Bradley,28.85067,17.10368,BOS
34500,Kelly Olynyk,44.43089,30.97193,BOS
34500,Jae Crowder,25.2895,40.63537,BOS
34500,Jared Sullinger,25.4777,20.56815,BOS
34500,Ball,2.28911,25.37029,Ball
34500,George Hill,8.69845,12.74985,IND
34500,Jordan Hill,3.4785,26.16126,IND
34500,Lavoy Allen,9.89151,17.05497,IND
34500,Paul George,23.16363,38.60198,IND
34500,Glenn Robinson,22.28065,28.73789,IND
34500,Isaiah Thomas,40.96543,17.06773,BOS
34500,Avery Bradley,29.37726,17.2523,BOS
34500,Kelly Olynyk,44.91664,30.92882,BOS
34500,Jae Crowder,25.86245,40.58448,BOS
34500,Jared Sullinger,26.05659,20.70885,BOS
34500,Ball,2.13672,25.56797,Ball
34500,George Hill,8.63317,12.73515,IND
34500,Jordan Hill,3.19327,26.19472,IND
34500,Lavoy Allen,10.21082,17.04327,IND
34500,Paul George,23.4249,38.94395,IND
34500,Glenn Robinson,22.77463,28.48804,IND
34500,Isaiah Thomas,41.26965,17.08389,BOS
34500,Avery Bradley,29.90709,17.4085,BOS
34500,Kelly Olynyk,45.41331,30.90314,BOS
34500,Jae Crowder,26.43995,40.55184,BOS
34500,Jared Sullinger,26.62569,20.86796,BOS
34500,Ball,1.99206,25.79261,Ball
34500,George Hill,8.57101,12.7231,IND
34500,Jordan Hill,2.90423,26.21287,IND
34500,Lavoy Allen,10.52484,17.03306,IND
34500,Paul George,23.74242,39.25713,IND
34500,Glenn Robinson,23.26051,28.22688,IND
34500,Isaiah Thomas,41.57511,17.0996,BOS
34500,Avery Bradley,30.44986,17.57092,BOS
34500,Kelly Olynyk,45.911410000000004,30.8878,BOS
34500,Jae Crowder,26.9859,40.50913,BOS
34500,Jared Sullinger,27.19767,21.0402,BOS
34500,Ball,1.84999,26.0298,Ball
34500,George Hill,8.50903,12.707840000000001,IND
34500,Jordan Hill,2.62339,26.21164,IND
34500,Lavoy Allen,10.85263,17.01197,IND
34500,Paul George,24.06479,39.57173,IND
34500,Glenn Robinson,23.74717,27.95709,IND
34500,Isaiah Thomas,41.87902,17.12481,BOS
34500,Avery Bradley,30.98595,17.71536,BOS
34500,Kelly Olynyk,46.40738,30.87478,BOS
34500,Jae Crowder,27.55029,40.47677,BOS
34500,Jared Sullinger,27.76755,21.21408,BOS
34500,Ball,1.70541,26.26512,Ball
34500,George Hill,8.44881,12.69523,IND
34500,Jordan Hill,2.35679,26.19518,IND
34500,Lavoy Allen,11.19136,17.00064,IND
34500,Paul George,24.39077,39.87967,IND
34500,Glenn Robinson,24.20145,27.67912,IND
34500,Isaiah Thomas,42.17271,17.15109,BOS
34500,Avery Bradley,31.53791,17.85275,BOS
34500,Kelly Olynyk,46.89985,30.87781,BOS
34500,Jae Crowder,28.11859,40.43731,BOS
34500,Jared Sullinger,28.34454,21.39009,BOS
34500,Ball,1.55319,26.48415,Ball
34500,George Hill,8.39455,12.6808,IND
34500,Jordan Hill,2.08855,26.17877,IND
34500,Lavoy Allen,11.53592,17.00802,IND
34500,Paul George,24.77035,40.16922,IND
34500,Glenn Robinson,24.71897,27.39605,IND
34500,Isaiah Thomas,42.45209,17.19521,BOS
34500,Avery Bradley,32.08636,17.97313,BOS
34500,Kelly Olynyk,47.40326,30.89565,BOS
34500,Jae Crowder,28.68419,40.40621,BOS
34500,Jared Sullinger,28.93652,21.56901,BOS
34500,Ball,1.38821,26.67248,Ball
34500,George Hill,8.34923,12.66438,IND
34500,Jordan Hill,1.85744,26.20847,IND
34500,Lavoy Allen,11.87689,17.0209,IND
34500,Paul George,25.09642,40.51739,IND
34500,Glenn Robinson,25.17586,27.11166,IND
34500,Isaiah Thomas,42.73207,17.23482,BOS
34500,Avery Bradley,32.63419,18.07838,BOS
34500,Kelly Olynyk,47.91091,30.92295,BOS
34500,Jae Crowder,29.23038,40.39329,BOS
34500,Jared Sullinger,29.53507,21.75837,BOS
34500,Ball,1.20535,26.81567,Ball
34500,George Hill,8.31,12.64897,IND
34500,Jordan Hill,1.63091,26.21991,IND
34500,Lavoy Allen,12.24146,17.04107,IND
34500,Paul George,25.435200000000002,40.8583,IND
34500,Glenn Robinson,25.66958,26.82374,IND
34500,Isaiah Thomas,42.99769,17.27328,BOS
34500,Avery Bradley,33.18663,18.17099,BOS
34500,Kelly Olynyk,48.41803,30.97433,BOS
34500,Jae Crowder,29.77201,40.38196,BOS
34500,Jared Sullinger,30.1177,21.94077,BOS
34500,Ball,0.9777300000000001,26.90734,Ball
34500,George Hill,8.28385,12.63284,IND
34500,Jordan Hill,1.41473,26.23363,IND
34500,Lavoy Allen,12.61232,17.04495,IND
34500,Paul George,25.78792,41.20194,IND
34500,Glenn Robinson,26.15296,26.53153,IND
34500,Isaiah Thomas,43.26067,17.31153,BOS
34500,Avery Bradley,33.73597,18.26041,BOS
34500,Kelly Olynyk,48.9261,31.04484,BOS
34500,Jae Crowder,30.31854,40.38805,BOS
34500,Jared Sullinger,30.67147,22.12703,BOS
34500,Ball,0.79686,26.93814,Ball
34500,George Hill,8.27176,12.61562,IND
34500,Jordan Hill,1.20464,26.24106,IND
34500,Lavoy Allen,13.00886,17.06238,IND
34500,Paul George,26.16288,41.51393,IND
34500,Glenn Robinson,26.64,26.22974,IND
34500,Isaiah Thomas,43.51774,17.34235,BOS
34500,Avery Bradley,34.27899,18.33501,BOS
34500,Kelly Olynyk,49.42351,31.13448,BOS
34500,Jae Crowder,30.85495,40.40506,BOS
34500,Jared Sullinger,31.19737,22.31475,BOS
34500,Ball,0.61775,26.96316,Ball
34500,George Hill,8.26932,12.60258,IND
34500,Jordan Hill,1.00605,26.23947,IND
34500,Lavoy Allen,13.41724,17.07115,IND
34500,Paul George,26.53963,41.80524,IND
34500,Glenn Robinson,27.12334,25.90852,IND
34500,Isaiah Thomas,43.77195,17.36832,BOS
34500,Avery Bradley,34.81669,18.42287,BOS
34500,Kelly Olynyk,49.90748,31.22839,BOS
34500,Jae Crowder,31.39029,40.4262,BOS
34500,Jared Sullinger,31.72947,22.48782,BOS
34500,Ball,0.45429,26.9825,Ball
34500,George Hill,8.27867,12.60197,IND
34500,Jordan Hill,0.8136500000000001,26.21643,IND
34500,Lavoy Allen,13.83931,17.08002,IND
34500,Paul George,26.92768,42.0782,IND
34500,Glenn Robinson,27.61158,25.57825,IND
34500,Isaiah Thomas,44.02063,17.39345,BOS
34500,Avery Bradley,35.35603,18.49292,BOS
34500,Kelly Olynyk,50.3811,31.34284,BOS
34500,Jae Crowder,31.93674,40.45092,BOS
34500,Jared Sullinger,32.26251,22.65187,BOS
34500,Ball,0.32035,26.99621,Ball
34500,George Hill,8.30915,12.60156,IND
34500,Jordan Hill,0.63195,26.18507,IND
34500,Lavoy Allen,14.26358,17.08832,IND
34500,Paul George,27.33263,42.34928,IND
34500,Glenn Robinson,28.09874,25.23962,IND
34500,Isaiah Thomas,44.26665,17.41205,BOS
34500,Avery Bradley,35.89068,18.55186,BOS
34500,Kelly Olynyk,50.85376,31.46385,BOS
34500,Jae Crowder,32.48191,40.47996,BOS
34500,Jared Sullinger,32.78604,22.83352,BOS
34500,Ball,0.22981000000000001,27.00438,Ball
34500,George Hill,8.35983,12.60319,IND
34500,Jordan Hill,0.46035000000000004,26.15705,IND
34500,Lavoy Allen,14.69709,17.09575,IND
34500,Paul George,27.74964,42.6118,IND
34500,Glenn Robinson,28.58312,24.89145,IND
34500,Isaiah Thomas,44.51736,17.42616,BOS
34500,Avery Bradley,36.42939,18.57694,BOS
34500,Kelly Olynyk,51.31948,31.58746,BOS
34500,Jae Crowder,33.02841,40.49631,BOS
34500,Jared Sullinger,33.35446,22.98194,BOS
34500,Ball,0.19654000000000002,27.00709,Ball
34500,George Hill,8.43199,12.6075,IND
34500,Jordan Hill,0.30208,26.11316,IND
34500,Lavoy Allen,15.1175,17.09988,IND
34500,Paul George,28.1904,42.87056,IND
34500,Glenn Robinson,29.05405,24.54615,IND
34500,Isaiah Thomas,44.76975,17.43573,BOS
34500,Avery Bradley,36.97114,18.60535,BOS
34500,Kelly Olynyk,51.77073,31.71837,BOS
34500,Jae Crowder,33.54854,40.49938,BOS
34500,Jared Sullinger,33.92011,23.1419,BOS
34500,Ball,0.26338,26.85392,Ball
34500,George Hill,8.52176,12.62138,IND
34500,Jordan Hill,0.15838000000000002,26.07181,IND
34500,Lavoy Allen,15.5392,17.10197,IND
34500,Paul George,28.58629,43.14833,IND
34500,Glenn Robinson,29.52739,24.19885,IND
34500,Isaiah Thomas,45.00961,17.48379,BOS
34500,Avery Bradley,37.5157,18.63165,BOS
34500,Kelly Olynyk,52.20856,31.8586,BOS
34500,Jae Crowder,34.03641,40.48886,BOS
34500,Jared Sullinger,34.49689,23.30466,BOS
34500,Ball,0.20980000000000001,26.80898,Ball
34500,George Hill,8.62142,12.63578,IND
34500,Jordan Hill,0.028110000000000003,26.0294,IND
34500,Lavoy Allen,15.96593,17.11225,IND
34500,Paul George,29.04425,43.37486,IND
34500,Glenn Robinson,29.99481,23.83792,IND
34500,Isaiah Thomas,45.25185,17.53629,BOS
34500,Avery Bradley,38.05871,18.63729,BOS
34500,Kelly Olynyk,52.62362,31.99015,BOS
34500,Jae Crowder,34.52316,40.47441,BOS
34500,Jared Sullinger,35.08118,23.46882,BOS
34500,Ball,0.39191000000000004,26.99375,Ball
34500,George Hill,8.73908,12.652660000000001,IND
34500,Jordan Hill,-0.08853000000000001,25.98489,IND
34500,Lavoy Allen,16.41083,17.13384,IND
34500,Paul George,29.50155,43.60363,IND
34500,Glenn Robinson,30.471330000000002,23.47393,IND
34500,Isaiah Thomas,45.49269,17.58328,BOS
34500,Avery Bradley,38.5912,18.6291,BOS
34500,Kelly Olynyk,53.02661,32.12481,BOS
34500,Jae Crowder,35.0537,40.48253,BOS
34500,Jared Sullinger,35.65998,23.62823,BOS
34500,Ball,0.39256,26.9472,Ball
34500,George Hill,8.8725,12.671990000000001,IND
34500,Jordan Hill,-0.18989,25.94224,IND
34500,Lavoy Allen,16.85737,17.15998,IND
34500,Paul George,29.96693,43.81842,IND
34500,Glenn Robinson,30.94999,23.10455,IND
34500,Isaiah Thomas,45.75483,17.5577,BOS
34500,Avery Bradley,39.11655,18.61422,BOS
34500,Kelly Olynyk,53.41788,32.26201,BOS
34500,Jae Crowder,35.57345,40.48918,BOS
34500,Jared Sullinger,36.24019,23.79057,BOS
34500,Ball,0.45765000000000006,27.02995,Ball
34500,George Hill,9.02307,12.68916,IND
34500,Jordan Hill,-0.2777,25.90689,IND
34500,Lavoy Allen,17.30162,17.18312,IND
34500,Paul George,30.43875,44.0333,IND
34500,Glenn Robinson,31.4246,22.735500000000002,IND
34500,Isaiah Thomas,46.01781,17.52932,BOS
34500,Avery Bradley,39.6253,18.58418,BOS
34500,Kelly Olynyk,53.80282,32.38853,BOS
34500,Jae Crowder,36.09662,40.50445,BOS
34500,Jared Sullinger,36.82331,23.93102,BOS
34500,Ball,0.5244,26.92248,Ball
34500,George Hill,9.18676,12.71013,IND
34500,Jordan Hill,-0.34087,25.87147,IND
34500,Lavoy Allen,17.74724,17.20381,IND
34500,Paul George,30.87735,44.25427,IND
34500,Glenn Robinson,31.90319,22.36866,IND
34500,Isaiah Thomas,46.28389,17.49661,BOS
34500,Avery Bradley,40.1333,18.54807,BOS
34500,Kelly Olynyk,54.17374,32.50623,BOS
34500,Jae Crowder,36.62009,40.51778,BOS
34500,Jared Sullinger,37.39392,24.06843,BOS
34500,Ball,0.39657000000000003,26.88831,Ball
34500,George Hill,9.3705,12.74355,IND
34500,Jordan Hill,-0.38185,25.83085,IND
34500,Lavoy Allen,18.21321,17.21467,IND
34500,Paul George,31.41036,44.4209,IND
34500,Glenn Robinson,32.4178,22.00139,IND
34500,Isaiah Thomas,46.54317,17.46672,BOS
34500,Avery Bradley,40.66561,18.52893,BOS
34500,Kelly Olynyk,54.53412,32.61556,BOS
34500,Jae Crowder,37.16152,40.53462,BOS
34500,Jared Sullinger,37.98122,24.16606,BOS
34500,Ball,0.42714,26.73562,Ball
34500,George Hill,9.56522,12.78167,IND
34500,Jordan Hill,-0.39892000000000005,25.79205,IND
34500,Lavoy Allen,18.67931,17.21686,IND
34500,Paul George,31.92232,44.59056,IND
34500,Glenn Robinson,32.90385,21.63124,IND
34500,Isaiah Thomas,46.80469,17.45477,BOS
34500,Avery Bradley,41.21047,18.49327,BOS
34500,Kelly Olynyk,54.89156,32.71019,BOS
34500,Jae Crowder,37.71,40.55208,BOS
34500,Jared Sullinger,38.5903,24.27216,BOS
34500,Ball,0.4267,26.71735,Ball
34500,George Hill,9.76974,12.82039,IND
34500,Jordan Hill,-0.40203000000000005,25.74947,IND
34500,Lavoy Allen,19.15661,17.22182,IND
34500,Paul George,32.44057,44.74667,IND
34500,Glenn Robinson,33.40398,21.26003,IND
34500,Isaiah Thomas,47.06477,17.44448,BOS
34500,Avery Bradley,41.74,18.4422,BOS
34500,Kelly Olynyk,55.23817,32.78505,BOS
34500,Jae Crowder,38.24858,40.56005,BOS
34500,Jared Sullinger,39.21737,24.39034,BOS
34500,Ball,0.5253300000000001,26.59901,Ball
34500,George Hill,9.98312,12.86989,IND
34500,Jordan Hill,-0.39874000000000004,25.71653,IND
34500,Lavoy Allen,19.63635,17.2224,IND
34500,Paul George,32.96646,44.88727,IND
34500,Glenn Robinson,33.90245,20.88849,IND
34500,Isaiah Thomas,47.32867,17.4337,BOS
34500,Avery Bradley,42.27106,18.38576,BOS
34500,Kelly Olynyk,55.58975,32.84582,BOS
34500,Jae Crowder,38.79695,40.55949,BOS
34500,Jared Sullinger,39.84061,24.50952,BOS
34500,Ball,0.7663700000000001,26.42148,Ball
34500,George Hill,10.20692,12.92338,IND
34500,Jordan Hill,-0.38412,25.68069,IND
34500,Lavoy Allen,20.12907,17.22743,IND
34500,Paul George,33.51683,45.02212,IND
34500,Glenn Robinson,34.40649,20.52723,IND
34500,Isaiah Thomas,47.58673,17.42713,BOS
34500,Avery Bradley,42.79286,18.30731,BOS
34500,Kelly Olynyk,55.92397,32.89499,BOS
34500,Jae Crowder,39.34378,40.56346,BOS
34500,Jared Sullinger,40.46041,24.63217,BOS
34500,Ball,1.35696,25.96057,Ball
34500,George Hill,10.44086,12.97282,IND
34500,Jordan Hill,-0.36108,25.65225,IND
34500,Lavoy Allen,20.63677,17.2379,IND
34500,Paul George,34.06947,45.15686,IND
34500,Glenn Robinson,34.90867,20.16635,IND
34500,Isaiah Thomas,47.85268,17.41733,BOS
34500,Avery Bradley,43.30385,18.22297,BOS
34500,Kelly Olynyk,56.25237,32.93428,BOS
34500,Jae Crowder,39.88714,40.56931,BOS
34500,Jared Sullinger,41.07881,24.75062,BOS
34500,Ball,2.35429,25.16601,Ball
34500,George Hill,10.68143,13.02115,IND
34500,Jordan Hill,-0.32896000000000003,25.62699,IND
34500,Lavoy Allen,21.15215,17.2501,IND
34500,Paul George,34.61245,45.28246,IND
34500,Glenn Robinson,35.4145,19.80799,IND
34500,Isaiah Thomas,48.12673,17.41248,BOS
34500,Avery Bradley,43.82102,18.12094,BOS
34500,Kelly Olynyk,56.56886,32.96534,BOS
34500,Jae Crowder,40.42922,40.57127,BOS
34500,Jared Sullinger,41.70067,24.85197,BOS
34500,Ball,3.19868,24.57754,Ball
34500,George Hill,10.92601,13.06883,IND
34500,Jordan Hill,-0.28557000000000005,25.60538,IND
34500,Lavoy Allen,21.66508,17.27255,IND
34500,Paul George,35.15824,45.39302,IND
34500,Glenn Robinson,35.91999,19.45402,IND
34500,Isaiah Thomas,48.39819,17.41482,BOS
34500,Avery Bradley,44.32243,18.0075,BOS
34500,Kelly Olynyk,56.87786,32.99379,BOS
34500,Jae Crowder,40.9736,40.58559,BOS
34500,Jared Sullinger,42.28913,24.95327,BOS
34500,Ball,3.96624,24.07069,Ball
34500,George Hill,11.17547,13.11511,IND
34500,Jordan Hill,-0.2286,25.600459999999998,IND
34500,Lavoy Allen,22.18389,17.29001,IND
34500,Paul George,35.68484,45.52372,IND
34500,Glenn Robinson,36.43573,19.09921,IND
34500,Isaiah Thomas,48.66305,17.41907,BOS
34500,Avery Bradley,44.81542,17.8938,BOS
34500,Kelly Olynyk,57.19127,33.01649,BOS
34500,Jae Crowder,41.5158,40.61268,BOS
34500,Jared Sullinger,42.87679,25.04494,BOS
34500,Ball,4.68313,23.53252,Ball
34500,George Hill,11.43305,13.156320000000001,IND
34500,Jordan Hill,-0.16014,25.59244,IND
34500,Lavoy Allen,22.708660000000002,17.31604,IND
34500,Paul George,36.20834,45.63022,IND
34500,Glenn Robinson,36.95741,18.74067,IND
34500,Isaiah Thomas,48.93797,17.37804,BOS
34500,Avery Bradley,45.29537,17.77662,BOS
34500,Kelly Olynyk,57.50376,33.03532,BOS
34500,Jae Crowder,42.05747,40.64461,BOS
34500,Jared Sullinger,43.45475,25.14182,BOS
34500,Ball,5.33766,22.90221,Ball
34500,George Hill,11.70254,13.1904,IND
34500,Jordan Hill,-0.07703,25.58747,IND
34500,Lavoy Allen,23.23856,17.33759,IND
34500,Paul George,36.72915,45.73694,IND
34500,Glenn Robinson,37.48688,18.38106,IND
34500,Isaiah Thomas,49.19764,17.3265,BOS
34500,Avery Bradley,45.77176,17.64694,BOS
34500,Kelly Olynyk,57.81318,33.04843,BOS
34500,Jae Crowder,42.60065,40.67329,BOS
34500,Jared Sullinger,44.01413,25.23979,BOS
34500,Ball,6.18812,22.25904,Ball
34500,George Hill,11.97903,13.21633,IND
34500,Jordan Hill,0.0246,25.58384,IND
34500,Lavoy Allen,23.765,17.35254,IND
34500,Paul George,37.26505,45.82755,IND
34500,Glenn Robinson,38.01696,18.01563,IND
34500,Isaiah Thomas,49.45642,17.26697,BOS
34500,Avery Bradley,46.24596,17.51076,BOS
34500,Kelly Olynyk,58.11803,33.05514,BOS
34500,Jae Crowder,43.14679,40.69543,BOS
34500,Jared Sullinger,44.57769,25.324370000000002,BOS
34500,Ball,6.85048,21.81029,Ball
34500,George Hill,12.26455,13.23975,IND
34500,Jordan Hill,0.14645000000000002,25.58025,IND
34500,Lavoy Allen,24.29687,17.36603,IND
34500,Paul George,37.81282,45.91484,IND
34500,Glenn Robinson,38.55323,17.65316,IND
34500,Isaiah Thomas,49.68876,17.27982,BOS
34500,Avery Bradley,46.72635,17.35882,BOS
34500,Kelly Olynyk,58.41812,33.06144,BOS
34500,Jae Crowder,43.70238,40.72161,BOS
34500,Jared Sullinger,45.13815,25.40262,BOS
34500,Ball,7.65691,21.1193,Ball
34500,George Hill,12.5506,13.2617,IND
34500,Jordan Hill,0.29273000000000005,25.57144,IND
34500,Lavoy Allen,24.83262,17.37815,IND
34500,Paul George,38.36943,45.9896,IND
34500,Glenn Robinson,39.08735,17.29387,IND
34500,Isaiah Thomas,49.90313,17.30722,BOS
34500,Avery Bradley,47.21559,17.19758,BOS
34500,Kelly Olynyk,58.70706,33.06742,BOS
34500,Jae Crowder,44.25297,40.7384,BOS
34500,Jared Sullinger,45.69488,25.48362,BOS
34500,Ball,8.367280000000001,20.57766,Ball
34500,George Hill,12.84289,13.27717,IND
34500,Jordan Hill,0.4439,25.56417,IND
34500,Lavoy Allen,25.36824,17.3904,IND
34500,Paul George,38.9277,46.05828,IND
34500,Glenn Robinson,39.62096,16.93731,IND
34500,Isaiah Thomas,50.12261,17.32708,BOS
34500,Avery Bradley,47.69209,17.03289,BOS
34500,Kelly Olynyk,58.99158,33.07578,BOS
34500,Jae Crowder,44.80235,40.76732,BOS
34500,Jared Sullinger,46.25678,25.56563,BOS
34500,Ball,9.11632,20.10112,Ball
34500,George Hill,13.13125,13.2823,IND
34500,Jordan Hill,0.6160800000000001,25.56427,IND
34500,Lavoy Allen,25.91145,17.41496,IND
34500,Paul George,39.45229,46.1478,IND
34500,Glenn Robinson,40.16268,16.58578,IND
34500,Isaiah Thomas,50.3472,17.34761,BOS
34500,Avery Bradley,48.14187,16.84178,BOS
34500,Kelly Olynyk,59.26961,33.08172,BOS
34500,Jae Crowder,45.34712,40.8022,BOS
34500,Jared Sullinger,46.8315,25.65417,BOS
34500,Ball,9.86192,19.52342,Ball
34500,George Hill,13.42857,13.28199,IND
34500,Jordan Hill,0.79803,25.57329,IND
34500,Lavoy Allen,26.4585,17.4426,IND
34500,Paul George,40.00627,46.21491,IND
34500,Glenn Robinson,40.70334,16.23683,IND
34500,Isaiah Thomas,50.5804,17.34723,BOS
34500,Avery Bradley,48.57718,16.65446,BOS
34500,Kelly Olynyk,59.53697,33.08975,BOS
34500,Jae Crowder,45.88848,40.83332,BOS
34500,Jared Sullinger,47.41497,25.73659,BOS
34500,Ball,10.59691,18.89709,Ball
34500,George Hill,13.73827,13.29277,IND
34500,Jordan Hill,1.00461,25.59258,IND
34500,Lavoy Allen,27.00495,17.4705,IND
34500,Paul George,40.55547,46.28302,IND
34500,Glenn Robinson,41.24199,15.88976,IND
34500,Isaiah Thomas,50.82416,17.33877,BOS
34500,Avery Bradley,49.01877,16.4643,BOS
34500,Kelly Olynyk,59.79851,33.09688,BOS
34500,Jae Crowder,46.42954,40.86369,BOS
34500,Jared Sullinger,47.98681,25.80172,BOS
34500,Ball,11.36867,18.26577,Ball
34500,George Hill,14.05625,13.29951,IND
34500,Jordan Hill,1.24759,25.5998,IND
34500,Lavoy Allen,27.55357,17.49714,IND
34500,Paul George,41.07912,46.34772,IND
34500,Glenn Robinson,41.78693,15.55624,IND
34500,Isaiah Thomas,51.06529,17.34169,BOS
34500,Avery Bradley,49.45104,16.27479,BOS
34500,Kelly Olynyk,60.04724,33.09804,BOS
34500,Jae Crowder,46.96851,40.8934,BOS
34500,Jared Sullinger,48.5568,25.85834,BOS
34500,Ball,11.98819,17.74141,Ball
34500,George Hill,14.37129,13.30775,IND
34500,Jordan Hill,1.50292,25.65408,IND
34500,Lavoy Allen,28.10513,17.52046,IND
34500,Paul George,41.57221,46.42387,IND
34500,Glenn Robinson,42.33388,15.22309,IND
34500,Isaiah Thomas,51.31292,17.34256,BOS
34500,Avery Bradley,49.88711,16.09285,BOS
34500,Kelly Olynyk,60.2984,33.10362,BOS
34500,Jae Crowder,47.50811,40.91934,BOS
34500,Jared Sullinger,49.12063,25.907890000000002,BOS
34500,Ball,12.72198,17.15758,Ball
34500,George Hill,14.68463,13.32719,IND
34500,Jordan Hill,1.7588300000000001,25.70977,IND
34500,Lavoy Allen,28.6509,17.53819,IND
34500,Paul George,42.11288,46.514,IND
34500,Glenn Robinson,42.89062,14.89776,IND
34500,Isaiah Thomas,51.55311,17.34115,BOS
34500,Avery Bradley,50.32789,15.91178,BOS
34500,Kelly Olynyk,60.54146,33.10597,BOS
34500,Jae Crowder,48.04426,40.94699,BOS
34500,Jared Sullinger,49.66533,25.94323,BOS
34500,Ball,13.43307,16.75178,Ball
34500,George Hill,14.99951,13.34478,IND
34500,Jordan Hill,2.06083,25.74232,IND
34500,Lavoy Allen,29.20061,17.55489,IND
34500,Paul George,42.64809,46.58856,IND
34500,Glenn Robinson,43.46163,14.57486,IND
34500,Isaiah Thomas,51.79805,17.34408,BOS
34500,Avery Bradley,50.76444,15.73521,BOS
34500,Kelly Olynyk,60.78178,33.1135,BOS
34500,Jae Crowder,48.57456,40.97891,BOS
34500,Jared Sullinger,50.19946,25.97155,BOS
34500,Ball,14.10962,16.18242,Ball
34500,George Hill,15.32338,13.35975,IND
34500,Jordan Hill,2.37152,25.77442,IND
34500,Lavoy Allen,29.7555,17.564329999999998,IND
34500,Paul George,43.18168,46.66219,IND
34500,Glenn Robinson,44.04095,14.25509,IND
34500,Isaiah Thomas,52.03448,17.34811,BOS
34500,Avery Bradley,51.20048,15.56269,BOS
34500,Kelly Olynyk,61.01864,33.11618,BOS
34500,Jae Crowder,49.0996,41.01195,BOS
34500,Jared Sullinger,50.73164,25.99889,BOS
34500,Ball,14.446110000000001,15.94444,Ball
34500,George Hill,15.65453,13.37756,IND
34500,Jordan Hill,2.7157400000000003,25.76251,IND
34500,Lavoy Allen,30.31825,17.57658,IND
34500,Paul George,43.73184,46.70208,IND
34500,Glenn Robinson,44.62162,13.94131,IND
34500,Isaiah Thomas,52.27196,17.3528,BOS
34500,Avery Bradley,51.63487,15.3818,BOS
34500,Kelly Olynyk,61.24787,33.11613,BOS
34500,Jae Crowder,49.61575,41.04643,BOS
34500,Jared Sullinger,51.26507,26.01219,BOS
34500,Ball,14.86382,15.82576,Ball
34500,George Hill,15.99406,13.39828,IND
34500,Jordan Hill,3.07717,25.7489,IND
34500,Lavoy Allen,30.88594,17.5871,IND
34500,Paul George,44.33006,46.75458,IND
34500,Glenn Robinson,45.20271,13.63237,IND
34500,Isaiah Thomas,52.50348,17.36295,BOS
34500,Avery Bradley,52.07665,15.19086,BOS
34500,Kelly Olynyk,61.47353,33.10767,BOS
34500,Jae Crowder,50.1288,41.08068,BOS
34500,Jared Sullinger,51.79275,26.01278,BOS
34500,Ball,15.26541,15.53447,Ball
34500,George Hill,16.34243,13.43485,IND
34500,Jordan Hill,3.42805,25.77732,IND
34500,Lavoy Allen,31.46016,17.60254,IND
34500,Paul George,44.91273,46.82858,IND
34500,Glenn Robinson,45.78765,13.32634,IND
34500,Isaiah Thomas,52.73953,17.37746,BOS
34500,Avery Bradley,52.516,15.00156,BOS
34500,Kelly Olynyk,61.69875,33.09248,BOS
34500,Jae Crowder,50.63913,41.11782,BOS
34500,Jared Sullinger,52.33123,25.9887,BOS
34500,Ball,15.6681,15.06668,Ball
34500,George Hill,16.70451,13.47969,IND
34500,Jordan Hill,3.78873,25.81744,IND
34500,Lavoy Allen,32.03389,17.62471,IND
34500,Paul George,45.47919,46.89866,IND
34500,Glenn Robinson,46.36262,13.03119,IND
34500,Isaiah Thomas,52.97331,17.3989,BOS
34500,Avery Bradley,52.95478,14.81665,BOS
34500,Kelly Olynyk,61.91382,33.0712,BOS
34500,Jae Crowder,51.14707,41.15784,BOS
34500,Jared Sullinger,52.86073,25.95011,BOS
34500,Ball,16.11083,14.92185,Ball
34500,George Hill,17.07617,13.52803,IND
34500,Jordan Hill,4.17977,25.81619,IND
34500,Lavoy Allen,32.6091,17.65668,IND
34500,Paul George,46.01763,46.95517,IND
34500,Glenn Robinson,46.93926,12.72885,IND
34500,Isaiah Thomas,53.20869,17.41984,BOS
34500,Avery Bradley,53.39153,14.64027,BOS
34500,Kelly Olynyk,62.1276,33.04167,BOS
34500,Jae Crowder,51.65295,41.19459,BOS
34500,Jared Sullinger,53.38918,25.90288,BOS
34500,Ball,16.45038,14.49957,Ball
34500,George Hill,17.46067,13.58069,IND
34500,Jordan Hill,4.57004,25.8197,IND
34500,Lavoy Allen,33.18171,17.69283,IND
34500,Paul George,46.54841,47.00243,IND
34500,Glenn Robinson,47.51358,12.437570000000001,IND
34500,Isaiah Thomas,53.46206,17.42699,BOS
34500,Avery Bradley,53.80164,14.47825,BOS
34500,Kelly Olynyk,62.33949,33.00957,BOS
34500,Jae Crowder,52.16125,41.2385,BOS
34500,Jared Sullinger,53.9115,25.84824,BOS
34500,Ball,16.93879,14.52405,Ball
34500,George Hill,17.85655,13.63214,IND
34500,Jordan Hill,4.98426,25.79276,IND
34500,Lavoy Allen,33.75503,17.73076,IND
34500,Paul George,47.07223,47.04672,IND
34500,Glenn Robinson,48.09437,12.14481,IND
34500,Isaiah Thomas,53.70306,17.44322,BOS
34500,Avery Bradley,54.24247,14.27713,BOS
34500,Kelly Olynyk,62.54807,32.97185,BOS
34500,Jae Crowder,52.67137,41.27273,BOS
34500,Jared Sullinger,54.42478,25.77853,BOS
34500,Ball,17.57328,14.57613,Ball
34500,George Hill,18.25993,13.67354,IND
34500,Jordan Hill,5.42028,25.78307,IND
34500,Lavoy Allen,34.32305,17.76808,IND
34500,Paul George,47.59411,47.09035,IND
34500,Glenn Robinson,48.67343,11.85786,IND
34500,Isaiah Thomas,53.9403,17.46169,BOS
34500,Avery Bradley,54.68801,14.08181,BOS
34500,Kelly Olynyk,62.75283,32.93453,BOS
34500,Jae Crowder,53.17115,41.29653,BOS
34500,Jared Sullinger,54.92065,25.71232,BOS
34500,Ball,18.03805,14.7489,Ball
34500,George Hill,18.66037,13.70218,IND
34500,Jordan Hill,5.88623,25.78922,IND
34500,Lavoy Allen,34.8968,17.81198,IND
34500,Paul George,48.1155,47.1295,IND
34500,Glenn Robinson,49.25212,11.5733,IND
34500,Isaiah Thomas,54.17424,17.48465,BOS
34500,Avery Bradley,55.13611,13.89076,BOS
34500,Kelly Olynyk,62.95309,32.89565,BOS
34500,Jae Crowder,53.6714,41.32571,BOS
34500,Jared Sullinger,55.39544,25.64399,BOS
34500,Ball,18.72426,14.78371,Ball
34500,George Hill,19.06022,13.71581,IND
34500,Jordan Hill,6.3368,25.79464,IND
34500,Lavoy Allen,35.47147,17.85891,IND
34500,Paul George,48.64669,47.17079,IND
34500,Glenn Robinson,49.83091,11.29105,IND
34500,Isaiah Thomas,54.39378,17.51336,BOS
34500,Avery Bradley,55.59323,13.7021,BOS
34500,Kelly Olynyk,63.14965,32.86194,BOS
34500,Jae Crowder,54.16781,41.35972,BOS
34500,Jared Sullinger,55.86049,25.57073,BOS
34500,Ball,19.4476,14.92771,Ball
34500,George Hill,19.45396,13.73765,IND
34500,Jordan Hill,6.77274,25.807760000000002,IND
34500,Lavoy Allen,36.04132,17.91247,IND
34500,Paul George,49.19508,47.20817,IND
34500,Glenn Robinson,50.41204,11.00295,IND
34500,Isaiah Thomas,54.60332,17.54111,BOS
34500,Avery Bradley,56.05389,13.51523,BOS
34500,Kelly Olynyk,63.34118,32.82597,BOS
34500,Jae Crowder,54.66227,41.39766,BOS
34500,Jared Sullinger,56.32162,25.49252,BOS
34500,Ball,20.06094,14.95325,Ball
34500,George Hill,19.87099,13.74236,IND
34500,Jordan Hill,7.21938,25.78913,IND
34500,Lavoy Allen,36.61232,17.97473,IND
34500,Paul George,49.75231,47.23784,IND
34500,Glenn Robinson,50.99308,10.71821,IND
34500,Isaiah Thomas,54.8074,17.57173,BOS
34500,Avery Bradley,56.51662,13.33745,BOS
34500,Kelly Olynyk,63.53168,32.7921,BOS
34500,Jae Crowder,55.15837,41.43647,BOS
34500,Jared Sullinger,56.77954,25.41648,BOS
34500,Ball,20.67384,15.00891,Ball
34500,George Hill,20.30472,13.73635,IND
34500,Jordan Hill,7.6851,25.77434,IND
34500,Lavoy Allen,37.19179,18.04943,IND
34500,Paul George,50.26538,47.24179,IND
34500,Glenn Robinson,51.56231,10.43688,IND
34500,Isaiah Thomas,55.00936,17.60455,BOS
34500,Avery Bradley,56.97527,13.16092,BOS
34500,Kelly Olynyk,63.71966,32.75458,BOS
34500,Jae Crowder,55.65172,41.47411,BOS
34500,Jared Sullinger,57.24607,25.3379,BOS
34500,Ball,21.43101,15.02482,Ball
34500,George Hill,20.75102,13.73023,IND
34500,Jordan Hill,8.14396,25.79146,IND
34500,Lavoy Allen,37.77231,18.13704,IND
34500,Paul George,50.79426,47.25589,IND
34500,Glenn Robinson,52.12402,10.16296,IND
34500,Isaiah Thomas,55.19286,17.63244,BOS
34500,Avery Bradley,57.43231,12.98105,BOS
34500,Kelly Olynyk,63.90438,32.7102,BOS
34500,Jae Crowder,56.14177,41.51002,BOS
34500,Jared Sullinger,57.71502,25.25416,BOS
34500,Ball,22.06174,15.08495,Ball
34500,George Hill,21.20288,13.72389,IND
34500,Jordan Hill,8.62255,25.8068,IND
34500,Lavoy Allen,38.35214,18.22813,IND
34500,Paul George,51.31771,47.28074,IND
34500,Glenn Robinson,52.67596,9.89982,IND
34500,Isaiah Thomas,55.37332,17.65607,BOS
34500,Avery Bradley,57.89176,12.81549,BOS
34500,Kelly Olynyk,64.08483,32.66676,BOS
34500,Jae Crowder,56.62898,41.54008,BOS
34500,Jared Sullinger,58.18203,25.15429,BOS
34500,Ball,22.87598,14.85568,Ball
34500,George Hill,21.668590000000002,13.71013,IND
34500,Jordan Hill,9.09041,25.86044,IND
34500,Lavoy Allen,38.92654,18.32553,IND
34500,Paul George,51.83686,47.31213,IND
34500,Glenn Robinson,53.2256,9.64476,IND
34500,Isaiah Thomas,55.55296,17.6841,BOS
34500,Avery Bradley,58.34224,12.65681,BOS
34500,Kelly Olynyk,64.27032,32.62012,BOS
34500,Jae Crowder,57.11589,41.57392,BOS
34500,Jared Sullinger,58.64259,25.05325,BOS
34500,Ball,23.70144,14.58371,Ball
34500,George Hill,22.1386,13.69331,IND
34500,Jordan Hill,9.56714,25.91129,IND
34500,Lavoy Allen,39.498,18.43139,IND
34500,Paul George,52.30949,47.34461,IND
34500,Glenn Robinson,53.77428,9.4005,IND
34500,Isaiah Thomas,55.73681,17.71329,BOS
34500,Avery Bradley,58.79305,12.51001,BOS
34500,Kelly Olynyk,64.44951,32.57425,BOS
34500,Jae Crowder,57.59835,41.61482,BOS
34500,Jared Sullinger,59.09088,24.95388,BOS
34500,Ball,24.41453,14.24439,Ball
34500,George Hill,22.63535,13.64416,IND
34500,Jordan Hill,10.07238,25.91755,IND
34500,Lavoy Allen,40.06352,18.55185,IND
34500,Paul George,52.78691,47.36976,IND
34500,Glenn Robinson,54.33564,9.1626,IND
34500,Isaiah Thomas,55.91633,17.74193,BOS
34500,Avery Bradley,59.24318,12.3755,BOS
34500,Kelly Olynyk,64.62648,32.52895,BOS
34500,Jae Crowder,58.07503,41.65371,BOS
34500,Jared Sullinger,59.51608,24.85745,BOS
34500,Ball,25.16353,13.98419,Ball
34500,George Hill,23.1527,13.56779,IND
34500,Jordan Hill,10.58395,25.91501,IND
34500,Lavoy Allen,40.62776,18.67373,IND
34500,Paul George,53.26368,47.36807,IND
34500,Glenn Robinson,54.90973,8.92583,IND
34500,Isaiah Thomas,56.08903,17.76729,BOS
34500,Avery Bradley,59.69357,12.23739,BOS
34500,Kelly Olynyk,64.80627,32.48868,BOS
34500,Jae Crowder,58.54982,41.69676,BOS
34500,Jared Sullinger,59.92733,24.77256,BOS
34500,Ball,27.51309,12.69558,Ball
34500,George Hill,26.18588,13.17491,IND
34500,Jordan Hill,13.57914,26.16747,IND
34500,Lavoy Allen,44.02382,19.51932,IND
34500,Paul George,56.28226,47.50967,IND
34500,Glenn Robinson,58.30512,7.59894,IND
34500,Isaiah Thomas,57.05408,17.80027,BOS
34500,Avery Bradley,62.37323,11.63532,BOS
34500,Kelly Olynyk,65.84434,32.2559,BOS
34500,Jae Crowder,61.31573,41.9411,BOS
34500,Jared Sullinger,62.12865,24.22107,BOS
34510,Ball,31.79213,11.9699,Ball
34510,George Hill,31.20591,12.92447,IND
34510,Jordan Hill,19.00543,26.39992,IND
34510,Lavoy Allen,49.48809,21.48925,IND
34510,Paul George,60.91458,47.70409,IND
34510,Glenn Robinson,63.79477,5.59973,IND
34510,Isaiah Thomas,58.711,17.75023,BOS
34510,Avery Bradley,66.789,10.94924,BOS
34510,Kelly Olynyk,67.43708,31.76594,BOS
34510,Jae Crowder,65.66124,42.24404,BOS
34510,Jared Sullinger,65.43353,23.46772,BOS
34520,Ball,37.32878,11.79507,Ball
34520,George Hill,36.02445,12.78024,IND
34520,Jordan Hill,24.71122,26.61883,IND
34520,Lavoy Allen,54.75333,23.73031,IND
34520,Paul George,65.42546,47.80521,IND
34520,Glenn Robinson,68.99385,4.16101,IND
34520,Isaiah Thomas,60.32682,17.94746,BOS
34520,Avery Bradley,71.00337,10.4682,BOS
34520,Kelly Olynyk,68.84158,31.04687,BOS
34520,Jae Crowder,69.61429,42.38829,BOS
34520,Jared Sullinger,68.54131,23.43933,BOS
34530,Ball,40.90236,11.25358,Ball
34530,George Hill,40.42668,12.58203,IND
34530,Jordan Hill,30.38927,26.79195,IND
34530,Lavoy Allen,59.7673,25.89696,IND
34530,Paul George,69.87643,47.98666,IND
34530,Glenn Robinson,73.68933,3.10794,IND
34530,Isaiah Thomas,61.85275,17.67722,BOS
34530,Avery Bradley,74.94015,10.24646,BOS
34530,Kelly Olynyk,70.34997,30.52853,BOS
34530,Jae Crowder,73.19893,42.70726,BOS
34530,Jared Sullinger,71.29859,23.93148,BOS
34540,Ball,44.54692,11.6518,Ball
34540,George Hill,44.53779,12.88367,IND
34540,Jordan Hill,35.9669,26.73581,IND
34540,Lavoy Allen,64.57728,28.00162,IND
34540,Paul George,74.01227,47.77316,IND
34540,Glenn Robinson,77.69441,2.7597,IND
34540,Isaiah Thomas,63.5403,17.33544,BOS
34540,Avery Bradley,78.31713,10.13793,BOS
34540,Kelly Olynyk,71.72288,29.99469,BOS
34540,Jae Crowder,76.59508,42.80549,BOS
34540,Jared Sullinger,74.16014,24.2566,BOS
34550,Ball,48.80819,12.70404,Ball
34550,George Hill,47.90937,13.56043,IND
34550,Jordan Hill,41.29101,26.63061,IND
34550,Lavoy Allen,69.38295,30.12775,IND
34550,Paul George,78.07233,47.11418,IND
34550,Glenn Robinson,81.1017,2.5411900000000003,IND
34550,Isaiah Thomas,65.23996,17.478180000000002,BOS
34550,Avery Bradley,81.08462,10.29833,BOS
34550,Kelly Olynyk,72.23565,29.01579,BOS
34550,Jae Crowder,79.813,43.09401,BOS
34550,Jared Sullinger,76.62442,25.14554,BOS
34560,Ball,50.15483,13.93619,Ball
34560,George Hill,50.18164,13.85989,IND
34560,Jordan Hill,45.94666,26.44427,IND
34560,Lavoy Allen,73.70918,31.69859,IND
34560,Paul George,81.38314,45.99415,IND
34560,Glenn Robinson,83.36733,2.61382,IND
34560,Isaiah Thomas,66.43843,17.31969,BOS
34560,Avery Bradley,83.24967,10.18888,BOS
34560,Kelly Olynyk,72.30838,28.0187,BOS
34560,Jae Crowder,82.31303,43.56225,BOS
34560,Jared Sullinger,78.46619,25.89796,BOS
34570,Ball,51.23873,16.00147,Ball
34570,George Hill,52.16481,14.91721,IND
34570,Jordan Hill,50.36819,26.35031,IND
34570,Lavoy Allen,78.25656,32.33737,IND
34570,Paul George,83.77599,44.53863,IND
34570,Glenn Robinson,85.4103,2.56666,IND
34570,Isaiah Thomas,67.47871,17.36931,BOS
34570,Avery Bradley,84.96989,10.00664,BOS
34570,Kelly Olynyk,72.46284,26.97451,BOS
34570,Jae Crowder,83.90774,43.9686,BOS
34570,Jared Sullinger,80.45824,26.90042,BOS
34580,Ball,54.37094,17.06929,Ball
34580,George Hill,54.10857,15.743970000000001,IND
34580,Jordan Hill,54.72219,26.55782,IND
34580,Lavoy Allen,82.32373,32.09281,IND
34580,Paul George,85.33584,43.62522,IND
34580,Glenn Robinson,86.53506,1.96798,IND
34580,Isaiah Thomas,68.16391,17.98311,BOS
34580,Avery Bradley,85.94618,10.36069,BOS
34580,Kelly Olynyk,72.83045,26.2887,BOS
34580,Jae Crowder,85.33584,43.62522,BOS
34580,Jared Sullinger,82.00994,28.12756,BOS
34590,Ball,54.74423,17.77169,Ball
34590,George Hill,55.7937,16.60564,IND
34590,Jordan Hill,58.95362,26.98878,IND
34590,Lavoy Allen,85.45368,30.43263,IND
34590,Paul George,86.47918,42.60402,IND
34590,Glenn Robinson,86.79017,1.53199,IND
34590,Isaiah Thomas,68.0284,18.7592,BOS
34590,Avery Bradley,86.34258,10.60704,BOS
34590,Kelly Olynyk,72.96338,26.5406,BOS
34590,Jae Crowder,86.57708,41.87219,BOS
34590,Jared Sullinger,83.52093,28.42532,BOS
34600,Ball,57.34649,18.9424,Ball
34600,George Hill,57.13721,17.56118,IND
34600,Jordan Hill,63.35205,27.96024,IND
34600,Lavoy Allen,87.52659,28.45381,IND
34600,Paul George,87.22491,41.78171,IND
34600,Glenn Robinson,87.09042,1.5477,IND
34600,Isaiah Thomas,67.8913,19.56285,BOS
34600,Avery Bradley,86.13329,10.78087,BOS
34600,Kelly Olynyk,73.57945,26.92003,BOS
34600,Jae Crowder,87.07406,40.17083,BOS
34600,Jared Sullinger,85.53836,26.91944,BOS
34610,Ball,57.55669,19.5689,Ball
34610,George Hill,58.51981,18.51167,IND
34610,Jordan Hill,67.55844,29.466450000000002,IND
34610,Lavoy Allen,88.907,25.90225,IND
34610,Paul George,87.823,41.405,IND
34610,Glenn Robinson,86.98939,1.6728100000000001,IND
34610,Isaiah Thomas,68.21882,20.81277,BOS
34610,Avery Bradley,85.88946,11.59116,BOS
34610,Kelly Olynyk,74.72781,27.18065,BOS
34610,Jae Crowder,87.23341,39.77252,BOS
34610,Jared Sullinger,86.42125,25.62852,BOS
34620,Ball,58.93462,21.26888,Ball
34620,George Hill,59.63766,19.87211,IND
34620,Jordan Hill,71.56224,31.43804,IND
34620,Lavoy Allen,89.83739,22.62336,IND
34620,Paul George,88.28958,41.15274,IND
34620,Glenn Robinson,86.31032,1.75013,IND
34620,Isaiah Thomas,68.58094,22.09711,BOS
34620,Avery Bradley,85.70251,11.9563,BOS
34620,Kelly Olynyk,76.05998,27.88329,BOS
34620,Jae Crowder,87.42704,39.63686,BOS
34620,Jared Sullinger,86.78226,24.52387,BOS
34630,Ball,59.96521,22.52838,Ball
34630,George Hill,60.08027,21.184,IND
34630,Jordan Hill,74.988,33.42955,IND
34630,Lavoy Allen,89.84109,20.17911,IND
34630,Paul George,88.60882,41.3074,IND
34630,Glenn Robinson,85.45239,1.92476,IND
34630,Isaiah Thomas,69.31307,23.15022,BOS
34630,Avery Bradley,85.7072,11.79524,BOS
34630,Kelly Olynyk,77.22623,28.60092,BOS
34630,Jae Crowder,88.1041,39.81314,BOS
34630,Jared Sullinger,87.07272,22.95381,BOS
34640,Ball,59.68331,23.18673,Ball
34640,George Hill,60.71108,22.28345,IND
34640,Jordan Hill,77.85777,35.17224,IND
34640,Lavoy Allen,89.65365,18.23973,IND
34640,Paul George,88.88858,40.84061,IND
34640,Glenn Robinson,84.79446,2.28738,IND
34640,Isaiah Thomas,69.68242,23.52953,BOS
34640,Avery Bradley,85.62441,11.76322,BOS
34640,Kelly Olynyk,78.43507,29.53399,BOS
34640,Jae Crowder,88.0606,40.33964,BOS
34640,Jared Sullinger,87.89941,22.31951,BOS
34650,Ball,61.25188,24.82842,Ball
34650,George Hill,61.02539,23.61581,IND
34650,Jordan Hill,80.27634,36.49931,IND
34650,Lavoy Allen,89.12358,16.63502,IND
34650,Paul George,89.13953,40.43892,IND
34650,Glenn Robinson,83.81438,2.33068,IND
34650,Isaiah Thomas,69.80244,24.13237,BOS
34650,Avery Bradley,85.43569,11.940760000000001,BOS
34650,Kelly Olynyk,79.52947,30.36137,BOS
34650,Jae Crowder,87.24832,40.32929,BOS
34650,Jared Sullinger,88.04475,21.76994,BOS
