8740,Ball,24.46067,13.52497,Ball
8740,Al-Farouq Aminu,32.9416,29.93888,POR
8740,Damian Lillard,49.32214,37.31619,POR
8740,Mason Plumlee,23.81852,28.64055,POR
8740,CJ McCollum,50.61057,20.36459,POR
8740,Meyers Leonard,54.62187,19.82522,POR
8740,Ersan Ilyasova,35.66994,21.3467,DET
8740,Reggie Jackson,23.78262,14.00687,DET
8740,Marcus Morris,14.79631,10.37026,DET
8740,Kentavious Caldwell-Pope,39.16126,46.53235,DET
8740,Andre Drummond,9.87424,21.36394,DET
8750,Ball,30.62441,11.588470000000001,Ball
8750,Al-Farouq Aminu,38.64442,26.9185,POR
8750,Damian Lillard,54.15817,37.27091,POR
8750,Mason Plumlee,29.66758,28.5041,POR
8750,CJ McCollum,53.76237,18.57859,POR
8750,Meyers Leonard,59.43876,20.15548,POR
8750,Ersan Ilyasova,42.06401,21.72599,DET
8750,Reggie Jackson,28.82055,11.28792,DET
8750,Marcus Morris,19.76031,9.39101,DET
8750,Kentavious Caldwell-Pope,44.02638,47.41595,DET
8750,Andre Drummond,12.5584,21.74542,DET
8760,Ball,34.86672,11.04679,Ball
8760,Al-Farouq Aminu,44.15029,23.98218,POR
8760,Damian Lillard,58.93317,36.71177,POR
8760,Mason Plumlee,35.70697,28.3818,POR
8760,CJ McCollum,56.94694,16.74643,POR
8760,Meyers Leonard,63.44772,20.72557,POR
8760,Ersan Ilyasova,48.55556,21.78005,DET
8760,Reggie Jackson,34.67416,9.65797,DET
8760,Marcus Morris,25.02867,9.73396,DET
8760,Kentavious Caldwell-Pope,48.71188,47.98356,DET
8760,Andre Drummond,16.337040000000002,22.1712,DET
8770,Ball,43.20678,8.62312,Ball
8770,Al-Farouq Aminu,49.60212,21.70621,POR
8770,Damian Lillard,63.38413,35.98428,POR
8770,Mason Plumlee,41.80931,28.25298,POR
8770,CJ McCollum,59.95261,15.14236,POR
8770,Meyers Leonard,66.80166,21.24182,POR
8770,Ersan Ilyasova,55.00218,21.20451,DET
8770,Reggie Jackson,40.90478,8.29424,DET
8770,Marcus Morris,30.29581,11.10707,DET
8770,Kentavious Caldwell-Pope,52.82919,48.18898,DET
8770,Andre Drummond,20.90967,22.30965,DET
8780,Ball,47.57707,6.40643,Ball
8780,Al-Farouq Aminu,54.69217,20.42361,POR
8780,Damian Lillard,67.15769,35.16499,POR
8780,Mason Plumlee,47.73103,28.04267,POR
8780,CJ McCollum,62.61376,13.75086,POR
8780,Meyers Leonard,69.11342,20.7542,POR
8780,Ersan Ilyasova,60.65301,19.69306,DET
8780,Reggie Jackson,47.14246,7.47848,DET
8780,Marcus Morris,35.39285,13.25395,DET
8780,Kentavious Caldwell-Pope,56.24113,48.24591,DET
8780,Andre Drummond,25.71727,22.55197,DET
8790,Ball,53.63951,6.53164,Ball
8790,Al-Farouq Aminu,59.02172,20.17907,POR
8790,Damian Lillard,70.40995,34.63966,POR
8790,Mason Plumlee,53.3166,27.63582,POR
8790,CJ McCollum,64.89792,12.7432,POR
8790,Meyers Leonard,71.35688,19.54687,POR
8790,Ersan Ilyasova,64.69038,17.4611,DET
8790,Reggie Jackson,53.00185,7.45188,DET
8790,Marcus Morris,40.20407,15.89978,DET
8790,Kentavious Caldwell-Pope,59.12147,47.99566,DET
8790,Andre Drummond,30.60227,22.77796,DET
8800,Ball,58.72648,6.46255,Ball
8800,Al-Farouq Aminu,62.90134,20.67093,POR
8800,Damian Lillard,73.16013,34.2079,POR
8800,Mason Plumlee,58.26099,27.04515,POR
8800,CJ McCollum,66.95252,11.43033,POR
8800,Meyers Leonard,73.04643,17.84641,POR
8800,Ersan Ilyasova,66.67232,15.14809,DET
8800,Reggie Jackson,58.30394,7.90444,DET
8800,Marcus Morris,44.781530000000004,18.92427,DET
8800,Kentavious Caldwell-Pope,62.03652,48.00139,DET
8800,Andre Drummond,35.73865,23.05807,DET
8810,Ball,63.35064,8.75106,Ball
8810,Al-Farouq Aminu,66.35743,21.3222,POR
8810,Damian Lillard,75.28887,34.01048,POR
8810,Mason Plumlee,62.61578,26.40412,POR
8810,CJ McCollum,68.63281,11.04545,POR
8810,Meyers Leonard,73.77681,16.75197,POR
8810,Ersan Ilyasova,68.45269,13.81076,DET
8810,Reggie Jackson,62.6155,9.13084,DET
8810,Marcus Morris,48.9084,22.4058,DET
8810,Kentavious Caldwell-Pope,65.0014,47.973910000000004,DET
8810,Andre Drummond,40.80535,23.18531,DET
8820,Ball,63.11811,12.22363,Ball
8820,Al-Farouq Aminu,69.6276,23.42325,POR
8820,Damian Lillard,77.08516,34.18871,POR
8820,Mason Plumlee,65.99993,25.7451,POR
8820,CJ McCollum,70.25585,11.85214,POR
8820,Meyers Leonard,74.48095,17.27248,POR
8820,Ersan Ilyasova,70.50078,13.29984,DET
8820,Reggie Jackson,64.77691,11.34844,DET
8820,Marcus Morris,52.78043,26.10683,DET
8820,Kentavious Caldwell-Pope,67.69541,48.06484,DET
8820,Andre Drummond,45.79692,23.42726,DET
8830,Ball,65.92594,14.672460000000001,Ball
8830,Al-Farouq Aminu,72.04993,26.03003,POR
8830,Damian Lillard,78.58107,34.21624,POR
8830,Mason Plumlee,67.82846,24.99671,POR
8830,CJ McCollum,72.58422,12.59855,POR
8830,Meyers Leonard,74.27398,18.31183,POR
8830,Ersan Ilyasova,72.33494,12.965,DET
8830,Reggie Jackson,66.11289,13.32236,DET
8830,Marcus Morris,56.34932,29.77447,DET
8830,Kentavious Caldwell-Pope,70.43431,48.19277,DET
8830,Andre Drummond,50.74976,23.66978,DET
8840,Ball,66.12916,15.42335,Ball
8840,Al-Farouq Aminu,73.40077,28.36519,POR
8840,Damian Lillard,79.71144,34.38716,POR
8840,Mason Plumlee,68.82878,24.5958,POR
8840,CJ McCollum,75.55871,13.18345,POR
8840,Meyers Leonard,73.41833,18.0646,POR
8840,Ersan Ilyasova,74.82856,12.52197,DET
8840,Reggie Jackson,66.19511,14.32014,DET
8840,Marcus Morris,59.61055,33.10306,DET
8840,Kentavious Caldwell-Pope,72.97853,48.33402,DET
8840,Andre Drummond,55.45057,23.96539,DET
8850,Ball,64.80421,13.2379,Ball
8850,Al-Farouq Aminu,74.43975,30.6292,POR
8850,Damian Lillard,80.6297,34.96026,POR
8850,Mason Plumlee,70.20059,24.52729,POR
8850,CJ McCollum,77.48615,14.25674,POR
8850,Meyers Leonard,72.99681,17.79631,POR
8850,Ersan Ilyasova,76.91624,12.68707,DET
8850,Reggie Jackson,65.56318,14.38245,DET
8850,Marcus Morris,62.39714,36.05249,DET
8850,Kentavious Caldwell-Pope,75.3527,48.67638,DET
8850,Andre Drummond,59.64371,24.05348,DET
8860,Ball,65.98272,12.80465,Ball
8860,Al-Farouq Aminu,75.56106,32.44821,POR
8860,Damian Lillard,81.41506,35.16629,POR
8860,Mason Plumlee,72.19592,24.52534,POR
8860,CJ McCollum,78.81007,14.05452,POR
8860,Meyers Leonard,72.86285,16.47793,POR
8860,Ersan Ilyasova,77.99414,12.54242,DET
8860,Reggie Jackson,65.55483,14.12325,DET
8860,Marcus Morris,64.27713,38.53674,DET
8860,Kentavious Caldwell-Pope,77.42901,48.65617,DET
8860,Andre Drummond,63.19225,24.08125,DET
8870,Ball,64.57989,12.58769,Ball
8870,Al-Farouq Aminu,76.95438,33.43837,POR
8870,Damian Lillard,82.31337,35.25651,POR
8870,Mason Plumlee,73.1409,24.46003,POR
8870,CJ McCollum,80.76452,12.65181,POR
8870,Meyers Leonard,72.70593,15.3329,POR
8870,Ersan Ilyasova,79.6941,11.54768,DET
8870,Reggie Jackson,65.04632,13.77793,DET
8870,Marcus Morris,65.23931,40.518299999999996,DET
8870,Kentavious Caldwell-Pope,79.21334,48.70007,DET
8870,Andre Drummond,65.44975,24.55982,DET
8880,Ball,64.85602,12.9185,Ball
8880,Al-Farouq Aminu,78.09299,34.17936,POR
8880,Damian Lillard,83.03232,35.62067,POR
8880,Mason Plumlee,74.08725,24.30075,POR
8880,CJ McCollum,82.85709,12.22888,POR
8880,Meyers Leonard,72.48018,16.17578,POR
8880,Ersan Ilyasova,82.51546,10.73235,DET
8880,Reggie Jackson,64.54603,13.85259,DET
8880,Marcus Morris,65.96432,41.89428,DET
8880,Kentavious Caldwell-Pope,81.02441,48.63979,DET
8880,Andre Drummond,67.17127,26.1123,DET
8890,Ball,64.10387,12.46171,Ball
8890,Al-Farouq Aminu,78.85911,34.69288,POR
8890,Damian Lillard,83.76022,35.6793,POR
8890,Mason Plumlee,74.51544,24.73571,POR
8890,CJ McCollum,85.18235,12.43639,POR
8890,Meyers Leonard,71.87341,16.17299,POR
8890,Ersan Ilyasova,85.42705,11.35832,DET
8890,Reggie Jackson,64.3732,13.4847,DET
8890,Marcus Morris,66.09525,42.63187,DET
8890,Kentavious Caldwell-Pope,82.28942,48.32908,DET
8890,Andre Drummond,68.42809,28.07822,DET
8900,Ball,64.7916,11.9277,Ball
8900,Al-Farouq Aminu,79.22041,34.72016,POR
8900,Damian Lillard,84.62517,35.63229,POR
8900,Mason Plumlee,75.67121,24.92898,POR
8900,CJ McCollum,85.74011,12.16114,POR
8900,Meyers Leonard,71.12062,16.32248,POR
8900,Ersan Ilyasova,90.05869,12.33591,DET
8900,Reggie Jackson,64.52625,12.90134,DET
8900,Marcus Morris,65.5913,42.82314,DET
8900,Kentavious Caldwell-Pope,83.37236,48.02574,DET
8900,Andre Drummond,70.07061,29.98028,DET
8910,Ball,64.57584,11.29359,Ball
8910,Al-Farouq Aminu,79.37631,34.63252,POR
8910,Damian Lillard,85.36559,35.82854,POR
8910,Mason Plumlee,77.09045,25.82241,POR
8910,CJ McCollum,84.46217,11.62007,POR
8910,Meyers Leonard,71.21651,16.80614,POR
8910,Ersan Ilyasova,93.52531,12.27968,DET
8910,Reggie Jackson,64.19605,12.52789,DET
8910,Marcus Morris,65.02583,42.22979,DET
8910,Kentavious Caldwell-Pope,84.13428,47.80493,DET
8910,Andre Drummond,70.76194,31.68755,DET
8920,Ball,64.12862,11.49618,Ball
8920,Al-Farouq Aminu,78.71554,34.52693,POR
8920,Damian Lillard,85.92439,35.68447,POR
8920,Mason Plumlee,78.48791,26.73814,POR
8920,CJ McCollum,84.017,12.73101,POR
8920,Meyers Leonard,71.50818,16.81935,POR
8920,Ersan Ilyasova,92.49265,13.33214,DET
8920,Reggie Jackson,63.42356,12.1984,DET
8920,Marcus Morris,64.42521,41.22594,DET
8920,Kentavious Caldwell-Pope,84.26393,47.69928,DET
8920,Andre Drummond,70.78819,32.50025,DET
8930,Ball,63.22638,10.98494,Ball
8930,Al-Farouq Aminu,77.21969,33.76846,POR
8930,Damian Lillard,86.25917,35.33801,POR
8930,Mason Plumlee,79.38466,27.35554,POR
8930,CJ McCollum,83.79293,13.84118,POR
8930,Meyers Leonard,71.06808,16.80841,POR
8930,Ersan Ilyasova,90.82792,14.62035,DET
8930,Reggie Jackson,62.47775,11.84399,DET
8930,Marcus Morris,63.75701,40.63932,DET
8930,Kentavious Caldwell-Pope,84.52948,47.91171,DET
8930,Andre Drummond,70.2303,32.08734,DET
8940,Ball,62.62813,10.35654,Ball
8940,Al-Farouq Aminu,75.76191,33.39303,POR
8940,Damian Lillard,86.18382,35.48002,POR
8940,Mason Plumlee,79.03753,27.60275,POR
8940,CJ McCollum,83.92086,14.48504,POR
8940,Meyers Leonard,71.21016,16.15456,POR
8940,Ersan Ilyasova,87.92256,14.91924,DET
8940,Reggie Jackson,61.9733,11.26766,DET
8940,Marcus Morris,63.39183,40.43574,DET
8940,Kentavious Caldwell-Pope,84.14279,48.06867,DET
8940,Andre Drummond,69.60415,30.53957,DET
8950,Ball,62.70234,10.30343,Ball
8950,Al-Farouq Aminu,74.73923,33.03907,POR
8950,Damian Lillard,85.98662,35.73282,POR
8950,Mason Plumlee,77.90505,27.24088,POR
8950,CJ McCollum,84.29588,14.42326,POR
8950,Meyers Leonard,71.21353,15.95539,POR
8950,Ersan Ilyasova,85.44485,15.25525,DET
8950,Reggie Jackson,62.00119,11.23801,DET
8950,Marcus Morris,63.62805,40.68267,DET
8950,Kentavious Caldwell-Pope,83.16241,48.23386,DET
8950,Andre Drummond,69.38452,28.18605,DET
8960,Ball,62.40677,9.79414,Ball
8960,Al-Farouq Aminu,74.33065,32.97292,POR
8960,Damian Lillard,86.01802,35.53494,POR
8960,Mason Plumlee,76.78023,26.67296,POR
8960,CJ McCollum,83.34988,14.61678,POR
8960,Meyers Leonard,71.13109,15.8343,POR
8960,Ersan Ilyasova,84.40856,17.00727,DET
8960,Reggie Jackson,62.49677,10.98796,DET
8960,Marcus Morris,64.21232,41.38502,DET
8960,Kentavious Caldwell-Pope,82.35511,48.05115,DET
8960,Andre Drummond,69.32872,25.53303,DET
8970,Ball,64.30135,9.50794,Ball
8970,Al-Farouq Aminu,74.28343,33.27809,POR
8970,Damian Lillard,86.20032,34.63252,POR
8970,Mason Plumlee,76.42925,25.92464,POR
8970,CJ McCollum,82.52467,14.65101,POR
8970,Meyers Leonard,71.71202,16.35063,POR
8970,Ersan Ilyasova,84.53345,19.9013,DET
8970,Reggie Jackson,63.79787,10.32554,DET
8970,Marcus Morris,64.29865,42.23089,DET
8970,Kentavious Caldwell-Pope,81.69924,47.93937,DET
8970,Andre Drummond,69.16563,23.19863,DET
8980,Ball,65.34129,8.7709,Ball
8980,Al-Farouq Aminu,74.42629,33.33707,POR
8980,Damian Lillard,86.26223,33.11174,POR
8980,Mason Plumlee,76.00387,25.28465,POR
8980,CJ McCollum,83.01333,16.51637,POR
8980,Meyers Leonard,72.746,16.20072,POR
8980,Ersan Ilyasova,85.68236,23.46604,DET
8980,Reggie Jackson,65.3417,9.64248,DET
8980,Marcus Morris,64.46844,43.1195,DET
8980,Kentavious Caldwell-Pope,81.13298,48.27634,DET
8980,Andre Drummond,69.7625,21.40264,DET
8990,Ball,67.01545,7.66973,Ball
8990,Al-Farouq Aminu,74.85561,33.27137,POR
8990,Damian Lillard,86.09278,32.65785,POR
8990,Mason Plumlee,75.25117,24.07828,POR
8990,CJ McCollum,83.72216,18.69761,POR
8990,Meyers Leonard,73.63159,15.56556,POR
8990,Ersan Ilyasova,86.96877,26.88852,DET
8990,Reggie Jackson,67.10851,8.48016,DET
8990,Marcus Morris,64.82793,43.87207,DET
8990,Kentavious Caldwell-Pope,81.29772,48.57031,DET
8990,Andre Drummond,70.14995,20.0684,DET
9000,Ball,69.53542,6.46948,Ball
9000,Al-Farouq Aminu,74.94726,33.32745,POR
9000,Damian Lillard,85.84723,33.21718,POR
9000,Mason Plumlee,75.39746,22.79468,POR
9000,CJ McCollum,85.06394,20.68172,POR
9000,Meyers Leonard,74.95935,14.80459,POR
9000,Ersan Ilyasova,88.06759,29.72321,DET
9000,Reggie Jackson,68.86748,7.57523,DET
9000,Marcus Morris,65.01774,44.38107,DET
9000,Kentavious Caldwell-Pope,81.31303,48.71609,DET
9000,Andre Drummond,71.67515,19.20242,DET
9010,Ball,70.26148,5.28376,Ball
9010,Al-Farouq Aminu,74.85336,33.27434,POR
9010,Damian Lillard,85.25957,33.5997,POR
9010,Mason Plumlee,76.29287,21.76462,POR
9010,CJ McCollum,86.70185,23.06877,POR
9010,Meyers Leonard,75.90679,13.73297,POR
9010,Ersan Ilyasova,88.99447,32.13493,DET
9010,Reggie Jackson,70.38445,6.50542,DET
9010,Marcus Morris,64.68499,44.50408,DET
9010,Kentavious Caldwell-Pope,80.85551,48.74693,DET
9010,Andre Drummond,73.32204,18.42277,DET
9020,Ball,72.70257,4.76121,Ball
9020,Al-Farouq Aminu,74.9153,33.23671,POR
9020,Damian Lillard,84.6965,33.86314,POR
9020,Mason Plumlee,77.36724,20.65896,POR
9020,CJ McCollum,87.86078,25.27643,POR
9020,Meyers Leonard,76.49411,13.14057,POR
9020,Ersan Ilyasova,89.5717,33.64505,DET
9020,Reggie Jackson,72.07183,5.61461,DET
9020,Marcus Morris,64.07248,44.31373,DET
9020,Kentavious Caldwell-Pope,80.72151,48.70216,DET
9020,Andre Drummond,73.40352,17.01096,DET
9030,Ball,74.64715,4.01329,Ball
9030,Al-Farouq Aminu,74.73947,33.09083,POR
9030,Damian Lillard,84.21072,34.17202,POR
9030,Mason Plumlee,77.72883,19.55571,POR
9030,CJ McCollum,88.89088,27.10594,POR
9030,Meyers Leonard,77.85211,12.42555,POR
9030,Ersan Ilyasova,89.66253,34.40356,DET
9030,Reggie Jackson,73.65521,5.19457,DET
9030,Marcus Morris,63.85891,44.17894,DET
9030,Kentavious Caldwell-Pope,80.55169,48.63222,DET
9030,Andre Drummond,74.12756,15.77154,DET
9040,Ball,73.69031,5.24109,Ball
9040,Al-Farouq Aminu,74.60634,32.3154,POR
9040,Damian Lillard,83.90475,34.42574,POR
9040,Mason Plumlee,77.3024,18.44516,POR
9040,CJ McCollum,89.5656,28.82383,POR
9040,Meyers Leonard,78.91145,12.39783,POR
9040,Ersan Ilyasova,89.57601,34.86172,DET
9040,Reggie Jackson,74.02588,5.56289,DET
9040,Marcus Morris,63.91476,44.18713,DET
9040,Kentavious Caldwell-Pope,79.75649,48.60608,DET
9040,Andre Drummond,75.48466,14.72098,DET
9050,Ball,71.65384,8.51321,Ball
9050,Al-Farouq Aminu,74.57662,31.2139,POR
9050,Damian Lillard,83.69521,34.28174,POR
9050,Mason Plumlee,75.5809,17.50289,POR
9050,CJ McCollum,89.62159,30.11808,POR
9050,Meyers Leonard,79.5446,14.08253,POR
9050,Ersan Ilyasova,89.23365,35.00809,DET
9050,Reggie Jackson,73.03431,7.4515,DET
9050,Marcus Morris,63.96001,44.2287,DET
9050,Kentavious Caldwell-Pope,79.14672,48.57207,DET
9050,Andre Drummond,76.28858,14.12062,DET
9060,Ball,71.14612,9.14761,Ball
9060,Al-Farouq Aminu,74.32664,30.16018,POR
9060,Damian Lillard,83.23694,34.06343,POR
9060,Mason Plumlee,74.7249,17.16879,POR
9060,CJ McCollum,89.49482,30.93485,POR
9060,Meyers Leonard,79.44639,15.4403,POR
9060,Ersan Ilyasova,88.59511,34.9006,DET
9060,Reggie Jackson,71.66493,8.04202,DET
9060,Marcus Morris,63.98894,44.24699,DET
9060,Kentavious Caldwell-Pope,78.95772,48.66578,DET
9060,Andre Drummond,77.72541,14.01701,DET
9070,Ball,69.30947,9.94676,Ball
9070,Al-Farouq Aminu,74.32987,29.26959,POR
9070,Damian Lillard,82.51767,34.12193,POR
9070,Mason Plumlee,74.86296,16.13222,POR
9070,CJ McCollum,88.85938,31.39461,POR
9070,Meyers Leonard,79.58217,15.85965,POR
9070,Ersan Ilyasova,87.96161,34.53627,DET
9070,Reggie Jackson,70.55695,9.19731,DET
9070,Marcus Morris,63.98428,44.21875,DET
9070,Kentavious Caldwell-Pope,79.22272,48.70668,DET
9070,Andre Drummond,78.6766,14.5757,DET
9080,Ball,69.34805,13.99978,Ball
9080,Al-Farouq Aminu,74.54632,28.21208,POR
9080,Damian Lillard,82.1456,33.80613,POR
9080,Mason Plumlee,74.65773,16.29456,POR
9080,CJ McCollum,88.19627,31.21409,POR
9080,Meyers Leonard,79.85053,16.68622,POR
9080,Ersan Ilyasova,86.91501,34.22631,DET
9080,Reggie Jackson,70.59267,12.49973,DET
9080,Marcus Morris,64.05948,44.17134,DET
9080,Kentavious Caldwell-Pope,79.70441,48.66289,DET
9080,Andre Drummond,78.60536,14.77059,DET
9090,Ball,71.30178,14.8608,Ball
9090,Al-Farouq Aminu,74.84681,26.80969,POR
9090,Damian Lillard,81.88492,33.72481,POR
9090,Mason Plumlee,75.53071,18.64568,POR
9090,CJ McCollum,87.57016,30.96583,POR
9090,Meyers Leonard,80.29249,17.04355,POR
9090,Ersan Ilyasova,86.13376,34.371340000000004,DET
9090,Reggie Jackson,71.58134,15.29791,DET
9090,Marcus Morris,64.49218,44.2387,DET
9090,Kentavious Caldwell-Pope,80.65826,48.71486,DET
9090,Andre Drummond,78.07355,13.90798,DET
9100,Ball,71.78146,14.68239,Ball
9100,Al-Farouq Aminu,74.7056,27.60738,POR
9100,Damian Lillard,81.4915,34.1561,POR
9100,Mason Plumlee,76.25675,20.04079,POR
9100,CJ McCollum,87.04838,30.71689,POR
9100,Meyers Leonard,80.85855,17.12512,POR
9100,Ersan Ilyasova,85.92208,33.55166,DET
9100,Reggie Jackson,71.57793,15.88598,DET
9100,Marcus Morris,64.97397,44.41018,DET
9100,Kentavious Caldwell-Pope,81.58229,48.82046,DET
9100,Andre Drummond,78.83567,12.66425,DET
9110,Ball,73.073,14.70443,Ball
9110,Al-Farouq Aminu,74.42854,29.05109,POR
9110,Damian Lillard,81.79237,34.44086,POR
9110,Mason Plumlee,76.08753,19.93785,POR
9110,CJ McCollum,86.74516,30.51523,POR
9110,Meyers Leonard,81.4262,16.36217,POR
9110,Ersan Ilyasova,87.16734,32.03744,DET
9110,Reggie Jackson,71.32509,14.70822,DET
9110,Marcus Morris,64.93346,44.39048,DET
9110,Kentavious Caldwell-Pope,81.7039,48.72869,DET
9110,Andre Drummond,80.53415,11.70481,DET
9120,Ball,73.42185,15.46558,Ball
9120,Al-Farouq Aminu,74.31821,29.51795,POR
9120,Damian Lillard,82.39039,34.32863,POR
9120,Mason Plumlee,75.38005,18.78443,POR
9120,CJ McCollum,86.588,29.28481,POR
9120,Meyers Leonard,81.9501,14.23776,POR
9120,Ersan Ilyasova,87.37716,29.95375,DET
9120,Reggie Jackson,71.14175,14.26234,DET
9120,Marcus Morris,64.58979,44.23477,DET
9120,Kentavious Caldwell-Pope,80.14602,48.14086,DET
9120,Andre Drummond,81.62038,11.06121,DET
9130,Ball,78.66786,18.92997,Ball
9130,Al-Farouq Aminu,75.75741,29.06705,POR
9130,Damian Lillard,82.70499,33.75926,POR
9130,Mason Plumlee,73.8909,16.98089,POR
9130,CJ McCollum,85.8687,27.09966,POR
9130,Meyers Leonard,82.40273,12.95529,POR
9130,Ersan Ilyasova,87.26478,28.5154,DET
9130,Reggie Jackson,70.74368,13.52761,DET
9130,Marcus Morris,63.82734,43.67375,DET
9130,Kentavious Caldwell-Pope,77.21709,46.74809,DET
9130,Andre Drummond,81.9148,10.4505,DET
9140,Ball,83.64537,22.19485,Ball
9140,Al-Farouq Aminu,78.4922,28.09493,POR
9140,Damian Lillard,83.81999,32.93398,POR
9140,Mason Plumlee,72.27579,15.50197,POR
9140,CJ McCollum,85.74138,25.77686,POR
9140,Meyers Leonard,83.14904,13.59145,POR
9140,Ersan Ilyasova,86.95582,27.44248,DET
9140,Reggie Jackson,68.71579,12.633610000000001,DET
9140,Marcus Morris,62.84615,42.5789,DET
9140,Kentavious Caldwell-Pope,73.5189,44.53272,DET
9140,Andre Drummond,81.63693,9.58294,DET
9150,Ball,86.61109,24.95671,Ball
9150,Al-Farouq Aminu,81.59167,27.40551,POR
9150,Damian Lillard,85.25775,31.6939,POR
9150,Mason Plumlee,70.67299,14.54547,POR
9150,CJ McCollum,86.02447,25.50104,POR
9150,Meyers Leonard,83.40192,14.69225,POR
9150,Ersan Ilyasova,87.15302,26.72518,DET
9150,Reggie Jackson,66.36143,11.92128,DET
9150,Marcus Morris,61.35717,41.52077,DET
9150,Kentavious Caldwell-Pope,69.64884,41.81685,DET
9150,Andre Drummond,81.05719,8.63387,DET
9160,Ball,80.70975,24.73834,Ball
9160,Al-Farouq Aminu,83.50345,26.69948,POR
9160,Damian Lillard,86.43369,31.07025,POR
9160,Mason Plumlee,68.23205,14.00998,POR
9160,CJ McCollum,86.63098,24.18545,POR
9160,Meyers Leonard,82.91616,15.98451,POR
9160,Ersan Ilyasova,87.00254,25.74138,DET
9160,Reggie Jackson,63.18708,11.55095,DET
9160,Marcus Morris,59.64401,40.33306,DET
9160,Kentavious Caldwell-Pope,66.11373,38.96028,DET
9160,Andre Drummond,79.75135,8.25886,DET
9170,Ball,75.15535,24.69145,Ball
9170,Al-Farouq Aminu,81.98663,26.16668,POR
9170,Damian Lillard,86.21417,31.80424,POR
9170,Mason Plumlee,65.64196,13.67225,POR
9170,CJ McCollum,86.10533,21.46284,POR
9170,Meyers Leonard,80.11506,17.61942,POR
9170,Ersan Ilyasova,86.3598,25.97347,DET
9170,Reggie Jackson,59.48601,12.56211,DET
9170,Marcus Morris,57.58617,38.89333,DET
9170,Kentavious Caldwell-Pope,63.83384,35.43974,DET
9170,Andre Drummond,77.95432,8.56191,DET
9180,Ball,70.57404,24.72101,Ball
9180,Al-Farouq Aminu,78.19122,25.67827,POR
9180,Damian Lillard,84.12666,33.661,POR
9180,Mason Plumlee,63.29965,16.04178,POR
9180,CJ McCollum,84.03738,19.09593,POR
9180,Meyers Leonard,75.15051,20.36626,POR
9180,Ersan Ilyasova,85.53495,26.28997,DET
9180,Reggie Jackson,55.60502,14.03856,DET
9180,Marcus Morris,54.85967,37.60864,DET
9180,Kentavious Caldwell-Pope,63.91519,30.16228,DET
9180,Andre Drummond,75.08819,9.42158,DET
9190,Ball,67.82879,23.66046,Ball
9190,Al-Farouq Aminu,74.34272,25.86403,POR
9190,Damian Lillard,80.58777,35.82501,POR
9190,Mason Plumlee,60.14036,19.79789,POR
9190,CJ McCollum,81.55743,17.68003,POR
9190,Meyers Leonard,69.98302,24.13528,POR
9190,Ersan Ilyasova,85.07511,26.63673,DET
9190,Reggie Jackson,51.05339,15.69067,DET
9190,Marcus Morris,52.01172,36.43449,DET
9190,Kentavious Caldwell-Pope,65.91056,24.15826,DET
9190,Andre Drummond,71.55458,10.47578,DET
9200,Ball,68.28594,19.13103,Ball
9200,Al-Farouq Aminu,72.07135,26.2437,POR
9200,Damian Lillard,76.8473,37.4062,POR
9200,Mason Plumlee,56.70673,23.62803,POR
9200,CJ McCollum,79.27837,17.24461,POR
9200,Meyers Leonard,65.20365,28.44261,POR
9200,Ersan Ilyasova,84.82467,27.15698,DET
9200,Reggie Jackson,46.84422,16.8215,DET
9200,Marcus Morris,48.89218,35.61285,DET
9200,Kentavious Caldwell-Pope,68.62562,18.5976,DET
9200,Andre Drummond,68.52456,11.4197,DET
9210,Ball,70.38802,15.52287,Ball
9210,Al-Farouq Aminu,72.55641,31.90133,POR
9210,Damian Lillard,74.06428,38.09868,POR
9210,Mason Plumlee,53.29112,26.81657,POR
9210,CJ McCollum,78.78719,18.47895,POR
9210,Meyers Leonard,61.7409,32.01757,POR
9210,Ersan Ilyasova,85.39604,28.15246,DET
9210,Reggie Jackson,44.1175,16.92315,DET
9210,Marcus Morris,45.92386,35.37488,DET
9210,Kentavious Caldwell-Pope,70.72293,14.41666,DET
9210,Andre Drummond,66.84454,11.51807,DET
9220,Ball,73.32283,10.71674,Ball
9220,Al-Farouq Aminu,73.79369,36.18366,POR
9220,Damian Lillard,73.50555,37.45955,POR
9220,Mason Plumlee,50.74124,28.65759,POR
9220,CJ McCollum,79.9315,21.12673,POR
9220,Meyers Leonard,60.36072,34.44322,POR
9220,Ersan Ilyasova,85.96986,28.55772,DET
9220,Reggie Jackson,43.31603,16.63664,DET
9220,Marcus Morris,43.53232,35.61506,DET
9220,Kentavious Caldwell-Pope,72.1374,11.04367,DET
9220,Andre Drummond,66.87475,11.69551,DET
9230,Ball,73.64068,7.89201,Ball
9230,Al-Farouq Aminu,75.21083,32.19094,POR
9230,Damian Lillard,74.60864,35.86344,POR
9230,Mason Plumlee,48.98818,29.63367,POR
9230,CJ McCollum,82.13547,22.96816,POR
9230,Meyers Leonard,61.55407,35.3891,POR
9230,Ersan Ilyasova,86.71276,28.55684,DET
9230,Reggie Jackson,43.78057,16.14218,DET
9230,Marcus Morris,41.6024,35.79799,DET
9230,Kentavious Caldwell-Pope,73.06218,7.68609,DET
9230,Andre Drummond,67.84147,12.30521,DET
9240,Ball,74.51615,5.60111,Ball
9240,Al-Farouq Aminu,76.69727,27.71236,POR
9240,Damian Lillard,76.24089,34.18153,POR
9240,Mason Plumlee,48.50096,30.03626,POR
9240,CJ McCollum,84.44491,24.79272,POR
9240,Meyers Leonard,64.52895,35.49152,POR
9240,Ersan Ilyasova,87.37895,28.29017,DET
9240,Reggie Jackson,44.62103,15.8543,DET
9240,Marcus Morris,39.9945,36.00846,DET
9240,Kentavious Caldwell-Pope,73.77877,5.58374,DET
9240,Andre Drummond,69.05433,13.23027,DET
9250,Ball,74.71511,5.41232,Ball
9250,Al-Farouq Aminu,78.38705,22.80159,POR
9250,Damian Lillard,77.94464,32.81005,POR
9250,Mason Plumlee,49.17836,30.56137,POR
9250,CJ McCollum,87.1711,25.79365,POR
9250,Meyers Leonard,68.41395,34.63439,POR
9250,Ersan Ilyasova,87.63783,27.84107,DET
9250,Reggie Jackson,45.48186,16.08242,DET
9250,Marcus Morris,38.65315,36.20613,DET
9250,Kentavious Caldwell-Pope,74.22038,4.93168,DET
9250,Andre Drummond,70.41686,14.13851,DET
9260,Ball,74.26869,5.21592,Ball
9260,Al-Farouq Aminu,78.98151,20.14242,POR
9260,Damian Lillard,79.77701,31.59895,POR
9260,Mason Plumlee,50.28839,30.91344,POR
9260,CJ McCollum,89.28821,26.94987,POR
9260,Meyers Leonard,72.54438,33.06224,POR
9260,Ersan Ilyasova,88.12393,28.03262,DET
9260,Reggie Jackson,46.30121,16.40588,DET
9260,Marcus Morris,37.42119,36.16002,DET
9260,Kentavious Caldwell-Pope,74.50476,4.93126,DET
9260,Andre Drummond,71.73048,15.16673,DET
9270,Ball,77.35016,9.28703,Ball
9270,Al-Farouq Aminu,78.66674,20.36584,POR
9270,Damian Lillard,81.12471,30.05998,POR
9270,Mason Plumlee,51.50602,31.405920000000002,POR
9270,CJ McCollum,90.35598,28.74812,POR
9270,Meyers Leonard,75.96473,30.62621,POR
9270,Ersan Ilyasova,87.6741,28.08181,DET
9270,Reggie Jackson,47.15465,16.7258,DET
9270,Marcus Morris,36.37939,35.66228,DET
9270,Kentavious Caldwell-Pope,74.59467,5.15691,DET
9270,Andre Drummond,72.83373,16.09478,DET
9280,Ball,81.36235,14.7065,Ball
9280,Al-Farouq Aminu,79.6158,20.76566,POR
9280,Damian Lillard,81.79706,28.52563,POR
9280,Mason Plumlee,52.41271,32.3585,POR
9280,CJ McCollum,90.82605,30.37853,POR
9280,Meyers Leonard,78.82829,28.1487,POR
9280,Ersan Ilyasova,87.57865,28.06637,DET
9280,Reggie Jackson,47.69326,17.23815,DET
9280,Marcus Morris,35.93665,34.64583,DET
9280,Kentavious Caldwell-Pope,74.71481,5.16473,DET
9280,Andre Drummond,74.40406,16.68159,DET
9290,Ball,85.19361,20.02573,Ball
9290,Al-Farouq Aminu,80.69032,20.54244,POR
9290,Damian Lillard,82.55429,26.96421,POR
9290,Mason Plumlee,53.11852,33.40773,POR
9290,CJ McCollum,90.73078,31.2509,POR
9290,Meyers Leonard,80.25486,25.12692,POR
9290,Ersan Ilyasova,88.10397,28.27521,DET
9290,Reggie Jackson,47.69939,18.14405,DET
9290,Marcus Morris,35.55555,33.56153,DET
9290,Kentavious Caldwell-Pope,73.86944,4.90387,DET
9290,Andre Drummond,76.33548,17.00364,DET
9300,Ball,88.73897,25.26357,Ball
9300,Al-Farouq Aminu,81.80962,19.87378,POR
9300,Damian Lillard,83.30402,26.69209,POR
9300,Mason Plumlee,53.41239,34.4929,POR
9300,CJ McCollum,90.35469,31.13651,POR
9300,Meyers Leonard,82.47345,22.95488,POR
9300,Ersan Ilyasova,88.1508,28.48004,DET
9300,Reggie Jackson,47.76526,19.11151,DET
9300,Marcus Morris,34.88711,32.56949,DET
9300,Kentavious Caldwell-Pope,71.54896,4.91065,DET
9300,Andre Drummond,78.25315,17.66365,DET
9310,Ball,87.33379,23.83056,Ball
9310,Al-Farouq Aminu,83.15483,19.50992,POR
9310,Damian Lillard,84.17482,27.27661,POR
9310,Mason Plumlee,52.84463,35.697,POR
9310,CJ McCollum,90.26042,30.74012,POR
9310,Meyers Leonard,85.86902,21.99545,POR
9310,Ersan Ilyasova,87.83631,28.59643,DET
9310,Reggie Jackson,47.82272,20.31385,DET
9310,Marcus Morris,34.25831,31.47581,DET
9310,Kentavious Caldwell-Pope,67.83493,5.20562,DET
9310,Andre Drummond,79.58632,18.19075,DET
9320,Ball,88.51979,21.44818,Ball
9320,Al-Farouq Aminu,83.87377,18.75053,POR
9320,Damian Lillard,85.06493,26.62205,POR
9320,Mason Plumlee,51.53968,36.5899,POR
9320,CJ McCollum,90.11605,30.89243,POR
9320,Meyers Leonard,88.22618,20.8517,POR
9320,Ersan Ilyasova,86.26934,28.91773,DET
9320,Reggie Jackson,47.14157,21.62778,DET
9320,Marcus Morris,33.75035,30.32842,DET
9320,Kentavious Caldwell-Pope,63.15183,6.18533,DET
9320,Andre Drummond,79.21251,18.6439,DET
9330,Ball,90.96374,19.26904,Ball
9330,Al-Farouq Aminu,83.35556,17.74663,POR
9330,Damian Lillard,86.102,26.27436,POR
9330,Mason Plumlee,49.95914,37.33349,POR
9330,CJ McCollum,89.46238,31.36249,POR
9330,Meyers Leonard,90.7308,19.74322,POR
9330,Ersan Ilyasova,83.07535,29.07306,DET
9330,Reggie Jackson,46.08986,22.94017,DET
9330,Marcus Morris,32.76628,29.42182,DET
9330,Kentavious Caldwell-Pope,57.98159,8.19802,DET
9330,Andre Drummond,76.87375,19.28506,DET
9340,Ball,92.93538,17.4586,Ball
9340,Al-Farouq Aminu,82.40675,16.73493,POR
9340,Damian Lillard,86.63144,25.40374,POR
9340,Mason Plumlee,48.26144,38.27914,POR
9340,CJ McCollum,88.30443,32.48114,POR
9340,Meyers Leonard,92.72145,18.42187,POR
9340,Ersan Ilyasova,78.90816,29.00592,DET
9340,Reggie Jackson,44.89378,24.22125,DET
9340,Marcus Morris,31.27793,28.43763,DET
9340,Kentavious Caldwell-Pope,53.06422,11.25058,DET
9340,Andre Drummond,72.43723,20.29737,DET
