10490,Ball,26.76084,16.17913,Ball
10490,Rajon Rondo,61.81413,22.25519,SAC
10490,Rudy Gay,77.35668,8.01092,SAC
10490,Kosta Koufos,63.03329,31.75965,SAC
10490,Omri Casspi,84.07106,36.20674,SAC
10490,Ben McLemore,62.61446,20.8715,SAC
10490,Zach Randolph,77.37169,10.49212,MEM
10490,Jeff Green,83.98049,35.92439,MEM
10490,Courtney Lee,34.99392,1.564,MEM
10490,Mike Conley,26.42951,14.74169,MEM
10490,Marc Gasol,63.12555,32.57748,MEM
10500,Ball,29.77252,16.92531,Ball
10500,Rajon Rondo,61.26109,24.02471,SAC
10500,Rudy Gay,78.79138,7.89106,SAC
10500,Kosta Koufos,63.04454,31.76745,SAC
10500,Omri Casspi,84.84773,37.366,SAC
10500,Ben McLemore,61.72972,22.00074,SAC
10500,Zach Randolph,78.82663,10.87215,MEM
10500,Jeff Green,84.93588,37.10648,MEM
10500,Courtney Lee,39.82113,1.87789,MEM
10500,Mike Conley,29.40235,14.49665,MEM
10500,Marc Gasol,63.07032,32.67788,MEM
10510,Ball,35.47789,15.80311,Ball
10510,Rajon Rondo,61.39543,24.64606,SAC
10510,Rudy Gay,80.46129,12.44939,SAC
10510,Kosta Koufos,66.82939,30.24923,SAC
10510,Omri Casspi,85.19995,38.87522,SAC
10510,Ben McLemore,61.67942,17.66928,SAC
10510,Zach Randolph,80.42221,10.90165,MEM
10510,Jeff Green,85.75221,38.24681,MEM
10510,Courtney Lee,44.78158,2.01119,MEM
10510,Mike Conley,33.14861,14.36046,MEM
10510,Marc Gasol,62.92675,32.45457,MEM
10520,Ball,38.69351,13.90608,Ball
10520,Rajon Rondo,62.50629,23.58219,SAC
10520,Rudy Gay,81.72806,15.79787,SAC
10520,Kosta Koufos,69.40231,29.1153,SAC
10520,Omri Casspi,86.15829,39.7981,SAC
10520,Ben McLemore,62.76305,11.59146,SAC
10520,Zach Randolph,81.96317,11.12974,MEM
10520,Jeff Green,86.46389,39.26046,MEM
10520,Courtney Lee,49.7842,2.20216,MEM
10520,Mike Conley,37.61242,14.0428,MEM
10520,Marc Gasol,63.03107,32.51752,MEM
10530,Ball,43.21295,12.70441,Ball
10530,Rajon Rondo,64.01664,22.26338,SAC
10530,Rudy Gay,83.13527,15.60108,SAC
10530,Kosta Koufos,70.28724,27.95352,SAC
10530,Omri Casspi,87.09805,40.56653,SAC
10530,Ben McLemore,65.0403,10.13819,SAC
10530,Zach Randolph,83.36897,11.68114,MEM
10530,Jeff Green,87.20427,40.28107,MEM
10530,Courtney Lee,54.70032,2.24964,MEM
10530,Mike Conley,42.47174,13.20812,MEM
10530,Marc Gasol,63.76325,32.29348,MEM
10540,Ball,48.63697,14.44627,Ball
10540,Rajon Rondo,65.6531,20.32227,SAC
10540,Rudy Gay,83.8622,15.62685,SAC
10540,Kosta Koufos,71.22885,27.71582,SAC
10540,Omri Casspi,87.77971,40.65404,SAC
10540,Ben McLemore,67.65292,8.7328,SAC
10540,Zach Randolph,84.89848,10.56782,MEM
10540,Jeff Green,87.77971,40.65404,MEM
10540,Courtney Lee,59.62843,2.16256,MEM
10540,Mike Conley,47.12831,13.18788,MEM
10540,Marc Gasol,64.36311,31.84365,MEM
10550,Ball,51.13976,15.43301,Ball
10550,Rajon Rondo,66.75912,19.65037,SAC
10550,Rudy Gay,84.26711,15.58321,SAC
10550,Kosta Koufos,71.86642,27.26814,SAC
10550,Omri Casspi,87.74445,40.70447,SAC
10550,Ben McLemore,70.10723,8.84305,SAC
10550,Zach Randolph,86.21803,11.01683,MEM
10550,Jeff Green,87.8616,40.5367,MEM
10550,Courtney Lee,64.39114000000001,2.22537,MEM
10550,Mike Conley,51.68549,14.01373,MEM
10550,Marc Gasol,65.07353,30.6131,MEM
10560,Ball,55.2045,18.38693,Ball
10560,Rajon Rondo,67.30542,19.75323,SAC
10560,Rudy Gay,84.97553,15.234210000000001,SAC
10560,Kosta Koufos,71.66663,27.19222,SAC
10560,Omri Casspi,87.27551,39.96284,SAC
10560,Ben McLemore,72.36244,10.7586,SAC
10560,Zach Randolph,87.2141,11.47197,MEM
10560,Jeff Green,87.19169,41.18049,MEM
10560,Courtney Lee,69.15601,1.58819,MEM
10560,Mike Conley,55.75912,16.29624,MEM
10560,Marc Gasol,66.15018,30.51014,MEM
10570,Ball,57.41179,21.51656,Ball
10570,Rajon Rondo,67.19441,20.90736,SAC
10570,Rudy Gay,86.7679,15.2319,SAC
10570,Kosta Koufos,71.22755,27.9182,SAC
10570,Omri Casspi,86.33412,39.04767,SAC
10570,Ben McLemore,74.19161,12.45554,SAC
10570,Zach Randolph,88.29837,11.96073,MEM
10570,Jeff Green,85.6813,46.24753,MEM
10570,Courtney Lee,73.35665,1.50724,MEM
10570,Mike Conley,58.33341,20.03169,MEM
10570,Marc Gasol,68.7249,31.01919,MEM
10580,Ball,58.94001,25.16936,Ball
10580,Rajon Rondo,67.28972,22.63954,SAC
10580,Rudy Gay,87.9887,15.75299,SAC
10580,Kosta Koufos,72.58705,28.42007,SAC
10580,Omri Casspi,85.05251,39.48395,SAC
10580,Ben McLemore,75.56552,13.78453,SAC
10580,Zach Randolph,89.43612,12.35414,MEM
10580,Jeff Green,84.67384,47.34527,MEM
10580,Courtney Lee,77.14214,1.9508900000000002,MEM
10580,Mike Conley,59.62716,23.52814,MEM
10580,Marc Gasol,71.42988,30.95957,MEM
10590,Ball,59.70452,24.61798,Ball
10590,Rajon Rondo,66.95618,24.88497,SAC
10590,Rudy Gay,88.79133,16.59985,SAC
10590,Kosta Koufos,75.15819,29.14419,SAC
10590,Omri Casspi,83.79859,39.03295,SAC
10590,Ben McLemore,76.55382,14.77187,SAC
10590,Zach Randolph,90.23449,12.71014,MEM
10590,Jeff Green,83.94201,47.85644,MEM
10590,Courtney Lee,80.09502,4.11154,MEM
10590,Mike Conley,60.62186,24.27118,MEM
10590,Marc Gasol,74.62113,31.68815,MEM
10600,Ball,61.48008,21.41924,Ball
10600,Rajon Rondo,67.07125,24.96789,SAC
10600,Rudy Gay,88.99164,16.27212,SAC
10600,Kosta Koufos,78.18593,29.82168,SAC
10600,Omri Casspi,82.56479,38.39014,SAC
10600,Ben McLemore,77.51781,16.11384,SAC
10600,Zach Randolph,88.90779,13.22071,MEM
10600,Jeff Green,83.76485,48.14565,MEM
10600,Courtney Lee,82.56817,6.69756,MEM
10600,Mike Conley,61.95517,21.91286,MEM
10600,Marc Gasol,77.70943,31.90601,MEM
10610,Ball,63.07194,17.12398,Ball
10610,Rajon Rondo,67.60986,23.01553,SAC
10610,Rudy Gay,87.26012,15.79281,SAC
10610,Kosta Koufos,81.29505,30.13991,SAC
10610,Omri Casspi,81.36135,37.70183,SAC
10610,Ben McLemore,79.02012,18.22153,SAC
10610,Zach Randolph,85.88039,13.81783,MEM
10610,Jeff Green,83.7823,48.71428,MEM
10610,Courtney Lee,84.52724,9.63248,MEM
10610,Mike Conley,63.75586,17.92259,MEM
10610,Marc Gasol,81.22171,32.64758,MEM
10620,Ball,65.04457,12.27855,Ball
10620,Rajon Rondo,69.26081,18.98875,SAC
10620,Rudy Gay,84.08713,16.05652,SAC
10620,Kosta Koufos,84.77023,30.58145,SAC
10620,Omri Casspi,81.09849,36.13879,SAC
10620,Ben McLemore,80.90009,19.97165,SAC
10620,Zach Randolph,80.74829,13.75069,MEM
10620,Jeff Green,83.82147,48.89538,MEM
10620,Courtney Lee,85.78148,13.45724,MEM
10620,Mike Conley,65.82923,13.90074,MEM
10620,Marc Gasol,85.59859,32.83957,MEM
10630,Ball,69.75963,7.41769,Ball
10630,Rajon Rondo,71.84253,15.10885,SAC
10630,Rudy Gay,80.98575,15.54227,SAC
10630,Kosta Koufos,87.21986,29.18886,SAC
10630,Omri Casspi,81.48624,34.49105,SAC
10630,Ben McLemore,83.3403,21.12994,SAC
10630,Zach Randolph,76.15953,15.32315,MEM
10630,Jeff Green,83.29861,48.97921,MEM
10630,Courtney Lee,87.12672,17.05214,MEM
10630,Mike Conley,68.90212,9.87151,MEM
10630,Marc Gasol,89.10697,30.77824,MEM
10640,Ball,73.4963,4.17276,Ball
10640,Rajon Rondo,74.8151,11.47387,SAC
10640,Rudy Gay,78.20319,17.07088,SAC
10640,Kosta Koufos,88.37892,26.43706,SAC
10640,Omri Casspi,81.67865,33.40246,SAC
10640,Ben McLemore,85.59887,22.90085,SAC
10640,Zach Randolph,72.67312,18.8091,MEM
10640,Jeff Green,82.1697,48.5369,MEM
10640,Courtney Lee,88.19456,20.45732,MEM
10640,Mike Conley,72.64384,5.70187,MEM
10640,Marc Gasol,91.11841,26.8969,MEM
10650,Ball,77.63296,3.03292,Ball
10650,Rajon Rondo,78.17154,7.57796,SAC
10650,Rudy Gay,76.62425,19.84616,SAC
10650,Kosta Koufos,87.55587,25.63824,SAC
10650,Omri Casspi,82.01434,32.98867,SAC
10650,Ben McLemore,86.98036,24.90208,SAC
10650,Zach Randolph,70.48744,23.81901,MEM
10650,Jeff Green,80.90748,48.12765,MEM
10650,Courtney Lee,88.46487,21.7375,MEM
10650,Mike Conley,76.57635,4.15123,MEM
10650,Marc Gasol,91.16655,22.60859,MEM
10660,Ball,85.71209,10.99318,Ball
10660,Rajon Rondo,81.17097,7.29818,SAC
10660,Rudy Gay,75.85807,22.95786,SAC
10660,Kosta Koufos,87.10348,25.11346,SAC
10660,Omri Casspi,82.67403,32.59347,SAC
10660,Ben McLemore,87.10348,25.11346,SAC
10660,Zach Randolph,68.19516,27.11651,MEM
10660,Jeff Green,79.90929,47.82239,MEM
10660,Courtney Lee,88.25619,20.75366,MEM
10660,Mike Conley,79.23043,4.15378,MEM
10660,Marc Gasol,89.72924,18.56685,MEM
10670,Ball,88.0877,13.33112,Ball
10670,Rajon Rondo,82.49914,8.242,SAC
10670,Rudy Gay,75.47441,24.9752,SAC
10670,Kosta Koufos,86.81426,22.57929,SAC
10670,Omri Casspi,82.82487,32.90728,SAC
10670,Ben McLemore,86.81426,22.57929,SAC
10670,Zach Randolph,65.5533,29.9411,MEM
10670,Jeff Green,79.24505,47.73039,MEM
10670,Courtney Lee,88.91521,19.07091,MEM
10670,Mike Conley,79.21212,4.06103,MEM
10670,Marc Gasol,88.02075,13.72178,MEM
10680,Ball,85.22606,13.64875,Ball
10680,Rajon Rondo,81.76749,9.46637,SAC
10680,Rudy Gay,75.64198,24.74947,SAC
10680,Kosta Koufos,85.73139,19.54893,SAC
10680,Omri Casspi,83.0529,32.90183,SAC
10680,Ben McLemore,87.20638,22.37757,SAC
10680,Zach Randolph,64.67878,32.57576,MEM
10680,Jeff Green,78.88948,48.19539,MEM
10680,Courtney Lee,90.26072,19.58649,MEM
10680,Mike Conley,76.74419,4.91102,MEM
10680,Marc Gasol,86.15162,12.22951,MEM
10690,Ball,86.12359,15.92404,Ball
10690,Rajon Rondo,80.53459,11.67354,SAC
10690,Rudy Gay,75.88205,25.00013,SAC
10690,Kosta Koufos,84.91875,17.11517,SAC
10690,Omri Casspi,83.60704,32.79524,SAC
10690,Ben McLemore,87.83123,23.08027,SAC
10690,Zach Randolph,66.01085,35.99477,MEM
10690,Jeff Green,78.38465,48.46999,MEM
10690,Courtney Lee,92.16962,21.8001,MEM
10690,Mike Conley,73.69798,6.52679,MEM
10690,Marc Gasol,85.42146,12.1728,MEM
10700,Ball,87.01834,20.12404,Ball
10700,Rajon Rondo,80.41072,15.09172,SAC
10700,Rudy Gay,76.3786,26.14648,SAC
10700,Kosta Koufos,84.88539,16.8326,SAC
10700,Omri Casspi,84.99474,30.87081,SAC
10700,Ben McLemore,88.65876,23.85566,SAC
10700,Zach Randolph,67.55073,38.35203,MEM
10700,Jeff Green,77.3461,47.52722,MEM
10700,Courtney Lee,93.03906,25.0748,MEM
10700,Mike Conley,70.65934,9.22638,MEM
10700,Marc Gasol,84.6607,11.66887,MEM
10710,Ball,88.02165,24.18526,Ball
10710,Rajon Rondo,82.02636,18.33377,SAC
10710,Rudy Gay,76.97322,26.49975,SAC
10710,Kosta Koufos,84.66941,17.55849,SAC
10710,Omri Casspi,86.91882,28.35363,SAC
10710,Ben McLemore,88.68932,24.90472,SAC
10710,Zach Randolph,68.06253,39.08057,MEM
10710,Jeff Green,74.47399,46.45642,MEM
10710,Courtney Lee,92.05918,29.22726,MEM
10710,Mike Conley,67.47085,12.83694,MEM
10710,Marc Gasol,82.48952,10.90186,MEM
10720,Ball,88.9794,24.25656,Ball
10720,Rajon Rondo,84.6855,20.78008,SAC
10720,Rudy Gay,76.93242,26.17645,SAC
10720,Kosta Koufos,84.35087,18.59496,SAC
10720,Omri Casspi,87.61734,27.8403,SAC
10720,Ben McLemore,88.76053,25.28192,SAC
10720,Zach Randolph,66.88953,39.45305,MEM
10720,Jeff Green,70.44501,45.26789,MEM
10720,Courtney Lee,89.87339,32.48806,MEM
10720,Mike Conley,63.86513,15.56292,MEM
10720,Marc Gasol,79.5827,11.52742,MEM
10730,Ball,89.10488,22.29264,Ball
10730,Rajon Rondo,88.0662,21.19118,SAC
10730,Rudy Gay,76.30612,25.66045,SAC
10730,Kosta Koufos,82.85938,20.91935,SAC
10730,Omri Casspi,87.45105,28.71447,SAC
10730,Ben McLemore,89.51046,24.62391,SAC
10730,Zach Randolph,64.52393000000001,39.98138,MEM
10730,Jeff Green,66.07822,43.35089,MEM
10730,Courtney Lee,86.68583,35.01263,MEM
10730,Mike Conley,59.88154,17.70676,MEM
10730,Marc Gasol,76.65143,10.66579,MEM
10740,Ball,91.66511,21.87557,Ball
10740,Rajon Rondo,90.76613,21.86723,SAC
10740,Rudy Gay,75.31214,25.90867,SAC
10740,Kosta Koufos,79.98912,22.08348,SAC
10740,Omri Casspi,86.90016,28.82614,SAC
10740,Ben McLemore,90.58388,25.0823,SAC
10740,Zach Randolph,61.88593,39.09954,MEM
10740,Jeff Green,61.37033,41.41568,MEM
10740,Courtney Lee,82.40761,36.85565,MEM
10740,Mike Conley,56.01855,19.07382,MEM
10740,Marc Gasol,72.66283,11.95161,MEM
10750,Ball,93.7867,22.22157,Ball
10750,Rajon Rondo,92.47031,22.49436,SAC
10750,Rudy Gay,73.74315,26.80273,SAC
10750,Kosta Koufos,74.75147,23.42929,SAC
10750,Omri Casspi,85.73203,28.801940000000002,SAC
10750,Ben McLemore,91.37389,24.52625,SAC
10750,Zach Randolph,58.74376,37.18987,MEM
10750,Jeff Green,56.96281,40.37496,MEM
10750,Courtney Lee,77.46019,37.29762,MEM
10750,Mike Conley,51.87093,19.97446,MEM
10750,Marc Gasol,67.81583,11.97559,MEM
10760,Ball,92.28465,21.29833,Ball
10760,Rajon Rondo,92.80642,21.37822,SAC
10760,Rudy Gay,72.2775,27.74514,SAC
10760,Kosta Koufos,67.84397,24.59444,SAC
10760,Omri Casspi,83.9269,28.89905,SAC
10760,Ben McLemore,90.65268,24.52751,SAC
10760,Zach Randolph,55.68289,35.67907,MEM
10760,Jeff Green,52.29858,37.97455,MEM
10760,Courtney Lee,72.37061,36.23389,MEM
10760,Mike Conley,47.76027,20.56504,MEM
10760,Marc Gasol,62.63425,11.51824,MEM
10770,Ball,91.56717,20.71168,Ball
10770,Rajon Rondo,92.38838,21.15496,SAC
10770,Rudy Gay,71.29848,28.72497,SAC
10770,Kosta Koufos,60.90767,24.32115,SAC
10770,Omri Casspi,82.00211,28.49199,SAC
10770,Ben McLemore,88.22189,24.30752,SAC
10770,Zach Randolph,52.83983,34.63734,MEM
10770,Jeff Green,47.52324,35.71285,MEM
10770,Courtney Lee,66.92176,34.83533,MEM
10770,Mike Conley,43.81921,20.78356,MEM
10770,Marc Gasol,56.63543,13.3333,MEM
10780,Ball,90.00367,20.90377,Ball
10780,Rajon Rondo,91.27013,21.54121,SAC
10780,Rudy Gay,70.3534,28.87249,SAC
10780,Kosta Koufos,53.96161,23.65548,SAC
10780,Omri Casspi,79.92942,29.08334,SAC
10780,Ben McLemore,84.53007,22.9581,SAC
10780,Zach Randolph,50.16045,33.32621,MEM
10780,Jeff Green,43.25841,34.19884,MEM
10780,Courtney Lee,61.57654,33.02797,MEM
10780,Mike Conley,40.16404,20.92468,MEM
10780,Marc Gasol,50.24011,15.69464,MEM
10790,Ball,86.25059,21.25359,Ball
10790,Rajon Rondo,88.68547,21.76186,SAC
10790,Rudy Gay,68.11607,30.34761,SAC
10790,Kosta Koufos,46.61275,24.4417,SAC
10790,Omri Casspi,77.66088,29.37916,SAC
10790,Ben McLemore,79.79284,21.65962,SAC
10790,Zach Randolph,48.08048,32.34122,MEM
10790,Jeff Green,39.49523,33.42243,MEM
10790,Courtney Lee,56.26792,31.08503,MEM
10790,Mike Conley,36.94983,20.99072,MEM
10790,Marc Gasol,43.72938,17.91132,MEM
10800,Ball,83.72853,21.35247,Ball
10800,Rajon Rondo,84.8974,21.76644,SAC
10800,Rudy Gay,65.23582,32.47889,SAC
10800,Kosta Koufos,40.03314,24.78541,SAC
10800,Omri Casspi,75.004,28.961570000000002,SAC
10800,Ben McLemore,74.06113,20.85343,SAC
10800,Zach Randolph,46.05004,31.75594,MEM
10800,Jeff Green,36.08675,33.28162,MEM
10800,Courtney Lee,51.13446,29.10599,MEM
10800,Mike Conley,34.21008,19.98046,MEM
10800,Marc Gasol,37.52358,19.50961,MEM
10810,Ball,79.46783,21.14253,Ball
10810,Rajon Rondo,80.74576,22.11969,SAC
10810,Rudy Gay,61.96767,34.36766,SAC
10810,Kosta Koufos,34.25469,24.66544,SAC
10810,Omri Casspi,70.9422,29.3237,SAC
10810,Ben McLemore,67.99586,18.65726,SAC
10810,Zach Randolph,44.05879,31.07289,MEM
10810,Jeff Green,33.1367,33.64436,MEM
10810,Courtney Lee,46.04935,27.12827,MEM
10810,Mike Conley,31.75647,19.30707,MEM
10810,Marc Gasol,31.90985,21.37495,MEM
10820,Ball,74.77483,21.77902,Ball
10820,Rajon Rondo,76.09138,22.23773,SAC
10820,Rudy Gay,58.38161,36.00615,SAC
10820,Kosta Koufos,29.72102,24.32737,SAC
10820,Omri Casspi,66.22159,29.80518,SAC
10820,Ben McLemore,62.05833,15.99634,SAC
10820,Zach Randolph,42.1044,30.06449,MEM
10820,Jeff Green,30.52921,34.25258,MEM
10820,Courtney Lee,41.11655,24.83314,MEM
10820,Mike Conley,30.28895,19.67942,MEM
10820,Marc Gasol,27.01989,23.60767,MEM
10830,Ball,70.18431,22.00038,Ball
10830,Rajon Rondo,71.20815,23.15798,SAC
10830,Rudy Gay,54.40213,37.90708,SAC
10830,Kosta Koufos,25.92498,24.05937,SAC
10830,Omri Casspi,61.44268,29.04457,SAC
10830,Ben McLemore,55.90595,13.66336,SAC
10830,Zach Randolph,40.04946,30.0,MEM
10830,Jeff Green,28.38054,35.45783,MEM
10830,Courtney Lee,36.48956,21.59653,MEM
10830,Mike Conley,29.73228,20.30588,MEM
10830,Marc Gasol,22.80947,24.36453,MEM
10840,Ball,64.57523,22.80384,Ball
10840,Rajon Rondo,66.38203,24.26399,SAC
10840,Rudy Gay,50.28123,39.8156,SAC
10840,Kosta Koufos,22.94148,23.39675,SAC
10840,Omri Casspi,56.37168,28.51089,SAC
10840,Ben McLemore,49.97745,11.01764,SAC
10840,Zach Randolph,38.0773,30.0404,MEM
10840,Jeff Green,26.49129,36.06114,MEM
10840,Courtney Lee,31.91328,18.59345,MEM
10840,Mike Conley,29.7068,21.814610000000002,MEM
10840,Marc Gasol,19.74307,25.28546,MEM
10850,Ball,60.7502,23.15273,Ball
10850,Rajon Rondo,61.83793,24.35944,SAC
10850,Rudy Gay,46.10545,41.69181,SAC
10850,Kosta Koufos,20.90209,23.33255,SAC
10850,Omri Casspi,51.67276,26.87762,SAC
10850,Ben McLemore,44.06609,8.9589,SAC
10850,Zach Randolph,36.40272,30.42724,MEM
10850,Jeff Green,24.49594,36.49961,MEM
10850,Courtney Lee,28.05357,15.8519,MEM
10850,Mike Conley,30.12644,22.51948,MEM
10850,Marc Gasol,17.85909,25.81579,MEM
10860,Ball,56.1388,23.73052,Ball
10860,Rajon Rondo,57.71909,24.84289,SAC
10860,Rudy Gay,41.907,43.21513,SAC
10860,Kosta Koufos,20.15138,24.71906,SAC
10860,Omri Casspi,46.95137,25.04657,SAC
10860,Ben McLemore,38.2614,6.62777,SAC
10860,Zach Randolph,34.75577,30.69301,MEM
10860,Jeff Green,22.81256,37.526650000000004,MEM
10860,Courtney Lee,24.79768,12.76563,MEM
10860,Mike Conley,30.533079999999998,22.98835,MEM
10860,Marc Gasol,16.9402,25.1909,MEM
10870,Ball,53.0114,23.89599,Ball
10870,Rajon Rondo,53.93104,25.23922,SAC
10870,Rudy Gay,37.63547,44.48208,SAC
10870,Kosta Koufos,19.86422,25.77876,SAC
10870,Omri Casspi,42.28372,22.70481,SAC
10870,Ben McLemore,32.6681,4.08017,SAC
10870,Zach Randolph,32.97489,29.63231,MEM
10870,Jeff Green,21.17768,38.14483,MEM
10870,Courtney Lee,22.03276,11.77861,MEM
10870,Mike Conley,31.02457,23.87043,MEM
10870,Marc Gasol,16.68116,24.58399,MEM
10880,Ball,49.12409,23.95436,Ball
10880,Rajon Rondo,50.45244,25.25374,SAC
10880,Rudy Gay,33.34282,45.41834,SAC
10880,Kosta Koufos,19.97472,27.85508,SAC
10880,Omri Casspi,37.725,20.57983,SAC
10880,Ben McLemore,27.44558,3.03101,SAC
10880,Zach Randolph,31.16043,29.42451,MEM
10880,Jeff Green,19.58058,38.43725,MEM
10880,Courtney Lee,19.437170000000002,11.36687,MEM
10880,Mike Conley,31.22227,24.60987,MEM
10880,Marc Gasol,16.56797,25.54374,MEM
10890,Ball,46.16774,24.71175,Ball
10890,Rajon Rondo,47.28808,25.36148,SAC
10890,Rudy Gay,29.23114,46.08652,SAC
10890,Kosta Koufos,20.39431,28.91389,SAC
10890,Omri Casspi,33.40804,18.83506,SAC
10890,Ben McLemore,22.38308,2.6072800000000003,SAC
10890,Zach Randolph,29.61274,27.57472,MEM
10890,Jeff Green,18.2952,38.67494,MEM
10890,Courtney Lee,16.91117,9.46271,MEM
10890,Mike Conley,31.16482,24.77208,MEM
10890,Marc Gasol,16.6292,27.46161,MEM
10900,Ball,43.38863,24.45874,Ball
10900,Rajon Rondo,44.76241,25.75996,SAC
10900,Rudy Gay,25.46175,46.37039,SAC
10900,Kosta Koufos,20.68376,29.78488,SAC
10900,Omri Casspi,29.11718,18.25529,SAC
10900,Ben McLemore,17.8127,2.67165,SAC
10900,Zach Randolph,27.69783,25.08072,MEM
10900,Jeff Green,16.89764,39.15921,MEM
10900,Courtney Lee,14.66787,9.55133,MEM
10900,Mike Conley,30.98366,24.89357,MEM
10900,Marc Gasol,17.12084,28.11133,MEM
10910,Ball,41.61825,24.13053,Ball
10910,Rajon Rondo,42.47272,25.62284,SAC
10910,Rudy Gay,22.2923,46.60594,SAC
10910,Kosta Koufos,21.34598,30.41188,SAC
10910,Omri Casspi,25.14349,17.50752,SAC
10910,Ben McLemore,13.58797,2.00648,SAC
10910,Zach Randolph,25.78426,24.16848,MEM
10910,Jeff Green,15.44297,39.4174,MEM
10910,Courtney Lee,12.30201,10.50169,MEM
10910,Mike Conley,30.60787,25.70065,MEM
10910,Marc Gasol,17.94531,28.5826,MEM
10920,Ball,40.3243,26.29553,Ball
10920,Rajon Rondo,40.52549,26.20466,SAC
10920,Rudy Gay,19.7261,46.46109,SAC
10920,Kosta Koufos,22.7342,31.76667,SAC
10920,Omri Casspi,22.34675,16.94489,SAC
10920,Ben McLemore,9.97937,1.47574,SAC
10920,Zach Randolph,23.97655,23.05777,MEM
10920,Jeff Green,14.26724,39.82563,MEM
10920,Courtney Lee,10.60773,10.237,MEM
10920,Mike Conley,29.95777,26.31584,MEM
10920,Marc Gasol,18.45711,28.71193,MEM
10930,Ball,39.03083,27.9427,Ball
10930,Rajon Rondo,38.99164,26.67771,SAC
10930,Rudy Gay,17.25851,45.14473,SAC
10930,Kosta Koufos,23.44354,32.12045,SAC
10930,Omri Casspi,21.0268,16.93309,SAC
10930,Ben McLemore,7.21536,1.7491400000000001,SAC
10930,Zach Randolph,22.52744,21.57869,MEM
10930,Jeff Green,13.2471,40.1873,MEM
10930,Courtney Lee,9.36032,10.4777,MEM
10930,Mike Conley,29.08109,26.23039,MEM
10930,Marc Gasol,18.58917,28.7043,MEM
10940,Ball,37.54724,28.38809,Ball
10940,Rajon Rondo,37.79724,26.73445,SAC
10940,Rudy Gay,15.90069,45.10703,SAC
10940,Kosta Koufos,23.87277,31.37319,SAC
10940,Omri Casspi,20.63355,16.23902,SAC
10940,Ben McLemore,5.32839,2.36158,SAC
10940,Zach Randolph,21.22513,21.02357,MEM
10940,Jeff Green,12.76285,40.19931,MEM
10940,Courtney Lee,8.12957,11.05734,MEM
10940,Mike Conley,28.21683,26.39443,MEM
10940,Marc Gasol,18.43052,28.59512,MEM
10950,Ball,37.74587,28.72662,Ball
10950,Rajon Rondo,37.02354,27.39621,SAC
10950,Rudy Gay,15.45029,45.72402,SAC
10950,Kosta Koufos,23.73943,31.43426,SAC
10950,Omri Casspi,20.62014,16.19878,SAC
10950,Ben McLemore,4.04614,2.6918100000000003,SAC
10950,Zach Randolph,20.20012,20.54048,MEM
10950,Jeff Green,12.90192,40.577,MEM
10950,Courtney Lee,7.10792,10.13705,MEM
10950,Mike Conley,27.97418,27.44989,MEM
10950,Marc Gasol,18.35685,28.65246,MEM
10960,Ball,36.28198,29.20743,Ball
10960,Rajon Rondo,36.51082,27.8718,SAC
10960,Rudy Gay,15.52055,45.82638,SAC
10960,Kosta Koufos,22.46502,31.33348,SAC
10960,Omri Casspi,20.67481,17.19412,SAC
10960,Ben McLemore,3.08395,3.03294,SAC
10960,Zach Randolph,19.7606,20.34512,MEM
10960,Jeff Green,13.75638,41.6915,MEM
10960,Courtney Lee,6.49881,10.6087,MEM
10960,Mike Conley,28.59268,28.48572,MEM
10960,Marc Gasol,18.04545,29.06988,MEM
10970,Ball,37.61991,28.84577,Ball
10970,Rajon Rondo,36.22271,27.89269,SAC
10970,Rudy Gay,16.79722,45.03674,SAC
10970,Kosta Koufos,21.26302,32.06657,SAC
10970,Omri Casspi,21.12761,18.1859,SAC
10970,Ben McLemore,2.68497,4.53143,SAC
10970,Zach Randolph,20.76037,17.97829,MEM
10970,Jeff Green,14.95938,42.12608,MEM
10970,Courtney Lee,5.86433,12.476,MEM
10970,Mike Conley,29.20391,28.95679,MEM
10970,Marc Gasol,17.06355,28.7642,MEM
10980,Ball,36.44267,29.20331,Ball
10980,Rajon Rondo,36.26503,27.86739,SAC
10980,Rudy Gay,19.2292,43.34232,SAC
10980,Kosta Koufos,21.16648,33.80063,SAC
10980,Omri Casspi,21.78861,17.98001,SAC
10980,Ben McLemore,2.61312,7.14957,SAC
10980,Zach Randolph,21.54833,16.88135,MEM
10980,Jeff Green,17.22924,40.60147,MEM
10980,Courtney Lee,5.26326,12.84278,MEM
10980,Mike Conley,29.61817,29.02534,MEM
10980,Marc Gasol,16.06527,28.83127,MEM
10990,Ball,36.9313,28.87658,Ball
10990,Rajon Rondo,36.47057,27.85028,SAC
10990,Rudy Gay,22.24666,40.06809,SAC
10990,Kosta Koufos,21.98265,35.31472,SAC
10990,Omri Casspi,22.04603,17.744790000000002,SAC
10990,Ben McLemore,2.21998,10.8345,SAC
10990,Zach Randolph,20.82973,16.44262,MEM
10990,Jeff Green,22.40682,38.22175,MEM
10990,Courtney Lee,3.74521,13.645,MEM
10990,Mike Conley,29.56207,28.90806,MEM
10990,Marc Gasol,14.93264,29.86647,MEM
11000,Ball,36.93478,29.16679,Ball
11000,Rajon Rondo,36.77069,27.91682,SAC
11000,Rudy Gay,24.51588,36.1567,SAC
11000,Kosta Koufos,23.8813,34.78452,SAC
11000,Omri Casspi,22.46964,17.73193,SAC
11000,Ben McLemore,1.21349,16.23713,SAC
11000,Zach Randolph,21.03566,16.88941,MEM
11000,Jeff Green,24.10834,35.63412,MEM
11000,Courtney Lee,1.23288,16.66804,MEM
11000,Mike Conley,29.67166,28.90294,MEM
11000,Marc Gasol,14.18427,30.81596,MEM
11010,Ball,37.18033,28.12504,Ball
11010,Rajon Rondo,37.15607,28.09912,SAC
11010,Rudy Gay,27.15358,30.48272,SAC
11010,Kosta Koufos,24.22527,34.39449,SAC
11010,Omri Casspi,23.28421,17.99035,SAC
11010,Ben McLemore,0.82132,21.1266,SAC
11010,Zach Randolph,21.63335,16.99283,MEM
11010,Jeff Green,23.95619,35.12236,MEM
11010,Courtney Lee,1.9735800000000001,20.35908,MEM
11010,Mike Conley,29.64705,28.80141,MEM
11010,Marc Gasol,14.1303,31.9901,MEM
11020,Ball,37.85708,26.85314,Ball
11020,Rajon Rondo,37.26119,27.78107,SAC
11020,Rudy Gay,27.01923,26.02505,SAC
11020,Kosta Koufos,23.43306,33.33658,SAC
11020,Omri Casspi,24.26615,18.07464,SAC
11020,Ben McLemore,0.50168,25.88333,SAC
11020,Zach Randolph,21.68979,17.42546,MEM
11020,Jeff Green,23.80687,35.44959,MEM
11020,Courtney Lee,2.98436,23.61683,MEM
11020,Mike Conley,29.6218,28.41259,MEM
11020,Marc Gasol,14.22187,32.75045,MEM
11030,Ball,35.91625,26.95712,Ball
11030,Rajon Rondo,36.7858,27.56611,SAC
11030,Rudy Gay,27.16161,22.40427,SAC
11030,Kosta Koufos,22.89758,31.15068,SAC
11030,Omri Casspi,24.77774,18.00669,SAC
11030,Ben McLemore,0.6006400000000001,30.79385,SAC
11030,Zach Randolph,21.94998,17.17299,MEM
11030,Jeff Green,23.33709,33.61828,MEM
11030,Courtney Lee,2.96219,27.19208,MEM
11030,Mike Conley,29.65461,28.11044,MEM
11030,Marc Gasol,14.48613,31.98125,MEM
11040,Ball,36.14014,26.744,Ball
11040,Rajon Rondo,36.46212,27.88469,SAC
11040,Rudy Gay,26.93661,19.06924,SAC
11040,Kosta Koufos,22.63588,28.61827,SAC
11040,Omri Casspi,26.80321,19.29575,SAC
11040,Ben McLemore,1.13919,35.69936,SAC
11040,Zach Randolph,22.69451,16.96549,MEM
11040,Jeff Green,23.00954,30.86203,MEM
11040,Courtney Lee,3.6213100000000003,30.97223,MEM
11040,Mike Conley,29.83931,28.29269,MEM
11040,Marc Gasol,15.21812,30.88782,MEM
11050,Ball,35.83059,26.86152,Ball
11050,Rajon Rondo,36.08867,27.98391,SAC
11050,Rudy Gay,25.133,15.81666,SAC
11050,Kosta Koufos,22.62602,25.25312,SAC
11050,Omri Casspi,27.31902,19.21621,SAC
11050,Ben McLemore,1.90672,39.97521,SAC
11050,Zach Randolph,23.57015,17.72605,MEM
11050,Jeff Green,22.48973,27.26001,MEM
11050,Courtney Lee,4.88873,34.72681,MEM
11050,Mike Conley,29.65568,28.05308,MEM
11050,Marc Gasol,16.47827,29.954,MEM
11060,Ball,35.3877,26.758490000000002,Ball
11060,Rajon Rondo,35.64702,27.95856,SAC
11060,Rudy Gay,20.55773,14.68594,SAC
11060,Kosta Koufos,23.19434,22.42216,SAC
11060,Omri Casspi,26.10922,16.52714,SAC
11060,Ben McLemore,3.07212,43.36735,SAC
11060,Zach Randolph,24.38623,17.81599,MEM
11060,Jeff Green,21.91338,21.81342,MEM
11060,Courtney Lee,5.7808,36.57019,MEM
11060,Mike Conley,29.29129,27.79447,MEM
11060,Marc Gasol,16.66399,28.17762,MEM
