44790,Ball,79.15805,13.31768,Ball
44790,Jeff Withey,55.45516,23.13156,UTA
44790,Chris Johnson,41.00569,36.34484,UTA
44790,Gordon Hayward,36.3218,27.89087,UTA
44790,Raul Neto,49.91567,14.89861,UTA
44790,Trey Lyles,42.24179,28.3712,UTA
44790,Luol Deng,76.19243,33.62709,MIA
44790,Beno Udrih,80.13247,14.64116,MIA
44790,Gerald Green,58.35158,40.56383,MIA
44790,Hassan Whiteside,88.93721,21.89455,MIA
44790,Justise Winslow,53.36122,26.86543,MIA
44800,Ball,74.39595,14.14645,Ball
44800,Jeff Withey,49.42788,22.59372,UTA
44800,Chris Johnson,37.53191,35.78572,UTA
44800,Gordon Hayward,32.57585,27.38349,UTA
44800,Raul Neto,47.07432,14.94951,UTA
44800,Trey Lyles,37.76194,27.14611,UTA
44800,Luol Deng,72.13457,33.29199,MIA
44800,Beno Udrih,76.96372,14.4505,MIA
44800,Gerald Green,53.76494,41.60852,MIA
44800,Hassan Whiteside,84.71437,21.93367,MIA
44800,Justise Winslow,48.28529,24.82684,MIA
44810,Ball,71.61883,14.45185,Ball
44810,Jeff Withey,44.18428,21.93267,UTA
44810,Chris Johnson,34.1445,35.54519,UTA
44810,Gordon Hayward,29.41758,27.42958,UTA
44810,Raul Neto,44.66894,14.73148,UTA
44810,Trey Lyles,33.97471,26.3113,UTA
44810,Luol Deng,67.71661,32.69395,MIA
44810,Beno Udrih,72.73094,13.93892,MIA
44810,Gerald Green,48.93214,42.5938,MIA
44810,Hassan Whiteside,79.78727,22.24759,MIA
44810,Justise Winslow,43.01701,22.98611,MIA
44820,Ball,67.19381,14.48461,Ball
44820,Jeff Withey,39.60118,21.72381,UTA
44820,Chris Johnson,30.86053,35.7587,UTA
44820,Gordon Hayward,26.76143,27.81384,UTA
44820,Raul Neto,42.4509,14.8488,UTA
44820,Trey Lyles,31.00491,26.35987,UTA
44820,Luol Deng,63.01228,32.42646,MIA
44820,Beno Udrih,68.3564,13.46468,MIA
44820,Gerald Green,44.09977,43.62062,MIA
44820,Hassan Whiteside,74.54051,22.78579,MIA
44820,Justise Winslow,37.7681,20.82633,MIA
44830,Ball,62.39285,13.32633,Ball
44830,Jeff Withey,35.45642,22.02885,UTA
44830,Chris Johnson,27.52644,35.96672,UTA
44830,Gordon Hayward,24.16132,26.96053,UTA
44830,Raul Neto,40.43583,14.8331,UTA
44830,Trey Lyles,28.85071,26.90508,UTA
44830,Luol Deng,58.23169,32.4118,MIA
44830,Beno Udrih,63.65094,12.52944,MIA
44830,Gerald Green,39.22125,44.43469,MIA
44830,Hassan Whiteside,69.17694,23.4711,MIA
44830,Justise Winslow,32.70885,18.63411,MIA
44840,Ball,56.96603,12.04695,Ball
44840,Jeff Withey,31.5112,22.39946,UTA
44840,Chris Johnson,24.5433,36.52574,UTA
44840,Gordon Hayward,21.65155,24.86911,UTA
44840,Raul Neto,38.42127,14.80098,UTA
44840,Trey Lyles,27.08899,27.16252,UTA
44840,Luol Deng,53.49181,32.65121,MIA
44840,Beno Udrih,58.87707,11.29,MIA
44840,Gerald Green,34.39657,45.13025,MIA
44840,Hassan Whiteside,63.87985,24.22502,MIA
44840,Justise Winslow,28.32009,16.1715,MIA
44850,Ball,53.13202,11.25719,Ball
44850,Jeff Withey,28.17054,22.86262,UTA
44850,Chris Johnson,21.75247,36.56946,UTA
44850,Gordon Hayward,19.60623,21.50404,UTA
44850,Raul Neto,36.5923,14.76836,UTA
44850,Trey Lyles,26.15293,27.93073,UTA
44850,Luol Deng,48.85683,32.81527,MIA
44850,Beno Udrih,53.956,10.09428,MIA
44850,Gerald Green,29.71309,45.60031,MIA
44850,Hassan Whiteside,58.33502,24.63692,MIA
44850,Justise Winslow,24.57162,13.51734,MIA
44860,Ball,47.75645,9.98675,Ball
44860,Jeff Withey,24.89223,23.08839,UTA
44860,Chris Johnson,19.22759,36.73495,UTA
44860,Gordon Hayward,18.05684,17.99928,UTA
44860,Raul Neto,34.96141,13.86589,UTA
44860,Trey Lyles,25.76951,28.58106,UTA
44860,Luol Deng,44.26554,32.57274,MIA
44860,Beno Udrih,49.27193,8.92048,MIA
44860,Gerald Green,25.3274,45.98731,MIA
44860,Hassan Whiteside,52.63095,24.76155,MIA
44860,Justise Winslow,21.14142,11.05281,MIA
44870,Ball,44.24226,9.45462,Ball
44870,Jeff Withey,22.57979,23.12167,UTA
44870,Chris Johnson,16.86207,37.08801,UTA
44870,Gordon Hayward,16.53264,14.75995,UTA
44870,Raul Neto,33.88789,12.75755,UTA
44870,Trey Lyles,25.577280000000002,28.79114,UTA
44870,Luol Deng,39.99636,32.25337,MIA
44870,Beno Udrih,44.7709,8.52335,MIA
44870,Gerald Green,21.31888,46.23717,MIA
44870,Hassan Whiteside,47.07253,24.48148,MIA
44870,Justise Winslow,18.07307,8.88606,MIA
44880,Ball,41.25026,10.22418,Ball
44880,Jeff Withey,21.55489,23.29009,UTA
44880,Chris Johnson,14.77223,37.35035,UTA
44880,Gordon Hayward,14.85259,12.26009,UTA
44880,Raul Neto,32.73694,12.35428,UTA
44880,Trey Lyles,25.80442,28.88271,UTA
44880,Luol Deng,36.32712,31.62747,MIA
44880,Beno Udrih,41.00801,9.02656,MIA
44880,Gerald Green,18.39899,46.6693,MIA
44880,Hassan Whiteside,41.85705,23.97683,MIA
44880,Justise Winslow,15.57042,6.83193,MIA
44890,Ball,39.1047,12.45303,Ball
44890,Jeff Withey,21.26356,23.08592,UTA
44890,Chris Johnson,12.812100000000001,38.08558,UTA
44890,Gordon Hayward,13.04438,11.08144,UTA
44890,Raul Neto,31.76707,13.91976,UTA
44890,Trey Lyles,26.16709,28.80541,UTA
44890,Luol Deng,33.21004,30.82529,MIA
44890,Beno Udrih,38.1443,11.49292,MIA
44890,Gerald Green,15.901,46.58311,MIA
44890,Hassan Whiteside,37.14863,23.25495,MIA
44890,Justise Winslow,12.85085,5.44816,MIA
44900,Ball,37.30845,16.88764,Ball
44900,Jeff Withey,21.13356,22.46507,UTA
44900,Chris Johnson,11.18717,38.58837,UTA
44900,Gordon Hayward,11.87574,11.21228,UTA
44900,Raul Neto,30.07589,16.71118,UTA
44900,Trey Lyles,27.04417,28.41943,UTA
44900,Luol Deng,31.12671,29.88683,MIA
44900,Beno Udrih,36.28489,15.79986,MIA
44900,Gerald Green,14.1402,46.63616,MIA
44900,Hassan Whiteside,32.96542,23.12808,MIA
44900,Justise Winslow,10.73323,4.2768,MIA
44910,Ball,35.80788,22.68777,Ball
44910,Jeff Withey,21.02425,22.30456,UTA
44910,Chris Johnson,10.2782,39.09825,UTA
44910,Gordon Hayward,11.079,11.64053,UTA
44910,Raul Neto,27.28387,20.55909,UTA
44910,Trey Lyles,26.40496,28.1746,UTA
44910,Luol Deng,29.92607,29.16077,MIA
44910,Beno Udrih,35.27507,21.23491,MIA
44910,Gerald Green,12.28876,46.91897,MIA
44910,Hassan Whiteside,29.84976,23.57757,MIA
44910,Justise Winslow,9.25803,3.28902,MIA
44920,Ball,35.37788,28.21327,Ball
44920,Jeff Withey,20.47109,22.4981,UTA
44920,Chris Johnson,10.37348,39.46125,UTA
44920,Gordon Hayward,10.36491,12.36597,UTA
44920,Raul Neto,24.79106,24.90837,UTA
44920,Trey Lyles,24.05999,27.71069,UTA
44920,Luol Deng,28.94054,29.0145,MIA
44920,Beno Udrih,34.11335,27.04595,MIA
44920,Gerald Green,10.690010000000001,47.66969,MIA
44920,Hassan Whiteside,27.60893,23.44587,MIA
44920,Justise Winslow,7.81539,2.86376,MIA
44930,Ball,31.48609,34.11436,Ball
44930,Jeff Withey,19.40997,23.45346,UTA
44930,Chris Johnson,10.20451,39.78205,UTA
44930,Gordon Hayward,9.07252,13.36171,UTA
44930,Raul Neto,22.9856,29.60641,UTA
44930,Trey Lyles,25.28161,28.58665,UTA
44930,Luol Deng,27.97157,29.1244,MIA
44930,Beno Udrih,32.03432,32.12279,MIA
44930,Gerald Green,9.35438,48.057,MIA
44930,Hassan Whiteside,24.46159,22.591920000000002,MIA
44930,Justise Winslow,6.58247,2.89722,MIA
44940,Ball,30.2749,36.92974,Ball
44940,Jeff Withey,17.65805,23.82529,UTA
44940,Chris Johnson,9.26512,40.24526,UTA
44940,Gordon Hayward,8.10345,14.1906,UTA
44940,Raul Neto,22.8764,33.29438,UTA
44940,Trey Lyles,25.41278,28.84545,UTA
44940,Luol Deng,27.56386,29.38059,MIA
44940,Beno Udrih,30.34262,35.65145,MIA
44940,Gerald Green,8.22841,48.33011,MIA
44940,Hassan Whiteside,21.18268,21.35713,MIA
44940,Justise Winslow,6.4459800000000005,2.83915,MIA
44950,Ball,30.90572,37.06814,Ball
44950,Jeff Withey,15.98077,23.79967,UTA
44950,Chris Johnson,8.78037,40.21862,UTA
44950,Gordon Hayward,8.19669,13.84195,UTA
44950,Raul Neto,24.58328,34.87731,UTA
44950,Trey Lyles,25.73917,28.99396,UTA
44950,Luol Deng,27.93001,30.08129,MIA
44950,Beno Udrih,30.32045,36.08178,MIA
44950,Gerald Green,7.33058,48.62338,MIA
44950,Hassan Whiteside,18.00946,20.58756,MIA
44950,Justise Winslow,6.595,2.84646,MIA
44960,Ball,31.72577,33.04923,Ball
44960,Jeff Withey,15.04106,23.0293,UTA
44960,Chris Johnson,8.30982,40.05792,UTA
44960,Gordon Hayward,8.26311,13.77097,UTA
44960,Raul Neto,27.02294,33.80731,UTA
44960,Trey Lyles,25.89404,28.82488,UTA
44960,Luol Deng,26.41817,30.604,MIA
44960,Beno Udrih,31.01308,33.36417,MIA
44960,Gerald Green,6.73019,48.36968,MIA
44960,Hassan Whiteside,15.41233,20.20646,MIA
44960,Justise Winslow,7.02038,2.78148,MIA
44970,Ball,32.72169,28.34873,Ball
44970,Jeff Withey,13.99209,22.64304,UTA
44970,Chris Johnson,8.17363,39.4808,UTA
44970,Gordon Hayward,8.37364,13.56556,UTA
44970,Raul Neto,29.22356,31.18564,UTA
44970,Trey Lyles,25.73123,27.42367,UTA
44970,Luol Deng,26.65767,30.01064,MIA
44970,Beno Udrih,28.71919,30.26716,MIA
44970,Gerald Green,7.08071,48.27507,MIA
44970,Hassan Whiteside,13.7916,20.39721,MIA
44970,Justise Winslow,7.78705,2.60044,MIA
44980,Ball,27.69535,22.3492,Ball
44980,Jeff Withey,13.11244,22.27504,UTA
44980,Chris Johnson,9.11446,37.75402,UTA
44980,Gordon Hayward,8.87824,12.80097,UTA
44980,Raul Neto,29.23683,29.29493,UTA
44980,Trey Lyles,24.41647,24.8992,UTA
44980,Luol Deng,28.59018,31.110970000000002,MIA
44980,Beno Udrih,25.05576,25.21569,MIA
44980,Gerald Green,8.2077,48.42138,MIA
44980,Hassan Whiteside,12.90678,21.08066,MIA
44980,Justise Winslow,8.34686,2.51798,MIA
44990,Ball,21.28555,18.75616,Ball
44990,Jeff Withey,12.06159,21.65138,UTA
44990,Chris Johnson,10.23499,35.05341,UTA
44990,Gordon Hayward,9.98292,11.76327,UTA
44990,Raul Neto,27.75466,28.30139,UTA
44990,Trey Lyles,20.24498,22.8676,UTA
44990,Luol Deng,29.54458,32.50586,MIA
44990,Beno Udrih,21.65951,20.3734,MIA
44990,Gerald Green,9.3661,48.22603,MIA
44990,Hassan Whiteside,12.02791,21.57581,MIA
44990,Justise Winslow,8.51416,2.35515,MIA
45000,Ball,17.38963,16.15158,Ball
45000,Jeff Withey,10.75925,21.04348,UTA
45000,Chris Johnson,11.34489,33.35229,UTA
45000,Gordon Hayward,10.12813,11.01428,UTA
45000,Raul Neto,25.95654,28.60165,UTA
45000,Trey Lyles,15.56254,21.26138,UTA
45000,Luol Deng,29.48415,34.01878,MIA
45000,Beno Udrih,17.66058,17.18868,MIA
45000,Gerald Green,10.38617,47.98948,MIA
45000,Hassan Whiteside,10.71048,21.01233,MIA
45000,Justise Winslow,8.7529,2.37099,MIA
45010,Ball,16.02901,14.91767,Ball
45010,Jeff Withey,9.34212,21.06312,UTA
45010,Chris Johnson,11.77693,32.46841,UTA
45010,Gordon Hayward,9.66156,10.52403,UTA
45010,Raul Neto,24.63135,28.92801,UTA
45010,Trey Lyles,12.47529,19.7415,UTA
45010,Luol Deng,28.68617,35.20617,MIA
45010,Beno Udrih,16.49709,14.75006,MIA
45010,Gerald Green,11.24775,47.95352,MIA
45010,Hassan Whiteside,9.64085,20.69175,MIA
45010,Justise Winslow,9.05043,2.28941,MIA
45020,Ball,13.43263,17.17512,Ball
45020,Jeff Withey,8.90719,21.86509,UTA
45020,Chris Johnson,11.3976,31.92885,UTA
45020,Gordon Hayward,9.18502,11.21622,UTA
45020,Raul Neto,22.99148,29.07897,UTA
45020,Trey Lyles,11.02405,18.86265,UTA
45020,Luol Deng,27.92883,35.3881,MIA
45020,Beno Udrih,16.4206,13.62787,MIA
45020,Gerald Green,11.86116,47.78501,MIA
45020,Hassan Whiteside,9.75518,20.79945,MIA
45020,Justise Winslow,9.70912,2.37889,MIA
45030,Ball,9.28073,21.44267,Ball
45030,Jeff Withey,8.91004,22.66775,UTA
45030,Chris Johnson,10.12205,31.03729,UTA
45030,Gordon Hayward,9.31877,12.67852,UTA
45030,Raul Neto,21.48153,29.37841,UTA
45030,Trey Lyles,11.24556,17.56339,UTA
45030,Luol Deng,28.05934,35.22269,MIA
45030,Beno Udrih,16.9751,12.24376,MIA
45030,Gerald Green,13.13673,47.22215,MIA
45030,Hassan Whiteside,10.28705,21.0486,MIA
45030,Justise Winslow,11.48236,2.69339,MIA
45040,Ball,5.6582,25.00732,Ball
45040,Jeff Withey,8.08588,22.73942,UTA
45040,Chris Johnson,8.52049,29.11758,UTA
45040,Gordon Hayward,9.82249,13.92008,UTA
45040,Raul Neto,19.81456,29.33961,UTA
45040,Trey Lyles,12.46495,16.76236,UTA
45040,Luol Deng,29.0772,35.27878,MIA
45040,Beno Udrih,17.94366,10.82797,MIA
45040,Gerald Green,14.88395,46.48567,MIA
45040,Hassan Whiteside,9.28497,20.81723,MIA
45040,Justise Winslow,13.75902,3.46683,MIA
45050,Ball,4.88465,26.60967,Ball
45050,Jeff Withey,7.05334,22.91716,UTA
45050,Chris Johnson,7.01554,27.8351,UTA
45050,Gordon Hayward,9.89514,14.56185,UTA
45050,Raul Neto,18.13895,30.15711,UTA
45050,Trey Lyles,14.3419,16.47624,UTA
45050,Luol Deng,30.92105,35.06471,MIA
45050,Beno Udrih,20.98788,9.85621,MIA
45050,Gerald Green,16.81998,45.53005,MIA
45050,Hassan Whiteside,8.16904,21.0584,MIA
45050,Justise Winslow,16.49524,4.70607,MIA
45060,Ball,4.68719,27.67036,Ball
45060,Jeff Withey,7.65881,23.61062,UTA
45060,Chris Johnson,5.37235,27.71427,UTA
45060,Gordon Hayward,10.24444,14.70515,UTA
45060,Raul Neto,17.04895,32.82967,UTA
45060,Trey Lyles,17.12312,16.501,UTA
45060,Luol Deng,33.35052,34.93856,MIA
45060,Beno Udrih,24.52622,9.86338,MIA
45060,Gerald Green,19.722,43.66556,MIA
45060,Hassan Whiteside,7.96638,20.97902,MIA
45060,Justise Winslow,19.50828,6.97962,MIA
45070,Ball,3.56361,26.77092,Ball
45070,Jeff Withey,10.61724,25.08656,UTA
45070,Chris Johnson,4.24111,27.75632,UTA
45070,Gordon Hayward,11.6869,13.37562,UTA
45070,Raul Neto,18.06289,36.31017,UTA
45070,Trey Lyles,21.64652,16.71416,UTA
45070,Luol Deng,36.94013,34.80119,MIA
45070,Beno Udrih,28.55089,11.15693,MIA
45070,Gerald Green,23.05089,41.76984,MIA
45070,Hassan Whiteside,10.12932,21.14846,MIA
45070,Justise Winslow,23.34552,9.13974,MIA
45080,Ball,6.39101,27.80695,Ball
45080,Jeff Withey,16.00006,25.14205,UTA
45080,Chris Johnson,5.27305,28.04514,UTA
45080,Gordon Hayward,13.40979,11.54936,UTA
45080,Raul Neto,21.19031,39.79134,UTA
45080,Trey Lyles,27.76508,16.86648,UTA
45080,Luol Deng,41.83181,34.5527,MIA
45080,Beno Udrih,33.23044,13.96288,MIA
45080,Gerald Green,26.74937,39.2727,MIA
45080,Hassan Whiteside,14.42593,21.04551,MIA
45080,Justise Winslow,28.30998,10.8514,MIA
45090,Ball,8.14508,26.54963,Ball
45090,Jeff Withey,21.58544,25.85147,UTA
45090,Chris Johnson,7.54502,27.07164,UTA
45090,Gordon Hayward,16.1849,9.07486,UTA
45090,Raul Neto,25.78262,42.43898,UTA
45090,Trey Lyles,34.32086,16.58867,UTA
45090,Luol Deng,47.26876,34.32773,MIA
45090,Beno Udrih,37.999,17.73722,MIA
45090,Gerald Green,30.68357,36.35237,MIA
45090,Hassan Whiteside,20.15324,20.80673,MIA
45090,Justise Winslow,34.08517,12.01232,MIA
45100,Ball,14.3532,20.09257,Ball
45100,Jeff Withey,27.89513,26.50703,UTA
45100,Chris Johnson,11.06305,24.65411,UTA
45100,Gordon Hayward,20.41115,7.04077,UTA
45100,Raul Neto,31.11456,44.44563,UTA
45100,Trey Lyles,41.08065,16.1947,UTA
45100,Luol Deng,52.99437,33.74507,MIA
45100,Beno Udrih,42.9098,22.08065,MIA
45100,Gerald Green,34.65007,34.32934,MIA
45100,Hassan Whiteside,26.60054,20.51509,MIA
45100,Justise Winslow,40.34627,12.79931,MIA
45110,Ball,23.49,10.4247,Ball
45110,Jeff Withey,34.65146,26.80752,UTA
45110,Chris Johnson,15.09559,24.44303,UTA
45110,Gordon Hayward,25.63697,5.92578,UTA
45110,Raul Neto,36.83986,45.5892,UTA
45110,Trey Lyles,48.20609,16.03654,UTA
45110,Luol Deng,58.72409,32.50526,MIA
45110,Beno Udrih,48.14535,26.56149,MIA
45110,Gerald Green,38.4742,32.66929,MIA
45110,Hassan Whiteside,33.9626,20.84942,MIA
45110,Justise Winslow,46.39367,13.13313,MIA
45120,Ball,31.71885,6.33236,Ball
45120,Jeff Withey,41.30242,26.99919,UTA
45120,Chris Johnson,20.61594,24.34736,UTA
45120,Gordon Hayward,31.58286,5.29014,UTA
45120,Raul Neto,42.71913,46.35013,UTA
45120,Trey Lyles,55.72651,16.10639,UTA
45120,Luol Deng,64.11578,30.53916,MIA
45120,Beno Udrih,53.15715,30.6495,MIA
45120,Gerald Green,42.39834,31.3745,MIA
45120,Hassan Whiteside,41.61854,21.261870000000002,MIA
45120,Justise Winslow,51.90935,13.05424,MIA
45130,Ball,38.69569,6.48129,Ball
45130,Jeff Withey,47.85891,27.0987,UTA
45130,Chris Johnson,26.19807,24.87046,UTA
45130,Gordon Hayward,37.89928,4.86497,UTA
45130,Raul Neto,48.68833,46.88308,UTA
45130,Trey Lyles,63.00869,15.47182,UTA
45130,Luol Deng,68.93379,27.70625,MIA
45130,Beno Udrih,58.6333,33.76562,MIA
45130,Gerald Green,46.2844,30.55347,MIA
45130,Hassan Whiteside,49.03358,21.99268,MIA
45130,Justise Winslow,56.50785,12.77923,MIA
45140,Ball,45.18355,6.2186,Ball
45140,Jeff Withey,54.01002,27.7951,UTA
45140,Chris Johnson,31.32394,26.23412,UTA
45140,Gordon Hayward,44.12649,5.15352,UTA
45140,Raul Neto,54.59794,47.24956,UTA
45140,Trey Lyles,69.69061,13.29023,UTA
45140,Luol Deng,72.93821,24.45734,MIA
45140,Beno Udrih,63.77085,35.51065,MIA
45140,Gerald Green,50.08343,29.90659,MIA
45140,Hassan Whiteside,56.05272,22.80902,MIA
45140,Justise Winslow,60.25752,12.46943,MIA
45150,Ball,50.60798,7.13455,Ball
45150,Jeff Withey,58.91868,28.72438,UTA
45150,Chris Johnson,36.50037,27.76954,UTA
45150,Gordon Hayward,49.98186,5.6935,UTA
45150,Raul Neto,60.43037,47.51288,UTA
45150,Trey Lyles,74.85842,9.57432,UTA
45150,Luol Deng,76.19114,20.57599,MIA
45150,Beno Udrih,68.7395,36.43807,MIA
45150,Gerald Green,53.83571,29.52215,MIA
45150,Hassan Whiteside,62.48655,23.97437,MIA
45150,Justise Winslow,62.97897,12.15999,MIA
45160,Ball,62.94042,5.6327300000000005,Ball
45160,Jeff Withey,62.60974,29.66109,UTA
45160,Chris Johnson,41.24755,29.5691,UTA
45160,Gordon Hayward,55.26828,6.41712,UTA
45160,Raul Neto,65.88141,47.98907,UTA
45160,Trey Lyles,79.37224,5.80763,UTA
45160,Luol Deng,79.07314,16.68733,MIA
45160,Beno Udrih,73.17587,36.62743,MIA
45160,Gerald Green,57.53585,29.73423,MIA
45160,Hassan Whiteside,67.62133,24.49147,MIA
45160,Justise Winslow,65.0288,11.86547,MIA
45170,Ball,81.04595,4.69195,Ball
45170,Jeff Withey,65.20271,29.99554,UTA
45170,Chris Johnson,45.89487,31.15355,UTA
45170,Gordon Hayward,59.48203,7.6124,UTA
45170,Raul Neto,70.79978,48.26252,UTA
45170,Trey Lyles,82.84706,3.30529,UTA
45170,Luol Deng,81.54081,13.10698,MIA
45170,Beno Udrih,76.7937,36.1272,MIA
45170,Gerald Green,60.93911,30.4066,MIA
45170,Hassan Whiteside,72.27031,24.43031,MIA
45170,Justise Winslow,66.69284,11.98141,MIA
45180,Ball,86.2499,3.6242900000000002,Ball
45180,Jeff Withey,67.3866,29.89221,UTA
45180,Chris Johnson,50.35586,32.37306,UTA
45180,Gordon Hayward,62.78736,8.73489,UTA
45180,Raul Neto,75.04671,48.30869,UTA
45180,Trey Lyles,84.81876,2.56676,UTA
45180,Luol Deng,83.49922,10.35428,MIA
45180,Beno Udrih,79.94977,35.54603,MIA
45180,Gerald Green,63.95334,31.32626,MIA
45180,Hassan Whiteside,76.43309,24.58656,MIA
45180,Justise Winslow,68.40524,12.30981,MIA
45190,Ball,86.62369,3.85277,Ball
45190,Jeff Withey,68.93705,29.74605,UTA
45190,Chris Johnson,54.61538,33.15125,UTA
45190,Gordon Hayward,65.82671,8.42426,UTA
45190,Raul Neto,78.35696,48.08216,UTA
45190,Trey Lyles,85.4106,2.48966,UTA
45190,Luol Deng,85.03801,8.82371,MIA
45190,Beno Udrih,82.43694,34.66648,MIA
45190,Gerald Green,66.85101,32.50586,MIA
45190,Hassan Whiteside,79.56148,24.71432,MIA
45190,Justise Winslow,69.88843,12.6813,MIA
45200,Ball,85.09906,3.85607,Ball
45200,Jeff Withey,69.73936,28.83846,UTA
45200,Chris Johnson,58.40285,33.79711,UTA
45200,Gordon Hayward,68.29303,7.43228,UTA
45200,Raul Neto,80.73287,48.06797,UTA
45200,Trey Lyles,85.18282,2.70873,UTA
45200,Luol Deng,85.26872,8.43002,MIA
45200,Beno Udrih,83.93315,33.23996,MIA
45200,Gerald Green,69.19056,33.36966,MIA
45200,Hassan Whiteside,81.52375,26.207160000000002,MIA
45200,Justise Winslow,71.43877,12.672,MIA
45210,Ball,77.31086,4.70853,Ball
45210,Jeff Withey,70.07598,26.32457,UTA
45210,Chris Johnson,61.50948,34.53809,UTA
45210,Gordon Hayward,69.60806,6.74765,UTA
45210,Raul Neto,82.3573,48.17818,UTA
45210,Trey Lyles,84.64917,3.3995800000000003,UTA
45210,Luol Deng,85.24581,8.44164,MIA
45210,Beno Udrih,84.91541,32.22292,MIA
45210,Gerald Green,71.13912,33.4009,MIA
45210,Hassan Whiteside,82.14448,27.22465,MIA
45210,Justise Winslow,72.29114,11.70009,MIA
45220,Ball,70.78951,5.84515,Ball
45220,Jeff Withey,70.06678,22.68126,UTA
45220,Chris Johnson,63.87251,36.40222,UTA
45220,Gordon Hayward,69.76112,6.67764,UTA
45220,Raul Neto,82.98545,48.3782,UTA
45220,Trey Lyles,84.31205,4.61191,UTA
45220,Luol Deng,85.19733,8.86676,MIA
45220,Beno Udrih,85.14315,32.4285,MIA
45220,Gerald Green,72.62301,32.99495,MIA
45220,Hassan Whiteside,81.79292,26.91622,MIA
45220,Justise Winslow,72.23133,11.03863,MIA
45230,Ball,69.90549,8.08168,Ball
45230,Jeff Withey,69.67479,18.9198,UTA
45230,Chris Johnson,65.31815,38.76748,UTA
45230,Gordon Hayward,69.17862,8.19259,UTA
45230,Raul Neto,83.2568,48.51798,UTA
45230,Trey Lyles,84.35808,6.48042,UTA
45230,Luol Deng,84.25088,9.44728,MIA
45230,Beno Udrih,85.08191,33.66802,MIA
45230,Gerald Green,73.54924,32.64455,MIA
45230,Hassan Whiteside,80.61303,25.80598,MIA
45230,Justise Winslow,71.10875,10.96341,MIA
45240,Ball,65.30094,12.09455,Ball
45240,Jeff Withey,69.08397,16.34148,UTA
45240,Chris Johnson,66.39517,41.28832,UTA
45240,Gordon Hayward,67.22998,11.07627,UTA
45240,Raul Neto,84.52297,48.45646,UTA
45240,Trey Lyles,84.69799,8.26118,UTA
45240,Luol Deng,84.21151,10.6972,MIA
45240,Beno Udrih,84.92435,34.2522,MIA
45240,Gerald Green,74.00798,32.59473,MIA
45240,Hassan Whiteside,80.47645,22.89892,MIA
45240,Justise Winslow,69.72743,12.35298,MIA
45250,Ball,64.3649,15.49033,Ball
45250,Jeff Withey,68.32514,15.6,UTA
45250,Chris Johnson,67.62622,43.37596,UTA
45250,Gordon Hayward,66.31763,15.52164,UTA
45250,Raul Neto,85.65001,48.59651,UTA
45250,Trey Lyles,85.2107,8.79241,UTA
45250,Luol Deng,84.55825,12.6083,MIA
45250,Beno Udrih,84.97053,34.80064,MIA
45250,Gerald Green,74.0818,31.94175,MIA
45250,Hassan Whiteside,79.7203,21.11766,MIA
45250,Justise Winslow,67.98501,13.9059,MIA
45260,Ball,67.88354,22.78325,Ball
45260,Jeff Withey,68.6771,16.03913,UTA
45260,Chris Johnson,69.15902,44.86373,UTA
45260,Gordon Hayward,67.36552,20.60455,UTA
45260,Raul Neto,87.07999,48.50414,UTA
45260,Trey Lyles,85.6765,7.50306,UTA
45260,Luol Deng,84.71223,14.10237,MIA
45260,Beno Udrih,84.94103,35.38907,MIA
45260,Gerald Green,73.71066,31.19563,MIA
45260,Hassan Whiteside,79.68723,20.58543,MIA
45260,Justise Winslow,66.867,15.47468,MIA
45270,Ball,72.11956,24.20892,Ball
45270,Jeff Withey,71.47568,16.24107,UTA
45270,Chris Johnson,70.50876,45.68705,UTA
45270,Gordon Hayward,70.53561,24.08305,UTA
45270,Raul Neto,88.13074,48.21872,UTA
45270,Trey Lyles,85.74968,5.39972,UTA
45270,Luol Deng,85.28004,15.21349,MIA
45270,Beno Udrih,85.12981,36.0576,MIA
45270,Gerald Green,73.31067,31.434,MIA
45270,Hassan Whiteside,80.54572,21.75967,MIA
45270,Justise Winslow,67.63537,18.77707,MIA
45280,Ball,75.80887,24.86859,Ball
45280,Jeff Withey,75.6245,17.07634,UTA
45280,Chris Johnson,71.08971,45.8154,UTA
45280,Gordon Hayward,75.08757,25.93303,UTA
45280,Raul Neto,88.12065,48.14421,UTA
45280,Trey Lyles,85.75641,3.59164,UTA
45280,Luol Deng,85.11653,15.9426,MIA
45280,Beno Udrih,85.64152,36.8165,MIA
45280,Gerald Green,73.90716,33.53871,MIA
45280,Hassan Whiteside,81.97692,24.74534,MIA
45280,Justise Winslow,71.2185,22.15048,MIA
