36830,Ball,50.54765,43.98851,Ball
36830,Tim Duncan,16.51309,31.40311,SAS
36830,Tony Parker,31.72449,36.27616,SAS
36830,David West,18.46146,21.85773,SAS
36830,Danny Green,6.85659,40.19502,SAS
36830,Kawhi Leonard,13.46976,10.28779,SAS
36830,Al Jefferson,18.85545,32.16686,CHA
36830,Marvin Williams,53.97255,36.05426,CHA
36830,Nicolas Batum,18.11493,6.13506,CHA
36830,Kemba Walker,52.32466,43.54874,CHA
36830,PJ Hairston,6.03457,48.10823,CHA
36840,Ball,48.32297,43.18014,Ball
36840,Tim Duncan,16.75147,31.2484,SAS
36840,Tony Parker,30.05539,37.01733,SAS
36840,David West,18.68355,22.37064,SAS
36840,Danny Green,6.67832,40.87456,SAS
36840,Kawhi Leonard,13.92267,10.75673,SAS
36840,Al Jefferson,18.84657,31.94687,CHA
36840,Marvin Williams,49.31941,33.40362,CHA
36840,Nicolas Batum,18.12868,6.15019,CHA
36840,Kemba Walker,48.96796,43.94151,CHA
36840,PJ Hairston,6.05798,48.04466,CHA
36850,Ball,44.80363,43.27396,Ball
36850,Tim Duncan,16.90185,31.17228,SAS
36850,Tony Parker,28.4099,37.80522,SAS
36850,David West,18.61655,22.81998,SAS
36850,Danny Green,6.92716,41.41523,SAS
36850,Kawhi Leonard,14.78642,11.36128,SAS
36850,Al Jefferson,18.87692,31.75018,CHA
36850,Marvin Williams,44.57685,30.954720000000002,CHA
36850,Nicolas Batum,18.14394,6.22915,CHA
36850,Kemba Walker,45.80803,44.52804,CHA
36850,PJ Hairston,6.04227,47.99136,CHA
36860,Ball,41.20154,45.52412,Ball
36860,Tim Duncan,16.80992,31.32618,SAS
36860,Tony Parker,26.87038,38.39591,SAS
36860,David West,18.30764,22.22076,SAS
36860,Danny Green,6.8981,41.65707,SAS
36860,Kawhi Leonard,15.45952,11.67721,SAS
36860,Al Jefferson,19.02503,31.79589,CHA
36860,Marvin Williams,39.74511,28.704250000000002,CHA
36860,Nicolas Batum,18.23086,6.4001,CHA
36860,Kemba Walker,42.50635,45.28338,CHA
36860,PJ Hairston,5.99712,47.8452,CHA
36870,Ball,38.53597,46.67244,Ball
36870,Tim Duncan,16.896630000000002,31.35056,SAS
36870,Tony Parker,25.60807,39.16376,SAS
36870,David West,17.92531,21.78113,SAS
36870,Danny Green,6.51392,41.81307,SAS
36870,Kawhi Leonard,16.05931,11.35231,SAS
36870,Al Jefferson,19.30316,31.31405,CHA
36870,Marvin Williams,35.0347,26.66877,CHA
36870,Nicolas Batum,18.47926,6.94679,CHA
36870,Kemba Walker,39.08982,45.95845,CHA
36870,PJ Hairston,5.76258,47.38598,CHA
36880,Ball,34.9033,47.08191,Ball
36880,Tim Duncan,17.2378,31.28695,SAS
36880,Tony Parker,24.78719,39.85029,SAS
36880,David West,17.60167,22.18951,SAS
36880,Danny Green,6.2404,41.65106,SAS
36880,Kawhi Leonard,16.64671,10.41711,SAS
36880,Al Jefferson,19.7224,30.26937,CHA
36880,Marvin Williams,30.51948,24.54234,CHA
36880,Nicolas Batum,18.62229,8.25758,CHA
36880,Kemba Walker,35.96627,46.35423,CHA
36880,PJ Hairston,5.27791,46.41784,CHA
36890,Ball,32.55953,47.76484,Ball
36890,Tim Duncan,17.38817,30.90338,SAS
36890,Tony Parker,23.81575,40.61356,SAS
36890,David West,17.09651,21.60482,SAS
36890,Danny Green,5.83069,41.15247,SAS
36890,Kawhi Leonard,17.14865,10.58533,SAS
36890,Al Jefferson,20.1866,28.99144,CHA
36890,Marvin Williams,26.49107,22.25843,CHA
36890,Nicolas Batum,19.05905,9.82537,CHA
36890,Kemba Walker,32.79777,46.83603,CHA
36890,PJ Hairston,4.64729,44.70924,CHA
36900,Ball,28.72787,48.00805,Ball
36900,Tim Duncan,17.04377,29.86022,SAS
36900,Tony Parker,22.45033,41.57109,SAS
36900,David West,16.3229,21.12697,SAS
36900,Danny Green,5.01369,40.29998,SAS
36900,Kawhi Leonard,18.34701,11.00795,SAS
36900,Al Jefferson,20.44142,27.77211,CHA
36900,Marvin Williams,23.17879,20.64101,CHA
36900,Nicolas Batum,20.22168,11.99471,CHA
36900,Kemba Walker,29.96901,47.2041,CHA
36900,PJ Hairston,3.70012,42.21887,CHA
36910,Ball,26.87099,48.65502,Ball
36910,Tim Duncan,16.94069,28.90534,SAS
36910,Tony Parker,21.17168,42.14196,SAS
36910,David West,16.13522,20.26947,SAS
36910,Danny Green,4.42826,37.85276,SAS
36910,Kawhi Leonard,20.45544,12.49775,SAS
36910,Al Jefferson,20.68364,26.61537,CHA
36910,Marvin Williams,21.86499,19.15714,CHA
36910,Nicolas Batum,22.63963,15.35815,CHA
36910,Kemba Walker,27.37094,47.34833,CHA
36910,PJ Hairston,2.66228,38.99017,CHA
36920,Ball,23.86653,48.11284,Ball
36920,Tim Duncan,16.46139,28.24519,SAS
36920,Tony Parker,20.05278,42.44703,SAS
36920,David West,17.06029,18.99806,SAS
36920,Danny Green,3.88375,35.91191,SAS
36920,Kawhi Leonard,23.37076,16.1466,SAS
36920,Al Jefferson,21.8907,25.46134,CHA
36920,Marvin Williams,22.19815,17.22349,CHA
36920,Nicolas Batum,24.63741,20.36439,CHA
36920,Kemba Walker,25.17823,47.36863,CHA
36920,PJ Hairston,1.96998,34.87811,CHA
36930,Ball,22.6432,48.34966,Ball
36930,Tim Duncan,15.541360000000001,27.91108,SAS
36930,Tony Parker,19.08767,42.61807,SAS
36930,David West,17.68559,18.50609,SAS
36930,Danny Green,3.90305,33.01264,SAS
36930,Kawhi Leonard,25.63468,21.00425,SAS
36930,Al Jefferson,23.29602,24.5562,CHA
36930,Marvin Williams,21.99945,16.37284,CHA
36930,Nicolas Batum,25.24778,26.15758,CHA
36930,Kemba Walker,23.38957,47.41763,CHA
36930,PJ Hairston,1.7307100000000002,30.25952,CHA
36940,Ball,22.06009,46.30797,Ball
36940,Tim Duncan,15.1535,27.94681,SAS
36940,Tony Parker,18.5639,42.67158,SAS
36940,David West,17.42843,17.93114,SAS
36940,Danny Green,4.08094,29.26485,SAS
36940,Kawhi Leonard,25.47639,26.52507,SAS
36940,Al Jefferson,24.46061,23.4376,CHA
36940,Marvin Williams,20.60917,15.924900000000001,CHA
36940,Nicolas Batum,24.34058,31.81365,CHA
36940,Kemba Walker,22.546030000000002,47.06696,CHA
36940,PJ Hairston,1.98408,25.77611,CHA
36950,Ball,25.1291,45.94467,Ball
36950,Tim Duncan,15.41308,27.52902,SAS
36950,Tony Parker,19.12434,42.43215,SAS
36950,David West,16.0022,17.83463,SAS
36950,Danny Green,4.91191,25.32745,SAS
36950,Kawhi Leonard,24.03169,31.77543,SAS
36950,Al Jefferson,24.2437,22.66184,CHA
36950,Marvin Williams,18.27704,15.11601,CHA
36950,Nicolas Batum,22.9483,37.03364,CHA
36950,Kemba Walker,23.43538,46.08233,CHA
36950,PJ Hairston,3.17838,21.21131,CHA
36960,Ball,26.66958,43.15859,Ball
36960,Tim Duncan,15.3314,27.25645,SAS
36960,Tony Parker,20.04337,42.03545,SAS
36960,David West,14.01449,17.90049,SAS
36960,Danny Green,7.34389,22.55398,SAS
36960,Kawhi Leonard,23.14225,36.08671,SAS
36960,Al Jefferson,23.31091,22.02681,CHA
36960,Marvin Williams,15.67773,15.06152,CHA
36960,Nicolas Batum,22.06469,40.51581,CHA
36960,Kemba Walker,25.36535,43.78169,CHA
36960,PJ Hairston,5.32473,16.9105,CHA
36970,Ball,29.59029,41.14982,Ball
36970,Tim Duncan,14.94082,26.8287,SAS
36970,Tony Parker,19.353650000000002,40.76136,SAS
36970,David West,12.05138,17.98168,SAS
36970,Danny Green,11.66492,21.05405,SAS
36970,Kawhi Leonard,24.85227,39.17608,SAS
36970,Al Jefferson,22.25174,21.25832,CHA
36970,Marvin Williams,13.33516,15.38901,CHA
36970,Nicolas Batum,20.82619,41.4272,CHA
36970,Kemba Walker,27.65518,40.77757,CHA
36970,PJ Hairston,9.49358,13.94878,CHA
36980,Ball,29.32776,36.07381,Ball
36980,Tim Duncan,15.02911,25.78388,SAS
36980,Tony Parker,18.99252,38.31948,SAS
36980,David West,10.49755,19.04428,SAS
36980,Danny Green,16.68624,19.24934,SAS
36980,Kawhi Leonard,23.183230000000002,39.81803,SAS
36980,Al Jefferson,21.38393,20.18979,CHA
36980,Marvin Williams,11.30242,14.60931,CHA
36980,Nicolas Batum,18.36784,40.7453,CHA
36980,Kemba Walker,28.55409,37.82148,CHA
36980,PJ Hairston,15.14431,12.62865,CHA
36990,Ball,26.38627,35.22423,Ball
36990,Tim Duncan,15.00251,24.70885,SAS
36990,Tony Parker,20.63421,35.26727,SAS
36990,David West,9.22641,20.20545,SAS
36990,Danny Green,21.81379,17.08551,SAS
36990,Kawhi Leonard,19.69846,38.80511,SAS
36990,Al Jefferson,20.60172,18.59518,CHA
36990,Marvin Williams,9.85742,13.16675,CHA
36990,Nicolas Batum,15.46332,38.66581,CHA
36990,Kemba Walker,27.8903,35.69192,CHA
36990,PJ Hairston,20.90704,12.37963,CHA
37000,Ball,26.30832,34.51704,Ball
37000,Tim Duncan,14.4557,23.14029,SAS
37000,Tony Parker,22.56804,33.75891,SAS
37000,David West,8.23118,20.28875,SAS
37000,Danny Green,25.16471,16.14915,SAS
37000,Kawhi Leonard,16.62276,37.90521,SAS
37000,Al Jefferson,19.14158,17.81262,CHA
37000,Marvin Williams,9.03097,11.50387,CHA
37000,Nicolas Batum,13.04883,36.02123,CHA
37000,Kemba Walker,27.25827,35.09062,CHA
37000,PJ Hairston,26.0424,12.54822,CHA
37010,Ball,19.43947,31.32195,Ball
37010,Tim Duncan,13.73409,21.1573,SAS
37010,Tony Parker,24.39241,33.4448,SAS
37010,David West,7.6593800000000005,20.18037,SAS
37010,Danny Green,26.30756,15.98257,SAS
37010,Kawhi Leonard,13.52492,35.18984,SAS
37010,Al Jefferson,17.26143,17.0087,CHA
37010,Marvin Williams,8.8806,10.82035,CHA
37010,Nicolas Batum,11.57289,33.07002,CHA
37010,Kemba Walker,26.86546,35.2933,CHA
37010,PJ Hairston,30.94459,13.22683,CHA
37020,Ball,12.80224,28.25457,Ball
37020,Tim Duncan,13.08664,20.11298,SAS
37020,Tony Parker,26.39257,33.6234,SAS
37020,David West,7.6032399999999996,19.69144,SAS
37020,Danny Green,26.92189,16.0145,SAS
37020,Kawhi Leonard,11.40365,32.43283,SAS
37020,Al Jefferson,16.04306,16.7083,CHA
37020,Marvin Williams,9.57147,11.14584,CHA
37020,Nicolas Batum,10.1528,30.80544,CHA
37020,Kemba Walker,29.12161,35.84301,CHA
37020,PJ Hairston,36.0449,14.19974,CHA
37030,Ball,6.41161,25.37222,Ball
37030,Tim Duncan,12.03445,20.47233,SAS
37030,Tony Parker,27.18682,34.188,SAS
37030,David West,6.90474,19.53469,SAS
37030,Danny Green,28.18187,15.81933,SAS
37030,Kawhi Leonard,10.18565,30.29173,SAS
37030,Al Jefferson,16.76715,16.34215,CHA
37030,Marvin Williams,11.13131,11.50713,CHA
37030,Nicolas Batum,9.27674,28.60225,CHA
37030,Kemba Walker,32.79197,36.47543,CHA
37030,PJ Hairston,41.29554,15.74746,CHA
37040,Ball,4.28141,24.75909,Ball
37040,Tim Duncan,10.72662,21.27503,SAS
37040,Tony Parker,27.54734,34.22721,SAS
37040,David West,5.5961,19.96076,SAS
37040,Danny Green,29.45252,14.91091,SAS
37040,Kawhi Leonard,9.82263,28.98045,SAS
37040,Al Jefferson,18.87146,15.92883,CHA
37040,Marvin Williams,13.44787,11.53133,CHA
37040,Nicolas Batum,8.31798,26.90017,CHA
37040,Kemba Walker,36.89828,37.16455,CHA
37040,PJ Hairston,46.85417,17.5503,CHA
37050,Ball,3.6067,24.97823,Ball
37050,Tim Duncan,10.14996,22.08818,SAS
37050,Tony Parker,27.39572,34.42595,SAS
37050,David West,3.8755,20.47018,SAS
37050,Danny Green,31.29911,13.77024,SAS
37050,Kawhi Leonard,10.13197,28.87663,SAS
37050,Al Jefferson,21.55903,16.25798,CHA
37050,Marvin Williams,16.48928,11.35706,CHA
37050,Nicolas Batum,9.20496,26.69839,CHA
37050,Kemba Walker,40.97868,37.37835,CHA
37050,PJ Hairston,52.26651,18.07039,CHA
37060,Ball,5.1305,25.77668,Ball
37060,Tim Duncan,10.33661,22.79024,SAS
37060,Tony Parker,26.6447,35.31701,SAS
37060,David West,2.29043,20.85146,SAS
37060,Danny Green,33.90896,12.79043,SAS
37060,Kawhi Leonard,11.98842,29.07035,SAS
37060,Al Jefferson,25.38097,17.07354,CHA
37060,Marvin Williams,20.34306,11.36014,CHA
37060,Nicolas Batum,12.01408,27.15915,CHA
37060,Kemba Walker,45.21229,36.72749,CHA
37060,PJ Hairston,56.51619,19.03084,CHA
37070,Ball,6.41198,26.54403,Ball
37070,Tim Duncan,10.3555,24.20114,SAS
37070,Tony Parker,25.28942,36.73506,SAS
37070,David West,0.9579900000000001,21.63365,SAS
37070,Danny Green,36.96356,11.43321,SAS
37070,Kawhi Leonard,15.54376,30.51089,SAS
37070,Al Jefferson,30.14955,17.34222,CHA
37070,Marvin Williams,24.57838,11.66532,CHA
37070,Nicolas Batum,16.13072,27.82628,CHA
37070,Kemba Walker,49.43685,35.58966,CHA
37070,PJ Hairston,60.6412,18.33978,CHA
37080,Ball,7.54155,26.97167,Ball
37080,Tim Duncan,10.5805,26.07595,SAS
37080,Tony Parker,24.06126,38.63869,SAS
37080,David West,0.22988000000000003,23.03159,SAS
37080,Danny Green,40.47489,9.80207,SAS
37080,Kawhi Leonard,20.38387,33.08626,SAS
37080,Al Jefferson,35.51677,17.91212,CHA
37080,Marvin Williams,28.87671,12.46187,CHA
37080,Nicolas Batum,21.16316,28.37496,CHA
37080,Kemba Walker,53.58685,34.34072,CHA
37080,PJ Hairston,64.32475,17.54216,CHA
37090,Ball,4.96634,26.1954,Ball
37090,Tim Duncan,11.92568,28.40915,SAS
37090,Tony Parker,23.3575,40.3972,SAS
37090,David West,-0.39345,24.11718,SAS
37090,Danny Green,44.31221,8.33786,SAS
37090,Kawhi Leonard,25.74002,35.77422,SAS
37090,Al Jefferson,41.05397,19.10286,CHA
37090,Marvin Williams,33.13587,13.41602,CHA
37090,Nicolas Batum,27.08756,29.55734,CHA
37090,Kemba Walker,57.03293,33.60499,CHA
37090,PJ Hairston,67.16861,17.58787,CHA
37100,Ball,1.12386,24.92511,Ball
37100,Tim Duncan,14.90437,30.7399,SAS
37100,Tony Parker,22.87415,41.61998,SAS
37100,David West,-0.59479,24.62406,SAS
37100,Danny Green,48.21452,7.08905,SAS
37100,Kawhi Leonard,31.46596,38.521,SAS
37100,Al Jefferson,46.50825,19.87855,CHA
37100,Marvin Williams,37.33479,14.44418,CHA
37100,Nicolas Batum,33.38478,31.22962,CHA
37100,Kemba Walker,59.58995,33.39014,CHA
37100,PJ Hairston,69.66919,17.21098,CHA
37110,Ball,2.0268100000000002,25.53527,Ball
37110,Tim Duncan,19.07038,32.30423,SAS
37110,Tony Parker,22.79492,42.05347,SAS
37110,David West,-0.07758000000000001,24.4473,SAS
37110,Danny Green,51.88403,6.16781,SAS
37110,Kawhi Leonard,37.4687,41.53367,SAS
37110,Al Jefferson,51.9627,20.80197,CHA
37110,Marvin Williams,41.37037,15.61442,CHA
37110,Nicolas Batum,39.82498,33.27214,CHA
37110,Kemba Walker,61.692,33.31499,CHA
37110,PJ Hairston,71.98411,16.00809,CHA
37120,Ball,11.00498,31.44195,Ball
37120,Tim Duncan,24.09014,32.88802,SAS
37120,Tony Parker,22.94398,42.16243,SAS
37120,David West,1.3464,23.99499,SAS
37120,Danny Green,55.81578,4.6561,SAS
37120,Kawhi Leonard,43.50564,44.16684,SAS
37120,Al Jefferson,57.29468,21.39369,CHA
37120,Marvin Williams,45.25181,16.87472,CHA
37120,Nicolas Batum,46.30944,35.54929,CHA
37120,Kemba Walker,63.09409,33.35266,CHA
37120,PJ Hairston,73.83406,14.9473,CHA
37130,Ball,19.12593,36.336,Ball
37130,Tim Duncan,29.68325,33.00029,SAS
37130,Tony Parker,23.63919,41.89404,SAS
37130,David West,4.3255,24.09312,SAS
37130,Danny Green,59.10222,4.24541,SAS
37130,Kawhi Leonard,49.72678,46.24754,SAS
37130,Al Jefferson,61.72122,22.82902,CHA
37130,Marvin Williams,48.87411,18.18748,CHA
37130,Nicolas Batum,52.62708,37.71233,CHA
37130,Kemba Walker,63.98459,33.28799,CHA
37130,PJ Hairston,75.45707,14.11418,CHA
37140,Ball,23.6938,39.34582,Ball
37140,Tim Duncan,35.53954,32.92262,SAS
37140,Tony Parker,25.37412,41.43497,SAS
37140,David West,8.45276,24.62123,SAS
37140,Danny Green,62.22594,4.10822,SAS
37140,Kawhi Leonard,55.66369,47.34198,SAS
37140,Al Jefferson,65.76718,23.63878,CHA
37140,Marvin Williams,52.32562,19.25373,CHA
37140,Nicolas Batum,58.6098,39.52617,CHA
37140,Kemba Walker,64.3274,33.22696,CHA
37140,PJ Hairston,76.79361,13.341380000000001,CHA
37150,Ball,28.63682,41.45425,Ball
37150,Tim Duncan,41.40644,32.80128,SAS
37150,Tony Parker,28.21012,41.58847,SAS
37150,David West,13.225,24.78869,SAS
37150,Danny Green,64.96805,4.03644,SAS
37150,Kawhi Leonard,61.16399,47.93523,SAS
37150,Al Jefferson,69.12566,23.86705,CHA
37150,Marvin Williams,55.6973,19.78344,CHA
37150,Nicolas Batum,63.47363,40.95142,CHA
37150,Kemba Walker,64.29527,33.4946,CHA
37150,PJ Hairston,77.50012,12.23458,CHA
37160,Ball,33.65205,42.91263,Ball
37160,Tim Duncan,47.30423,32.71221,SAS
37160,Tony Parker,32.18169,42.0407,SAS
37160,David West,18.31611,24.56675,SAS
37160,Danny Green,67.52794,3.83949,SAS
37160,Kawhi Leonard,66.3139,48.05664,SAS
37160,Al Jefferson,72.191,24.60009,CHA
37160,Marvin Williams,57.86135,20.66639,CHA
37160,Nicolas Batum,67.80837,41.84003,CHA
37160,Kemba Walker,64.20404,33.85421,CHA
37160,PJ Hairston,77.52535,11.34944,CHA
37170,Ball,37.4775,43.76522,Ball
37170,Tim Duncan,53.18198,32.65795,SAS
37170,Tony Parker,36.92166,42.65603,SAS
37170,David West,23.77955,24.48969,SAS
37170,Danny Green,69.43855,3.72251,SAS
37170,Kawhi Leonard,70.8897,48.04977,SAS
37170,Al Jefferson,74.30246,25.47888,CHA
37170,Marvin Williams,59.70451,21.6586,CHA
37170,Nicolas Batum,72.18709,41.63685,CHA
37170,Kemba Walker,64.36648,34.57648,CHA
37170,PJ Hairston,77.52738,9.99514,CHA
37180,Ball,43.47031,44.57721,Ball
37180,Tim Duncan,58.95797,32.57293,SAS
37180,Tony Parker,42.14863,43.34029,SAS
37180,David West,29.35454,24.45113,SAS
37180,Danny Green,70.96634,4.02706,SAS
37180,Kawhi Leonard,74.74194,47.76962,SAS
37180,Al Jefferson,75.8788,26.62495,CHA
37180,Marvin Williams,62.07144,21.99035,CHA
37180,Nicolas Batum,75.61019,41.13406,CHA
37180,Kemba Walker,65.28126,35.85624,CHA
37180,PJ Hairston,77.66127,9.55043,CHA
37190,Ball,48.36256,45.35892,Ball
37190,Tim Duncan,64.51884,32.72514,SAS
37190,Tony Parker,47.54276,44.14496,SAS
37190,David West,35.00033,24.36192,SAS
37190,Danny Green,72.36878,4.2428,SAS
37190,Kawhi Leonard,77.99775,47.36027,SAS
37190,Al Jefferson,77.45684,27.41265,CHA
37190,Marvin Williams,63.96587,22.7262,CHA
37190,Nicolas Batum,78.10246,41.09624,CHA
37190,Kemba Walker,66.83352,36.3629,CHA
37190,PJ Hairston,77.85646,9.83764,CHA
