5800,Ball,24.21278,44.46405,Ball
5800,Tyson Chandler,7.99432,31.06694,PHX
5800,PJ Tucker,12.03516,44.77117,PHX
5800,Alex Len,20.82627,26.112,PHX
5800,Archie Goodwin,24.58544,40.33922,PHX
5800,Devin Booker,17.05032,14.73257,PHX
5800,Kyle Korver,11.44109,48.42593,ATL
5800,Al Horford,35.35625,25.28163,ATL
5800,Tiago Splitter,4.36303,35.70628,ATL
5800,Jeff Teague,24.58735,42.48926,ATL
5800,Kent Bazemore,28.09244,6.66885,ATL
5810,Ball,24.09385,39.95254,Ball
5810,Tyson Chandler,7.56695,30.76138,PHX
5810,PJ Tucker,12.12776,44.24778,PHX
5810,Alex Len,19.6975,25.97674,PHX
5810,Archie Goodwin,20.14141,39.43239,PHX
5810,Devin Booker,15.83323,14.79643,PHX
5810,Kyle Korver,11.2876,49.00601,ATL
5810,Al Horford,32.932900000000004,25.30691,ATL
5810,Tiago Splitter,3.7265,35.635,ATL
5810,Jeff Teague,22.18745,40.94053,ATL
5810,Kent Bazemore,27.75702,6.5646,ATL
5820,Ball,24.85957,36.60733,Ball
5820,Tyson Chandler,6.7769200000000005,31.13647,PHX
5820,PJ Tucker,12.28178,43.26425,PHX
5820,Alex Len,20.57504,25.67205,PHX
5820,Archie Goodwin,18.70892,37.92973,PHX
5820,Devin Booker,16.16403,14.21112,PHX
5820,Kyle Korver,11.32001,49.13061,ATL
5820,Al Horford,31.46557,25.16935,ATL
5820,Tiago Splitter,3.7861000000000002,35.37363,ATL
5820,Jeff Teague,22.83891,38.69403,ATL
5820,Kent Bazemore,28.11366,6.6753,ATL
5830,Ball,26.1829,34.85025,Ball
5830,Tyson Chandler,6.37901,31.14799,PHX
5830,PJ Tucker,12.59798,42.06462,PHX
5830,Alex Len,21.34061,25.85559,PHX
5830,Archie Goodwin,19.39736,35.38077,PHX
5830,Devin Booker,18.25326,13.10078,PHX
5830,Kyle Korver,11.53356,49.05547,ATL
5830,Al Horford,30.69,24.95561,ATL
5830,Tiago Splitter,4.61003,35.34827,ATL
5830,Jeff Teague,25.16368,35.43899,ATL
5830,Kent Bazemore,28.58651,6.81745,ATL
5840,Ball,29.40589,31.48313,Ball
5840,Tyson Chandler,6.16679,31.20271,PHX
5840,PJ Tucker,12.31519,41.83505,PHX
5840,Alex Len,21.29626,26.14244,PHX
5840,Archie Goodwin,21.27177,32.35478,PHX
5840,Devin Booker,20.86013,11.95428,PHX
5840,Kyle Korver,11.57853,48.95026,ATL
5840,Al Horford,29.58007,24.34699,ATL
5840,Tiago Splitter,5.7994,34.98075,ATL
5840,Jeff Teague,27.89753,32.10017,ATL
5840,Kent Bazemore,28.86133,6.85011,ATL
5840,Ball,29.63899,30.89866,Ball
5840,Tyson Chandler,6.1593,31.21465,PHX
5840,PJ Tucker,12.25751,41.8262,PHX
5840,Alex Len,21.21951,26.10874,PHX
5840,Archie Goodwin,21.48341,32.01844,PHX
5840,Devin Booker,21.09729,11.86636,PHX
5840,Kyle Korver,11.55935,48.93893,ATL
5840,Al Horford,29.46348,24.32518,ATL
5840,Tiago Splitter,5.89403,34.89768,ATL
5840,Jeff Teague,28.1514,31.77212,ATL
5840,Kent Bazemore,28.87006,6.82285,ATL
5850,Ball,30.40246,28.36417,Ball
5850,Tyson Chandler,6.25616,31.11042,PHX
5850,PJ Tucker,11.76316,41.5259,PHX
5850,Alex Len,20.76022,25.9495,PHX
5850,Archie Goodwin,23.3967,29.14354,PHX
5850,Devin Booker,22.77467,10.92898,PHX
5850,Kyle Korver,11.20672,48.80706,ATL
5850,Al Horford,27.26781,23.38854,ATL
5850,Tiago Splitter,6.83003,34.17854,ATL
5850,Jeff Teague,30.16429,29.14925,ATL
5850,Kent Bazemore,28.564,6.34946,ATL
5860,Ball,31.78967,28.22565,Ball
5860,Tyson Chandler,7.11869,30.7074,PHX
5860,PJ Tucker,11.41787,40.96051,PHX
5860,Alex Len,19.67932,25.2662,PHX
5860,Archie Goodwin,25.11529,27.24136,PHX
5860,Devin Booker,22.41937,10.34529,PHX
5860,Kyle Korver,10.92564,48.68866,ATL
5860,Al Horford,23.33151,21.7601,ATL
5860,Tiago Splitter,9.21876,33.63021,ATL
5860,Jeff Teague,31.98459,27.61721,ATL
5860,Kent Bazemore,27.30364,5.62885,ATL
5870,Ball,33.49877,28.6897,Ball
5870,Tyson Chandler,9.66592,30.3045,PHX
5870,PJ Tucker,11.23167,41.05942,PHX
5870,Alex Len,17.660330000000002,23.80356,PHX
5870,Archie Goodwin,27.23158,27.21917,PHX
5870,Devin Booker,20.30571,10.33062,PHX
5870,Kyle Korver,10.90379,48.67689,ATL
5870,Al Horford,18.69781,20.67445,ATL
5870,Tiago Splitter,12.92752,32.305930000000004,ATL
5870,Jeff Teague,33.4486,27.10307,ATL
5870,Kent Bazemore,25.4668,4.88133,ATL
5880,Ball,34.65325,29.37602,Ball
5880,Tyson Chandler,13.40721,29.92204,PHX
5880,PJ Tucker,11.22832,41.16135,PHX
5880,Alex Len,15.27739,22.27547,PHX
5880,Archie Goodwin,28.92017,26.79872,PHX
5880,Devin Booker,18.0451,10.37124,PHX
5880,Kyle Korver,10.28076,48.55317,ATL
5880,Al Horford,14.26323,19.80051,ATL
5880,Tiago Splitter,17.49745,30.38711,ATL
5880,Jeff Teague,34.12817,27.44325,ATL
5880,Kent Bazemore,23.45534,4.34518,ATL
5890,Ball,33.06235,30.71989,Ball
5890,Tyson Chandler,17.01111,29.41383,PHX
5890,PJ Tucker,11.18523,40.97728,PHX
5890,Alex Len,12.80702,21.20749,PHX
5890,Archie Goodwin,29.21356,27.37706,PHX
5890,Devin Booker,15.95242,10.61798,PHX
5890,Kyle Korver,9.87266,48.57696,ATL
5890,Al Horford,10.14072,19.55692,ATL
5890,Tiago Splitter,21.88379,29.03733,ATL
5890,Jeff Teague,32.81044,28.86524,ATL
5890,Kent Bazemore,22.077,3.85776,ATL
5890,Ball,32.57292,31.04976,Ball
5890,Tyson Chandler,17.3094,29.35818,PHX
5890,PJ Tucker,11.14923,41.00213,PHX
5890,Alex Len,12.54882,21.16693,PHX
5890,Archie Goodwin,29.16269,27.51216,PHX
5890,Devin Booker,15.75563,10.68405,PHX
5890,Kyle Korver,9.88177,48.58547,ATL
5890,Al Horford,9.80627,19.65867,ATL
5890,Tiago Splitter,22.29489,29.02097,ATL
5890,Jeff Teague,32.54421,29.08606,ATL
5890,Kent Bazemore,21.98783,3.83164,ATL
5900,Ball,29.63065,33.79613,Ball
5900,Tyson Chandler,18.86556,29.08028,PHX
5900,PJ Tucker,10.61684,41.25332,PHX
5900,Alex Len,10.38796,21.42634,PHX
5900,Archie Goodwin,28.19939,29.37496,PHX
5900,Devin Booker,14.28383,11.54266,PHX
5900,Kyle Korver,10.00005,48.65601,ATL
5900,Al Horford,7.09488,21.28193,ATL
5900,Tiago Splitter,25.23394,29.1264,ATL
5900,Jeff Teague,29.02315,31.3967,ATL
5900,Kent Bazemore,21.59847,3.88255,ATL
5910,Ball,22.90459,35.16835,Ball
5910,Tyson Chandler,18.10771,29.57442,PHX
5910,PJ Tucker,10.22323,40.29837,PHX
5910,Alex Len,8.817730000000001,22.59593,PHX
5910,Archie Goodwin,26.51236,32.12382,PHX
5910,Devin Booker,13.28075,13.15797,PHX
5910,Kyle Korver,9.78753,48.72577,ATL
5910,Al Horford,5.45286,23.60064,ATL
5910,Tiago Splitter,25.73559,28.0767,ATL
5910,Jeff Teague,23.92134,33.58296,ATL
5910,Kent Bazemore,22.20336,4.3788,ATL
5920,Ball,18.94789,31.90709,Ball
5920,Tyson Chandler,15.24786,30.69926,PHX
5920,PJ Tucker,10.37558,39.31557,PHX
5920,Alex Len,7.77228,25.67194,PHX
5920,Archie Goodwin,23.30115,33.85341,PHX
5920,Devin Booker,12.84438,14.76551,PHX
5920,Kyle Korver,10.72422,48.55296,ATL
5920,Al Horford,5.19918,26.54772,ATL
5920,Tiago Splitter,23.31043,26.49045,ATL
5920,Jeff Teague,19.396630000000002,34.82525,ATL
5920,Kent Bazemore,23.48086,5.15955,ATL
5930,Ball,18.24048,25.52145,Ball
5930,Tyson Chandler,12.61188,31.55255,PHX
5930,PJ Tucker,10.83823,39.07919,PHX
5930,Alex Len,7.35562,26.67424,PHX
5930,Archie Goodwin,19.62136,34.14506,PHX
5930,Devin Booker,11.81219,15.46313,PHX
5930,Kyle Korver,12.93188,48.22872,ATL
5930,Al Horford,5.69156,28.73258,ATL
5930,Tiago Splitter,18.83953,25.10022,ATL
5930,Jeff Teague,16.99535,36.06723,ATL
5930,Kent Bazemore,24.6927,6.56529,ATL
5940,Ball,13.03987,24.3227,Ball
5940,Tyson Chandler,11.14909,29.95303,PHX
5940,PJ Tucker,10.78047,39.06621,PHX
5940,Alex Len,8.18871,25.17028,PHX
5940,Archie Goodwin,16.93117,33.85402,PHX
5940,Devin Booker,10.56526,15.77604,PHX
5940,Kyle Korver,14.34189,47.83176,ATL
5940,Al Horford,6.86846,29.55324,ATL
5940,Tiago Splitter,13.55802,24.04542,ATL
5940,Jeff Teague,17.00336,37.05461,ATL
5940,Kent Bazemore,26.23882,8.32804,ATL
5940,Ball,12.36507,24.26613,Ball
5940,Tyson Chandler,11.07989,29.68179,PHX
5940,PJ Tucker,10.74647,39.05378,PHX
5940,Alex Len,8.30244,25.08427,PHX
5940,Archie Goodwin,16.7304,33.79279,PHX
5940,Devin Booker,10.46552,15.79562,PHX
5940,Kyle Korver,14.36231,47.80076,ATL
5940,Al Horford,7.0122,29.56009,ATL
5940,Tiago Splitter,13.0356,23.96062,ATL
5940,Jeff Teague,17.08049,37.10855,ATL
5940,Kent Bazemore,26.41989,8.50315,ATL
5950,Ball,7.81679,21.61752,Ball
5950,Tyson Chandler,10.27394,27.84386,PHX
5950,PJ Tucker,10.23621,38.5771,PHX
5950,Alex Len,8.7387,24.42337,PHX
5950,Archie Goodwin,15.46629,33.1307,PHX
5950,Devin Booker,9.77955,16.08034,PHX
5950,Kyle Korver,13.84849,47.70791,ATL
5950,Al Horford,8.05176,29.36557,ATL
5950,Tiago Splitter,9.33028,22.984090000000002,ATL
5950,Jeff Teague,18.1335,37.30997,ATL
5950,Kent Bazemore,27.65068,9.90787,ATL
5960,Ball,6.13742,22.00074,Ball
5960,Tyson Chandler,9.33117,26.1112,PHX
5960,PJ Tucker,10.08173,38.33291,PHX
5960,Alex Len,7.66966,24.50197,PHX
5960,Archie Goodwin,13.91178,32.39155,PHX
5960,Devin Booker,9.66752,16.12545,PHX
5960,Kyle Korver,13.54858,47.50839,ATL
5960,Al Horford,8.42075,28.82037,ATL
5960,Tiago Splitter,7.5065100000000005,22.17911,ATL
5960,Jeff Teague,19.89753,36.70586,ATL
5960,Kent Bazemore,28.7175,11.38816,ATL
5970,Ball,7.01823,22.50723,Ball
5970,Tyson Chandler,9.24096,24.98859,PHX
5970,PJ Tucker,10.6202,38.55322,PHX
5970,Alex Len,6.79381,24.31372,PHX
5970,Archie Goodwin,12.58098,31.7312,PHX
5970,Devin Booker,10.21098,15.95142,PHX
5970,Kyle Korver,14.92398,46.90288,ATL
5970,Al Horford,8.78411,28.17859,ATL
5970,Tiago Splitter,6.60679,22.0666,ATL
5970,Jeff Teague,22.49813,35.71013,ATL
5970,Kent Bazemore,30.20781,12.651720000000001,ATL
5980,Ball,6.13609,22.01216,Ball
5980,Tyson Chandler,10.91163,23.3778,PHX
5980,PJ Tucker,12.61088,39.20062,PHX
5980,Alex Len,6.63079,23.61253,PHX
5980,Archie Goodwin,11.47958,31.15635,PHX
5980,Devin Booker,12.01515,15.68115,PHX
5980,Kyle Korver,17.62417,46.08532,ATL
5980,Al Horford,11.06437,27.39638,ATL
5980,Tiago Splitter,5.55337,21.56419,ATL
5980,Jeff Teague,26.23236,34.59045,ATL
5980,Kent Bazemore,32.6435,13.43573,ATL
5990,Ball,10.26133,20.37809,Ball
5990,Tyson Chandler,13.95478,21.54763,PHX
5990,PJ Tucker,16.47755,40.27324,PHX
5990,Alex Len,7.36528,22.71674,PHX
5990,Archie Goodwin,10.92731,30.64384,PHX
5990,Devin Booker,15.2707,14.36116,PHX
5990,Kyle Korver,21.98195,44.70834,ATL
5990,Al Horford,14.54347,26.92873,ATL
5990,Tiago Splitter,-0.5565500000000001,18.366,ATL
5990,Jeff Teague,30.91804,33.45566,ATL
5990,Kent Bazemore,36.03075,14.10519,ATL
5990,Ball,11.36463,19.87966,Ball
5990,Tyson Chandler,14.32315,21.40289,PHX
5990,PJ Tucker,16.937,40.39193,PHX
5990,Alex Len,7.46502,22.63321,PHX
5990,Archie Goodwin,10.9531,30.5948,PHX
5990,Devin Booker,15.6531,14.20547,PHX
5990,Kyle Korver,22.49542,44.56542,ATL
5990,Al Horford,14.92392,26.90814,ATL
5990,Tiago Splitter,-1.323,18.00909,ATL
5990,Jeff Teague,31.43162,33.34587,ATL
5990,Kent Bazemore,36.41623,14.17179,ATL
6000,Ball,20.25479,14.1497,Ball
6000,Tyson Chandler,18.75894,20.43044,PHX
6000,PJ Tucker,21.5512,41.65826,PHX
6000,Alex Len,9.19365,21.95873,PHX
6000,Archie Goodwin,12.26178,30.10003,PHX
6000,Devin Booker,19.74923,12.7295,PHX
6000,Kyle Korver,27.73671,43.1416,ATL
6000,Al Horford,19.71397,26.4387,ATL
6000,Tiago Splitter,-4.75123,16.44017,ATL
6000,Jeff Teague,36.36968,32.47081,ATL
6000,Kent Bazemore,40.22092,14.71281,ATL
6010,Ball,25.90343,10.90824,Ball
6010,Tyson Chandler,24.72628,20.25501,PHX
6010,PJ Tucker,27.48569,43.21893,PHX
6010,Alex Len,12.83376,21.00036,PHX
6010,Archie Goodwin,15.57478,29.70469,PHX
6010,Devin Booker,25.52477,10.90973,PHX
6010,Kyle Korver,34.41886,41.57863,ATL
6010,Al Horford,26.40492,26.02277,ATL
6010,Tiago Splitter,-4.79287,16.45515,ATL
6010,Jeff Teague,42.08963,31.48557,ATL
6010,Kent Bazemore,44.90612,15.01509,ATL
6020,Ball,33.0603,7.64348,Ball
6020,Tyson Chandler,31.4053,20.71874,PHX
6020,PJ Tucker,34.09293,44.71473,PHX
6020,Alex Len,17.93791,19.9148,PHX
6020,Archie Goodwin,20.07885,29.99221,PHX
6020,Devin Booker,31.906390000000002,9.190010000000001,PHX
6020,Kyle Korver,41.62904,40.2764,ATL
6020,Al Horford,33.78002,25.639,ATL
6020,Tiago Splitter,-4.95515,16.40052,ATL
6020,Jeff Teague,47.86706,30.46746,ATL
6020,Kent Bazemore,49.85711,14.94541,ATL
6030,Ball,39.67278,6.90202,Ball
6030,Tyson Chandler,38.16943,21.38287,PHX
6030,PJ Tucker,41.09505,45.992490000000004,PHX
6030,Alex Len,24.10963,18.9991,PHX
6030,Archie Goodwin,25.45342,30.63926,PHX
6030,Devin Booker,38.75065,7.88166,PHX
6030,Kyle Korver,48.8808,39.07915,ATL
6030,Al Horford,41.26765,25.10379,ATL
6030,Tiago Splitter,-4.34354,16.4222,ATL
6030,Jeff Teague,53.37647,29.28341,ATL
6030,Kent Bazemore,54.72573,14.57748,ATL
6040,Ball,46.30517,6.5577,Ball
6040,Tyson Chandler,45.02322,21.90675,PHX
6040,PJ Tucker,48.23952,47.11192,PHX
6040,Alex Len,30.77034,18.38219,PHX
6040,Archie Goodwin,31.37145,31.3075,PHX
6040,Devin Booker,45.44009,7.49712,PHX
6040,Kyle Korver,55.8479,37.86419,ATL
6040,Al Horford,48.78009,24.3273,ATL
6040,Tiago Splitter,0.6514300000000001,16.64282,ATL
6040,Jeff Teague,58.5763,28.50749,ATL
6040,Kent Bazemore,59.28001,14.01211,ATL
6040,Ball,46.6456,6.46961,Ball
6040,Tyson Chandler,45.71934,21.95039,PHX
6040,PJ Tucker,48.94538,47.21131,PHX
6040,Alex Len,31.46453,18.35366,PHX
6040,Archie Goodwin,31.9705,31.3617,PHX
6040,Devin Booker,46.09639,7.48196,PHX
6040,Kyle Korver,56.5019,37.73033,ATL
6040,Al Horford,49.51804,24.24338,ATL
6040,Tiago Splitter,1.28305,16.66723,ATL
6040,Jeff Teague,59.05357,28.45766,ATL
6040,Kent Bazemore,59.70739,13.96157,ATL
