8160,Ball,21.18498,16.5498,Ball
8160,Al-Farouq Aminu,68.07442,35.55864,POR
8160,Damian Lillard,32.9335,20.366,POR
8160,Mason Plumlee,79.88196,24.09668,POR
8160,CJ McCollum,66.97307,12.29583,POR
8160,Meyers Leonard,64.80222,26.24747,POR
8160,Ersan Ilyasova,15.45566,29.96459,DET
8160,Reggie Jackson,20.58711,15.60425,DET
8160,Marcus Morris,56.71087,43.61988,DET
8160,Kentavious Caldwell-Pope,58.42961,2.24853,DET
8160,Andre Drummond,62.26576,23.56554,DET
8170,Ball,27.23115,14.64187,Ball
8170,Al-Farouq Aminu,70.29855,36.1242,POR
8170,Damian Lillard,35.87475,19.73153,POR
8170,Mason Plumlee,78.86032,23.76686,POR
8170,CJ McCollum,68.54896,11.79354,POR
8170,Meyers Leonard,65.05543,26.19903,POR
8170,Ersan Ilyasova,20.55338,30.73775,DET
8170,Reggie Jackson,24.78063,14.94548,DET
8170,Marcus Morris,60.91625,44.31389,DET
8170,Kentavious Caldwell-Pope,60.48438,2.53901,DET
8170,Andre Drummond,66.26042,22.30722,DET
8180,Ball,30.75568,12.88787,Ball
8180,Al-Farouq Aminu,72.47341,36.4894,POR
8180,Damian Lillard,39.23474,18.89814,POR
8180,Mason Plumlee,78.15789,23.13178,POR
8180,CJ McCollum,70.12166,11.17004,POR
8180,Meyers Leonard,65.46647,26.44664,POR
8180,Ersan Ilyasova,25.79602,31.3409,DET
8180,Reggie Jackson,29.45294,13.71943,DET
8180,Marcus Morris,64.90997,44.81152,DET
8180,Kentavious Caldwell-Pope,62.00729,2.55216,DET
8180,Andre Drummond,70.06929,21.17084,DET
8190,Ball,34.70291,12.28929,Ball
8190,Al-Farouq Aminu,74.79787,36.94797,POR
8190,Damian Lillard,42.97732,17.90721,POR
8190,Mason Plumlee,77.641,22.41587,POR
8190,CJ McCollum,71.30836,10.59803,POR
8190,Meyers Leonard,65.78705,27.0078,POR
8190,Ersan Ilyasova,31.05328,31.44249,DET
8190,Reggie Jackson,34.52209,12.71197,DET
8190,Marcus Morris,68.43979,45.18023,DET
8190,Kentavious Caldwell-Pope,62.46582,2.49879,DET
8190,Andre Drummond,73.38011,20.16419,DET
8200,Ball,46.16624,8.74804,Ball
8200,Al-Farouq Aminu,76.86421,37.13937,POR
8200,Damian Lillard,46.90996,16.59378,POR
8200,Mason Plumlee,77.70533,21.80416,POR
8200,CJ McCollum,71.71961,10.43701,POR
8200,Meyers Leonard,66.32164,27.2331,POR
8200,Ersan Ilyasova,36.26992,31.26189,DET
8200,Reggie Jackson,40.11468,11.78287,DET
8200,Marcus Morris,71.41366,45.3115,DET
8200,Kentavious Caldwell-Pope,61.97838,2.46303,DET
8200,Andre Drummond,76.08926,19.41383,DET
8210,Ball,60.66398,3.39956,Ball
8210,Al-Farouq Aminu,78.98942,36.96729,POR
8210,Damian Lillard,51.31868,15.37822,POR
8210,Mason Plumlee,78.05183,20.66776,POR
8210,CJ McCollum,71.28087,9.71441,POR
8210,Meyers Leonard,67.06047,27.29119,POR
8210,Ersan Ilyasova,41.40513,30.7589,DET
8210,Reggie Jackson,45.81163,11.68258,DET
8210,Marcus Morris,73.9569,45.20361,DET
8210,Kentavious Caldwell-Pope,62.06973,2.55709,DET
8210,Andre Drummond,78.10504,18.83054,DET
8220,Ball,62.31575,3.57593,Ball
8220,Al-Farouq Aminu,81.05206,36.78388,POR
8220,Damian Lillard,55.91918,14.66282,POR
8220,Mason Plumlee,78.38913,18.86604,POR
8220,CJ McCollum,70.52024,8.91991,POR
8220,Meyers Leonard,67.95752,27.56537,POR
8220,Ersan Ilyasova,46.40604,29.91807,DET
8220,Reggie Jackson,51.47209,12.65286,DET
8220,Marcus Morris,76.20215,44.75542,DET
8220,Kentavious Caldwell-Pope,62.87829,2.96755,DET
8220,Andre Drummond,79.91849,18.321,DET
8230,Ball,63.24973,5.01206,Ball
8230,Al-Farouq Aminu,82.72303,36.35901,POR
8230,Damian Lillard,60.37222,15.11217,POR
8230,Mason Plumlee,78.89496,16.7361,POR
8230,CJ McCollum,69.82774,8.36097,POR
8230,Meyers Leonard,68.43107,27.59878,POR
8230,Ersan Ilyasova,50.9287,29.03158,DET
8230,Reggie Jackson,56.81857,14.64042,DET
8230,Marcus Morris,78.01998,43.5973,DET
8230,Kentavious Caldwell-Pope,63.59635,3.6362,DET
8230,Andre Drummond,81.35513,17.52525,DET
8240,Ball,63.22115,5.55427,Ball
8240,Al-Farouq Aminu,83.83625,35.46107,POR
8240,Damian Lillard,64.30283,16.91508,POR
8240,Mason Plumlee,79.79009,16.73014,POR
8240,CJ McCollum,69.52861,8.00486,POR
8240,Meyers Leonard,68.56824,26.96664,POR
8240,Ersan Ilyasova,54.60749,28.06356,DET
8240,Reggie Jackson,61.70003,17.17372,DET
8240,Marcus Morris,79.45674,42.01582,DET
8240,Kentavious Caldwell-Pope,63.64851,4.92905,DET
8240,Andre Drummond,81.27489,17.14197,DET
8250,Ball,60.92156,14.850200000000001,Ball
8250,Al-Farouq Aminu,84.0605,34.85322,POR
8250,Damian Lillard,66.98111,19.14066,POR
8250,Mason Plumlee,79.29819,17.67681,POR
8250,CJ McCollum,69.42794,8.80449,POR
8250,Meyers Leonard,67.53198,25.96156,POR
8250,Ersan Ilyasova,57.55552,27.3504,DET
8250,Reggie Jackson,65.93012,19.60905,DET
8250,Marcus Morris,80.54711,39.96719,DET
8250,Kentavious Caldwell-Pope,63.56596,6.42427,DET
8250,Andre Drummond,81.24606,17.49294,DET
8260,Ball,58.67856,25.70511,Ball
8260,Al-Farouq Aminu,83.53659,34.20218,POR
8260,Damian Lillard,69.84028,21.39001,POR
8260,Mason Plumlee,79.04442,18.88348,POR
8260,CJ McCollum,69.98078,9.85099,POR
8260,Meyers Leonard,67.69211,25.56242,POR
8260,Ersan Ilyasova,59.71444,26.95491,DET
8260,Reggie Jackson,69.06929,22.20446,DET
8260,Marcus Morris,81.50522,37.46687,DET
8260,Kentavious Caldwell-Pope,64.31039,6.4742,DET
8260,Andre Drummond,80.54972,16.93761,DET
8270,Ball,62.9127,27.75419,Ball
8270,Al-Farouq Aminu,82.63865,33.30339,POR
8270,Damian Lillard,72.83069,23.61279,POR
8270,Mason Plumlee,80.04007,20.36699,POR
8270,CJ McCollum,70.97432,10.72954,POR
8270,Meyers Leonard,68.74883,26.25347,POR
8270,Ersan Ilyasova,61.82045,27.86748,DET
8270,Reggie Jackson,71.0062,25.6078,DET
8270,Marcus Morris,82.06263,34.30631,DET
8270,Kentavious Caldwell-Pope,65.35003,6.68006,DET
8270,Andre Drummond,81.40716,16.23247,DET
8280,Ball,63.54586,31.70601,Ball
8280,Al-Farouq Aminu,82.02647,32.01978,POR
8280,Damian Lillard,74.25412,27.56638,POR
8280,Mason Plumlee,80.98416,20.933230000000002,POR
8280,CJ McCollum,72.09189,11.49039,POR
8280,Meyers Leonard,69.64685,27.15991,POR
8280,Ersan Ilyasova,63.01588,29.00169,DET
8280,Reggie Jackson,70.70907,29.78968,DET
8280,Marcus Morris,81.78969,32.80137,DET
8280,Kentavious Caldwell-Pope,66.34263,6.68823,DET
8280,Andre Drummond,82.13809,15.86836,DET
8290,Ball,67.25928,34.67231,Ball
8290,Al-Farouq Aminu,81.86568,31.34017,POR
8290,Damian Lillard,73.60388,31.04026,POR
8290,Mason Plumlee,81.92632,20.64991,POR
8290,CJ McCollum,73.18522,11.84661,POR
8290,Meyers Leonard,70.04103,27.59765,POR
8290,Ersan Ilyasova,63.85479,28.07129,DET
8290,Reggie Jackson,69.38709,34.01989,DET
8290,Marcus Morris,80.57758,31.40954,DET
8290,Kentavious Caldwell-Pope,67.49498,6.06619,DET
8290,Andre Drummond,82.46353,16.258,DET
8300,Ball,67.80608,37.97149,Ball
8300,Al-Farouq Aminu,81.86282,30.48888,POR
8300,Damian Lillard,72.87778,34.26839,POR
8300,Mason Plumlee,82.96251,20.02792,POR
8300,CJ McCollum,74.03423,12.68699,POR
8300,Meyers Leonard,70.83102,27.75281,POR
8300,Ersan Ilyasova,64.82544,26.33474,DET
8300,Reggie Jackson,68.47122,37.48353,DET
8300,Marcus Morris,80.41584,29.3468,DET
8300,Kentavious Caldwell-Pope,68.73986,4.9366900000000005,DET
8300,Andre Drummond,82.16637,16.86902,DET
8310,Ball,67.5597,40.02983,Ball
8310,Al-Farouq Aminu,82.12033,29.56326,POR
8310,Damian Lillard,72.09084,36.16966,POR
8310,Mason Plumlee,81.93856,18.88811,POR
8310,CJ McCollum,74.66462,13.48207,POR
8310,Meyers Leonard,71.95816,26.66161,POR
8310,Ersan Ilyasova,66.5719,24.98123,DET
8310,Reggie Jackson,68.53806,39.89351,DET
8310,Marcus Morris,81.91105,27.30283,DET
8310,Kentavious Caldwell-Pope,70.72921,4.04014,DET
8310,Andre Drummond,81.06774,18.11999,DET
8320,Ball,67.80686,40.34255,Ball
8320,Al-Farouq Aminu,82.2439,29.59265,POR
8320,Damian Lillard,72.30588,37.4487,POR
8320,Mason Plumlee,80.00906,20.62238,POR
8320,CJ McCollum,75.67493,13.6711,POR
8320,Meyers Leonard,73.28314,25.54153,POR
8320,Ersan Ilyasova,68.43181,24.35776,DET
8320,Reggie Jackson,68.55299,40.97807,DET
8320,Marcus Morris,81.49337,25.05567,DET
8320,Kentavious Caldwell-Pope,72.72448,3.40768,DET
8320,Andre Drummond,80.00906,20.62238,DET
8330,Ball,67.92126,40.72045,Ball
8330,Al-Farouq Aminu,81.64817,29.85461,POR
8330,Damian Lillard,72.69744,37.89278,POR
8330,Mason Plumlee,79.06591,22.73898,POR
8330,CJ McCollum,77.06105,13.25977,POR
8330,Meyers Leonard,74.3401,25.54664,POR
8330,Ersan Ilyasova,69.9016,23.85662,DET
8330,Reggie Jackson,68.8561,41.53494,DET
8330,Marcus Morris,79.92844,24.8422,DET
8330,Kentavious Caldwell-Pope,74.76261,2.7530900000000003,DET
8330,Andre Drummond,79.27179,22.34414,DET
8340,Ball,68.21141,40.95428,Ball
8340,Al-Farouq Aminu,81.24743,29.76993,POR
8340,Damian Lillard,72.12425,38.46409,POR
8340,Mason Plumlee,78.15846,24.6881,POR
8340,CJ McCollum,78.53213,13.1941,POR
8340,Meyers Leonard,74.93302,25.55243,POR
8340,Ersan Ilyasova,70.95556,23.53496,DET
8340,Reggie Jackson,69.08181,41.82937,DET
8340,Marcus Morris,78.55604,26.25211,DET
8340,Kentavious Caldwell-Pope,77.05752,2.43559,DET
8340,Andre Drummond,79.83414,22.08207,DET
8350,Ball,68.5471,42.07363,Ball
8350,Al-Farouq Aminu,81.39539,29.38869,POR
8350,Damian Lillard,70.87682,39.24606,POR
8350,Mason Plumlee,80.18522,25.15468,POR
8350,CJ McCollum,79.748,12.91654,POR
8350,Meyers Leonard,75.47162,25.70886,POR
8350,Ersan Ilyasova,70.8835,23.2942,DET
8350,Reggie Jackson,69.21886,41.92899,DET
8350,Marcus Morris,76.80846,27.22618,DET
8350,Kentavious Caldwell-Pope,78.99694,1.97469,DET
8350,Andre Drummond,81.33121,21.87046,DET
8360,Ball,70.0148,43.24118,Ball
8360,Al-Farouq Aminu,81.04447,29.41451,POR
8360,Damian Lillard,70.87472,40.13794,POR
8360,Mason Plumlee,83.40553,25.13817,POR
8360,CJ McCollum,80.73496,12.69291,POR
8360,Meyers Leonard,75.25039,25.75208,POR
8360,Ersan Ilyasova,69.69299,22.00556,DET
8360,Reggie Jackson,69.96765,42.40915,DET
8360,Marcus Morris,75.24963,28.12843,DET
8360,Kentavious Caldwell-Pope,81.03179,1.6325500000000002,DET
8360,Andre Drummond,81.22853,22.02469,DET
8370,Ball,69.99384,43.83044,Ball
8370,Al-Farouq Aminu,79.02902,29.5504,POR
8370,Damian Lillard,71.11821,40.80413,POR
8370,Mason Plumlee,84.17699,24.97834,POR
8370,CJ McCollum,81.56561,13.06862,POR
8370,Meyers Leonard,74.16507,24.3683,POR
8370,Ersan Ilyasova,69.29846,20.83814,DET
8370,Reggie Jackson,69.88394,42.78688,DET
8370,Marcus Morris,72.9845,29.2069,DET
8370,Kentavious Caldwell-Pope,82.93992,1.6528,DET
8370,Andre Drummond,81.34529,24.78835,DET
8380,Ball,69.28787,43.55097,Ball
8380,Al-Farouq Aminu,76.08954,29.48304,POR
8380,Damian Lillard,71.18847,40.7689,POR
8380,Mason Plumlee,82.95608,25.1713,POR
8380,CJ McCollum,82.27916,13.236650000000001,POR
8380,Meyers Leonard,73.5627,23.84042,POR
8380,Ersan Ilyasova,70.30255,20.32473,DET
8380,Reggie Jackson,69.05002,42.76213,DET
8380,Marcus Morris,69.47354,29.68086,DET
8380,Kentavious Caldwell-Pope,84.46292,1.49504,DET
8380,Andre Drummond,82.32811,28.88801,DET
8390,Ball,73.74051,40.95762,Ball
8390,Al-Farouq Aminu,73.08982,28.76161,POR
8390,Damian Lillard,71.35552,40.72052,POR
8390,Mason Plumlee,82.31427,27.81584,POR
8390,CJ McCollum,82.87088,13.05914,POR
8390,Meyers Leonard,74.50481,23.56425,POR
8390,Ersan Ilyasova,71.67906,20.36228,DET
8390,Reggie Jackson,68.99374,42.76775,DET
8390,Marcus Morris,65.83762,29.12341,DET
8390,Kentavious Caldwell-Pope,85.53623,1.53015,DET
8390,Andre Drummond,82.60763,31.83988,DET
8400,Ball,83.15827,35.668260000000004,Ball
8400,Al-Farouq Aminu,70.35517,27.3351,POR
8400,Damian Lillard,71.25575,40.25156,POR
8400,Mason Plumlee,83.33027,29.71591,POR
8400,CJ McCollum,83.65742,13.46183,POR
8400,Meyers Leonard,75.94329,23.17204,POR
8400,Ersan Ilyasova,72.81672,20.20016,DET
8400,Reggie Jackson,68.69924,42.127,DET
8400,Marcus Morris,62.61822,27.74104,DET
8400,Kentavious Caldwell-Pope,86.52034,1.3603100000000001,DET
8400,Andre Drummond,82.45262,34.26664,DET
8410,Ball,82.21503,35.75436,Ball
8410,Al-Farouq Aminu,69.23245,26.1155,POR
8410,Damian Lillard,71.86585,38.8005,POR
8410,Mason Plumlee,84.31479,30.99742,POR
8410,CJ McCollum,84.78067,14.14793,POR
8410,Meyers Leonard,77.08564,22.49678,POR
8410,Ersan Ilyasova,72.36681,18.87573,DET
8410,Reggie Jackson,68.49991,41.1437,DET
8410,Marcus Morris,60.71799,25.96045,DET
8410,Kentavious Caldwell-Pope,86.71928,0.9718500000000001,DET
8410,Andre Drummond,82.69647,35.0749,DET
8420,Ball,82.23105,35.30172,Ball
8420,Al-Farouq Aminu,70.12894,25.18637,POR
8420,Damian Lillard,72.77426,36.86985,POR
8420,Mason Plumlee,84.5801,31.47433,POR
8420,CJ McCollum,85.94122,14.32978,POR
8420,Meyers Leonard,78.6472,22.02498,POR
8420,Ersan Ilyasova,71.82229,16.91861,DET
8420,Reggie Jackson,69.39427,38.59555,DET
8420,Marcus Morris,60.01003,23.92636,DET
8420,Kentavious Caldwell-Pope,85.65558,0.7411500000000001,DET
8420,Andre Drummond,83.01863,34.74779,DET
8430,Ball,83.63905,35.15958,Ball
8430,Al-Farouq Aminu,71.76754,25.47705,POR
8430,Damian Lillard,74.00237,35.01481,POR
8430,Mason Plumlee,84.6328,31.27174,POR
8430,CJ McCollum,86.72821,14.78363,POR
8430,Meyers Leonard,79.89492,21.32311,POR
8430,Ersan Ilyasova,71.46926,14.75424,DET
8430,Reggie Jackson,71.42959,35.08285,DET
8430,Marcus Morris,59.77979,22.65356,DET
8430,Kentavious Caldwell-Pope,84.38689,0.8758,DET
8430,Andre Drummond,83.92181,33.28595,DET
8440,Ball,83.21305,33.66269,Ball
8440,Al-Farouq Aminu,73.13162,26.49072,POR
8440,Damian Lillard,75.89787,32.65412,POR
8440,Mason Plumlee,84.99681,30.61527,POR
8440,CJ McCollum,86.99607,15.1075,POR
8440,Meyers Leonard,80.87725,20.73814,POR
8440,Ersan Ilyasova,70.89511,13.01835,DET
8440,Reggie Jackson,74.06635,31.32464,DET
8440,Marcus Morris,60.04381,22.9282,DET
8440,Kentavious Caldwell-Pope,83.15445,1.20689,DET
8440,Andre Drummond,85.21738,32.49629,DET
8450,Ball,84.43367,33.40425,Ball
8450,Al-Farouq Aminu,74.32297,27.09635,POR
8450,Damian Lillard,77.88482,30.43332,POR
8450,Mason Plumlee,85.25,30.4831,POR
8450,CJ McCollum,86.98675,15.33542,POR
8450,Meyers Leonard,80.7788,19.79341,POR
8450,Ersan Ilyasova,70.46115,12.07492,DET
8450,Reggie Jackson,77.25451,28.28553,DET
8450,Marcus Morris,60.6426,23.91681,DET
8450,Kentavious Caldwell-Pope,81.87155,1.43099,DET
8450,Andre Drummond,85.57424,32.47092,DET
8460,Ball,87.94672,33.70267,Ball
8460,Al-Farouq Aminu,75.79453,27.63481,POR
8460,Damian Lillard,80.18389,28.87304,POR
8460,Mason Plumlee,86.06515,31.30316,POR
8460,CJ McCollum,87.3677,16.35701,POR
8460,Meyers Leonard,80.2615,19.0327,POR
8460,Ersan Ilyasova,70.05544,12.02106,DET
8460,Reggie Jackson,80.71211,26.51611,DET
8460,Marcus Morris,61.2311,24.82944,DET
8460,Kentavious Caldwell-Pope,81.17865,1.67131,DET
8460,Andre Drummond,86.23166,33.27761,DET
8470,Ball,87.33032,32.15657,Ball
8470,Al-Farouq Aminu,76.82733,28.15867,POR
8470,Damian Lillard,81.91369,27.80417,POR
8470,Mason Plumlee,87.28395,33.02803,POR
8470,CJ McCollum,87.90015,17.84535,POR
8470,Meyers Leonard,80.7398,19.26949,POR
8470,Ersan Ilyasova,69.39869,12.35563,DET
8470,Reggie Jackson,82.61936,26.77066,DET
8470,Marcus Morris,61.1676,26.01294,DET
8470,Kentavious Caldwell-Pope,80.33234,1.9397000000000002,DET
8470,Andre Drummond,87.20802,33.73052,DET
8480,Ball,88.09643,27.75512,Ball
8480,Al-Farouq Aminu,78.46475,28.18321,POR
8480,Damian Lillard,84.07244,26.70393,POR
8480,Mason Plumlee,87.67926,33.27269,POR
8480,CJ McCollum,88.43083,19.33823,POR
8480,Meyers Leonard,82.42907,20.08645,POR
8480,Ersan Ilyasova,68.33294,13.23003,DET
8480,Reggie Jackson,84.07244,26.70393,DET
8480,Marcus Morris,60.39425,26.98845,DET
8480,Kentavious Caldwell-Pope,79.23869,2.6298,DET
8480,Andre Drummond,87.0931,34.7852,DET
8490,Ball,88.71661,24.26377,Ball
8490,Al-Farouq Aminu,80.40067,28.06191,POR
8490,Damian Lillard,85.26064,26.23262,POR
8490,Mason Plumlee,87.54947,32.72559,POR
8490,CJ McCollum,89.00508,20.3871,POR
8490,Meyers Leonard,83.85583,21.65258,POR
8490,Ersan Ilyasova,67.17203,14.83303,DET
8490,Reggie Jackson,84.21537,26.40822,DET
8490,Marcus Morris,59.05204,27.62686,DET
8490,Kentavious Caldwell-Pope,78.19031,3.99777,DET
8490,Andre Drummond,85.34051,36.08794,DET
8500,Ball,88.88895,22.98949,Ball
8500,Al-Farouq Aminu,81.8118,27.55013,POR
8500,Damian Lillard,86.51177,27.74338,POR
8500,Mason Plumlee,87.12205,32.54924,POR
8500,CJ McCollum,89.39151,20.63548,POR
8500,Meyers Leonard,84.54415,22.81075,POR
8500,Ersan Ilyasova,65.54857,15.92317,DET
8500,Reggie Jackson,82.33571,27.14547,DET
8500,Marcus Morris,57.16539,28.13175,DET
8500,Kentavious Caldwell-Pope,76.75417,5.88001,DET
8500,Andre Drummond,82.32996,37.330330000000004,DET
8510,Ball,89.07716,22.88741,Ball
8510,Al-Farouq Aminu,82.1193,27.0435,POR
8510,Damian Lillard,87.48405,29.01112,POR
8510,Mason Plumlee,86.12091,32.82087,POR
8510,CJ McCollum,90.45622,20.81867,POR
8510,Meyers Leonard,83.85664,22.90537,POR
8510,Ersan Ilyasova,63.54721,16.98215,DET
8510,Reggie Jackson,82.44459,26.86826,DET
8510,Marcus Morris,55.00994,28.31857,DET
8510,Kentavious Caldwell-Pope,74.81932,8.25713,DET
8510,Andre Drummond,78.06683,38.25171,DET
8520,Ball,91.68019,21.52821,Ball
8520,Al-Farouq Aminu,81.31889,25.16661,POR
8520,Damian Lillard,88.07664,30.28358,POR
8520,Mason Plumlee,84.47326,33.70498,POR
8520,CJ McCollum,92.24073,21.04307,POR
8520,Meyers Leonard,81.96869,22.28351,POR
8520,Ersan Ilyasova,60.97091,18.07602,DET
8520,Reggie Jackson,81.60232,25.30251,DET
8520,Marcus Morris,52.61284,28.30077,DET
8520,Kentavious Caldwell-Pope,72.30181,10.8539,DET
8520,Andre Drummond,72.66985,38.32791,DET
8530,Ball,93.49342,22.46958,Ball
8530,Al-Farouq Aminu,77.91015,22.32275,POR
8530,Damian Lillard,88.01755,31.81114,POR
8530,Mason Plumlee,81.13613,34.64096,POR
8530,CJ McCollum,93.44708,21.00314,POR
8530,Meyers Leonard,80.16021,21.22717,POR
8530,Ersan Ilyasova,58.12047,18.8998,DET
8530,Reggie Jackson,79.70676,24.07771,DET
8530,Marcus Morris,49.80548,27.62905,DET
8530,Kentavious Caldwell-Pope,69.55063,13.9818,DET
8530,Andre Drummond,66.71402,37.69882,DET
8540,Ball,88.35931,28.0538,Ball
8540,Al-Farouq Aminu,73.97677,20.59136,POR
8540,Damian Lillard,86.24156,33.4193,POR
8540,Mason Plumlee,76.36062,35.94421,POR
8540,CJ McCollum,92.69645,20.63825,POR
8540,Meyers Leonard,77.62813,20.04404,POR
8540,Ersan Ilyasova,55.20801,19.43459,DET
8540,Reggie Jackson,77.844,24.49729,DET
8540,Marcus Morris,46.80577,26.46933,DET
8540,Kentavious Caldwell-Pope,66.54745,17.58931,DET
8540,Andre Drummond,60.51069,36.62455,DET
8550,Ball,82.69906,34.0497,Ball
8550,Al-Farouq Aminu,69.20216,17.86483,POR
8550,Damian Lillard,82.82974,35.09881,POR
8550,Mason Plumlee,70.5083,37.7205,POR
8550,CJ McCollum,89.9775,19.95616,POR
8550,Meyers Leonard,73.93292,19.20985,POR
8550,Ersan Ilyasova,51.74265,19.5202,DET
8550,Reggie Jackson,73.98722,23.72866,DET
8550,Marcus Morris,43.62625,25.1415,DET
8550,Kentavious Caldwell-Pope,63.01231,21.55424,DET
8550,Andre Drummond,54.26422,35.45661,DET
8560,Ball,78.1661,35.55907,Ball
8560,Al-Farouq Aminu,63.86332,15.04853,POR
8560,Damian Lillard,78.74305,36.78735,POR
8560,Mason Plumlee,63.80155,40.03961,POR
8560,CJ McCollum,85.8093,18.71116,POR
8560,Meyers Leonard,69.8262,18.36704,POR
8560,Ersan Ilyasova,47.92287,19.42514,DET
8560,Reggie Jackson,69.59089,22.93581,DET
8560,Marcus Morris,40.23564,23.51686,DET
8560,Kentavious Caldwell-Pope,58.67273,25.38884,DET
8560,Andre Drummond,47.97209,34.24985,DET
8570,Ball,72.88367,37.80186,Ball
8570,Al-Farouq Aminu,58.14495,12.38854,POR
8570,Damian Lillard,73.83273,38.42568,POR
8570,Mason Plumlee,56.50845,42.35571,POR
8570,CJ McCollum,80.87604,17.55217,POR
8570,Meyers Leonard,65.40082,17.50532,POR
8570,Ersan Ilyasova,43.73999,19.25888,DET
8570,Reggie Jackson,64.55138,22.24583,DET
8570,Marcus Morris,36.79554,21.59058,DET
8570,Kentavious Caldwell-Pope,53.73033,28.648600000000002,DET
8570,Andre Drummond,41.77473,33.23439,DET
8580,Ball,65.08838,39.91618,Ball
8580,Al-Farouq Aminu,52.20802,10.00299,POR
8580,Damian Lillard,68.18954,39.6844,POR
8580,Mason Plumlee,48.94914,44.12682,POR
8580,CJ McCollum,75.66888,16.60124,POR
8580,Meyers Leonard,60.9119,16.81711,POR
8580,Ersan Ilyasova,39.78236,19.12855,DET
8580,Reggie Jackson,59.16254,21.80908,DET
8580,Marcus Morris,33.39222,19.48053,DET
8580,Kentavious Caldwell-Pope,48.52747,31.266750000000002,DET
8580,Andre Drummond,35.72099,32.23846,DET
8590,Ball,45.90354,43.04515,Ball
8590,Al-Farouq Aminu,46.28108,8.02453,POR
8590,Damian Lillard,62.77537,40.39028,POR
8590,Mason Plumlee,41.69816,44.93166,POR
8590,CJ McCollum,70.38201,15.90832,POR
8590,Meyers Leonard,56.22362,16.09068,POR
8590,Ersan Ilyasova,35.89487,19.11483,DET
8590,Reggie Jackson,53.52692,21.5579,DET
8590,Marcus Morris,30.02636,17.35598,DET
8590,Kentavious Caldwell-Pope,43.36741,33.42694,DET
8590,Andre Drummond,30.24131,31.18944,DET
8600,Ball,34.28218,44.47803,Ball
8600,Al-Farouq Aminu,40.27725,6.30862,POR
8600,Damian Lillard,57.21727,40.41498,POR
8600,Mason Plumlee,34.43211,44.71515,POR
8600,CJ McCollum,65.1231,15.414860000000001,POR
8600,Meyers Leonard,51.54788,15.19949,POR
8600,Ersan Ilyasova,32.09834,19.0526,DET
8600,Reggie Jackson,47.89236,21.40398,DET
8600,Marcus Morris,26.74642,15.56674,DET
8600,Kentavious Caldwell-Pope,38.13471,34.81151,DET
8600,Andre Drummond,25.34952,30.18146,DET
8610,Ball,24.72718,44.7214,Ball
8610,Al-Farouq Aminu,34.25464,5.12791,POR
8610,Damian Lillard,51.73115,40.09409,POR
8610,Mason Plumlee,27.08485,43.29254,POR
8610,CJ McCollum,59.9706,15.13287,POR
8610,Meyers Leonard,46.9268,14.47896,POR
8610,Ersan Ilyasova,28.06235,19.47437,DET
8610,Reggie Jackson,42.19916,21.5059,DET
8610,Marcus Morris,23.83423,14.3003,DET
8610,Kentavious Caldwell-Pope,33.03342,35.28382,DET
8610,Andre Drummond,20.6882,29.62527,DET
8620,Ball,18.03088,40.30526,Ball
8620,Al-Farouq Aminu,27.9983,4.93848,POR
8620,Damian Lillard,46.49098,39.6367,POR
8620,Mason Plumlee,20.54014,39.70142,POR
8620,CJ McCollum,54.95028,14.96873,POR
8620,Meyers Leonard,42.71626,13.92364,POR
8620,Ersan Ilyasova,24.44112,20.06129,DET
8620,Reggie Jackson,36.44029,21.95891,DET
8620,Marcus Morris,20.75673,13.58199,DET
8620,Kentavious Caldwell-Pope,28.481,34.95117,DET
8620,Andre Drummond,16.03787,29.80702,DET
8630,Ball,14.94805,36.21324,Ball
8630,Al-Farouq Aminu,21.73422,6.24786,POR
8630,Damian Lillard,41.55602,39.26332,POR
8630,Mason Plumlee,15.63055,35.04958,POR
8630,CJ McCollum,50.19597,15.0992,POR
8630,Meyers Leonard,39.28098,14.00947,POR
8630,Ersan Ilyasova,21.16833,20.54104,DET
8630,Reggie Jackson,30.74681,22.54748,DET
8630,Marcus Morris,17.6264,13.55236,DET
8630,Kentavious Caldwell-Pope,24.80936,34.51567,DET
8630,Andre Drummond,12.46675,29.75264,DET
8640,Ball,12.56915,29.33608,Ball
8640,Al-Farouq Aminu,15.76788,8.79513,POR
8640,Damian Lillard,37.25898,38.90832,POR
8640,Mason Plumlee,12.10462,30.20547,POR
8640,CJ McCollum,45.79598,15.40798,POR
8640,Meyers Leonard,36.57568,14.08316,POR
8640,Ersan Ilyasova,17.94951,20.78155,DET
8640,Reggie Jackson,25.40854,23.09244,DET
8640,Marcus Morris,14.66441,13.72313,DET
8640,Kentavious Caldwell-Pope,22.13551,33.95651,DET
8640,Andre Drummond,11.20651,28.4836,DET
8650,Ball,9.73348,24.98019,Ball
8650,Al-Farouq Aminu,10.30204,12.0109,POR
8650,Damian Lillard,33.61186,38.58234,POR
8650,Mason Plumlee,9.38096,26.82669,POR
8650,CJ McCollum,42.03436,16.05693,POR
8650,Meyers Leonard,34.83556,14.58189,POR
8650,Ersan Ilyasova,14.41837,21.21863,DET
8650,Reggie Jackson,20.89652,23.56295,DET
8650,Marcus Morris,11.40412,14.63559,DET
8650,Kentavious Caldwell-Pope,20.32994,33.50651,DET
8650,Andre Drummond,9.39481,26.76607,DET
