52180,Ball,24.75638,32.82334,Ball
52180,Matt Barnes,58.10549,37.66341,MEM
52180,Courtney Lee,65.10753,11.00696,MEM
52180,Mario Chalmers,50.79327,30.18969,MEM
52180,Marc Gasol,66.58167,25.94535,MEM
52180,JaMychal Green,44.4551,21.88797,MEM
52180,Spencer Hawes,42.64506,31.44879,CHA
52180,Jeremy Lin,23.66066,34.02388,CHA
52180,Nicolas Batum,20.45975,42.71465,CHA
52180,Jeremy Lamb,57.8471,3.20349,CHA
52180,Frank Kaminsky,22.21611,16.95442,CHA
52190,Ball,28.34664,33.37188,Ball
52190,Matt Barnes,60.09629,38.35435,MEM
52190,Courtney Lee,67.65574,10.81774,MEM
52190,Mario Chalmers,52.00418,30.20111,MEM
52190,Marc Gasol,66.9796,26.90584,MEM
52190,JaMychal Green,47.65086,21.40664,MEM
52190,Spencer Hawes,47.19036,31.41282,CHA
52190,Jeremy Lin,27.42647,34.43363,CHA
52190,Nicolas Batum,25.66086,43.75204,CHA
52190,Jeremy Lamb,60.52632,3.1932,CHA
52190,Frank Kaminsky,27.72361,16.71275,CHA
52200,Ball,31.94796,33.69713,Ball
52200,Matt Barnes,61.79513,39.02485,MEM
52200,Courtney Lee,69.93773,10.67863,MEM
52200,Mario Chalmers,52.42421,29.98849,MEM
52200,Marc Gasol,67.85829,27.65508,MEM
52200,JaMychal Green,50.87506,21.05508,MEM
52200,Spencer Hawes,50.71135,31.26952,CHA
52200,Jeremy Lin,31.17787,34.93491,CHA
52200,Nicolas Batum,31.25722,44.24839,CHA
52200,Jeremy Lamb,62.94667,3.43818,CHA
52200,Frank Kaminsky,33.31813,16.19473,CHA
52210,Ball,36.06954,34.17264,Ball
52210,Matt Barnes,63.01444,39.883070000000004,MEM
52210,Courtney Lee,71.8514,10.53086,MEM
52210,Mario Chalmers,53.17377,29.77718,MEM
52210,Marc Gasol,68.91772,28.15182,MEM
52210,JaMychal Green,54.31352,20.68413,MEM
52210,Spencer Hawes,52.78876,31.26405,CHA
52210,Jeremy Lin,35.08291,35.18104,CHA
52210,Nicolas Batum,36.92863,44.86004,CHA
52210,Jeremy Lamb,65.00725,3.224,CHA
52210,Frank Kaminsky,38.64673,15.13506,CHA
52220,Ball,41.35138,35.78063,Ball
52220,Matt Barnes,63.06586,41.02714,MEM
52220,Courtney Lee,73.85814,10.12858,MEM
52220,Mario Chalmers,54.96318,30.14073,MEM
52220,Marc Gasol,70.09254,28.77437,MEM
52220,JaMychal Green,57.95227,20.2489,MEM
52220,Spencer Hawes,53.46429,30.79911,CHA
52220,Jeremy Lin,39.25457,35.5896,CHA
52220,Nicolas Batum,43.17099,45.38947,CHA
52220,Jeremy Lamb,67.31081,2.79362,CHA
52220,Frank Kaminsky,44.18734,14.03878,CHA
52230,Ball,44.56986,37.01689,Ball
52230,Matt Barnes,62.11832,42.26209,MEM
52230,Courtney Lee,75.49452,9.8504,MEM
52230,Mario Chalmers,56.81718,30.75893,MEM
52230,Marc Gasol,70.86394,29.46836,MEM
52230,JaMychal Green,61.15148,19.51097,MEM
52230,Spencer Hawes,53.59597,29.50603,CHA
52230,Jeremy Lin,43.31336,36.17439,CHA
52230,Nicolas Batum,48.57665,46.14611,CHA
52230,Jeremy Lamb,69.28419,2.4306900000000002,CHA
52230,Frank Kaminsky,48.95647,13.28322,CHA
52240,Ball,47.99886,37.80984,Ball
52240,Matt Barnes,62.65575,43.42509,MEM
52240,Courtney Lee,76.93492,9.49138,MEM
52240,Mario Chalmers,58.31418,32.17784,MEM
52240,Marc Gasol,71.69181,29.71352,MEM
52240,JaMychal Green,64.21396,19.41503,MEM
52240,Spencer Hawes,54.06878,27.75745,CHA
52240,Jeremy Lin,46.79554,36.67199,CHA
52240,Nicolas Batum,53.69184,46.82518,CHA
52240,Jeremy Lamb,71.11357,1.9781900000000001,CHA
52240,Frank Kaminsky,53.4187,12.53429,CHA
52250,Ball,49.63114,38.91553,Ball
52250,Matt Barnes,64.57461,44.26323,MEM
52250,Courtney Lee,78.20314,9.26539,MEM
52250,Mario Chalmers,59.21449,33.68544,MEM
52250,Marc Gasol,72.48688,29.84696,MEM
52250,JaMychal Green,66.9818,18.81379,MEM
52250,Spencer Hawes,54.8893,26.02886,CHA
52250,Jeremy Lin,49.74435,37.73336,CHA
52250,Nicolas Batum,58.61538,46.71375,CHA
52250,Jeremy Lamb,73.01387,1.56193,CHA
52250,Frank Kaminsky,57.33656,11.94234,CHA
52260,Ball,52.95564,40.07203,Ball
52260,Matt Barnes,66.06192,44.48913,MEM
52260,Courtney Lee,79.26573,8.92429,MEM
52260,Mario Chalmers,59.67811,34.96175,MEM
52260,Marc Gasol,72.75917,29.92621,MEM
52260,JaMychal Green,69.36951,18.30606,MEM
52260,Spencer Hawes,55.96272,24.40083,CHA
52260,Jeremy Lin,52.33166,38.60153,CHA
52260,Nicolas Batum,62.8975,45.45958,CHA
52260,Jeremy Lamb,74.57696,1.42808,CHA
52260,Frank Kaminsky,60.89295,11.46492,CHA
52270,Ball,54.45633,40.64267,Ball
52270,Matt Barnes,66.62724,44.32862,MEM
52270,Courtney Lee,80.24106,8.59085,MEM
52270,Mario Chalmers,60.67412,36.36041,MEM
52270,Marc Gasol,72.58807,29.48406,MEM
52270,JaMychal Green,71.19024,18.24539,MEM
52270,Spencer Hawes,57.35009,23.24187,CHA
52270,Jeremy Lin,54.58828,39.61891,CHA
52270,Nicolas Batum,65.70508,44.68479,CHA
52270,Jeremy Lamb,75.97398,1.62701,CHA
52270,Frank Kaminsky,63.74385,11.28999,CHA
52280,Ball,56.93293,41.70336,Ball
52280,Matt Barnes,67.02126,44.37878,MEM
52280,Courtney Lee,81.10151,8.51993,MEM
52280,Mario Chalmers,61.52363,37.53083,MEM
52280,Marc Gasol,72.17139,28.64871,MEM
52280,JaMychal Green,72.56552,17.87934,MEM
52280,Spencer Hawes,58.70101,22.85381,CHA
52280,Jeremy Lin,56.78815,41.11569,CHA
52280,Nicolas Batum,66.59443,44.58758,CHA
52280,Jeremy Lamb,77.17831,2.00351,CHA
52280,Frank Kaminsky,66.39004,11.16878,CHA
52290,Ball,57.865520000000004,43.53141,Ball
52290,Matt Barnes,67.42709,44.58594,MEM
52290,Courtney Lee,81.56728,8.21935,MEM
52290,Mario Chalmers,63.01965,38.4339,MEM
52290,Marc Gasol,71.53599,28.47624,MEM
52290,JaMychal Green,73.81798,17.31888,MEM
52290,Spencer Hawes,59.57279,22.70063,CHA
52290,Jeremy Lin,58.21254,42.34636,CHA
52290,Nicolas Batum,67.17764,43.75184,CHA
52290,Jeremy Lamb,77.9259,2.21046,CHA
52290,Frank Kaminsky,68.42904,11.1089,CHA
52300,Ball,59.97439,44.0182,Ball
52300,Matt Barnes,68.52559,43.76273,MEM
52300,Courtney Lee,81.74448,7.45171,MEM
52300,Mario Chalmers,64.59056,39.28338,MEM
52300,Marc Gasol,70.88107,27.92081,MEM
52300,JaMychal Green,74.76197,17.23867,MEM
52300,Spencer Hawes,59.4218,23.01889,CHA
52300,Jeremy Lin,58.87552,43.70371,CHA
52300,Nicolas Batum,67.93088,42.1782,CHA
52300,Jeremy Lamb,77.96784,2.48566,CHA
52300,Frank Kaminsky,69.99906,11.47264,CHA
52310,Ball,59.89412,44.23971,Ball
52310,Matt Barnes,70.69298,41.82119,MEM
52310,Courtney Lee,81.4146,6.84543,MEM
52310,Mario Chalmers,65.59872,39.8353,MEM
52310,Marc Gasol,70.08805,26.84118,MEM
52310,JaMychal Green,75.67389,16.84615,MEM
52310,Spencer Hawes,59.01942,23.58488,CHA
52310,Jeremy Lin,59.39364,44.08595,CHA
52310,Nicolas Batum,70.15937,40.10303,CHA
52310,Jeremy Lamb,77.89341,2.55633,CHA
52310,Frank Kaminsky,71.00359,11.89629,CHA
52320,Ball,59.63029,36.35237,Ball
52320,Matt Barnes,73.3226,39.58398,MEM
52320,Courtney Lee,81.02058,6.34475,MEM
52320,Mario Chalmers,66.11946,39.9951,MEM
52320,Marc Gasol,69.03395,26.08349,MEM
52320,JaMychal Green,76.63231,16.9534,MEM
52320,Spencer Hawes,59.31319,23.70232,CHA
52320,Jeremy Lin,60.20792,43.67602,CHA
52320,Nicolas Batum,73.69624,37.137950000000004,CHA
52320,Jeremy Lamb,77.91869,2.59462,CHA
52320,Frank Kaminsky,72.22136,12.2708,CHA
52330,Ball,59.5103,26.37059,Ball
52330,Matt Barnes,76.73745,36.42032,MEM
52330,Courtney Lee,80.37304,5.7057400000000005,MEM
52330,Mario Chalmers,67.13605,39.55896,MEM
52330,Marc Gasol,68.57808,25.4683,MEM
52330,JaMychal Green,77.21619,17.58355,MEM
52330,Spencer Hawes,59.8929,23.37643,CHA
52330,Jeremy Lin,62.43498,42.37325,CHA
52330,Nicolas Batum,77.70986,34.39985,CHA
52330,Jeremy Lamb,77.94026,2.5640400000000003,CHA
52330,Frank Kaminsky,75.6861,13.73745,CHA
52340,Ball,61.65047,21.44854,Ball
52340,Matt Barnes,79.18861,33.24239,MEM
52340,Courtney Lee,79.97268,5.60294,MEM
52340,Mario Chalmers,68.15251,38.42387,MEM
52340,Marc Gasol,68.71225,24.09872,MEM
52340,JaMychal Green,77.79585,18.10629,MEM
52340,Spencer Hawes,60.75348,22.49577,CHA
52340,Jeremy Lin,65.11619,41.35995,CHA
52340,Nicolas Batum,80.82905,32.73873,CHA
52340,Jeremy Lamb,77.85203,2.6717500000000003,CHA
52340,Frank Kaminsky,79.3907,15.43899,CHA
52340,Ball,61.7849,21.10292,Ball
52340,Matt Barnes,79.4581,32.94125,MEM
52340,Courtney Lee,79.94184,5.60168,MEM
52340,Mario Chalmers,68.30378,38.29014,MEM
52340,Marc Gasol,68.74155,23.97591,MEM
52340,JaMychal Green,77.9139,18.2117,MEM
52340,Spencer Hawes,60.90604,22.354,CHA
52340,Jeremy Lin,65.42179,41.29963,CHA
52340,Nicolas Batum,81.11166,32.63262,CHA
52340,Jeremy Lamb,77.79739000000001,2.70339,CHA
52340,Frank Kaminsky,79.8062,15.61791,CHA
52350,Ball,62.39244,18.56303,Ball
52350,Matt Barnes,81.58512,30.86192,MEM
52350,Courtney Lee,79.15364,6.03222,MEM
52350,Mario Chalmers,69.91469,37.2529,MEM
52350,Marc Gasol,69.09938,22.77952,MEM
52350,JaMychal Green,79.80839,20.26143,MEM
52350,Spencer Hawes,63.01275,20.33137,CHA
52350,Jeremy Lin,68.52009,41.46391,CHA
52350,Nicolas Batum,83.67898,32.0685,CHA
52350,Jeremy Lamb,75.75432,3.72147,CHA
52350,Frank Kaminsky,84.17049,18.62283,CHA
52360,Ball,65.01685,14.89056,Ball
52360,Matt Barnes,83.04547,29.94728,MEM
52360,Courtney Lee,76.50202,7.78908,MEM
52360,Mario Chalmers,71.70792,37.08595,MEM
52360,Marc Gasol,69.75154,21.14608,MEM
52360,JaMychal Green,81.89873,23.13707,MEM
52360,Spencer Hawes,65.68406,18.4363,CHA
52360,Jeremy Lin,70.48483,42.03314,CHA
52360,Nicolas Batum,85.84877,32.59751,CHA
52360,Jeremy Lamb,71.61485,6.1563,CHA
52360,Frank Kaminsky,87.99624,23.1713,CHA
52370,Ball,67.50308,11.33076,Ball
52370,Matt Barnes,84.16156,29.67212,MEM
52370,Courtney Lee,73.48102,11.44154,MEM
52370,Mario Chalmers,73.21171,37.57477,MEM
52370,Marc Gasol,70.74433,19.22016,MEM
52370,JaMychal Green,83.22969,25.96386,MEM
52370,Spencer Hawes,68.07546,16.15383,CHA
52370,Jeremy Lin,71.06069,42.57787,CHA
52370,Nicolas Batum,87.33241,32.375,CHA
52370,Jeremy Lamb,67.72817,10.32101,CHA
52370,Frank Kaminsky,90.48206,28.11116,CHA
52380,Ball,64.78322,17.14267,Ball
52380,Matt Barnes,85.3968,28.51186,MEM
52380,Courtney Lee,71.72565,16.19974,MEM
52380,Mario Chalmers,74.01707,37.5483,MEM
52380,Marc Gasol,72.49796,18.50046,MEM
52380,JaMychal Green,83.82849,28.98912,MEM
52380,Spencer Hawes,70.05616,14.97382,CHA
52380,Jeremy Lin,69.9759,42.13551,CHA
52380,Nicolas Batum,88.44921,30.70426,CHA
52380,Jeremy Lamb,65.86016,15.69816,CHA
52380,Frank Kaminsky,91.22796,32.70452,CHA
52390,Ball,65.4716,22.5998,Ball
52390,Matt Barnes,86.65155,26.67213,MEM
52390,Courtney Lee,70.45334,20.67894,MEM
52390,Mario Chalmers,74.28377,36.82786,MEM
52390,Marc Gasol,74.5081,18.18699,MEM
52390,JaMychal Green,84.35026,31.5113,MEM
52390,Spencer Hawes,71.95079,14.83296,CHA
52390,Jeremy Lin,67.93377,41.25977,CHA
52390,Nicolas Batum,88.86275,27.55731,CHA
52390,Jeremy Lamb,65.82907,20.72132,CHA
52390,Frank Kaminsky,91.18933,38.18911,CHA
52400,Ball,64.33847,21.48327,Ball
52400,Matt Barnes,87.57619,24.05851,MEM
52400,Courtney Lee,69.3307,22.85463,MEM
52400,Mario Chalmers,73.39779,35.93365,MEM
52400,Marc Gasol,75.49447,17.16877,MEM
52400,JaMychal Green,85.05889,32.8982,MEM
52400,Spencer Hawes,74.44433,13.80347,CHA
52400,Jeremy Lin,65.77052,40.49901,CHA
52400,Nicolas Batum,89.92646,22.48201,CHA
52400,Jeremy Lamb,65.50356,22.80891,CHA
52400,Frank Kaminsky,90.08248,42.92439,CHA
52410,Ball,63.61851,20.2593,Ball
52410,Matt Barnes,87.92024,20.7969,MEM
52410,Courtney Lee,68.41904,22.70765,MEM
52410,Mario Chalmers,72.08057,35.07023,MEM
52410,Marc Gasol,76.57641,16.61311,MEM
52410,JaMychal Green,85.42166,33.24423,MEM
52410,Spencer Hawes,77.81297,13.35184,CHA
52410,Jeremy Lin,64.66361,41.39489,CHA
52410,Nicolas Batum,90.13755,16.9048,CHA
52410,Jeremy Lamb,64.44221,21.82567,CHA
52410,Frank Kaminsky,87.75706,46.51842,CHA
52420,Ball,61.51029,18.2068,Ball
52420,Matt Barnes,86.49632,17.67507,MEM
52420,Courtney Lee,67.72372,21.408360000000002,MEM
52420,Mario Chalmers,71.13247,34.00738,MEM
52420,Marc Gasol,78.28741,16.48948,MEM
52420,JaMychal Green,85.36959,33.83094,MEM
52420,Spencer Hawes,81.27177,12.97992,CHA
52420,Jeremy Lin,64.17703,42.73039,CHA
52420,Nicolas Batum,86.78008,12.0457,CHA
52420,Jeremy Lamb,62.13466,20.1506,CHA
52420,Frank Kaminsky,85.42311,47.89172,CHA
52430,Ball,61.21562,17.3711,Ball
52430,Matt Barnes,83.14045,14.67375,MEM
52430,Courtney Lee,67.04744,20.19288,MEM
52430,Mario Chalmers,70.45933,33.52115,MEM
52430,Marc Gasol,80.2433,17.04581,MEM
52430,JaMychal Green,84.88489,33.88983,MEM
52430,Spencer Hawes,84.59943,12.53945,CHA
52430,Jeremy Lin,63.79981,43.2667,CHA
52430,Nicolas Batum,81.54049,8.47169,CHA
52430,Jeremy Lamb,60.0471,18.67989,CHA
52430,Frank Kaminsky,83.24381,48.4852,CHA
52440,Ball,60.04705,17.0706,Ball
52440,Matt Barnes,78.4124,11.5099,MEM
52440,Courtney Lee,66.47256,19.88784,MEM
52440,Mario Chalmers,70.19874,33.13963,MEM
52440,Marc Gasol,82.23772,17.08852,MEM
52440,JaMychal Green,84.24183,34.32774,MEM
52440,Spencer Hawes,87.50194,12.94197,CHA
52440,Jeremy Lin,63.69793,44.05105,CHA
52440,Nicolas Batum,75.36479,7.28116,CHA
52440,Jeremy Lamb,58.92175,18.14294,CHA
52440,Frank Kaminsky,81.84981,47.9033,CHA
52450,Ball,58.29275,20.82492,Ball
52450,Matt Barnes,73.01991,9.92654,MEM
52450,Courtney Lee,66.28744,19.92807,MEM
52450,Mario Chalmers,69.93047,33.46996,MEM
52450,Marc Gasol,83.71609,17.28067,MEM
52450,JaMychal Green,83.79152,34.68527,MEM
52450,Spencer Hawes,89.81936,12.63808,CHA
52450,Jeremy Lin,63.62383,45.13066,CHA
52450,Nicolas Batum,69.62761,7.57521,CHA
52450,Jeremy Lamb,58.36204,19.40248,CHA
52450,Frank Kaminsky,80.30654,47.21607,CHA
52460,Ball,57.16703,22.98617,Ball
52460,Matt Barnes,68.39472,9.61804,MEM
52460,Courtney Lee,66.54504,21.01206,MEM
52460,Mario Chalmers,69.40956,34.6161,MEM
52460,Marc Gasol,84.83283,17.39591,MEM
52460,JaMychal Green,83.01125,35.74518,MEM
52460,Spencer Hawes,91.11631,12.08515,CHA
52460,Jeremy Lin,62.63972,44.7404,CHA
52460,Nicolas Batum,65.41261,8.80747,CHA
52460,Jeremy Lamb,57.77572,22.34271,CHA
52460,Frank Kaminsky,78.18119,46.07058,CHA
52470,Ball,56.92254,26.23735,Ball
52470,Matt Barnes,66.12479,10.28255,MEM
52470,Courtney Lee,66.80448,22.97479,MEM
52470,Mario Chalmers,68.68072,35.29961,MEM
52470,Marc Gasol,85.67518,17.19126,MEM
52470,JaMychal Green,81.30821,36.93353,MEM
52470,Spencer Hawes,91.64165,11.15101,CHA
52470,Jeremy Lin,61.59865,44.53939,CHA
52470,Nicolas Batum,62.38379,9.63227,CHA
52470,Jeremy Lamb,57.84821,25.09629,CHA
52470,Frank Kaminsky,76.28003,43.51758,CHA
52480,Ball,57.05793,31.88499,Ball
52480,Matt Barnes,65.52915,11.27139,MEM
52480,Courtney Lee,66.95261,25.34182,MEM
52480,Mario Chalmers,68.41076,36.03148,MEM
52480,Marc Gasol,86.34414,16.78705,MEM
52480,JaMychal Green,78.13075,38.09955,MEM
52480,Spencer Hawes,91.57044,10.12565,CHA
52480,Jeremy Lin,59.81798,43.00539,CHA
52480,Nicolas Batum,60.0274,9.49217,CHA
52480,Jeremy Lamb,58.13349,29.34622,CHA
52480,Frank Kaminsky,73.81752,41.08949,CHA
52490,Ball,57.36259,39.84675,Ball
52490,Matt Barnes,65.4876,11.87307,MEM
52490,Courtney Lee,67.58386,27.49152,MEM
52490,Mario Chalmers,68.5189,36.45122,MEM
52490,Marc Gasol,86.42709,17.18367,MEM
52490,JaMychal Green,75.03724,38.91454,MEM
52490,Spencer Hawes,91.37514,9.5819,CHA
52490,Jeremy Lin,57.97106,40.84879,CHA
52490,Nicolas Batum,59.40573,8.65195,CHA
52490,Jeremy Lamb,59.99768,34.07718,CHA
52490,Frank Kaminsky,71.83919,39.62983,CHA
52500,Ball,57.3192,37.03502,Ball
52500,Matt Barnes,65.91891,12.19459,MEM
52500,Courtney Lee,69.5974,29.92367,MEM
52500,Mario Chalmers,68.56425,35.87417,MEM
52500,Marc Gasol,86.36445,17.40911,MEM
52500,JaMychal Green,72.65911,38.96367,MEM
52500,Spencer Hawes,91.02719,8.65932,CHA
52500,Jeremy Lin,57.23294,38.31921,CHA
52500,Nicolas Batum,59.38632,7.49828,CHA
52500,Jeremy Lamb,63.11168,38.93847,CHA
52500,Frank Kaminsky,70.69352,38.74665,CHA
52510,Ball,56.79928,34.14434,Ball
52510,Matt Barnes,67.18287,12.38455,MEM
52510,Courtney Lee,72.63607,32.5454,MEM
52510,Mario Chalmers,68.41045,34.18375,MEM
52510,Marc Gasol,86.26112,17.1199,MEM
52510,JaMychal Green,71.47517,38.44717,MEM
52510,Spencer Hawes,91.2384,8.37403,CHA
52510,Jeremy Lin,57.95815,35.43166,CHA
52510,Nicolas Batum,60.10942,6.6632,CHA
52510,Jeremy Lamb,67.13784,42.76236,CHA
52510,Frank Kaminsky,70.52081,36.95258,CHA
52520,Ball,60.24449,30.94,Ball
52520,Matt Barnes,68.90651,12.66915,MEM
52520,Courtney Lee,75.66931,35.05999,MEM
52520,Mario Chalmers,68.15173,31.75846,MEM
52520,Marc Gasol,86.24006,17.38746,MEM
52520,JaMychal Green,71.39849,36.26165,MEM
52520,Spencer Hawes,91.4259,7.91782,CHA
52520,Jeremy Lin,60.10337,32.71178,CHA
52520,Nicolas Batum,61.39542,6.01878,CHA
52520,Jeremy Lamb,71.58861,45.74954,CHA
52520,Frank Kaminsky,71.92984,34.19201,CHA
52530,Ball,63.40939,33.3802,Ball
52530,Matt Barnes,70.90819,13.27978,MEM
52530,Courtney Lee,78.61596,37.23712,MEM
52530,Mario Chalmers,68.3715,29.8109,MEM
52530,Marc Gasol,85.96846,19.45434,MEM
52530,JaMychal Green,72.97461,33.43935,MEM
52530,Spencer Hawes,91.22497,7.01348,CHA
52530,Jeremy Lin,63.08118,32.37436,CHA
52530,Nicolas Batum,63.21556,5.61468,CHA
52530,Jeremy Lamb,76.08989,47.73177,CHA
52530,Frank Kaminsky,75.56904,30.89935,CHA
52540,Ball,68.3663,34.28608,Ball
52540,Matt Barnes,72.48493,13.91678,MEM
52540,Courtney Lee,80.9181,38.22623,MEM
52540,Mario Chalmers,69.26298,29.6417,MEM
52540,Marc Gasol,85.55853,21.32332,MEM
52540,JaMychal Green,75.92145,30.9989,MEM
52540,Spencer Hawes,90.59396,6.04106,CHA
52540,Jeremy Lin,67.29622,32.84214,CHA
52540,Nicolas Batum,64.90261,5.77461,CHA
52540,Jeremy Lamb,79.26374,48.22431,CHA
52540,Frank Kaminsky,80.32893,28.53674,CHA
52550,Ball,73.23624,34.87368,Ball
52550,Matt Barnes,74.01387,14.79627,MEM
52550,Courtney Lee,82.60787,38.41914,MEM
52550,Mario Chalmers,72.79145,30.27034,MEM
52550,Marc Gasol,85.57111,21.87023,MEM
52550,JaMychal Green,79.13592,29.34623,MEM
52550,Spencer Hawes,89.70014,4.2877,CHA
52550,Jeremy Lin,73.45902,32.41308,CHA
52550,Nicolas Batum,66.35081,6.23125,CHA
52550,Jeremy Lamb,81.42296,48.49447,CHA
52550,Frank Kaminsky,84.65028,27.03706,CHA
52560,Ball,79.66788,31.43408,Ball
52560,Matt Barnes,75.69038,15.797930000000001,MEM
52560,Courtney Lee,83.91025,38.15641,MEM
52560,Mario Chalmers,77.48838,29.45129,MEM
52560,Marc Gasol,85.91324,21.39788,MEM
52560,JaMychal Green,81.28468,29.22835,MEM
52560,Spencer Hawes,88.51718,2.76783,CHA
52560,Jeremy Lin,78.36776,31.39747,CHA
52560,Nicolas Batum,67.22564,7.36711,CHA
52560,Jeremy Lamb,82.44609,48.32589,CHA
52560,Frank Kaminsky,87.93378,24.62294,CHA
52570,Ball,81.35269,30.75423,Ball
52570,Matt Barnes,77.38417,16.65664,MEM
52570,Courtney Lee,84.95709,38.24598,MEM
52570,Mario Chalmers,81.12479,28.31732,MEM
52570,Marc Gasol,86.46669,21.08259,MEM
52570,JaMychal Green,82.26124,29.97558,MEM
52570,Spencer Hawes,87.93373,2.21125,CHA
52570,Jeremy Lin,81.21045,30.56427,CHA
52570,Nicolas Batum,67.72616,8.55885,CHA
52570,Jeremy Lamb,82.79525,48.18484,CHA
52570,Frank Kaminsky,89.43826,22.8167,CHA
52580,Ball,82.77217,29.90563,Ball
52580,Matt Barnes,79.07259,17.44848,MEM
52580,Courtney Lee,85.19192,38.13574,MEM
52580,Mario Chalmers,83.27031,27.35184,MEM
52580,Marc Gasol,87.28796,21.63223,MEM
52580,JaMychal Green,83.47699,29.83097,MEM
52580,Spencer Hawes,87.93145,1.9338700000000002,CHA
52580,Jeremy Lin,82.23416,30.24776,CHA
52580,Nicolas Batum,68.0496,9.63983,CHA
52580,Jeremy Lamb,82.04377,47.69462,CHA
52580,Frank Kaminsky,89.82938,23.6511,CHA
52590,Ball,85.84243,27.96171,Ball
52590,Matt Barnes,80.3502,18.84486,MEM
52590,Courtney Lee,84.80017,37.32698,MEM
52590,Mario Chalmers,84.6329,26.642,MEM
52590,Marc Gasol,87.71992,22.02328,MEM
52590,JaMychal Green,84.21876,29.36803,MEM
52590,Spencer Hawes,88.33534,1.83742,CHA
52590,Jeremy Lin,82.1142,30.58979,CHA
52590,Nicolas Batum,67.79288,10.63765,CHA
52590,Jeremy Lamb,80.65172,47.70617,CHA
52590,Frank Kaminsky,89.18426,23.87893,CHA
52590,Ball,86.1947,27.84743,Ball
52590,Matt Barnes,80.45051,18.94004,MEM
52590,Courtney Lee,84.72749,37.21971,MEM
52590,Mario Chalmers,84.72282,26.56612,MEM
52590,Marc Gasol,87.73661,22.03879,MEM
52590,JaMychal Green,84.24785,29.33329,MEM
52590,Spencer Hawes,88.39869,1.82294,CHA
52590,Jeremy Lin,82.01726,30.55882,CHA
52590,Nicolas Batum,67.73119,10.72711,CHA
52590,Jeremy Lamb,80.49863,47.67108,CHA
52590,Frank Kaminsky,89.11383,23.82589,CHA
52600,Ball,88.8293,26.32316,Ball
52600,Matt Barnes,81.17708,19.44553,MEM
52600,Courtney Lee,84.1287,36.57196,MEM
52600,Mario Chalmers,85.64655,26.70337,MEM
52600,Marc Gasol,87.73973,22.10828,MEM
52600,JaMychal Green,84.30982,28.9751,MEM
52600,Spencer Hawes,88.04264,1.8412100000000002,CHA
52600,Jeremy Lin,80.64111,30.53366,CHA
52600,Nicolas Batum,67.19281,11.46366,CHA
52600,Jeremy Lamb,78.96215,46.8936,CHA
52600,Frank Kaminsky,88.89936,23.54588,CHA
52600,Ball,88.93893,26.60578,Ball
52600,Matt Barnes,81.22821,19.46091,MEM
52600,Courtney Lee,84.08818,36.57631,MEM
52600,Mario Chalmers,85.76288,26.79938,MEM
52600,Marc Gasol,87.71033,22.09668,MEM
52600,JaMychal Green,84.33201,28.96847,MEM
52600,Spencer Hawes,87.91313,1.87167,CHA
52600,Jeremy Lin,80.48811,30.57929,CHA
52600,Nicolas Batum,67.12861,11.540610000000001,CHA
52600,Jeremy Lamb,78.75473,46.78594,CHA
52600,Frank Kaminsky,88.86334,23.48925,CHA
52610,Ball,91.28275,27.56697,Ball
52610,Matt Barnes,81.21618,19.15961,MEM
52610,Courtney Lee,84.00151,37.12724,MEM
52610,Mario Chalmers,87.47328,27.62258,MEM
52610,Marc Gasol,87.60548,21.83104,MEM
52610,JaMychal Green,84.39554,28.90373,MEM
52610,Spencer Hawes,86.71621,2.51315,CHA
52610,Jeremy Lin,78.80416,30.94735,CHA
52610,Nicolas Batum,66.30037,12.46247,CHA
52610,Jeremy Lamb,76.67237,45.71879,CHA
52610,Frank Kaminsky,88.5734,23.78576,CHA
52620,Ball,92.20681,29.12482,Ball
52620,Matt Barnes,80.17141,17.44765,MEM
52620,Courtney Lee,82.91456,38.69757,MEM
52620,Mario Chalmers,89.57848,28.75832,MEM
52620,Marc Gasol,87.18201,21.72305,MEM
52620,JaMychal Green,82.41884,28.772,MEM
52620,Spencer Hawes,84.57549,3.29534,CHA
52620,Jeremy Lin,76.01258,31.19573,CHA
52620,Nicolas Batum,64.76277,13.11573,CHA
52620,Jeremy Lamb,74.42081,44.46041,CHA
52620,Frank Kaminsky,88.28549,25.05671,CHA
52630,Ball,90.63593,30.93646,Ball
52630,Matt Barnes,77.7095,14.44142,MEM
52630,Courtney Lee,80.42581,40.18156,MEM
52630,Mario Chalmers,90.32963,31.11534,MEM
52630,Marc Gasol,85.01037,21.9294,MEM
52630,JaMychal Green,78.23712,27.92921,MEM
52630,Spencer Hawes,80.69231,4.6637,CHA
52630,Jeremy Lin,72.41996,31.27609,CHA
52630,Nicolas Batum,62.65995,13.76712,CHA
52630,Jeremy Lamb,71.15229,42.77279,CHA
52630,Frank Kaminsky,86.10499,27.11859,CHA
52640,Ball,87.70128,33.95787,Ball
52640,Matt Barnes,73.12131,11.22738,MEM
52640,Courtney Lee,76.41408,42.18095,MEM
52640,Mario Chalmers,88.80996,33.20866,MEM
52640,Marc Gasol,81.27002,23.17331,MEM
52640,JaMychal Green,72.18031,26.21845,MEM
52640,Spencer Hawes,75.75649,6.11468,CHA
52640,Jeremy Lin,68.00523,31.03733,CHA
52640,Nicolas Batum,59.39845,14.30367,CHA
52640,Jeremy Lamb,66.21589,42.10997,CHA
52640,Frank Kaminsky,82.27822,27.72375,CHA
52650,Ball,85.33377,36.53094,Ball
52650,Matt Barnes,67.05852,8.69042,MEM
52650,Courtney Lee,71.03515,44.05186,MEM
52650,Mario Chalmers,85.45348,34.94178,MEM
52650,Marc Gasol,76.74494,23.65574,MEM
52650,JaMychal Green,64.49975,25.44756,MEM
52650,Spencer Hawes,70.64671,7.95874,CHA
52650,Jeremy Lin,62.98747,30.79303,CHA
52650,Nicolas Batum,54.73189,14.51264,CHA
52650,Jeremy Lamb,60.33626,41.57246,CHA
52650,Frank Kaminsky,77.26867,28.12607,CHA
52660,Ball,78.7717,36.48351,Ball
52660,Matt Barnes,59.84536,6.58451,MEM
52660,Courtney Lee,64.79488,45.53574,MEM
52660,Mario Chalmers,81.08688,36.23022,MEM
52660,Marc Gasol,71.57561,24.2313,MEM
52660,JaMychal Green,56.31612,25.02818,MEM
52660,Spencer Hawes,65.07364,10.00058,CHA
52660,Jeremy Lin,57.50695,30.65957,CHA
52660,Nicolas Batum,49.13866,15.33083,CHA
52660,Jeremy Lamb,54.10976,41.04973,CHA
52660,Frank Kaminsky,71.59264,28.46276,CHA
52670,Ball,74.37433,35.18454,Ball
52670,Matt Barnes,51.3333,4.78523,MEM
52670,Courtney Lee,57.41356,46.58008,MEM
52670,Mario Chalmers,75.39463,36.53995,MEM
52670,Marc Gasol,65.65173,24.68957,MEM
52670,JaMychal Green,46.4914,24.54594,MEM
52670,Spencer Hawes,58.21922,12.52403,CHA
52670,Jeremy Lin,51.33371,30.67886,CHA
52670,Nicolas Batum,42.35154,16.84741,CHA
52670,Jeremy Lamb,46.97311,40.64869,CHA
52670,Frank Kaminsky,63.94545,27.65694,CHA
52680,Ball,69.17617,34.66765,Ball
52680,Matt Barnes,43.48144,3.60235,MEM
52680,Courtney Lee,50.57679,47.12479,MEM
52680,Mario Chalmers,69.62267,35.95959,MEM
52680,Marc Gasol,60.13862,24.88675,MEM
52680,JaMychal Green,37.85927,24.1994,MEM
52680,Spencer Hawes,51.54987,14.88024,CHA
52680,Jeremy Lin,45.84749,30.78713,CHA
52680,Nicolas Batum,36.03281,17.72619,CHA
52680,Jeremy Lamb,40.5958,40.40987,CHA
52680,Frank Kaminsky,56.69251,26.65089,CHA
52690,Ball,63.74855,34.38069,Ball
52690,Matt Barnes,35.71428,3.10034,MEM
52690,Courtney Lee,43.98859,46.963,MEM
52690,Mario Chalmers,63.65618,35.17703,MEM
52690,Marc Gasol,54.45784,25.13367,MEM
52690,JaMychal Green,29.79142,24.43501,MEM
52690,Spencer Hawes,44.49282,16.79788,CHA
52690,Jeremy Lin,40.8966,30.58668,CHA
52690,Nicolas Batum,29.52609,18.73061,CHA
52690,Jeremy Lamb,34.63146,39.28445,CHA
52690,Frank Kaminsky,49.33006,25.74539,CHA
52700,Ball,46.77326,33.68347,Ball
52700,Matt Barnes,28.67738,2.93086,MEM
52700,Courtney Lee,37.92687,46.58609,MEM
52700,Mario Chalmers,57.91393,33.45817,MEM
52700,Marc Gasol,48.63658,25.20417,MEM
52700,JaMychal Green,22.82553,25.18449,MEM
52700,Spencer Hawes,37.27263,18.62124,CHA
52700,Jeremy Lin,36.68567,29.91261,CHA
52700,Nicolas Batum,23.532,20.31004,CHA
52700,Jeremy Lamb,28.99278,39.51226,CHA
52700,Frank Kaminsky,42.23533,24.01343,CHA
52710,Ball,26.47315,31.5487,Ball
52710,Matt Barnes,22.12513,2.74702,MEM
52710,Courtney Lee,32.30592,46.71917,MEM
52710,Mario Chalmers,52.8137,31.54776,MEM
52710,Marc Gasol,42.98623,25.43487,MEM
52710,JaMychal Green,17.46059,26.96184,MEM
52710,Spencer Hawes,29.98673,20.93818,CHA
52710,Jeremy Lin,32.96703,29.2593,CHA
52710,Nicolas Batum,18.43719,20.47924,CHA
52710,Jeremy Lamb,24.09326,39.26161,CHA
52710,Frank Kaminsky,34.98067,22.23361,CHA
52720,Ball,10.39199,31.73696,Ball
52720,Matt Barnes,16.43758,2.86407,MEM
52720,Courtney Lee,26.18358,47.10725,MEM
52720,Mario Chalmers,48.4685,29.91997,MEM
52720,Marc Gasol,37.81564,25.63134,MEM
52720,JaMychal Green,12.63559,28.97123,MEM
52720,Spencer Hawes,22.89492,23.16345,CHA
52720,Jeremy Lin,29.26633,28.7866,CHA
52720,Nicolas Batum,13.61811,21.981650000000002,CHA
52720,Jeremy Lamb,20.10217,38.04411,CHA
52720,Frank Kaminsky,27.82492,20.91124,CHA
52750,Ball,0.06482,40.90808,Ball
52750,Matt Barnes,47.95118,12.09615,MEM
52750,Courtney Lee,23.68191,40.18124,MEM
52750,Mario Chalmers,50.74345,28.82201,MEM
52750,Marc Gasol,47.02024,26.3308,MEM
52750,JaMychal Green,46.88642,22.2051,MEM
52750,Spencer Hawes,22.12597,29.25552,CHA
52750,Jeremy Lin,10.52861,25.59429,CHA
52750,Nicolas Batum,19.89547,16.32818,CHA
52750,Jeremy Lamb,34.60526,37.35439,CHA
52750,Frank Kaminsky,-2.07019,26.47777,CHA
52750,Ball,0.13289,40.76954,Ball
52750,Matt Barnes,48.27802,12.16818,MEM
52750,Courtney Lee,24.16421,40.09273,MEM
52750,Mario Chalmers,50.89038,28.82375,MEM
52750,Marc Gasol,47.22331,26.34174,MEM
52750,JaMychal Green,47.1222,22.20366,MEM
52750,Spencer Hawes,22.36167,29.29953,CHA
52750,Jeremy Lin,10.41808,25.53832,CHA
52750,Nicolas Batum,20.24784,16.15872,CHA
52750,Jeremy Lamb,34.92837,37.41721,CHA
52750,Frank Kaminsky,-2.02021,26.55908,CHA
52750,Ball,0.19116000000000002,40.57177,Ball
52750,Matt Barnes,48.60936,12.22599,MEM
52750,Courtney Lee,24.65194,40.00282,MEM
52750,Mario Chalmers,51.03589,28.82943,MEM
52750,Marc Gasol,47.43133,26.34922,MEM
52750,JaMychal Green,47.36249,22.20697,MEM
52750,Spencer Hawes,22.60939,29.32726,CHA
52750,Jeremy Lin,10.29969,25.48486,CHA
52750,Nicolas Batum,20.60288,15.99357,CHA
52750,Jeremy Lamb,35.2574,37.48222,CHA
52750,Frank Kaminsky,-1.96093,26.62896,CHA
52750,Ball,0.30673,40.5266,Ball
52750,Matt Barnes,48.94379,12.27753,MEM
52750,Courtney Lee,25.15307,39.91346,MEM
52750,Mario Chalmers,51.17848,28.83292,MEM
52750,Marc Gasol,47.63858,26.35615,MEM
52750,JaMychal Green,47.60673,22.20107,MEM
52750,Spencer Hawes,22.84134,29.43547,CHA
52750,Jeremy Lin,10.21644,25.39951,CHA
52750,Nicolas Batum,20.97457,15.82306,CHA
52750,Jeremy Lamb,35.59381,37.55656,CHA
52750,Frank Kaminsky,-1.9209100000000001,26.7028,CHA
52750,Ball,0.36476000000000003,40.2846,Ball
52750,Matt Barnes,49.27471,12.32803,MEM
52750,Courtney Lee,25.66121,39.8271,MEM
52750,Mario Chalmers,51.31832,28.83765,MEM
52750,Marc Gasol,47.84957,26.35791,MEM
52750,JaMychal Green,47.84754,22.21676,MEM
52750,Spencer Hawes,23.0764,29.55041,CHA
52750,Jeremy Lin,10.14945,25.30298,CHA
52750,Nicolas Batum,21.35695,15.65279,CHA
52750,Jeremy Lamb,35.93267,37.62143,CHA
52750,Frank Kaminsky,-1.87718,26.83414,CHA
52750,Ball,0.40127,40.18684,Ball
52750,Matt Barnes,49.60845,12.3794,MEM
52750,Courtney Lee,26.16796,39.74272,MEM
52750,Mario Chalmers,51.45889,28.84774,MEM
52750,Marc Gasol,48.06907,26.35159,MEM
52750,JaMychal Green,48.07812,22.223770000000002,MEM
52750,Spencer Hawes,23.29864,29.67392,CHA
52750,Jeremy Lin,10.0968,25.19015,CHA
52750,Nicolas Batum,21.752,15.480080000000001,CHA
52750,Jeremy Lamb,36.27574,37.67749,CHA
52750,Frank Kaminsky,-1.8370600000000001,27.01875,CHA
52750,Ball,0.46449,39.99639,Ball
52750,Matt Barnes,49.93109,12.4316,MEM
52750,Courtney Lee,26.67086,39.66844,MEM
52750,Mario Chalmers,51.59342,28.85597,MEM
52750,Marc Gasol,48.28831,26.34505,MEM
52750,JaMychal Green,48.30169,22.23091,MEM
52750,Spencer Hawes,23.51935,29.785,CHA
52750,Jeremy Lin,10.03811,25.112,CHA
52750,Nicolas Batum,22.14287,15.2985,CHA
52750,Jeremy Lamb,36.6222,37.74171,CHA
52750,Frank Kaminsky,-1.7977,27.14653,CHA
52750,Ball,0.48495000000000005,39.76416,Ball
52750,Matt Barnes,50.24953,12.4848,MEM
52750,Courtney Lee,27.18151,39.59339,MEM
52750,Mario Chalmers,51.73132,28.86365,MEM
52750,Marc Gasol,48.5019,26.32547,MEM
52750,JaMychal Green,48.54356,22.23559,MEM
52750,Spencer Hawes,23.76398,29.84235,CHA
52750,Jeremy Lin,10.01726,24.98779,CHA
52750,Nicolas Batum,22.53914,15.11744,CHA
52750,Jeremy Lamb,36.96872,37.81276,CHA
52750,Frank Kaminsky,-1.75605,27.26903,CHA
52750,Ball,0.46935000000000004,39.56476,Ball
52750,Matt Barnes,50.56559,12.53465,MEM
52750,Courtney Lee,27.69121,39.531,MEM
52750,Mario Chalmers,51.86438,28.87596,MEM
52750,Marc Gasol,48.72093,26.29857,MEM
52750,JaMychal Green,48.78479,22.23191,MEM
52750,Spencer Hawes,24.01519,29.82412,CHA
52750,Jeremy Lin,10.00133,24.87899,CHA
52750,Nicolas Batum,22.93917,14.93735,CHA
52750,Jeremy Lamb,37.32358,37.87266,CHA
52750,Frank Kaminsky,-1.7148400000000001,27.39395,CHA
52750,Ball,0.5269900000000001,39.27837,Ball
52750,Matt Barnes,50.87234,12.579930000000001,MEM
52750,Courtney Lee,28.20714,39.45743,MEM
52750,Mario Chalmers,51.99499,28.88633,MEM
52750,Marc Gasol,48.93776,26.29041,MEM
52750,JaMychal Green,49.02075,22.26114,MEM
52750,Spencer Hawes,24.26018,29.79854,CHA
52750,Jeremy Lin,9.99967,24.73777,CHA
52750,Nicolas Batum,23.3357,14.76122,CHA
52750,Jeremy Lamb,37.67931,37.94131,CHA
52750,Frank Kaminsky,-1.68384,27.52156,CHA
52750,Ball,0.48464,39.12749,Ball
52750,Matt Barnes,51.17477,12.61644,MEM
52750,Courtney Lee,28.72163,39.38209,MEM
52750,Mario Chalmers,52.12247,28.89133,MEM
52750,Marc Gasol,49.15156,26.29286,MEM
52750,JaMychal Green,49.2604,22.2809,MEM
52750,Spencer Hawes,24.50603,29.77709,CHA
52750,Jeremy Lin,10.0012,24.59931,CHA
52750,Nicolas Batum,23.73392,14.59157,CHA
52750,Jeremy Lamb,38.04125,38.01764,CHA
52750,Frank Kaminsky,-1.66227,27.66994,CHA
52750,Ball,0.46804,38.840090000000004,Ball
52750,Matt Barnes,51.47493,12.64594,MEM
52750,Courtney Lee,29.22909,39.30999,MEM
52750,Mario Chalmers,52.2512,28.88612,MEM
52750,Marc Gasol,49.37123,26.29071,MEM
52750,JaMychal Green,49.48939,22.28184,MEM
52750,Spencer Hawes,24.75003,29.7612,CHA
52750,Jeremy Lin,10.00239,24.46727,CHA
52750,Nicolas Batum,24.14569,14.43054,CHA
52750,Jeremy Lamb,38.41138,38.09749,CHA
52750,Frank Kaminsky,-1.6434600000000001,27.83541,CHA
52750,Ball,0.46873000000000004,38.68695,Ball
52750,Matt Barnes,51.77084,12.66823,MEM
52750,Courtney Lee,29.74186,39.23621,MEM
52750,Mario Chalmers,52.37946,28.88486,MEM
52750,Marc Gasol,49.59154,26.29702,MEM
52750,JaMychal Green,49.71767,22.27721,MEM
52750,Spencer Hawes,24.99848,29.7429,CHA
52750,Jeremy Lin,9.99377,24.33405,CHA
52750,Nicolas Batum,24.56258,14.2711,CHA
52750,Jeremy Lamb,38.78933,38.17868,CHA
52750,Frank Kaminsky,-1.6204100000000001,27.99422,CHA
52750,Ball,0.43679,38.44005,Ball
52750,Matt Barnes,52.06121,12.68432,MEM
52750,Courtney Lee,30.25765,39.15973,MEM
52750,Mario Chalmers,52.50343,28.87647,MEM
52750,Marc Gasol,49.81228,26.31151,MEM
52750,JaMychal Green,49.94521,22.28429,MEM
52750,Spencer Hawes,25.25223,29.71763,CHA
52750,Jeremy Lin,9.99087,24.20258,CHA
52750,Nicolas Batum,24.97488,14.11986,CHA
52750,Jeremy Lamb,39.17188,38.26813,CHA
52750,Frank Kaminsky,-1.5996000000000001,28.14436,CHA
52750,Ball,0.36365000000000003,38.16705,Ball
52750,Matt Barnes,52.34765,12.69573,MEM
52750,Courtney Lee,30.78405,39.08435,MEM
52750,Mario Chalmers,52.6316,28.86296,MEM
52750,Marc Gasol,50.02459,26.34093,MEM
52750,JaMychal Green,50.17438,22.309,MEM
52750,Spencer Hawes,25.48678,29.75341,CHA
52750,Jeremy Lin,9.99418,24.07451,CHA
52750,Nicolas Batum,25.38873,13.9511,CHA
52750,Jeremy Lamb,39.55584,38.36204,CHA
52750,Frank Kaminsky,-1.57526,28.27348,CHA
52750,Ball,0.2882,37.84353,Ball
52750,Matt Barnes,52.62431,12.70143,MEM
52750,Courtney Lee,31.31298,39.01221,MEM
52750,Mario Chalmers,52.75794,28.86674,MEM
52750,Marc Gasol,50.24011,26.36101,MEM
52750,JaMychal Green,50.40074,22.33628,MEM
52750,Spencer Hawes,25.72013,29.75106,CHA
52750,Jeremy Lin,9.99919,23.93841,CHA
52750,Nicolas Batum,25.81673,13.77087,CHA
52750,Jeremy Lamb,39.94476,38.44851,CHA
52750,Frank Kaminsky,-1.54454,28.41306,CHA
52750,Ball,0.25142000000000003,37.38973,Ball
52750,Matt Barnes,52.89819,12.70855,MEM
52750,Courtney Lee,31.84265,38.93895,MEM
52750,Mario Chalmers,52.88371,28.87892,MEM
52750,Marc Gasol,50.45342,26.39403,MEM
52750,JaMychal Green,50.6312,22.35045,MEM
52750,Spencer Hawes,25.94634,29.75154,CHA
52750,Jeremy Lin,10.01724,23.80698,CHA
52750,Nicolas Batum,26.25303,13.5686,CHA
52750,Jeremy Lamb,40.33843,38.53914,CHA
52750,Frank Kaminsky,-1.54264,28.54814,CHA
52750,Ball,0.18614000000000003,36.8644,Ball
52750,Matt Barnes,53.17034,12.70962,MEM
52750,Courtney Lee,32.37433,38.86503,MEM
52750,Mario Chalmers,53.00452,28.89816,MEM
52750,Marc Gasol,50.66543,26.42881,MEM
52750,JaMychal Green,50.85037,22.35096,MEM
52750,Spencer Hawes,26.16862,29.75622,CHA
52750,Jeremy Lin,10.04277,23.67444,CHA
52750,Nicolas Batum,26.68475,13.37886,CHA
52750,Jeremy Lamb,40.72938,38.62368,CHA
52750,Frank Kaminsky,-1.54561,28.69062,CHA
