65340,Ball,6.93459,10.0777,Ball
65340,Devin Harris,14.39081,14.58538,DAL
65340,Jose Juan Barea,9.70264,25.12246,DAL
65340,Raymond Felton,16.67808,30.89976,DAL
65340,Wesley Matthews,5.95884,30.00789,DAL
65340,Dwight Powell,7.53299,15.25603,DAL
65340,Garrett Temple,7.95769,10.2681,WAS
65340,Ramon Sessions,8.82056,48.13466,WAS
65340,Marcin Gortat,16.31844,16.83831,WAS
65340,John Wall,31.69261,39.20364,WAS
65340,Otto Porter,7.50306,28.39327,WAS
65350,Ball,6.55907,10.57516,Ball
65350,Devin Harris,13.58056,16.73046,DAL
65350,Jose Juan Barea,8.29494,26.56885,DAL
65350,Raymond Felton,16.83738,30.35226,DAL
65350,Wesley Matthews,5.34292,29.45284,DAL
65350,Dwight Powell,6.83943,14.48738,DAL
65350,Garrett Temple,7.52836,9.6326,WAS
65350,Ramon Sessions,9.36384,48.20769,WAS
65350,Marcin Gortat,13.74998,19.8004,WAS
65350,John Wall,32.52694,37.13037,WAS
65350,Otto Porter,6.54098,29.17535,WAS
65360,Ball,10.55409,7.43207,Ball
65360,Devin Harris,11.80981,18.88724,DAL
65360,Jose Juan Barea,8.118,28.54651,DAL
65360,Raymond Felton,18.14436,29.76866,DAL
65360,Wesley Matthews,4.9331700000000005,29.62289,DAL
65360,Dwight Powell,7.61841,13.19186,DAL
65360,Garrett Temple,8.87579,7.92126,WAS
65360,Ramon Sessions,10.86866,48.09886,WAS
65360,Marcin Gortat,10.91469,21.49652,WAS
65360,John Wall,33.50966,34.40991,WAS
65360,Otto Porter,6.20867,29.22474,WAS
65370,Ball,12.15149,6.7389600000000005,Ball
65370,Devin Harris,9.63661,20.10991,DAL
65370,Jose Juan Barea,8.743970000000001,31.26593,DAL
65370,Raymond Felton,19.60178,28.47858,DAL
65370,Wesley Matthews,4.51479,29.75892,DAL
65370,Dwight Powell,9.28388,12.35577,DAL
65370,Garrett Temple,10.7082,7.24824,WAS
65370,Ramon Sessions,12.80661,47.98749,WAS
65370,Marcin Gortat,8.17437,21.08296,WAS
65370,John Wall,34.90296,30.86025,WAS
65370,Otto Porter,6.50408,30.14531,WAS
65380,Ball,15.141539999999999,10.14957,Ball
65380,Devin Harris,8.71012,20.11772,DAL
65380,Jose Juan Barea,9.52942,34.54288,DAL
65380,Raymond Felton,20.8512,26.8891,DAL
65380,Wesley Matthews,4.81267,28.92798,DAL
65380,Dwight Powell,11.1874,12.69098,DAL
65380,Garrett Temple,12.91732,9.60472,WAS
65380,Ramon Sessions,15.2268,47.3161,WAS
65380,Marcin Gortat,6.44568,19.28498,WAS
65380,John Wall,35.98073,27.23193,WAS
65380,Otto Porter,7.71454,31.27117,WAS
65390,Ball,16.54719,15.72893,Ball
65390,Devin Harris,7.89178,19.92315,DAL
65390,Jose Juan Barea,10.49648,36.56945,DAL
65390,Raymond Felton,20.70708,25.26048,DAL
65390,Wesley Matthews,6.12323,28.61745,DAL
65390,Dwight Powell,12.69362,14.97254,DAL
65390,Garrett Temple,14.73593,14.79676,WAS
65390,Ramon Sessions,18.42911,46.01437,WAS
65390,Marcin Gortat,6.26576,17.36248,WAS
65390,John Wall,36.23627,24.20843,WAS
65390,Otto Porter,9.11253,33.15842,WAS
65400,Ball,14.10092,21.12797,Ball
65400,Devin Harris,7.14607,19.22289,DAL
65400,Jose Juan Barea,12.24367,36.76384,DAL
65400,Raymond Felton,18.73438,24.39441,DAL
65400,Wesley Matthews,7.36175,29.62461,DAL
65400,Dwight Powell,12.92418,19.37602,DAL
65400,Garrett Temple,14.43617,20.48613,WAS
65400,Ramon Sessions,21.701810000000002,44.29465,WAS
65400,Marcin Gortat,7.35205,15.79487,WAS
65400,John Wall,36.14992,22.39399,WAS
65400,Otto Porter,10.28665,34.40958,WAS
65410,Ball,10.941790000000001,26.60193,Ball
65410,Devin Harris,7.15027,18.50034,DAL
65410,Jose Juan Barea,14.0396,36.7168,DAL
65410,Raymond Felton,15.92932,24.41298,DAL
65410,Wesley Matthews,7.7493,30.54121,DAL
65410,Dwight Powell,11.70519,23.71675,DAL
65410,Garrett Temple,11.84907,25.57174,WAS
65410,Ramon Sessions,24.78615,42.03796,WAS
65410,Marcin Gortat,8.96379,15.44566,WAS
65410,John Wall,36.22953,21.61997,WAS
65410,Otto Porter,9.75168,34.32381,WAS
65420,Ball,5.84289,27.93361,Ball
65420,Devin Harris,8.10961,18.17894,DAL
65420,Jose Juan Barea,15.10672,37.25583,DAL
65420,Raymond Felton,13.05888,24.50218,DAL
65420,Wesley Matthews,7.9063,31.28958,DAL
65420,Dwight Powell,9.91935,26.85486,DAL
65420,Garrett Temple,9.2016,28.75793,WAS
65420,Ramon Sessions,27.73126,40.02974,WAS
65420,Marcin Gortat,10.32664,15.71205,WAS
65420,John Wall,36.25529,21.48486,WAS
65420,Otto Porter,7.91727,34.12291,WAS
65430,Ball,5.03207,27.04978,Ball
65430,Devin Harris,9.35598,18.35286,DAL
65430,Jose Juan Barea,15.21036,37.48607,DAL
65430,Raymond Felton,9.54741,24.7048,DAL
65430,Wesley Matthews,8.87455,32.22333,DAL
65430,Dwight Powell,8.03064,29.03307,DAL
65430,Garrett Temple,8.14373,30.71884,WAS
65430,Ramon Sessions,30.63233,38.77301,WAS
65430,Marcin Gortat,11.27083,16.51963,WAS
65430,John Wall,36.49214,21.3012,WAS
65430,Otto Porter,7.53782,34.19811,WAS
65440,Ball,5.53872,26.13652,Ball
65440,Devin Harris,11.0743,17.87437,DAL
65440,Jose Juan Barea,15.93683,37.78758,DAL
65440,Raymond Felton,6.47453,25.47714,DAL
65440,Wesley Matthews,9.412,32.36304,DAL
65440,Dwight Powell,7.49411,30.09866,DAL
65440,Garrett Temple,3.12126,31.81213,WAS
65440,Ramon Sessions,33.97479,37.88021,WAS
65440,Marcin Gortat,12.82364,17.43613,WAS
65440,John Wall,37.23758,21.29438,WAS
65440,Otto Porter,7.81321,34.41862,WAS
65450,Ball,3.96821,26.02274,Ball
65450,Devin Harris,13.5177,16.47844,DAL
65450,Jose Juan Barea,18.48599,38.84541,DAL
65450,Raymond Felton,4.86477,26.4921,DAL
65450,Wesley Matthews,11.2513,31.31751,DAL
65450,Dwight Powell,7.81792,29.96424,DAL
65450,Garrett Temple,-3.2325,33.73601,WAS
65450,Ramon Sessions,37.68574,37.49818,WAS
65450,Marcin Gortat,16.73621,18.06662,WAS
65450,John Wall,38.96053,21.49865,WAS
65450,Otto Porter,8.58972,34.25649,WAS
65460,Ball,4.0117,25.54283,Ball
65460,Devin Harris,17.38652,14.05384,DAL
65460,Jose Juan Barea,22.84595,40.60782,DAL
65460,Raymond Felton,3.9687,26.55053,DAL
65460,Wesley Matthews,15.02773,28.49574,DAL
65460,Dwight Powell,8.85192,28.33578,DAL
65460,Garrett Temple,-4.07237,33.91107,WAS
65460,Ramon Sessions,41.86657,37.49819,WAS
65460,Marcin Gortat,22.1957,18.86805,WAS
65460,John Wall,41.64676,21.55656,WAS
65460,Otto Porter,11.03297,33.72465,WAS
65470,Ball,4.31979,25.37768,Ball
65470,Devin Harris,22.3549,11.39084,DAL
65470,Jose Juan Barea,28.38722,42.4063,DAL
65470,Raymond Felton,5.24697,25.8318,DAL
65470,Wesley Matthews,19.18401,24.94147,DAL
65470,Dwight Powell,11.68217,24.82579,DAL
65470,Garrett Temple,-4.97575,33.18694,WAS
65470,Ramon Sessions,46.22644,37.87194,WAS
65470,Marcin Gortat,28.09701,19.34566,WAS
65470,John Wall,45.07034,21.48342,WAS
65470,Otto Porter,14.82487,33.78952,WAS
65480,Ball,9.51918,23.23332,Ball
65480,Devin Harris,28.18223,8.99861,DAL
65480,Jose Juan Barea,34.76593,44.04199,DAL
65480,Raymond Felton,8.65886,24.80994,DAL
65480,Wesley Matthews,23.97795,21.18493,DAL
65480,Dwight Powell,15.92675,21.07878,DAL
65480,Garrett Temple,-1.67965,34.27091,WAS
65480,Ramon Sessions,50.67,38.44071,WAS
65480,Marcin Gortat,34.58987,19.76494,WAS
65480,John Wall,49.12208,21.10246,WAS
65480,Otto Porter,19.89469,33.56753,WAS
65490,Ball,14.0205,22.39998,Ball
65490,Devin Harris,34.67227,6.97843,DAL
65490,Jose Juan Barea,41.56992,45.47274,DAL
65490,Raymond Felton,13.44226,23.73032,DAL
65490,Wesley Matthews,29.44556,17.42665,DAL
65490,Dwight Powell,21.31395,17.77382,DAL
65490,Garrett Temple,3.84173,35.38901,WAS
65490,Ramon Sessions,55.23678,38.98194,WAS
65490,Marcin Gortat,41.36364,20.36224,WAS
65490,John Wall,53.47354,19.90061,WAS
65490,Otto Porter,25.56993,32.5982,WAS
65500,Ball,19.64614,21.20623,Ball
65500,Devin Harris,41.68369,5.36125,DAL
65500,Jose Juan Barea,48.62838,46.71375,DAL
65500,Raymond Felton,19.17055,22.6027,DAL
65500,Wesley Matthews,35.20875,13.64297,DAL
65500,Dwight Powell,27.68325,15.41816,DAL
65500,Garrett Temple,8.82737,35.11112,WAS
65500,Ramon Sessions,59.73788,39.27696,WAS
65500,Marcin Gortat,47.97369,21.22474,WAS
65500,John Wall,57.52231,17.96777,WAS
65500,Otto Porter,31.27854,30.9811,WAS
65510,Ball,26.23435,19.31808,Ball
65510,Devin Harris,49.02822,4.20398,DAL
65510,Jose Juan Barea,55.72732,47.75108,DAL
65510,Raymond Felton,25.24719,21.19989,DAL
65510,Wesley Matthews,41.26015,10.23024,DAL
65510,Dwight Powell,34.56059,14.07133,DAL
65510,Garrett Temple,15.03266,34.37551,WAS
65510,Ramon Sessions,64.15114,39.32338,WAS
65510,Marcin Gortat,54.24318,21.8909,WAS
65510,John Wall,60.78287,15.63678,WAS
65510,Otto Porter,37.1949,28.93306,WAS
65520,Ball,31.40697,17.94503,Ball
65520,Devin Harris,56.34933,3.40307,DAL
65520,Jose Juan Barea,62.61259,48.45824,DAL
65520,Raymond Felton,31.1353,18.88615,DAL
65520,Wesley Matthews,47.42549,7.23286,DAL
65520,Dwight Powell,41.81928,13.79683,DAL
65520,Garrett Temple,22.20622,33.46522,WAS
65520,Ramon Sessions,68.40344,38.9907,WAS
65520,Marcin Gortat,60.37876,21.76473,WAS
65520,John Wall,63.58604,13.16256,WAS
65520,Otto Porter,42.85591,26.79243,WAS
65530,Ball,43.57972,12.96631,Ball
65530,Devin Harris,63.71681,2.79095,DAL
65530,Jose Juan Barea,69.18399,48.73876,DAL
65530,Raymond Felton,36.27849,16.39377,DAL
65530,Wesley Matthews,53.37249,5.18015,DAL
65530,Dwight Powell,49.06873,14.49926,DAL
65530,Garrett Temple,29.71463,32.28849,WAS
65530,Ramon Sessions,72.33885,38.23653,WAS
65530,Marcin Gortat,65.88236,21.22086,WAS
65530,John Wall,65.40344,10.50685,WAS
65530,Otto Porter,48.522710000000004,24.24938,WAS
65540,Ball,57.211,6.99179,Ball
65540,Devin Harris,70.96699,2.33394,DAL
65540,Jose Juan Barea,75.0727,48.75706,DAL
65540,Raymond Felton,40.83498,14.41474,DAL
65540,Wesley Matthews,59.18176,4.0216,DAL
65540,Dwight Powell,56.30336,15.75638,DAL
65540,Garrett Temple,37.05221,30.39868,WAS
65540,Ramon Sessions,75.87999,37.25895,WAS
65540,Marcin Gortat,70.8161,20.18203,WAS
65540,John Wall,64.29303,7.5618300000000005,WAS
65540,Otto Porter,53.90969,22.17934,WAS
65550,Ball,63.16096,3.70363,Ball
65550,Devin Harris,77.52699,2.13603,DAL
65550,Jose Juan Barea,79.87671,48.52474,DAL
65550,Raymond Felton,44.6728,12.43716,DAL
65550,Wesley Matthews,63.80799,3.94241,DAL
65550,Dwight Powell,63.08313,16.50479,DAL
65550,Garrett Temple,44.16879,28.13302,WAS
65550,Ramon Sessions,78.74047,36.36643,WAS
65550,Marcin Gortat,75.34987,18.59012,WAS
65550,John Wall,61.64135,5.41939,WAS
65550,Otto Porter,59.08928,20.34377,WAS
65560,Ball,66.88722,5.23649,Ball
65560,Devin Harris,82.90851,2.21044,DAL
65560,Jose Juan Barea,83.50697,48.35903,DAL
65560,Raymond Felton,47.94988,10.86052,DAL
65560,Wesley Matthews,66.64779,4.40587,DAL
65560,Dwight Powell,69.22703,16.01705,DAL
65560,Garrett Temple,50.73751,25.72693,WAS
65560,Ramon Sessions,81.05195,35.29892,WAS
65560,Marcin Gortat,79.31059,16.29709,WAS
65560,John Wall,59.21651,3.96687,WAS
65560,Otto Porter,63.84769,18.70688,WAS
65570,Ball,69.66033,5.95599,Ball
65570,Devin Harris,86.70856,2.00807,DAL
65570,Jose Juan Barea,85.96088,48.5038,DAL
65570,Raymond Felton,50.59874,9.74556,DAL
65570,Wesley Matthews,69.30835,5.12237,DAL
65570,Dwight Powell,74.6057,14.77153,DAL
65570,Garrett Temple,56.8439,23.4297,WAS
65570,Ramon Sessions,82.71907,33.83185,WAS
65570,Marcin Gortat,82.38715,14.1347,WAS
65570,John Wall,58.43595,3.57803,WAS
65570,Otto Porter,68.40948,16.52103,WAS
65580,Ball,72.14853,5.95252,Ball
65580,Devin Harris,89.33975,2.02144,DAL
65580,Jose Juan Barea,87.2072,48.54891,DAL
65580,Raymond Felton,52.72975,9.59554,DAL
65580,Wesley Matthews,71.34461,5.69059,DAL
65580,Dwight Powell,79.47856,14.04347,DAL
65580,Garrett Temple,62.80453,21.84478,WAS
65580,Ramon Sessions,83.89262,31.89389,WAS
65580,Marcin Gortat,84.75954,13.92132,WAS
65580,John Wall,60.48609,4.70988,WAS
65580,Otto Porter,71.68009,12.90733,WAS
65590,Ball,71.07544,6.62186,Ball
65590,Devin Harris,90.76186,2.08689,DAL
65590,Jose Juan Barea,87.44526,48.49954,DAL
65590,Raymond Felton,54.18756,10.1638,DAL
65590,Wesley Matthews,72.10444,5.83606,DAL
65590,Dwight Powell,83.42016,15.03192,DAL
65590,Garrett Temple,68.62097,20.97687,WAS
65590,Ramon Sessions,84.23442,31.07626,WAS
65590,Marcin Gortat,85.91525,14.84169,WAS
65590,John Wall,63.90917,6.87814,WAS
65590,Otto Porter,73.84843,9.36413,WAS
65600,Ball,72.37583,5.5037,Ball
65600,Devin Harris,90.92374,2.05494,DAL
65600,Jose Juan Barea,87.11907,48.51191,DAL
65600,Raymond Felton,55.14934,10.7965,DAL
65600,Wesley Matthews,72.0437,5.83344,DAL
65600,Dwight Powell,85.36734,15.79317,DAL
65600,Garrett Temple,72.9119,20.33366,WAS
65600,Ramon Sessions,83.65075,31.97486,WAS
65600,Marcin Gortat,86.43417,16.50688,WAS
65600,John Wall,67.41301,10.0924,WAS
65600,Otto Porter,74.20946,8.16316,WAS
65610,Ball,84.38714,3.17062,Ball
65610,Devin Harris,90.61411,2.07,DAL
65610,Jose Juan Barea,87.03139,48.5151,DAL
65610,Raymond Felton,55.45287,11.84867,DAL
65610,Wesley Matthews,71.30477,5.65987,DAL
65610,Dwight Powell,84.9758,16.08494,DAL
65610,Garrett Temple,75.36064,19.13661,WAS
65610,Ramon Sessions,82.67259,33.52073,WAS
65610,Marcin Gortat,87.04314,17.2987,WAS
65610,John Wall,70.36568,13.69789,WAS
65610,Otto Porter,73.51055,8.20647,WAS
65620,Ball,91.05651,3.53464,Ball
65620,Devin Harris,91.2995,2.36061,DAL
65620,Jose Juan Barea,87.35762,48.0984,DAL
65620,Raymond Felton,55.45853,12.34704,DAL
65620,Wesley Matthews,69.96605,5.89235,DAL
65620,Dwight Powell,83.76616,16.31661,DAL
65620,Garrett Temple,78.47096,16.32006,WAS
65620,Ramon Sessions,82.75911,34.57137,WAS
65620,Marcin Gortat,87.84962,15.96414,WAS
65620,John Wall,73.29222,16.86591,WAS
65620,Otto Porter,72.92768,8.35709,WAS
65630,Ball,91.36158,3.06766,Ball
65630,Devin Harris,91.66032,2.8012,DAL
65630,Jose Juan Barea,87.31509,46.26865,DAL
65630,Raymond Felton,55.85768,12.98843,DAL
65630,Wesley Matthews,68.08037,6.61886,DAL
65630,Dwight Powell,82.97901,17.16606,DAL
65630,Garrett Temple,81.70612,14.41348,WAS
65630,Ramon Sessions,83.9604,34.85523,WAS
65630,Marcin Gortat,89.27492,12.26828,WAS
65630,John Wall,76.30031,19.50009,WAS
65630,Otto Porter,72.88862,8.73304,WAS
65640,Ball,90.7628,7.95636,Ball
65640,Devin Harris,91.89096,3.4554300000000002,DAL
65640,Jose Juan Barea,86.60363,43.31635,DAL
65640,Raymond Felton,56.71513,14.11246,DAL
65640,Wesley Matthews,65.86012,7.13651,DAL
65640,Dwight Powell,83.07962,18.3767,DAL
65640,Garrett Temple,83.83186,14.3094,WAS
65640,Ramon Sessions,85.36248,34.42451,WAS
65640,Marcin Gortat,90.96418,8.55608,WAS
65640,John Wall,79.10569,21.9788,WAS
65640,Otto Porter,74.12834,10.03313,WAS
65650,Ball,89.7292,15.36479,Ball
65650,Devin Harris,92.22242,4.06524,DAL
65650,Jose Juan Barea,85.5742,39.56801,DAL
65650,Raymond Felton,57.99228,15.31495,DAL
65650,Wesley Matthews,63.86852,8.08198,DAL
65650,Dwight Powell,83.99845,18.71406,DAL
65650,Garrett Temple,85.43027,15.85472,WAS
65650,Ramon Sessions,86.65757,34.21233,WAS
65650,Marcin Gortat,92.81068,5.68838,WAS
65650,John Wall,81.60354,24.12224,WAS
65650,Otto Porter,76.18015,12.56112,WAS
65660,Ball,88.85557,22.10436,Ball
65660,Devin Harris,92.41304,4.33907,DAL
65660,Jose Juan Barea,84.69847,36.08736,DAL
65660,Raymond Felton,59.61473,16.71313,DAL
65660,Wesley Matthews,61.9041,9.07388,DAL
65660,Dwight Powell,85.25202,19.12362,DAL
65660,Garrett Temple,86.87916,18.13634,WAS
65660,Ramon Sessions,87.02782,33.2647,WAS
65660,Marcin Gortat,94.09528,3.773,WAS
65660,John Wall,83.51269,25.83974,WAS
65660,Otto Porter,78.64759,15.90296,WAS
65670,Ball,87.84289,23.8399,Ball
65670,Devin Harris,92.07649,4.60346,DAL
65670,Jose Juan Barea,84.16569,34.04455,DAL
65670,Raymond Felton,61.35142,18.07303,DAL
65670,Wesley Matthews,60.1272,10.09663,DAL
65670,Dwight Powell,86.01283,19.61352,DAL
65670,Garrett Temple,88.0356,19.632,WAS
65670,Ramon Sessions,86.64447,31.56457,WAS
65670,Marcin Gortat,94.10265,3.04162,WAS
65670,John Wall,85.32272,26.55058,WAS
65670,Otto Porter,80.81367,19.11389,WAS
65680,Ball,87.038,23.24291,Ball
65680,Devin Harris,91.17163,5.63928,DAL
65680,Jose Juan Barea,83.67197,33.01629,DAL
65680,Raymond Felton,62.97198,19.32677,DAL
65680,Wesley Matthews,59.5622,10.9003,DAL
65680,Dwight Powell,86.30313,20.20301,DAL
65680,Garrett Temple,88.24665,19.86689,WAS
65680,Ramon Sessions,86.6653,30.59077,WAS
65680,Marcin Gortat,93.22049,3.38576,WAS
65680,John Wall,86.3369,26.24969,WAS
65680,Otto Porter,83.15414,21.61493,WAS
65690,Ball,87.03571,22.5488,Ball
65690,Devin Harris,90.34625,7.85375,DAL
65690,Jose Juan Barea,83.56769,32.17222,DAL
65690,Raymond Felton,64.57647,20.3776,DAL
65690,Wesley Matthews,60.17572,11.08042,DAL
65690,Dwight Powell,85.69754,21.21819,DAL
65690,Garrett Temple,87.21035,20.45799,WAS
65690,Ramon Sessions,86.23579,30.533079999999998,WAS
65690,Marcin Gortat,91.31054,4.02773,WAS
65690,John Wall,86.69181,24.89116,WAS
65690,Otto Porter,85.09016,23.0061,WAS
65700,Ball,89.16969,22.68091,Ball
65700,Devin Harris,89.66909,10.69158,DAL
65700,Jose Juan Barea,83.56473,31.23973,DAL
65700,Raymond Felton,65.97468,21.27135,DAL
65700,Wesley Matthews,61.33704,11.26932,DAL
65700,Dwight Powell,85.16136,22.46273,DAL
65700,Garrett Temple,86.55071,20.59831,WAS
65700,Ramon Sessions,86.19049,31.132460000000002,WAS
65700,Marcin Gortat,88.78081,4.90181,WAS
65700,John Wall,87.90099,23.37251,WAS
65700,Otto Porter,86.50752,24.1383,WAS
65710,Ball,89.01519,22.99786,Ball
65710,Devin Harris,89.20129,14.2628,DAL
65710,Jose Juan Barea,84.02996,30.43065,DAL
65710,Raymond Felton,67.06154,21.86498,DAL
65710,Wesley Matthews,61.85832,11.56377,DAL
65710,Dwight Powell,84.21356,22.75339,DAL
65710,Garrett Temple,86.49176,19.99039,WAS
65710,Ramon Sessions,86.27133,32.13738,WAS
65710,Marcin Gortat,85.63492,6.27643,WAS
65710,John Wall,90.4039,23.25124,WAS
65710,Otto Porter,87.42687,23.56468,WAS
65720,Ball,86.19312,20.83381,Ball
65720,Devin Harris,90.10617,17.77022,DAL
65720,Jose Juan Barea,84.99424,29.80222,DAL
65720,Raymond Felton,67.38522,22.19344,DAL
65720,Wesley Matthews,61.38873,11.68399,DAL
65720,Dwight Powell,82.06293,22.61006,DAL
65720,Garrett Temple,86.43572,19.94162,WAS
65720,Ramon Sessions,86.38396,33.34574,WAS
65720,Marcin Gortat,81.85088,7.80964,WAS
65720,John Wall,92.17821,22.52147,WAS
65720,Otto Porter,88.01254,23.15111,WAS
65730,Ball,86.24614,18.7197,Ball
65730,Devin Harris,91.61319,20.2371,DAL
65730,Jose Juan Barea,85.44141,29.35347,DAL
65730,Raymond Felton,66.32344,22.67702,DAL
65730,Wesley Matthews,59.4797,11.61346,DAL
65730,Dwight Powell,79.06364,22.40285,DAL
65730,Garrett Temple,86.31125,19.12009,WAS
65730,Ramon Sessions,85.46178,34.82719,WAS
65730,Marcin Gortat,77.44149,9.01813,WAS
65730,John Wall,92.95847,22.27527,WAS
65730,Otto Porter,87.55408,22.70989,WAS
65740,Ball,86.3067,17.35425,Ball
65740,Devin Harris,92.24094,20.42723,DAL
65740,Jose Juan Barea,86.06426,29.15869,DAL
65740,Raymond Felton,63.9821,22.78989,DAL
65740,Wesley Matthews,56.794,11.4492,DAL
65740,Dwight Powell,75.58686,23.08146,DAL
65740,Garrett Temple,85.83919,17.63367,WAS
65740,Ramon Sessions,84.1733,36.83159,WAS
65740,Marcin Gortat,73.13838,9.77132,WAS
65740,John Wall,92.75636,22.20043,WAS
65740,Otto Porter,87.14708,23.29789,WAS
65750,Ball,85.01711,15.86646,Ball
65750,Devin Harris,92.23198,20.72369,DAL
65750,Jose Juan Barea,87.72497,28.49791,DAL
65750,Raymond Felton,61.16762,23.19532,DAL
65750,Wesley Matthews,53.80909,11.47187,DAL
65750,Dwight Powell,71.84905,23.9195,DAL
65750,Garrett Temple,84.62614,16.16577,WAS
65750,Ramon Sessions,82.19027,39.09602,WAS
65750,Marcin Gortat,69.27578,10.47459,WAS
65750,John Wall,92.61752,22.53091,WAS
65750,Otto Porter,86.61984,24.7473,WAS
65760,Ball,85.5521,17.59039,Ball
65760,Devin Harris,92.28987,21.91608,DAL
65760,Jose Juan Barea,89.80635,27.49141,DAL
65760,Raymond Felton,58.04476,23.63719,DAL
65760,Wesley Matthews,50.78598,11.48458,DAL
65760,Dwight Powell,67.30665,24.10576,DAL
65760,Garrett Temple,82.44312,14.10868,WAS
65760,Ramon Sessions,79.83789,41.2614,WAS
65760,Marcin Gortat,65.65009,11.1753,WAS
65760,John Wall,92.44969,23.65221,WAS
65760,Otto Porter,85.40583,26.58917,WAS
65770,Ball,86.34257,26.72176,Ball
65770,Devin Harris,91.63943,22.84762,DAL
65770,Jose Juan Barea,90.44829,25.99946,DAL
65770,Raymond Felton,54.83045,24.08207,DAL
65770,Wesley Matthews,47.91843,11.803840000000001,DAL
65770,Dwight Powell,62.40599,24.26545,DAL
65770,Garrett Temple,80.42909,11.8178,WAS
65770,Ramon Sessions,76.89647,42.82131,WAS
65770,Marcin Gortat,62.05266,12.07424,WAS
65770,John Wall,91.6009,23.74625,WAS
65770,Otto Porter,84.29997,28.66192,WAS
65780,Ball,78.06528,33.51792,Ball
65780,Devin Harris,89.5012,23.48366,DAL
65780,Jose Juan Barea,89.74672,26.29945,DAL
65780,Raymond Felton,51.62666,25.11119,DAL
65780,Wesley Matthews,45.08538,12.33112,DAL
65780,Dwight Powell,57.05564,24.88217,DAL
65780,Garrett Temple,77.52189,9.79069,WAS
65780,Ramon Sessions,73.51079,43.81273,WAS
65780,Marcin Gortat,58.04995,12.9123,WAS
65780,John Wall,91.86974,23.73011,WAS
65780,Otto Porter,82.93871,30.84298,WAS
65790,Ball,70.1564,40.26479,Ball
65790,Devin Harris,85.81576,24.09203,DAL
65790,Jose Juan Barea,86.69384,27.56322,DAL
65790,Raymond Felton,48.29161,26.24901,DAL
65790,Wesley Matthews,42.0735,12.63786,DAL
65790,Dwight Powell,51.50093,26.0241,DAL
65790,Garrett Temple,72.86506,7.98961,WAS
65790,Ramon Sessions,69.85953,44.11022,WAS
65790,Marcin Gortat,53.30687,13.80441,WAS
65790,John Wall,91.75573,23.12584,WAS
65790,Otto Porter,80.45701,33.12875,WAS
65800,Ball,65.0518,43.40915,Ball
65800,Devin Harris,81.35683,24.46392,DAL
65800,Jose Juan Barea,82.1334,28.83932,DAL
65800,Raymond Felton,45.29486,27.72198,DAL
65800,Wesley Matthews,38.66884,13.57591,DAL
65800,Dwight Powell,45.76194,27.30525,DAL
65800,Garrett Temple,67.13014,6.64437,WAS
65800,Ramon Sessions,65.06564,44.1271,WAS
65800,Marcin Gortat,47.52296,15.1478,WAS
65800,John Wall,89.65461,21.70966,WAS
65800,Otto Porter,76.45248,34.79105,WAS
65810,Ball,57.45142,43.67737,Ball
65810,Devin Harris,75.84129,24.67564,DAL
65810,Jose Juan Barea,76.65932,29.81218,DAL
65810,Raymond Felton,41.10618,29.0541,DAL
65810,Wesley Matthews,34.97618,15.28769,DAL
65810,Dwight Powell,41.42944,28.08394,DAL
65810,Garrett Temple,60.69808,5.75433,WAS
65810,Ramon Sessions,59.25205,44.6276,WAS
65810,Marcin Gortat,41.32335,16.97481,WAS
65810,John Wall,85.85934,20.1642,WAS
65810,Otto Porter,71.41422,35.63765,WAS
65820,Ball,51.29116,45.64105,Ball
65820,Devin Harris,69.46715,24.61174,DAL
65820,Jose Juan Barea,70.56723,30.39761,DAL
65820,Raymond Felton,36.88423,31.43487,DAL
65820,Wesley Matthews,30.8609,17.61209,DAL
65820,Dwight Powell,36.94672,28.03361,DAL
65820,Garrett Temple,53.9677,5.23108,WAS
65820,Ramon Sessions,52.89806,45.28944,WAS
65820,Marcin Gortat,34.93847,19.38865,WAS
65820,John Wall,81.21491,18.89917,WAS
65820,Otto Porter,65.71765,35.82718,WAS
65830,Ball,45.36262,46.2244,Ball
65830,Devin Harris,62.43518,24.10244,DAL
65830,Jose Juan Barea,64.20561,30.72366,DAL
65830,Raymond Felton,33.31761,33.39855,DAL
65830,Wesley Matthews,26.8734,20.26226,DAL
65830,Dwight Powell,31.84973,28.20091,DAL
65830,Garrett Temple,47.29832,4.9638100000000005,WAS
65830,Ramon Sessions,46.33729,45.23898,WAS
65830,Marcin Gortat,29.18427,22.37965,WAS
65830,John Wall,75.87712,17.85043,WAS
65830,Otto Porter,59.67498,35.42746,WAS
65840,Ball,39.795230000000004,40.62283,Ball
65840,Devin Harris,54.88567,23.04478,DAL
65840,Jose Juan Barea,57.62736,30.84512,DAL
65840,Raymond Felton,29.88279,34.64539,DAL
65840,Wesley Matthews,23.33473,21.85613,DAL
65840,Dwight Powell,26.93067,28.50691,DAL
65840,Garrett Temple,40.4546,4.83019,WAS
65840,Ramon Sessions,40.60999,43.80994,WAS
65840,Marcin Gortat,24.42154,25.5825,WAS
65840,John Wall,70.31684,17.01748,WAS
65840,Otto Porter,53.46588,34.66598,WAS
65850,Ball,32.7447,24.64206,Ball
65850,Devin Harris,47.05678,21.47358,DAL
65850,Jose Juan Barea,51.18036,30.37918,DAL
65850,Raymond Felton,26.63407,34.91559,DAL
65850,Wesley Matthews,21.40159,20.25869,DAL
65850,Dwight Powell,22.72522,28.13603,DAL
65850,Garrett Temple,33.62414,5.17121,WAS
65850,Ramon Sessions,35.71587,42.63886,WAS
65850,Marcin Gortat,20.1762,28.52049,WAS
65850,John Wall,64.55728,16.41808,WAS
65850,Otto Porter,47.38639,33.88468,WAS
65860,Ball,26.22645,9.41223,Ball
65860,Devin Harris,39.29205,19.68114,DAL
65860,Jose Juan Barea,44.89884,29.39932,DAL
65860,Raymond Felton,23.97523,34.53331,DAL
65860,Wesley Matthews,19.22382,17.35447,DAL
65860,Dwight Powell,19.50134,27.08337,DAL
65860,Garrett Temple,27.00886,6.25426,WAS
65860,Ramon Sessions,31.5662,42.42708,WAS
65860,Marcin Gortat,16.32481,29.89054,WAS
65860,John Wall,58.90335,15.59716,WAS
65860,Otto Porter,41.28423,32.74893,WAS
65870,Ball,21.1,9.38352,Ball
65870,Devin Harris,31.947,18.00192,DAL
65870,Jose Juan Barea,39.14698,28.0125,DAL
65870,Raymond Felton,21.43224,34.04574,DAL
65870,Wesley Matthews,16.47269,15.31616,DAL
65870,Dwight Powell,16.09841,25.32353,DAL
65870,Garrett Temple,21.46214,8.53852,WAS
65870,Ramon Sessions,27.7943,42.72362,WAS
65870,Marcin Gortat,13.59899,29.60355,WAS
65870,John Wall,53.3282,14.38319,WAS
65870,Otto Porter,35.42665,30.8944,WAS
65880,Ball,18.96931,15.0993,Ball
65880,Devin Harris,25.13144,17.28803,DAL
65880,Jose Juan Barea,34.14047,26.22147,DAL
65880,Raymond Felton,19.12259,33.64986,DAL
65880,Wesley Matthews,15.14834,14.96169,DAL
65880,Dwight Powell,14.00425,23.95859,DAL
65880,Garrett Temple,17.92071,13.85574,WAS
65880,Ramon Sessions,24.37741,43.40485,WAS
65880,Marcin Gortat,11.63987,28.21651,WAS
65880,John Wall,48.33373,12.97672,WAS
65880,Otto Porter,29.94284,28.77728,WAS
65890,Ball,16.54846,14.83379,Ball
65890,Devin Harris,19.73499,17.88958,DAL
65890,Jose Juan Barea,30.48407,24.61563,DAL
65890,Raymond Felton,17.50824,33.80751,DAL
65890,Wesley Matthews,14.65546,16.65439,DAL
65890,Dwight Powell,13.50584,23.42533,DAL
65890,Garrett Temple,15.50582,19.65546,WAS
65890,Ramon Sessions,20.83417,44.48911,WAS
65890,Marcin Gortat,10.21407,26.61893,WAS
65890,John Wall,43.80541,11.97344,WAS
65890,Otto Porter,24.93976,27.16062,WAS
65900,Ball,13.804310000000001,15.51841,Ball
65900,Devin Harris,16.94869,18.89184,DAL
65900,Jose Juan Barea,29.34321,23.50284,DAL
65900,Raymond Felton,17.26832,34.36174,DAL
65900,Wesley Matthews,14.31788,16.82036,DAL
65900,Dwight Powell,13.59487,23.74122,DAL
65900,Garrett Temple,14.07978,23.21811,WAS
65900,Ramon Sessions,18.30619,45.23536,WAS
65900,Marcin Gortat,9.18848,25.60833,WAS
65900,John Wall,40.33068,11.44347,WAS
65900,Otto Porter,21.79743,25.67239,WAS
65910,Ball,17.88812,14.70415,Ball
65910,Devin Harris,15.50795,19.54736,DAL
65910,Jose Juan Barea,31.3641,22.46676,DAL
65910,Raymond Felton,18.41337,34.52726,DAL
65910,Wesley Matthews,15.77097,14.79049,DAL
65910,Dwight Powell,13.82558,24.28974,DAL
65910,Garrett Temple,16.59221,26.56006,WAS
65910,Ramon Sessions,17.36663,45.45979,WAS
65910,Marcin Gortat,8.44193,24.92944,WAS
65910,John Wall,39.41806,11.69881,WAS
65910,Otto Porter,21.82779,24.21822,WAS
65920,Ball,20.54183,14.11351,Ball
65920,Devin Harris,14.60781,20.49515,DAL
65920,Jose Juan Barea,35.16462,20.47539,DAL
65920,Raymond Felton,21.58486,34.82721,DAL
65920,Wesley Matthews,19.89076,12.58352,DAL
65920,Dwight Powell,15.57994,24.16075,DAL
65920,Garrett Temple,19.90593,31.06159,WAS
65920,Ramon Sessions,18.00527,45.38742,WAS
65920,Marcin Gortat,8.83557,24.54934,WAS
65920,John Wall,41.4194,13.24321,WAS
65920,Otto Porter,25.31535,23.02994,WAS
65930,Ball,27.49979,10.47296,Ball
65930,Devin Harris,14.94746,21.18343,DAL
65930,Jose Juan Barea,40.05592,17.62555,DAL
65930,Raymond Felton,26.97115,35.11665,DAL
65930,Wesley Matthews,25.37974,10.6384,DAL
65930,Dwight Powell,18.98328,24.44987,DAL
65930,Garrett Temple,23.73242,32.55825,WAS
65930,Ramon Sessions,20.49459,44.62757,WAS
65930,Marcin Gortat,10.69688,24.50791,WAS
65930,John Wall,45.35743,15.09826,WAS
65930,Otto Porter,30.45186,21.92116,WAS
65940,Ball,32.6475,8.57985,Ball
65940,Devin Harris,16.75012,21.49267,DAL
65940,Jose Juan Barea,46.00594,14.74801,DAL
65940,Raymond Felton,33.87638,35.49179,DAL
65940,Wesley Matthews,31.76972,9.48692,DAL
65940,Dwight Powell,23.92569,24.92289,DAL
65940,Garrett Temple,28.7669,32.2917,WAS
65940,Ramon Sessions,24.4351,43.22861,WAS
65940,Marcin Gortat,13.70704,24.69277,WAS
65940,John Wall,50.47282,16.23724,WAS
65940,Otto Porter,36.5025,20.92855,WAS
65950,Ball,39.74959,10.94995,Ball
65950,Devin Harris,19.47415,21.89223,DAL
65950,Jose Juan Barea,52.64041,12.21299,DAL
65950,Raymond Felton,41.40476,36.07165,DAL
65950,Wesley Matthews,38.56691,9.3918,DAL
65950,Dwight Powell,29.7572,25.38945,DAL
65950,Garrett Temple,34.98881,30.86952,WAS
65950,Ramon Sessions,29.51759,41.42365,WAS
65950,Marcin Gortat,18.10692,24.71387,WAS
65950,John Wall,55.97772,16.41139,WAS
65950,Otto Porter,43.11137,19.98077,WAS
65960,Ball,43.47181,11.707,Ball
65960,Devin Harris,23.06303,22.08002,DAL
65960,Jose Juan Barea,59.44686,10.33488,DAL
65960,Raymond Felton,49.33155,36.61066,DAL
65960,Wesley Matthews,45.34816,10.59976,DAL
65960,Dwight Powell,36.03215,25.89651,DAL
65960,Garrett Temple,41.92641,28.76544,WAS
65960,Ramon Sessions,35.70204,39.68122,WAS
65960,Marcin Gortat,23.44431,24.84715,WAS
65960,John Wall,61.33738,16.12228,WAS
65960,Otto Porter,49.63232,19.29791,WAS
65970,Ball,53.20526,12.53043,Ball
65970,Devin Harris,27.21095,22.07553,DAL
65970,Jose Juan Barea,66.28188,9.33083,DAL
65970,Raymond Felton,57.41619,36.79182,DAL
65970,Wesley Matthews,51.31774,11.53357,DAL
65970,Dwight Powell,42.73787,26.46415,DAL
65970,Garrett Temple,49.1089,26.44428,WAS
65970,Ramon Sessions,42.55672,38.10193,WAS
65970,Marcin Gortat,29.37547,24.90329,WAS
65970,John Wall,67.03568,16.06011,WAS
65970,Otto Porter,55.80964,19.53001,WAS
65980,Ball,58.66936,10.43911,Ball
65980,Devin Harris,31.50058,22.08514,DAL
65980,Jose Juan Barea,72.49348,9.10504,DAL
65980,Raymond Felton,65.20012,36.2735,DAL
65980,Wesley Matthews,57.47753,11.127510000000001,DAL
65980,Dwight Powell,49.51301,27.10037,DAL
65980,Garrett Temple,56.07887,24.49975,WAS
65980,Ramon Sessions,49.75562,36.83983,WAS
65980,Marcin Gortat,35.65988,24.92575,WAS
65980,John Wall,72.20324,16.22079,WAS
65980,Otto Porter,61.55644,19.85349,WAS
65990,Ball,63.98591,11.26368,Ball
65990,Devin Harris,35.87999,22.17827,DAL
65990,Jose Juan Barea,77.6861,8.77177,DAL
65990,Raymond Felton,72.11478,35.11363,DAL
65990,Wesley Matthews,62.46372,11.01322,DAL
65990,Dwight Powell,56.38082,27.65717,DAL
65990,Garrett Temple,62.81827,23.47567,WAS
65990,Ramon Sessions,57.23333,35.79601,WAS
65990,Marcin Gortat,42.27772,24.93539,WAS
65990,John Wall,76.67638,15.93326,WAS
65990,Otto Porter,66.56052,18.83326,WAS
66000,Ball,67.12759,10.842880000000001,Ball
66000,Devin Harris,40.48421,22.56987,DAL
66000,Jose Juan Barea,81.53286,7.24841,DAL
66000,Raymond Felton,78.06976,33.63738,DAL
66000,Wesley Matthews,65.94112,10.75355,DAL
66000,Dwight Powell,63.18591,27.9947,DAL
66000,Garrett Temple,69.47626,23.75776,WAS
66000,Ramon Sessions,64.71343,34.47563,WAS
66000,Marcin Gortat,49.15492,24.89732,WAS
66000,John Wall,80.23259,15.02219,WAS
66000,Otto Porter,69.75994,17.07928,WAS
66010,Ball,69.37092,10.03877,Ball
66010,Devin Harris,45.27584,23.41009,DAL
66010,Jose Juan Barea,84.00579,5.1262,DAL
66010,Raymond Felton,82.53494,32.6213,DAL
66010,Wesley Matthews,67.59001,10.08444,DAL
66010,Dwight Powell,69.58001,27.27808,DAL
66010,Garrett Temple,74.71237,24.41798,WAS
66010,Ramon Sessions,71.61578,32.83148,WAS
66010,Marcin Gortat,56.17962,24.88865,WAS
66010,John Wall,82.71209,13.47862,WAS
66010,Otto Porter,71.3733,16.00123,WAS
66020,Ball,82.50057,4.60048,Ball
66020,Devin Harris,50.02132,24.73479,DAL
66020,Jose Juan Barea,85.32369,3.48181,DAL
66020,Raymond Felton,85.28746,33.44793,DAL
66020,Wesley Matthews,67.59475,9.94847,DAL
66020,Dwight Powell,75.28334,24.88337,DAL
66020,Garrett Temple,79.11823,24.85602,WAS
66020,Ramon Sessions,77.30538,31.31071,WAS
66020,Marcin Gortat,63.03859,24.77996,WAS
66020,John Wall,84.43494,11.41866,WAS
66020,Otto Porter,71.74815,15.14808,WAS
66030,Ball,85.57469,2.9311,Ball
66030,Devin Harris,54.45021,26.46611,DAL
66030,Jose Juan Barea,86.24823,2.66403,DAL
66030,Raymond Felton,86.79468,35.03759,DAL
66030,Wesley Matthews,66.7059,10.71311,DAL
66030,Dwight Powell,80.20362,22.68754,DAL
66030,Garrett Temple,82.5152,24.47849,WAS
66030,Ramon Sessions,81.32848,31.03794,WAS
66030,Marcin Gortat,68.69818,24.41088,WAS
66030,John Wall,85.5089,9.27329,WAS
66030,Otto Porter,72.39849,14.29935,WAS
66040,Ball,85.22764,2.39504,Ball
66040,Devin Harris,57.65532,28.08945,DAL
66040,Jose Juan Barea,86.31045,2.41995,DAL
66040,Raymond Felton,87.5915,36.32389,DAL
66040,Wesley Matthews,65.44369,11.94102,DAL
66040,Dwight Powell,84.44563,22.81062,DAL
66040,Garrett Temple,85.32406,24.15202,WAS
66040,Ramon Sessions,83.34223,31.54647,WAS
66040,Marcin Gortat,72.69104,23.8734,WAS
66040,John Wall,85.97186,7.71421,WAS
66040,Otto Porter,72.68213,14.02087,WAS
66050,Ball,81.36316,1.95906,Ball
66050,Devin Harris,61.09351,30.98574,DAL
66050,Jose Juan Barea,83.07077,2.67308,DAL
66050,Raymond Felton,88.22918,38.06492,DAL
66050,Wesley Matthews,63.62592,14.61407,DAL
66050,Dwight Powell,88.52896,23.13633,DAL
66050,Garrett Temple,89.62981,24.60888,WAS
66050,Ramon Sessions,84.12647,32.4137,WAS
66050,Marcin Gortat,77.01779,23.3723,WAS
66050,John Wall,84.40686,7.11109,WAS
66050,Otto Porter,72.66721,14.36781,WAS
66060,Ball,77.89067,2.06339,Ball
66060,Devin Harris,63.07162,33.09483,DAL
66060,Jose Juan Barea,78.91379,3.01936,DAL
66060,Raymond Felton,87.8047,39.51202,DAL
66060,Wesley Matthews,62.48639,17.84159,DAL
66060,Dwight Powell,91.1321,23.72286,DAL
66060,Garrett Temple,91.97044,25.87061,WAS
66060,Ramon Sessions,83.78755,33.15172,WAS
66060,Marcin Gortat,77.67778,23.30743,WAS
66060,John Wall,82.22673,7.48971,WAS
66060,Otto Porter,71.71087,15.13408,WAS
66070,Ball,73.19621,3.44175,Ball
66070,Devin Harris,63.94606,35.15685,DAL
66070,Jose Juan Barea,74.8528,3.84105,DAL
66070,Raymond Felton,87.26213,41.11475,DAL
66070,Wesley Matthews,61.62653,20.47889,DAL
66070,Dwight Powell,92.01155,22.63577,DAL
66070,Garrett Temple,92.73445,26.7734,WAS
66070,Ramon Sessions,83.25684,33.6411,WAS
66070,Marcin Gortat,76.95094,24.58005,WAS
66070,John Wall,79.77481,8.18609,WAS
66070,Otto Porter,70.21594,16.68449,WAS
66080,Ball,69.43278,5.13017,Ball
66080,Devin Harris,64.24551,37.16551,DAL
66080,Jose Juan Barea,71.13929,5.15928,DAL
66080,Raymond Felton,86.62213,42.73857,DAL
66080,Wesley Matthews,61.71081,22.97693,DAL
66080,Dwight Powell,91.39578,20.77178,DAL
66080,Garrett Temple,92.17696,25.9601,WAS
66080,Ramon Sessions,83.15199,34.34244,WAS
66080,Marcin Gortat,76.33376,26.4087,WAS
66080,John Wall,77.32032,8.94365,WAS
66080,Otto Porter,68.90822,18.60078,WAS
