31300,Ball,93.1653,11.790470000000001,Ball
31300,Brandon Rush,91.9968,16.449840000000002,GSW
31300,Stephen Curry,69.86066,15.93745,GSW
31300,Festus Ezeli,82.8195,20.17036,GSW
31300,Klay Thompson,75.97222,17.87995,GSW
31300,Draymond Green,87.97292,26.52001,GSW
31300,Zach Randolph,75.43456,19.42116,MEM
31300,Tony Allen,95.35116,12.31073,MEM
31300,Courtney Lee,63.52185,10.38603,MEM
31300,Mike Conley,81.48793,24.92689,MEM
31300,Marc Gasol,79.61661,13.92212,MEM
31300,Ball,92.22721,11.81247,Ball
31300,Brandon Rush,91.98216,16.35003,GSW
31300,Stephen Curry,69.84604,15.66707,GSW
31300,Festus Ezeli,82.96351,20.04349,GSW
31300,Klay Thompson,75.97349,17.98988,GSW
31300,Draymond Green,87.91543,26.54649,GSW
31300,Zach Randolph,75.38608,19.67771,MEM
31300,Tony Allen,95.3669,12.32573,MEM
31300,Courtney Lee,63.6107,10.0372,MEM
31300,Mike Conley,81.27215,25.04179,MEM
31300,Marc Gasol,79.88635,13.8002,MEM
31300,Ball,91.28912,11.83447,Ball
31300,Brandon Rush,91.96918,16.24838,GSW
31300,Stephen Curry,69.84152,15.39561,GSW
31300,Festus Ezeli,83.11396,19.90393,GSW
31300,Klay Thompson,75.93616,18.11855,GSW
31300,Draymond Green,87.84599,26.567,GSW
31300,Zach Randolph,75.33151,19.94712,MEM
31300,Tony Allen,95.39854,12.3703,MEM
31300,Courtney Lee,63.70311,9.6905,MEM
31300,Mike Conley,81.0445,25.15853,MEM
31300,Marc Gasol,80.17247,13.60973,MEM
31300,Ball,90.35103,11.85647,Ball
31300,Brandon Rush,91.95356,16.14393,GSW
31300,Stephen Curry,69.86789,15.19953,GSW
31300,Festus Ezeli,83.30056,19.67711,GSW
31300,Klay Thompson,75.90232,18.27404,GSW
31300,Draymond Green,87.76212,26.59324,GSW
31300,Zach Randolph,75.26096,20.24036,MEM
31300,Tony Allen,95.4359,12.43089,MEM
31300,Courtney Lee,63.808840000000004,9.3984,MEM
31300,Mike Conley,80.79779,25.26983,MEM
31300,Marc Gasol,80.45438,13.3768,MEM
31300,Ball,89.10719,11.64926,Ball
31300,Brandon Rush,91.89482,16.03202,GSW
31300,Stephen Curry,69.8858,14.99207,GSW
31300,Festus Ezeli,83.52642,19.45759,GSW
31300,Klay Thompson,75.80543,18.51543,GSW
31300,Draymond Green,87.66825,26.61958,GSW
31300,Zach Randolph,75.22552,20.55275,MEM
31300,Tony Allen,95.42598,12.479330000000001,MEM
31300,Courtney Lee,63.90408,9.11683,MEM
31300,Mike Conley,80.53742,25.34738,MEM
31300,Marc Gasol,80.71361,13.16831,MEM
31300,Ball,87.90643,11.5825,Ball
31300,Brandon Rush,91.8626,15.96118,GSW
31300,Stephen Curry,69.9103,14.78745,GSW
31300,Festus Ezeli,83.72616,19.25184,GSW
31300,Klay Thompson,75.81153,18.81003,GSW
31300,Draymond Green,87.57134,26.63285,GSW
31300,Zach Randolph,75.18842,20.88763,MEM
31300,Tony Allen,95.44857,12.54802,MEM
31300,Courtney Lee,63.99687,8.84122,MEM
31300,Mike Conley,80.2402,25.4333,MEM
31300,Marc Gasol,80.96259,12.96702,MEM
31300,Ball,86.75381,11.66138,Ball
31300,Brandon Rush,91.84738,15.86446,GSW
31300,Stephen Curry,69.93588,14.58903,GSW
31300,Festus Ezeli,83.86146,19.06061,GSW
31300,Klay Thompson,75.83233,19.09377,GSW
31300,Draymond Green,87.47093,26.69978,GSW
31300,Zach Randolph,75.15901,21.24443,MEM
31300,Tony Allen,95.46226,12.63407,MEM
31300,Courtney Lee,64.08282,8.55258,MEM
31300,Mike Conley,79.95418,25.50049,MEM
31300,Marc Gasol,81.22904,12.7244,MEM
31300,Ball,85.70762,11.60467,Ball
31300,Brandon Rush,91.83262,15.77163,GSW
31300,Stephen Curry,69.96466,14.39719,GSW
31300,Festus Ezeli,84.00309,18.87078,GSW
31300,Klay Thompson,75.76287,19.44709,GSW
31300,Draymond Green,87.35202,26.73561,GSW
31300,Zach Randolph,75.15409,21.62615,MEM
31300,Tony Allen,95.49732,12.73087,MEM
31300,Courtney Lee,64.16389,8.28389,MEM
31300,Mike Conley,79.67508,25.56916,MEM
31300,Marc Gasol,81.46355,12.51893,MEM
31300,Ball,84.45635,11.61883,Ball
31300,Brandon Rush,91.8112,15.69612,GSW
31300,Stephen Curry,69.99204,14.20106,GSW
31300,Festus Ezeli,84.11917,18.62289,GSW
31300,Klay Thompson,75.72072,19.84696,GSW
31300,Draymond Green,87.22063,26.73324,GSW
31300,Zach Randolph,75.16459,22.04129,MEM
31300,Tony Allen,95.52375,12.82272,MEM
31300,Courtney Lee,64.26261,8.02566,MEM
31300,Mike Conley,79.41948,25.58857,MEM
31300,Marc Gasol,81.70807,12.34543,MEM
31300,Ball,83.5275,11.54261,Ball
31300,Brandon Rush,91.75711,15.60023,GSW
31300,Stephen Curry,70.02369,14.00614,GSW
31300,Festus Ezeli,84.21424,18.41672,GSW
31300,Klay Thompson,75.62728,20.31776,GSW
31300,Draymond Green,87.08317,26.71894,GSW
31300,Zach Randolph,75.18227,22.47273,MEM
31300,Tony Allen,95.539,12.90856,MEM
31300,Courtney Lee,64.36694,7.77893,MEM
31300,Mike Conley,79.14481,25.55163,MEM
31300,Marc Gasol,81.91685,12.15846,MEM
31300,Ball,83.54086,11.48777,Ball
31300,Brandon Rush,91.75005,15.53379,GSW
31300,Stephen Curry,69.96471,13.68795,GSW
31300,Festus Ezeli,84.30344,18.14444,GSW
31300,Klay Thompson,75.55857,20.82674,GSW
31300,Draymond Green,86.94031,26.70673,GSW
31300,Zach Randolph,75.20639,22.91854,MEM
31300,Tony Allen,95.55912000000001,12.99649,MEM
31300,Courtney Lee,64.46822,7.54887,MEM
31300,Mike Conley,78.87794,25.43541,MEM
31300,Marc Gasol,82.12078,11.96331,MEM
31300,Ball,83.57827,11.43355,Ball
31300,Brandon Rush,91.69303,15.48042,GSW
31300,Stephen Curry,69.95511,13.44391,GSW
31300,Festus Ezeli,84.4085,17.8866,GSW
31300,Klay Thompson,75.48482,21.34996,GSW
31300,Draymond Green,86.79975,26.68444,GSW
31300,Zach Randolph,75.25236,23.36738,MEM
31300,Tony Allen,95.54011,13.11616,MEM
31300,Courtney Lee,64.58528,7.3257,MEM
31300,Mike Conley,78.61081,25.3516,MEM
31300,Marc Gasol,82.31405,11.78216,MEM
31300,Ball,83.63573,11.38049,Ball
31300,Brandon Rush,91.6369,15.43004,GSW
31300,Stephen Curry,69.99604,13.25948,GSW
31300,Festus Ezeli,84.51551,17.72512,GSW
31300,Klay Thompson,75.39494,21.91286,GSW
31300,Draymond Green,86.65364,26.72766,GSW
31300,Zach Randolph,75.32006,23.82089,MEM
31300,Tony Allen,95.56101,13.23547,MEM
31300,Courtney Lee,64.69827,7.12237,MEM
31300,Mike Conley,78.4059,25.29456,MEM
31300,Marc Gasol,82.4801,11.55937,MEM
31300,Ball,83.70921,11.32915,Ball
31300,Brandon Rush,91.58108,15.38051,GSW
31300,Stephen Curry,70.03571,13.07592,GSW
31300,Festus Ezeli,84.62218,17.55212,GSW
31300,Klay Thompson,75.30728,22.44052,GSW
31300,Draymond Green,86.51714,26.81635,GSW
31300,Zach Randolph,75.44764,24.10061,MEM
31300,Tony Allen,95.57575,13.36261,MEM
31300,Courtney Lee,64.78751,6.9309,MEM
31300,Mike Conley,78.13582,25.41397,MEM
31300,Marc Gasol,82.6274,11.35512,MEM
31300,Ball,83.79472,11.28007,Ball
31300,Brandon Rush,91.54545,15.3986,GSW
31300,Stephen Curry,70.09373,12.92113,GSW
31300,Festus Ezeli,84.67775,17.38103,GSW
31300,Klay Thompson,75.28032,23.02106,GSW
31300,Draymond Green,86.39894,26.9022,GSW
31300,Zach Randolph,75.55959,24.32914,MEM
31300,Tony Allen,95.58202,13.48595,MEM
31300,Courtney Lee,64.8644,6.75361,MEM
31300,Mike Conley,77.8969,25.57345,MEM
31300,Marc Gasol,82.77737,11.10653,MEM
31300,Ball,83.88825,11.23382,Ball
31300,Brandon Rush,91.53165,15.40389,GSW
31300,Stephen Curry,70.16535,12.77354,GSW
31300,Festus Ezeli,84.67497,17.16174,GSW
31300,Klay Thompson,75.31819,23.66974,GSW
31300,Draymond Green,86.27227,26.97871,GSW
31300,Zach Randolph,75.66284,24.51666,MEM
31300,Tony Allen,95.54363,13.61079,MEM
31300,Courtney Lee,64.94561,6.58952,MEM
31300,Mike Conley,77.67999,25.76838,MEM
31300,Marc Gasol,82.91101,10.87739,MEM
31310,Ball,84.04057,11.33999,Ball
31310,Brandon Rush,91.43272,16.23206,GSW
31310,Stephen Curry,70.54541,11.55733,GSW
31310,Festus Ezeli,84.36956,15.1379,GSW
31310,Klay Thompson,76.85,29.93535,GSW
31310,Draymond Green,85.26318,26.95057,GSW
31310,Zach Randolph,76.13741,24.57821,MEM
31310,Tony Allen,94.97212,15.12294,MEM
31310,Courtney Lee,65.63891,5.23896,MEM
31310,Mike Conley,77.31391,29.83866,MEM
31310,Marc Gasol,83.87898,10.69826,MEM
31320,Ball,82.77257,12.13272,Ball
31320,Brandon Rush,91.27348,17.12192,GSW
31320,Stephen Curry,70.90608,11.07879,GSW
31320,Festus Ezeli,84.50847,13.6691,GSW
31320,Klay Thompson,78.91826,33.13394,GSW
31320,Draymond Green,84.26498,25.59856,GSW
31320,Zach Randolph,75.93811,24.9421,MEM
31320,Tony Allen,94.31273,17.81638,MEM
31320,Courtney Lee,65.65871,4.91226,MEM
31320,Mike Conley,79.37707,34.55815,MEM
31320,Marc Gasol,84.51536,12.23106,MEM
31330,Ball,83.17568,12.32794,Ball
31330,Brandon Rush,90.7561,18.64996,GSW
31330,Stephen Curry,72.09525,11.57876,GSW
31330,Festus Ezeli,84.58779,13.7018,GSW
31330,Klay Thompson,80.30274,33.65408,GSW
31330,Draymond Green,83.46481,24.78448,GSW
31330,Zach Randolph,76.37336,26.36628,MEM
31330,Tony Allen,93.73589,19.97148,MEM
31330,Courtney Lee,63.83258,5.51504,MEM
31330,Mike Conley,79.88377,38.38298,MEM
31330,Marc Gasol,84.72605,12.65921,MEM
31340,Ball,83.73717,12.3722,Ball
31340,Brandon Rush,90.41647,19.42584,GSW
31340,Stephen Curry,73.82661,13.01681,GSW
31340,Festus Ezeli,84.84741,14.96378,GSW
31340,Klay Thompson,80.19046,35.44432,GSW
31340,Draymond Green,82.21676,24.72974,GSW
31340,Zach Randolph,77.5769,28.12997,MEM
31340,Tony Allen,93.42282,21.49498,MEM
31340,Courtney Lee,61.85705,7.40993,MEM
31340,Mike Conley,78.68593,41.26747,MEM
31340,Marc Gasol,84.65738,11.96917,MEM
31350,Ball,83.64879,11.90096,Ball
31350,Brandon Rush,90.32227,20.05324,GSW
31350,Stephen Curry,75.79803,14.71482,GSW
31350,Festus Ezeli,84.51374,15.19068,GSW
31350,Klay Thompson,78.38802,36.73778,GSW
31350,Draymond Green,81.53212,26.43161,GSW
31350,Zach Randolph,79.93644,29.38851,MEM
31350,Tony Allen,92.70923,23.71121,MEM
31350,Courtney Lee,59.906,10.1222,MEM
31350,Mike Conley,76.66815,43.14755,MEM
31350,Marc Gasol,84.39272,11.12576,MEM
31360,Ball,84.17691,13.39707,Ball
31360,Brandon Rush,90.20055,20.79806,GSW
31360,Stephen Curry,78.36016,16.02888,GSW
31360,Festus Ezeli,84.73121,14.91327,GSW
31360,Klay Thompson,77.04705,37.59444,GSW
31360,Draymond Green,82.22978,28.15117,GSW
31360,Zach Randolph,83.08131,29.36403,MEM
31360,Tony Allen,92.04079,25.31695,MEM
31360,Courtney Lee,58.36435,13.37875,MEM
31360,Mike Conley,74.28488,44.05494,MEM
31360,Marc Gasol,83.57561,9.90697,MEM
31370,Ball,86.44442,18.36438,Ball
31370,Brandon Rush,89.93335,22.01187,GSW
31370,Stephen Curry,80.58127,16.98337,GSW
31370,Festus Ezeli,85.53852,14.74822,GSW
31370,Klay Thompson,76.2405,37.88885,GSW
31370,Draymond Green,83.67255,28.95631,GSW
31370,Zach Randolph,85.89374,28.01827,MEM
31370,Tony Allen,90.9294,25.96424,MEM
31370,Courtney Lee,57.21075,16.35613,MEM
31370,Mike Conley,72.08101,43.87183,MEM
31370,Marc Gasol,82.51434,8.60267,MEM
31380,Ball,88.09411,23.39916,Ball
31380,Brandon Rush,89.61314,23.41536,GSW
31380,Stephen Curry,82.77735,17.65014,GSW
31380,Festus Ezeli,84.97719,14.34202,GSW
31380,Klay Thompson,75.23031,37.73516,GSW
31380,Draymond Green,85.93987,28.77047,GSW
31380,Zach Randolph,86.77513,27.09658,MEM
31380,Tony Allen,89.85172,25.77628,MEM
31380,Courtney Lee,56.17827,18.40708,MEM
31380,Mike Conley,70.31157,43.34759,MEM
31380,Marc Gasol,81.14233,6.85493,MEM
31400,Ball,89.33999,26.60808,Ball
31400,Brandon Rush,86.95293,27.7249,GSW
31400,Stephen Curry,85.2366,20.07748,GSW
31400,Festus Ezeli,82.48703,13.93203,GSW
31400,Klay Thompson,73.40471,37.57458,GSW
31400,Draymond Green,89.09623,29.22849,GSW
31400,Zach Randolph,88.88088,26.86005,MEM
31400,Tony Allen,89.02839,23.00107,MEM
31400,Courtney Lee,52.30911,20.66816,MEM
31400,Mike Conley,66.70767,41.26868,MEM
31400,Marc Gasol,77.19778,2.5174700000000003,MEM
31410,Ball,89.48601,27.67792,Ball
31410,Brandon Rush,88.45015,28.86046,GSW
31410,Stephen Curry,85.56883,20.91864,GSW
31410,Festus Ezeli,81.43012,15.45304,GSW
31410,Klay Thompson,72.98004,37.7188,GSW
31410,Draymond Green,88.53429,28.91675,GSW
31410,Zach Randolph,86.79137,26.34839,MEM
31410,Tony Allen,87.40533,23.23542,MEM
31410,Courtney Lee,50.46639,21.27856,MEM
31410,Mike Conley,65.27479,40.02138,MEM
31410,Marc Gasol,74.46977,2.10669,MEM
31420,Ball,88.67042000000001,25.7716,Ball
31420,Brandon Rush,89.59021,27.37347,GSW
31420,Stephen Curry,84.19027,24.04857,GSW
31420,Festus Ezeli,80.18978,17.187,GSW
31420,Klay Thompson,73.20858,37.45284,GSW
31420,Draymond Green,88.09746,28.99732,GSW
31420,Zach Randolph,85.14633,26.60224,MEM
31420,Tony Allen,86.18273,23.38367,MEM
31420,Courtney Lee,48.99605,21.52319,MEM
31420,Mike Conley,63.97861,38.59858,MEM
31420,Marc Gasol,70.02039,2.84315,MEM
31420,Ball,88.85207,25.71729,Ball
31420,Brandon Rush,89.63574,27.15647,GSW
31420,Stephen Curry,83.96767,24.55016,GSW
31420,Festus Ezeli,80.12837,17.33633,GSW
31420,Klay Thompson,73.21826,37.41873,GSW
31420,Draymond Green,88.00717,29.03114,GSW
31420,Zach Randolph,85.20271,26.75191,MEM
31420,Tony Allen,86.27793,23.40219,MEM
31420,Courtney Lee,48.84624,21.5509,MEM
31420,Mike Conley,63.85313,38.45492,MEM
31420,Marc Gasol,69.62879,3.05417,MEM
31430,Ball,91.01653,25.37269,Ball
31430,Brandon Rush,90.1836,25.74816,GSW
31430,Stephen Curry,83.20118,27.78899,GSW
31430,Festus Ezeli,79.80046,18.63411,GSW
31430,Klay Thompson,72.93446,37.15617,GSW
31430,Draymond Green,87.07691,29.30766,GSW
31430,Zach Randolph,86.17324,28.36675,MEM
31430,Tony Allen,87.48951,23.84576,MEM
31430,Courtney Lee,47.47471,21.90073,MEM
31430,Mike Conley,62.72825,37.15609,MEM
31430,Marc Gasol,66.17381,4.72033,MEM
31440,Ball,91.93529,23.37385,Ball
31440,Brandon Rush,91.24312,24.44978,GSW
31440,Stephen Curry,82.47637,30.46789,GSW
31440,Festus Ezeli,79.15753,19.84003,GSW
31440,Klay Thompson,71.19057,37.12068,GSW
31440,Draymond Green,86.64739,31.20947,GSW
31440,Zach Randolph,86.44601,30.04634,MEM
31440,Tony Allen,89.20541,23.53109,MEM
31440,Courtney Lee,46.02434,22.27224,MEM
31440,Mike Conley,61.39478,35.93825,MEM
31440,Marc Gasol,61.94474,6.39081,MEM
31450,Ball,91.37257,23.43767,Ball
31450,Brandon Rush,91.71225,23.63797,GSW
31450,Stephen Curry,81.48686,32.80404,GSW
31450,Festus Ezeli,78.25702,20.41188,GSW
31450,Klay Thompson,67.86547,38.00831,GSW
31450,Draymond Green,86.42521,33.85732,GSW
31450,Zach Randolph,85.86599,30.3237,MEM
31450,Tony Allen,89.20534,22.4279,MEM
31450,Courtney Lee,44.09421,22.49277,MEM
31450,Mike Conley,58.89199,34.80979,MEM
31450,Marc Gasol,57.65571,8.88808,MEM
31460,Ball,92.07179,25.78545,Ball
31460,Brandon Rush,92.0472,24.2198,GSW
31460,Stephen Curry,79.81397,35.81762,GSW
31460,Festus Ezeli,77.90906,19.7851,GSW
31460,Klay Thompson,63.88207,39.40124,GSW
31460,Draymond Green,85.65198,35.62813,GSW
31460,Zach Randolph,83.86006,30.37575,MEM
31460,Tony Allen,88.00215,21.45942,MEM
31460,Courtney Lee,41.60006,23.38899,MEM
31460,Mike Conley,55.52466,34.13487,MEM
31460,Marc Gasol,53.27287,11.13191,MEM
31470,Ball,89.47049,29.17517,Ball
31470,Brandon Rush,91.97323,25.37041,GSW
31470,Stephen Curry,76.68477,38.17975,GSW
31470,Festus Ezeli,76.89982,19.16029,GSW
31470,Klay Thompson,58.84092,41.20653,GSW
31470,Draymond Green,84.3238,37.69307,GSW
31470,Zach Randolph,80.12819,29.88806,MEM
31470,Tony Allen,85.78404,20.91543,MEM
31470,Courtney Lee,38.70753,25.04564,MEM
31470,Mike Conley,51.40545,33.90219,MEM
31470,Marc Gasol,49.27707,13.34257,MEM
31480,Ball,81.74762,37.48057,Ball
31480,Brandon Rush,90.77729,25.33381,GSW
31480,Stephen Curry,72.37986,40.34269,GSW
31480,Festus Ezeli,74.93516,17.71816,GSW
31480,Klay Thompson,53.29916,43.10757,GSW
31480,Draymond Green,81.13834,39.1442,GSW
31480,Zach Randolph,75.17105,29.24724,MEM
31480,Tony Allen,82.06873,20.98328,MEM
31480,Courtney Lee,35.54534,27.70848,MEM
31480,Mike Conley,46.86895,34.3604,MEM
31480,Marc Gasol,45.51796,15.60822,MEM
31490,Ball,74.61864,40.49413,Ball
31490,Brandon Rush,87.24653,24.02224,GSW
31490,Stephen Curry,66.9752,42.42762,GSW
31490,Festus Ezeli,71.48018,16.00343,GSW
31490,Klay Thompson,47.08872,44.82667,GSW
31490,Draymond Green,76.23167,40.06684,GSW
31490,Zach Randolph,69.58844,28.63275,MEM
31490,Tony Allen,77.53333,21.13492,MEM
31490,Courtney Lee,32.42577,30.89133,MEM
31490,Mike Conley,42.24744,35.27946,MEM
31490,Marc Gasol,42.33849,17.93684,MEM
31500,Ball,69.80768,41.65482,Ball
31500,Brandon Rush,82.35862,22.3621,GSW
31500,Stephen Curry,60.86996,44.21397,GSW
31500,Festus Ezeli,66.59766,14.51029,GSW
31500,Klay Thompson,40.58695,46.25928,GSW
31500,Draymond Green,69.88703,39.89514,GSW
31500,Zach Randolph,63.48895,27.72634,MEM
31500,Tony Allen,72.6588,21.42083,MEM
31500,Courtney Lee,29.03994,34.15401,MEM
31500,Mike Conley,37.82809,36.14153,MEM
31500,Marc Gasol,39.19051,20.46179,MEM
31510,Ball,59.4445,39.12077,Ball
31510,Brandon Rush,76.77095,20.68881,GSW
31510,Stephen Curry,54.32652,45.72195,GSW
31510,Festus Ezeli,61.15496,13.80168,GSW
31510,Klay Thompson,34.20786,47.18408,GSW
31510,Draymond Green,62.866460000000004,39.58005,GSW
31510,Zach Randolph,56.83044,26.36213,MEM
31510,Tony Allen,67.01256,21.52416,MEM
31510,Courtney Lee,25.31266,36.995,MEM
31510,Mike Conley,33.94109,36.7809,MEM
31510,Marc Gasol,36.17599,23.21423,MEM
31520,Ball,53.37062,36.4552,Ball
31520,Brandon Rush,70.91995,18.57792,GSW
31520,Stephen Curry,47.8316,46.9389,GSW
31520,Festus Ezeli,54.70802,12.91238,GSW
31520,Klay Thompson,27.89702,47.99009,GSW
31520,Draymond Green,55.20468,38.31351,GSW
31520,Zach Randolph,49.84392,24.80679,MEM
31520,Tony Allen,60.91259,21.58724,MEM
31520,Courtney Lee,21.45628,39.08224,MEM
31520,Mike Conley,30.53421,36.94614,MEM
31520,Marc Gasol,33.2646,25.76134,MEM
31530,Ball,46.44225,34.60077,Ball
31530,Brandon Rush,64.91153,16.37028,GSW
31530,Stephen Curry,41.44085,47.55422,GSW
31530,Festus Ezeli,48.01067,12.21199,GSW
31530,Klay Thompson,21.83877,48.56566,GSW
31530,Draymond Green,47.64538,36.41039,GSW
31530,Zach Randolph,42.79062,23.2568,MEM
31530,Tony Allen,54.3113,21.48211,MEM
31530,Courtney Lee,17.60857,40.46623,MEM
31530,Mike Conley,27.59045,36.67061,MEM
31530,Marc Gasol,30.60632,27.58155,MEM
31540,Ball,41.4539,33.41323,Ball
31540,Brandon Rush,58.99074,14.31769,GSW
31540,Stephen Curry,35.42242,47.56131,GSW
31540,Festus Ezeli,41.40907,12.17414,GSW
31540,Klay Thompson,16.14368,48.91487,GSW
31540,Draymond Green,41.02262,34.68954,GSW
31540,Zach Randolph,35.955,21.99994,MEM
31540,Tony Allen,47.53845,21.32009,MEM
31540,Courtney Lee,14.02887,41.15741,MEM
31540,Mike Conley,25.06299,36.28241,MEM
31540,Marc Gasol,28.41648,27.92806,MEM
31550,Ball,33.6113,31.23852,Ball
31550,Brandon Rush,52.87896,12.32216,GSW
31550,Stephen Curry,29.85728,47.67293,GSW
31550,Festus Ezeli,35.01151,12.7196,GSW
31550,Klay Thompson,11.20588,48.7147,GSW
31550,Draymond Green,35.07816,33.1471,GSW
31550,Zach Randolph,29.67814,20.91439,MEM
31550,Tony Allen,41.11681,20.97693,MEM
31550,Courtney Lee,10.74591,41.24625,MEM
31550,Mike Conley,23.08125,36.08658,MEM
31550,Marc Gasol,26.31494,27.83495,MEM
31560,Ball,29.18106,30.67182,Ball
31560,Brandon Rush,47.00823,10.5009,GSW
31560,Stephen Curry,25.42637,47.31492,GSW
31560,Festus Ezeli,29.02925,13.67339,GSW
31560,Klay Thompson,7.88624,48.39648,GSW
31560,Draymond Green,29.7953,31.87968,GSW
31560,Zach Randolph,24.08889,20.04914,MEM
31560,Tony Allen,35.24559,20.43634,MEM
31560,Courtney Lee,8.08546,41.13223,MEM
31560,Mike Conley,21.53286,36.48017,MEM
31560,Marc Gasol,24.70075,28.20893,MEM
31570,Ball,24.34183,33.80482,Ball
31570,Brandon Rush,41.48994,8.99277,GSW
31570,Stephen Curry,21.70435,47.36584,GSW
31570,Festus Ezeli,23.63898,14.87432,GSW
31570,Klay Thompson,5.6944300000000005,48.135,GSW
31570,Draymond Green,24.38105,31.71777,GSW
31570,Zach Randolph,19.16829,20.24307,MEM
31570,Tony Allen,30.21554,19.73412,MEM
31570,Courtney Lee,6.04605,40.87657,MEM
31570,Mike Conley,19.95917,37.41771,MEM
31570,Marc Gasol,22.05682,29.29858,MEM
31580,Ball,17.90662,32.97771,Ball
31580,Brandon Rush,36.61493,8.07085,GSW
31580,Stephen Curry,17.902540000000002,47.67192,GSW
31580,Festus Ezeli,19.3245,16.9627,GSW
31580,Klay Thompson,4.34176,48.41142,GSW
31580,Draymond Green,19.04437,31.98275,GSW
31580,Zach Randolph,14.70029,21.27569,MEM
31580,Tony Allen,25.97675,19.23827,MEM
31580,Courtney Lee,4.79274,40.7424,MEM
31580,Mike Conley,18.29541,38.47862,MEM
31580,Marc Gasol,18.33296,29.740850000000002,MEM
31590,Ball,12.83786,30.85088,Ball
31590,Brandon Rush,32.29187,7.6621,GSW
31590,Stephen Curry,14.06163,47.74745,GSW
31590,Festus Ezeli,16.61144,20.0157,GSW
31590,Klay Thompson,4.18841,48.66429,GSW
31590,Draymond Green,14.02342,30.97809,GSW
31590,Zach Randolph,10.3608,23.22514,MEM
31590,Tony Allen,21.7825,19.0501,MEM
31590,Courtney Lee,4.36052,40.94112,MEM
31590,Mike Conley,16.97652,39.69438,MEM
31590,Marc Gasol,13.41806,29.99862,MEM
31600,Ball,8.02116,30.10917,Ball
31600,Brandon Rush,28.9492,7.81598,GSW
31600,Stephen Curry,10.60128,45.77065,GSW
31600,Festus Ezeli,14.15744,22.74836,GSW
31600,Klay Thompson,4.47133,48.53366,GSW
31600,Draymond Green,9.59111,28.50273,GSW
31600,Zach Randolph,6.21357,25.35081,MEM
31600,Tony Allen,17.42317,19.8381,MEM
31600,Courtney Lee,4.3628,41.28582,MEM
31600,Mike Conley,15.48872,40.36123,MEM
31600,Marc Gasol,8.77398,29.46704,MEM
31610,Ball,5.85193,27.11028,Ball
31610,Brandon Rush,26.38501,8.25351,GSW
31610,Stephen Curry,8.62514,41.89978,GSW
31610,Festus Ezeli,11.30801,24.70832,GSW
31610,Klay Thompson,4.59952,48.31712,GSW
31610,Draymond Green,5.64302,27.03195,GSW
31610,Zach Randolph,5.07153,24.02002,MEM
31610,Tony Allen,13.1793,21.17465,MEM
31610,Courtney Lee,4.66871,41.1688,MEM
31610,Mike Conley,14.36951,40.51934,MEM
31610,Marc Gasol,4.38514,28.535330000000002,MEM
31620,Ball,4.5905000000000005,23.64688,Ball
31620,Brandon Rush,25.41609,8.66685,GSW
31620,Stephen Curry,7.978870000000001,37.24474,GSW
31620,Festus Ezeli,7.6717200000000005,25.09058,GSW
31620,Klay Thompson,5.45458,47.96954,GSW
31620,Draymond Green,2.02564,27.00808,GSW
31620,Zach Randolph,5.13283,21.62321,MEM
31620,Tony Allen,9.20792,23.67988,MEM
31620,Courtney Lee,5.45915,40.75533,MEM
31620,Mike Conley,13.857,40.67577,MEM
31620,Marc Gasol,0.45547000000000004,28.21338,MEM
31630,Ball,5.61264,22.46917,Ball
31630,Brandon Rush,25.74339,9.08073,GSW
31630,Stephen Curry,8.52068,32.42719,GSW
31630,Festus Ezeli,4.56825,23.57536,GSW
31630,Klay Thompson,6.971,47.64346,GSW
31630,Draymond Green,-0.01796,28.78687,GSW
31630,Zach Randolph,5.18735,21.34434,MEM
31630,Tony Allen,5.84921,25.67982,MEM
31630,Courtney Lee,6.64074,40.52053,MEM
31630,Mike Conley,14.33315,40.29893,MEM
31630,Marc Gasol,-2.42932,29.0676,MEM
31650,Ball,9.73143,20.84763,Ball
31650,Brandon Rush,28.17224,10.54552,GSW
31650,Stephen Curry,10.19386,23.07278,GSW
31650,Festus Ezeli,-1.38428,21.69647,GSW
31650,Klay Thompson,10.51172,46.39504,GSW
31650,Draymond Green,-2.73318,32.57228,GSW
31650,Zach Randolph,6.63727,20.96425,MEM
31650,Tony Allen,7.80632,27.23423,MEM
31650,Courtney Lee,11.55414,41.85969,MEM
31650,Mike Conley,21.61615,37.79105,MEM
31650,Marc Gasol,-5.1615,30.14162,MEM
31660,Ball,13.49726,14.66965,Ball
31660,Brandon Rush,29.36201,11.06053,GSW
31660,Stephen Curry,11.617,17.71822,GSW
31660,Festus Ezeli,-1.64363,21.35492,GSW
31660,Klay Thompson,12.5531,45.72784,GSW
31660,Draymond Green,-2.5163,33.09313,GSW
31660,Zach Randolph,8.02415,21.27988,MEM
31660,Tony Allen,10.23246,26.50705,MEM
31660,Courtney Lee,14.3538,42.83549,MEM
31660,Mike Conley,26.01322,36.39972,MEM
31660,Marc Gasol,-5.01956,29.24638,MEM
31670,Ball,16.9382,8.65199,Ball
31670,Brandon Rush,30.46754,11.88534,GSW
31670,Stephen Curry,14.399000000000001,11.8674,GSW
31670,Festus Ezeli,-0.02755,19.93802,GSW
31670,Klay Thompson,14.44567,45.48261,GSW
31670,Draymond Green,-1.13953,33.90396,GSW
31670,Zach Randolph,9.31193,21.42236,MEM
31670,Tony Allen,11.73358,25.33518,MEM
31670,Courtney Lee,16.05312,42.6203,MEM
31670,Mike Conley,29.35887,33.32643,MEM
31670,Marc Gasol,-3.79082,28.46536,MEM
31670,Ball,17.32606,7.96033,Ball
31670,Brandon Rush,30.59962,12.01359,GSW
31670,Stephen Curry,14.66822,11.38409,GSW
31670,Festus Ezeli,0.18403000000000003,19.74504,GSW
31670,Klay Thompson,14.64862,45.47872,GSW
31670,Draymond Green,-0.9893000000000001,33.95655,GSW
31670,Zach Randolph,9.42865,21.40213,MEM
31670,Tony Allen,11.8849,25.1486,MEM
31670,Courtney Lee,16.16551,42.55641,MEM
31670,Mike Conley,29.57528,32.92025,MEM
31670,Marc Gasol,-3.63547,28.38256,MEM
31680,Ball,19.45684,4.26624,Ball
31680,Brandon Rush,31.83398,13.54235,GSW
31680,Stephen Curry,17.62617,7.10612,GSW
31680,Festus Ezeli,2.11382,18.04883,GSW
31680,Klay Thompson,16.59637,45.63232,GSW
31680,Draymond Green,0.16690000000000002,34.12478,GSW
31680,Zach Randolph,10.13922,21.1773,MEM
31680,Tony Allen,13.78885,22.83196,MEM
31680,Courtney Lee,16.89416,41.9208,MEM
31680,Mike Conley,30.34373,28.8364,MEM
31680,Marc Gasol,-1.9784100000000002,27.52122,MEM
31700,Ball,20.52282,4.24288,Ball
31700,Brandon Rush,33.44231,18.48439,GSW
31700,Stephen Curry,20.61989,3.12106,GSW
31700,Festus Ezeli,5.19841,15.381,GSW
31700,Klay Thompson,20.60268,44.51666,GSW
31700,Draymond Green,2.99566,33.61294,GSW
31700,Zach Randolph,11.14089,21.59967,MEM
31700,Tony Allen,17.48154,13.26596,MEM
31700,Courtney Lee,16.98121,40.7545,MEM
31700,Mike Conley,28.42353,21.63416,MEM
31700,Marc Gasol,1.6054400000000002,25.32787,MEM
31710,Ball,18.09262,6.89815,Ball
31710,Brandon Rush,33.83093,20.80928,GSW
31710,Stephen Curry,20.79896,2.78174,GSW
31710,Festus Ezeli,5.50165,15.51204,GSW
31710,Klay Thompson,22.71443,44.17025,GSW
31710,Draymond Green,3.84381,32.64528,GSW
31710,Zach Randolph,10.62512,21.11849,MEM
31710,Tony Allen,18.4733,8.75241,MEM
31710,Courtney Lee,17.31885,40.11099,MEM
31710,Mike Conley,27.00981,20.83498,MEM
31710,Marc Gasol,3.29912,23.22408,MEM
31720,Ball,13.73117,12.89169,Ball
31720,Brandon Rush,34.61151,22.499670000000002,GSW
31720,Stephen Curry,21.84815,2.74138,GSW
31720,Festus Ezeli,6.1115,15.80223,GSW
31720,Klay Thompson,24.51476,42.88254,GSW
31720,Draymond Green,4.77213,31.2461,GSW
31720,Zach Randolph,9.55931,20.20443,MEM
31720,Tony Allen,18.71192,4.79361,MEM
31720,Courtney Lee,17.1436,39.01727,MEM
31720,Mike Conley,25.93332,21.40677,MEM
31720,Marc Gasol,4.86974,21.37836,MEM
31730,Ball,9.55121,18.45377,Ball
31730,Brandon Rush,35.62277,23.60258,GSW
31730,Stephen Curry,24.29076,1.89464,GSW
31730,Festus Ezeli,7.28827,16.50916,GSW
31730,Klay Thompson,26.13847,41.78188,GSW
31730,Draymond Green,5.42974,29.81879,GSW
31730,Zach Randolph,8.26336,20.1635,MEM
31730,Tony Allen,19.03348,1.7472500000000002,MEM
31730,Courtney Lee,15.42808,37.4397,MEM
31730,Mike Conley,23.83449,23.02044,MEM
31730,Marc Gasol,7.47815,18.663240000000002,MEM
31740,Ball,5.10601,24.20691,Ball
31740,Brandon Rush,36.92392,24.69727,GSW
31740,Stephen Curry,27.59189,1.28054,GSW
31740,Festus Ezeli,9.83121,16.92911,GSW
31740,Klay Thompson,27.66958,40.78449,GSW
31740,Draymond Green,5.70458,28.83939,GSW
31740,Zach Randolph,8.18407,23.25537,MEM
31740,Tony Allen,19.78956,0.049690000000000005,MEM
31740,Courtney Lee,12.91446,35.15234,MEM
31740,Mike Conley,21.70383,24.0754,MEM
31740,Marc Gasol,9.17653,18.96202,MEM
31750,Ball,8.28716,28.93693,Ball
31750,Brandon Rush,38.58566,25.6637,GSW
31750,Stephen Curry,31.01329,1.36551,GSW
31750,Festus Ezeli,12.71507,19.3638,GSW
31750,Klay Thompson,29.08209,39.73901,GSW
31750,Draymond Green,5.80289,28.18319,GSW
31750,Zach Randolph,8.17658,26.36669,MEM
31750,Tony Allen,21.05168,-0.0733,MEM
31750,Courtney Lee,11.07984,33.24812,MEM
31750,Mike Conley,19.85215,24.96627,MEM
31750,Marc Gasol,10.02646,19.49105,MEM
