51210,Ball,89.41702,3.82994,Ball
51210,Al-Farouq Aminu,70.34595,21.74448,POR
51210,Ed Davis,88.05033,26.96005,POR
51210,Damian Lillard,79.7229,25.5611,POR
51210,Allen Crabbe,77.14759,17.55738,POR
51210,Meyers Leonard,89.2453,12.13888,POR
51210,Rodney Stuckey,88.46174,3.53032,IND
51210,Chase Budinger,75.57573,22.69322,IND
51210,Jordan Hill,82.24773,16.73288,IND
51210,Lavoy Allen,87.30354,33.10989,IND
51210,Paul George,63.9317,13.31077,IND
51220,Ball,88.9343,2.9259500000000003,Ball
51220,Al-Farouq Aminu,70.9364,17.63255,POR
51220,Ed Davis,88.34715,27.60935,POR
51220,Damian Lillard,80.32887,26.56415,POR
51220,Allen Crabbe,78.32558,20.09626,POR
51220,Meyers Leonard,88.63474,10.76963,POR
51220,Rodney Stuckey,88.06917,2.74935,IND
51220,Chase Budinger,77.53731,23.54238,IND
51220,Jordan Hill,82.19095,18.22789,IND
51220,Lavoy Allen,87.80964,33.95459,IND
51220,Paul George,66.98827,9.78773,IND
51220,Ball,88.83419,2.9487300000000003,Ball
51220,Al-Farouq Aminu,70.97759,17.21366,POR
51220,Ed Davis,88.37909,27.61818,POR
51220,Damian Lillard,80.36518,26.77545,POR
51220,Allen Crabbe,78.46441,20.3276,POR
51220,Meyers Leonard,88.55117,10.65626,POR
51220,Rodney Stuckey,88.02853,2.71829,IND
51220,Chase Budinger,77.64515,23.506709999999998,IND
51220,Jordan Hill,82.19867,18.40574,IND
51220,Lavoy Allen,87.86178,34.04081,IND
51220,Paul George,67.27607,9.544740000000001,IND
51230,Ball,86.01239,3.07194,Ball
51230,Al-Farouq Aminu,72.12717,13.04461,POR
51230,Ed Davis,88.56902,27.61416,POR
51230,Damian Lillard,80.73428,29.11787,POR
51230,Allen Crabbe,79.22934,20.66567,POR
51230,Meyers Leonard,88.26551,9.58821,POR
51230,Rodney Stuckey,86.85776,2.44139,IND
51230,Chase Budinger,77.4078,33.96372,IND
51230,Jordan Hill,82.87799,20.4083,IND
51230,Lavoy Allen,88.77151,35.14223,IND
51230,Paul George,70.35732,7.11595,IND
51240,Ball,84.4246,1.59782,Ball
51240,Al-Farouq Aminu,73.52791,10.17565,POR
51240,Ed Davis,88.51473,26.59997,POR
51240,Damian Lillard,80.61487,31.25212,POR
51240,Allen Crabbe,79.16537,18.98923,POR
51240,Meyers Leonard,87.1397,9.65368,POR
51240,Rodney Stuckey,85.39427,2.34491,IND
51240,Chase Budinger,75.69086,37.49782,IND
51240,Jordan Hill,84.02712,20.73182,IND
51240,Lavoy Allen,89.55019,36.16283,IND
51240,Paul George,72.94515,5.40164,IND
51250,Ball,82.65559,1.49219,Ball
51250,Al-Farouq Aminu,74.70285,7.74247,POR
51250,Ed Davis,88.00594,24.65796,POR
51250,Damian Lillard,79.46164,32.76268,POR
51250,Allen Crabbe,78.95146,19.22932,POR
51250,Meyers Leonard,86.2077,9.80236,POR
51250,Rodney Stuckey,83.94879,2.23113,IND
51250,Chase Budinger,72.72268,39.51204,IND
51250,Jordan Hill,85.08251,19.4448,IND
51250,Lavoy Allen,89.78537,37.19007,IND
51250,Paul George,74.31954,4.32428,IND
51260,Ball,81.84026,1.67203,Ball
51260,Al-Farouq Aminu,75.40535,5.18843,POR
51260,Ed Davis,87.37566,22.81438,POR
51260,Damian Lillard,77.62493,33.01713,POR
51260,Allen Crabbe,78.79831,19.80596,POR
51260,Meyers Leonard,85.90642,9.6388,POR
51260,Rodney Stuckey,82.90994,1.89531,IND
51260,Chase Budinger,69.35454,40.03215,IND
51260,Jordan Hill,86.50065,18.04274,IND
51260,Lavoy Allen,89.73541,38.09197,IND
51260,Paul George,73.47575,3.28074,IND
51270,Ball,83.37438,2.81501,Ball
51270,Al-Farouq Aminu,74.90928,4.57955,POR
51270,Ed Davis,86.83183,20.9128,POR
51270,Damian Lillard,75.92847,32.08998,POR
51270,Allen Crabbe,79.59129,19.76655,POR
51270,Meyers Leonard,85.57377,9.34011,POR
51270,Rodney Stuckey,83.44415,2.13643,IND
51270,Chase Budinger,66.44128,39.0177,IND
51270,Jordan Hill,87.33987,16.77,IND
51270,Lavoy Allen,89.16355,37.79224,IND
51270,Paul George,71.28739,3.14105,IND
51280,Ball,84.07998,2.5273,Ball
51280,Al-Farouq Aminu,73.5622,5.80019,POR
51280,Ed Davis,86.25726,18.43989,POR
51280,Damian Lillard,74.43228,31.31041,POR
51280,Allen Crabbe,80.6394,20.32357,POR
51280,Meyers Leonard,85.28594,8.36835,POR
51280,Rodney Stuckey,84.05862,2.34262,IND
51280,Chase Budinger,64.13731,37.82918,IND
51280,Jordan Hill,88.05142,15.75066,IND
51280,Lavoy Allen,87.68884,35.18069,IND
51280,Paul George,67.98728,2.97544,IND
51290,Ball,84.35217,5.44445,Ball
51290,Al-Farouq Aminu,72.34955,7.47128,POR
51290,Ed Davis,86.83757,16.74449,POR
51290,Damian Lillard,73.46968,30.62672,POR
51290,Allen Crabbe,82.01324,22.49001,POR
51290,Meyers Leonard,85.84577,6.33606,POR
51290,Rodney Stuckey,84.45889,3.00051,IND
51290,Chase Budinger,62.69981,36.72676,IND
51290,Jordan Hill,88.85323,14.74338,IND
51290,Lavoy Allen,87.15251,32.19093,IND
51290,Paul George,64.80494,3.2101100000000002,IND
51300,Ball,72.74584,9.56805,Ball
51300,Ed Davis,88.10234,16.71012,POR
51300,Damian Lillard,73.56437,30.20601,POR
51300,Allen Crabbe,84.09704,25.37832,POR
51300,Meyers Leonard,85.61423,5.24599,POR
51300,Rodney Stuckey,84.22295,2.73419,IND
51300,Chase Budinger,62.20966,35.4597,IND
51300,Jordan Hill,88.96075,14.89571,IND
51300,Lavoy Allen,86.69151,29.62929,IND
51300,Paul George,61.89256,3.56005,IND
51300,Ball,72.8878,9.86783,Ball
51300,Ed Davis,88.20356,16.78762,POR
51300,Damian Lillard,73.66507,30.16924,POR
51300,Allen Crabbe,84.35781,25.73988,POR
51300,Meyers Leonard,85.49323,5.21399,POR
51300,Rodney Stuckey,84.10246,2.59343,IND
51300,Chase Budinger,62.21556,35.32424,IND
51300,Jordan Hill,88.93704,15.01184,IND
51300,Lavoy Allen,86.64996,29.35829,IND
51300,Paul George,61.58807,3.60582,IND
51310,Ball,87.61346,19.52191,Ball
51310,Al-Farouq Aminu,75.02708,13.03666,POR
51310,Ed Davis,88.81191,17.68744,POR
51310,Damian Lillard,74.9904,29.75972,POR
51310,Allen Crabbe,86.16193,27.62045,POR
51310,Meyers Leonard,83.32661,4.80933,POR
51310,Rodney Stuckey,82.5858,1.1695,IND
51310,Chase Budinger,62.47019,34.25444,IND
51310,Jordan Hill,87.78649,16.8695,IND
51310,Lavoy Allen,86.49656,28.07533,IND
51310,Paul George,58.79209,4.20109,IND
51310,Ball,87.77208,20.24932,Ball
51310,Al-Farouq Aminu,75.30683,13.40747,POR
51310,Ed Davis,88.81359,17.80813,POR
51310,Damian Lillard,75.16742,29.71473,POR
51310,Allen Crabbe,86.27355,27.72275,POR
51310,Meyers Leonard,83.03399,4.73219,POR
51310,Rodney Stuckey,82.35583,1.01453,IND
51310,Chase Budinger,62.49309,34.15976,IND
51310,Jordan Hill,87.51279,17.32848,IND
51310,Lavoy Allen,86.51459,28.01688,IND
51310,Paul George,58.49167,4.29677,IND
51320,Ball,89.18607,21.71381,Ball
51320,Al-Farouq Aminu,78.05493,16.64323,POR
51320,Ed Davis,89.03553,19.35927,POR
51320,Damian Lillard,76.66214,29.56766,POR
51320,Allen Crabbe,86.9417,27.7589,POR
51320,Meyers Leonard,80.88351,4.56172,POR
51320,Rodney Stuckey,80.94418,0.061540000000000004,IND
51320,Chase Budinger,62.44729,33.50079,IND
51320,Jordan Hill,85.30356,21.14158,IND
51320,Lavoy Allen,86.58357,27.7236,IND
51320,Paul George,56.03787,5.17473,IND
51320,Ball,89.25526,21.30461,Ball
51320,Al-Farouq Aminu,78.3764,16.96303,POR
51320,Ed Davis,89.08373,19.60414,POR
51320,Damian Lillard,76.81547,29.58892,POR
51320,Allen Crabbe,87.03499,27.78704,POR
51320,Meyers Leonard,80.72118,4.61862,POR
51320,Rodney Stuckey,80.8541,0.033670000000000005,IND
51320,Chase Budinger,62.41605,33.4326,IND
51320,Jordan Hill,85.10863,21.56755,IND
51320,Lavoy Allen,86.54958,27.65249,IND
51320,Paul George,55.78521,5.26527,IND
51330,Ball,90.08252,15.34853,Ball
51330,Al-Farouq Aminu,80.73381,19.42965,POR
51330,Ed Davis,88.9582,21.70876,POR
51330,Damian Lillard,78.04615,30.07671,POR
51330,Allen Crabbe,87.77266,27.15716,POR
51330,Meyers Leonard,79.64548,5.97993,POR
51330,Rodney Stuckey,81.2474,0.35989000000000004,IND
51330,Chase Budinger,61.98,32.8769,IND
51330,Jordan Hill,84.91725,22.73218,IND
51330,Lavoy Allen,85.34442,25.18362,IND
51330,Paul George,53.31146,6.12699,IND
51340,Ball,90.98041,9.68701,Ball
51340,Al-Farouq Aminu,81.3148,19.94054,POR
51340,Ed Davis,87.86628,22.08365,POR
51340,Damian Lillard,78.89512,30.77195,POR
51340,Allen Crabbe,87.66489,28.23749,POR
51340,Meyers Leonard,79.96641,6.22319,POR
51340,Rodney Stuckey,84.43173,1.71324,IND
51340,Chase Budinger,61.52877,32.6141,IND
51340,Jordan Hill,84.53724,22.490850000000002,IND
51340,Lavoy Allen,85.28631,25.4978,IND
51340,Paul George,51.25887,7.09536,IND
51350,Ball,91.63184,5.1151,Ball
51350,Al-Farouq Aminu,81.27834,19.25108,POR
51350,Ed Davis,87.03082,21.21729,POR
51350,Damian Lillard,79.1824,31.20858,POR
51350,Allen Crabbe,86.6242,29.99912,POR
51350,Meyers Leonard,82.83049,6.54067,POR
51350,Rodney Stuckey,88.09341,2.61132,IND
51350,Chase Budinger,60.84212,32.10511,IND
51350,Jordan Hill,84.20123,19.17829,IND
51350,Lavoy Allen,85.15919,27.38033,IND
51350,Paul George,50.27937,7.81499,IND
51360,Ball,91.95946,4.22376,Ball
51360,Al-Farouq Aminu,79.74212,17.83815,POR
51360,Ed Davis,86.21371,19.95949,POR
51360,Damian Lillard,78.20847,30.68495,POR
51360,Allen Crabbe,85.52758,31.26383,POR
51360,Meyers Leonard,86.07591,6.95473,POR
51360,Rodney Stuckey,90.25262,3.58431,IND
51360,Chase Budinger,60.97751,31.20478,IND
51360,Jordan Hill,83.81541,15.95494,IND
51360,Lavoy Allen,85.62135,27.96858,IND
51360,Paul George,50.51225,7.8755,IND
51370,Ball,91.66917,5.23713,Ball
51370,Al-Farouq Aminu,77.26369,16.21917,POR
51370,Ed Davis,85.81535,18.71815,POR
51370,Damian Lillard,76.81615,29.60816,POR
51370,Allen Crabbe,85.21488,31.50257,POR
51370,Meyers Leonard,88.41907,8.19675,POR
51370,Rodney Stuckey,91.11686,4.30366,IND
51370,Chase Budinger,61.51409,30.2546,IND
51370,Jordan Hill,82.4968,14.18959,IND
51370,Lavoy Allen,86.26985,29.65766,IND
51370,Paul George,51.52039,7.42918,IND
51380,Ball,91.00917,4.35895,Ball
51380,Al-Farouq Aminu,74.94537,15.11077,POR
51380,Ed Davis,85.10081,17.12375,POR
51380,Damian Lillard,75.38609,28.99066,POR
51380,Allen Crabbe,85.04691,30.38079,POR
51380,Meyers Leonard,89.82166,9.58426,POR
51380,Rodney Stuckey,90.76042,4.49562,IND
51380,Chase Budinger,61.74583,29.64204,IND
51380,Jordan Hill,80.66962,12.65947,IND
51380,Lavoy Allen,86.69494,30.2413,IND
51380,Paul George,52.5643,7.27956,IND
51390,Ball,90.88772,5.34078,Ball
51390,Al-Farouq Aminu,72.86035,14.61778,POR
51390,Ed Davis,83.8889,16.0775,POR
51390,Damian Lillard,74.39944,28.74649,POR
51390,Allen Crabbe,85.71808,27.46043,POR
51390,Meyers Leonard,89.91795,9.731020000000001,POR
51390,Rodney Stuckey,90.72655,4.85489,IND
51390,Chase Budinger,62.25816,29.85432,IND
51390,Jordan Hill,79.8163,11.30495,IND
51390,Lavoy Allen,87.99919,28.18111,IND
51390,Paul George,53.42304,7.15882,IND
51400,Ball,90.72167,7.14873,Ball
51400,Al-Farouq Aminu,71.69702,14.73924,POR
51400,Ed Davis,84.70628,16.55005,POR
51400,Damian Lillard,74.3777,28.773320000000002,POR
51400,Allen Crabbe,86.79222,25.23848,POR
51400,Meyers Leonard,89.77074,9.65433,POR
51400,Rodney Stuckey,90.84726,5.4637,IND
51400,Chase Budinger,63.07172,30.57235,IND
51400,Jordan Hill,79.97537,10.35752,IND
51400,Lavoy Allen,88.72164,24.90787,IND
51400,Paul George,53.92288,6.70245,IND
51410,Ball,89.11551,4.74515,Ball
51410,Al-Farouq Aminu,71.42135,15.36449,POR
51410,Ed Davis,84.96634,16.75483,POR
51410,Damian Lillard,74.61572,28.71087,POR
51410,Allen Crabbe,87.67648,24.24253,POR
51410,Meyers Leonard,89.89188,9.69929,POR
51410,Rodney Stuckey,90.12665,5.13843,IND
51410,Chase Budinger,63.94085,30.98811,IND
51410,Jordan Hill,80.01272,9.31569,IND
51410,Lavoy Allen,90.13713,21.55292,IND
51410,Paul George,54.13264,6.38416,IND
51420,Ball,86.85532,4.49307,Ball
51420,Al-Farouq Aminu,71.53914,16.07766,POR
51420,Ed Davis,84.58715,16.86974,POR
51420,Damian Lillard,74.69669,28.69868,POR
51420,Allen Crabbe,88.21313,23.32348,POR
51420,Meyers Leonard,89.66843,10.21085,POR
51420,Rodney Stuckey,88.87443,4.24504,IND
51420,Chase Budinger,65.25858,31.50001,IND
51420,Jordan Hill,79.56728,8.671710000000001,IND
51420,Lavoy Allen,91.48881,20.66572,IND
51420,Paul George,54.20816,6.2766,IND
51430,Ball,79.77779,7.66634,Ball
51430,Al-Farouq Aminu,71.73771,16.86614,POR
51430,Ed Davis,83.31053,16.2379,POR
51430,Damian Lillard,74.47633,28.80915,POR
51430,Allen Crabbe,88.25403,22.89093,POR
51430,Meyers Leonard,88.86831,9.91685,POR
51430,Rodney Stuckey,86.73914,3.76403,IND
51430,Chase Budinger,67.84548,33.01619,IND
51430,Jordan Hill,78.99951,8.6458,IND
51430,Lavoy Allen,92.2444,22.47546,IND
51430,Paul George,54.23131,6.37939,IND
51440,Ball,80.09886,5.9969,Ball
51440,Al-Farouq Aminu,71.22733,17.28917,POR
51440,Ed Davis,82.88553,15.53021,POR
51440,Damian Lillard,74.93956,29.37174,POR
51440,Allen Crabbe,87.94032,23.68454,POR
51440,Meyers Leonard,86.61393,10.00439,POR
51440,Rodney Stuckey,83.09057,3.65924,IND
51440,Chase Budinger,71.95735,34.79458,IND
51440,Jordan Hill,79.00238,8.48566,IND
51440,Lavoy Allen,92.40272,25.06254,IND
51440,Paul George,54.13276,6.74558,IND
51450,Ball,78.59277,3.94051,Ball
51450,Al-Farouq Aminu,70.5331,17.34363,POR
51450,Ed Davis,83.3974,15.32558,POR
51450,Damian Lillard,76.46686,30.5616,POR
51450,Allen Crabbe,87.67964,24.80667,POR
51450,Meyers Leonard,82.91393,10.55697,POR
51450,Rodney Stuckey,79.28594,3.75031,IND
51450,Chase Budinger,76.79773,35.74088,IND
51450,Jordan Hill,78.38819,8.87009,IND
51450,Lavoy Allen,91.94283,28.26225,IND
51450,Paul George,54.0039,8.15883,IND
51460,Ball,69.19454,8.12813,Ball
51460,Al-Farouq Aminu,70.34522,17.41585,POR
51460,Ed Davis,83.91107,15.28419,POR
51460,Damian Lillard,78.78548,31.64736,POR
51460,Allen Crabbe,87.73759,26.0658,POR
51460,Meyers Leonard,79.81233,11.23922,POR
51460,Rodney Stuckey,76.49446,4.07614,IND
51460,Chase Budinger,81.28811,36.66604,IND
51460,Jordan Hill,78.80639,9.77417,IND
51460,Lavoy Allen,90.6648,31.05978,IND
51460,Paul George,54.0441,11.03433,IND
51470,Ball,57.14099,13.93722,Ball
51470,Al-Farouq Aminu,69.73358,18.22902,POR
51470,Ed Davis,83.89908,15.05587,POR
51470,Damian Lillard,80.97553,32.22207,POR
51470,Allen Crabbe,87.39567,27.65684,POR
51470,Meyers Leonard,77.46567,12.4638,POR
51470,Rodney Stuckey,74.60027,4.46463,IND
51470,Chase Budinger,83.99182,39.11627,IND
51470,Jordan Hill,79.58758,10.61735,IND
51470,Lavoy Allen,89.4001,33.18912,IND
51470,Paul George,54.09702,14.49891,IND
51480,Ball,55.92096,17.94226,Ball
51480,Al-Farouq Aminu,68.61582,20.16083,POR
51480,Ed Davis,83.88911,15.66497,POR
51480,Damian Lillard,82.39562,33.26536,POR
51480,Allen Crabbe,86.63019,28.64639,POR
51480,Meyers Leonard,75.69231,13.27492,POR
51480,Rodney Stuckey,72.82341,4.88901,IND
51480,Chase Budinger,84.90764,42.3497,IND
51480,Jordan Hill,80.01148,11.47717,IND
51480,Lavoy Allen,88.09542,34.25214,IND
51480,Paul George,54.65974,18.10285,IND
51490,Ball,57.07753,23.3476,Ball
51490,Al-Farouq Aminu,67.92569,22.76407,POR
51490,Ed Davis,84.19085,16.05055,POR
51490,Damian Lillard,82.80169,35.01185,POR
51490,Allen Crabbe,85.86462,29.60871,POR
51490,Meyers Leonard,74.49713,13.71883,POR
51490,Rodney Stuckey,71.6346,5.25363,IND
51490,Chase Budinger,84.81149,45.36842,IND
51490,Jordan Hill,81.39083,12.65776,IND
51490,Lavoy Allen,86.96207,34.61862,IND
51490,Paul George,55.79751,21.7302,IND
51500,Ball,57.4152,26.48363,Ball
51500,Al-Farouq Aminu,67.63702,25.4292,POR
51500,Ed Davis,84.89871,15.81075,POR
51500,Damian Lillard,82.33939,36.65809,POR
51500,Allen Crabbe,85.467,30.58911,POR
51500,Meyers Leonard,73.85217,14.61441,POR
51500,Rodney Stuckey,71.0271,5.17576,IND
51500,Chase Budinger,84.68783,47.38437,IND
51500,Jordan Hill,83.01374,13.25761,IND
51500,Lavoy Allen,85.79873,34.33129,IND
51500,Paul George,57.43049,24.66303,IND
51510,Ball,59.88667,28.08895,Ball
51510,Al-Farouq Aminu,67.58967,27.06888,POR
51510,Ed Davis,85.39997,16.74082,POR
51510,Damian Lillard,81.80872,37.77406,POR
51510,Allen Crabbe,84.85294,31.09534,POR
51510,Meyers Leonard,74.0971,15.7444,POR
51510,Rodney Stuckey,71.392,4.88108,IND
51510,Chase Budinger,84.82393,47.90551,IND
51510,Jordan Hill,84.59488,13.5982,IND
51510,Lavoy Allen,85.77436,33.82188,IND
51510,Paul George,59.35611,26.83714,IND
51520,Ball,60.81974,27.48157,Ball
51520,Al-Farouq Aminu,67.92395,27.4309,POR
51520,Ed Davis,85.54849,17.69373,POR
51520,Damian Lillard,81.94161,38.8707,POR
51520,Allen Crabbe,84.30947,31.6091,POR
51520,Meyers Leonard,74.95486,17.01143,POR
51520,Rodney Stuckey,72.43009,4.12439,IND
51520,Chase Budinger,85.42384,47.52562,IND
51520,Jordan Hill,85.52256,14.06189,IND
51520,Lavoy Allen,86.34228,33.65641,IND
51520,Paul George,61.01702,27.92878,IND
51530,Ball,64.08484,26.77238,Ball
51530,Al-Farouq Aminu,68.80702,27.52215,POR
51530,Ed Davis,86.09951,17.85242,POR
51530,Damian Lillard,82.85375,39.27181,POR
51530,Allen Crabbe,84.57541,31.44077,POR
51530,Meyers Leonard,75.57546,18.42194,POR
51530,Rodney Stuckey,73.1187,3.31575,IND
51530,Chase Budinger,85.42462,47.50167,IND
51530,Jordan Hill,86.37722,14.35934,IND
51530,Lavoy Allen,87.52271,34.51665,IND
51530,Paul George,62.85683,27.66566,IND
51540,Ball,64.17216,27.22378,Ball
51540,Al-Farouq Aminu,68.85805,27.69414,POR
51540,Ed Davis,87.5484,17.27028,POR
51540,Damian Lillard,84.1824,39.30265,POR
51540,Allen Crabbe,85.73787,31.23535,POR
51540,Meyers Leonard,76.22667,18.02391,POR
51540,Rodney Stuckey,73.85507,3.01332,IND
51540,Chase Budinger,84.48257,47.5493,IND
51540,Jordan Hill,87.62397,15.23851,IND
51540,Lavoy Allen,88.13684,34.81588,IND
51540,Paul George,63.592,27.4691,IND
51550,Ball,72.14986,26.35721,Ball
51550,Al-Farouq Aminu,67.50296,28.27241,POR
51550,Ed Davis,89.04494,18.12801,POR
51550,Damian Lillard,84.68386,38.75738,POR
51550,Allen Crabbe,87.04904,31.2984,POR
51550,Meyers Leonard,76.97693,17.69817,POR
51550,Rodney Stuckey,74.45213,3.42073,IND
51550,Chase Budinger,83.13695,46.5032,IND
51550,Jordan Hill,89.11436,17.08613,IND
51550,Lavoy Allen,87.5372,34.32922,IND
51550,Paul George,63.27926,27.44777,IND
51560,Ball,80.24576,25.34748,Ball
51560,Al-Farouq Aminu,66.26041,28.59718,POR
51560,Ed Davis,89.88434,19.51627,POR
51560,Damian Lillard,84.26812,37.38515,POR
51560,Allen Crabbe,86.8275,31.07005,POR
51560,Meyers Leonard,78.48701,18.61842,POR
51560,Rodney Stuckey,74.07081,4.17474,IND
51560,Chase Budinger,81.63208,44.50174,IND
51560,Jordan Hill,89.68426,17.95469,IND
51560,Lavoy Allen,86.22172,33.27416,IND
51560,Paul George,61.60931,27.82672,IND
51570,Ball,88.00911,24.37759,Ball
51570,Al-Farouq Aminu,65.96956,28.49838,POR
51570,Ed Davis,89.91258,19.75389,POR
51570,Damian Lillard,84.19398,35.97582,POR
51570,Allen Crabbe,86.23313,29.75926,POR
51570,Meyers Leonard,80.51871,20.04176,POR
51570,Rodney Stuckey,73.36428,5.44877,IND
51570,Chase Budinger,80.51964,41.67032,IND
51570,Jordan Hill,89.31332,18.60041,IND
51570,Lavoy Allen,84.77341,29.70172,IND
51570,Paul George,58.70484,28.21641,IND
51580,Ball,88.0855,22.71148,Ball
51580,Al-Farouq Aminu,66.20982,28.23412,POR
51580,Ed Davis,89.10319,19.77556,POR
51580,Damian Lillard,84.81006000000001,34.16752,POR
51580,Allen Crabbe,84.914,27.84583,POR
51580,Meyers Leonard,82.62623,22.34491,POR
51580,Rodney Stuckey,72.6836,6.81767,IND
51580,Chase Budinger,79.892,38.60678,IND
51580,Jordan Hill,87.54285,18.87332,IND
51580,Lavoy Allen,84.39155,27.45032,IND
51580,Paul George,55.25456,28.46055,IND
51590,Ball,87.73013,23.08991,Ball
51590,Al-Farouq Aminu,66.56513,27.31729,POR
51590,Ed Davis,87.69278,19.42145,POR
51590,Damian Lillard,85.29603,32.85957,POR
51590,Allen Crabbe,84.3153,27.03475,POR
51590,Meyers Leonard,84.76438,23.99425,POR
51590,Rodney Stuckey,71.54053,7.92207,IND
51590,Chase Budinger,79.24055,35.86861,IND
51590,Jordan Hill,85.56139,18.58607,IND
51590,Lavoy Allen,84.3153,27.03475,IND
51590,Paul George,52.25943,28.48347,IND
51600,Ball,88.31451,24.999670000000002,Ball
51600,Al-Farouq Aminu,66.91623,26.20592,POR
51600,Ed Davis,86.31652,18.59821,POR
51600,Damian Lillard,86.53656,33.0192,POR
51600,Allen Crabbe,83.63237,28.62946,POR
51600,Meyers Leonard,87.04766,24.93176,POR
51600,Rodney Stuckey,70.16851,8.81964,IND
51600,Chase Budinger,77.9381,33.72499,IND
51600,Jordan Hill,84.18051,18.22196,IND
51600,Lavoy Allen,84.05779,25.93637,IND
51600,Paul George,49.34435,28.19763,IND
51610,Ball,89.92175,25.99083,Ball
51610,Al-Farouq Aminu,66.5943,24.24953,POR
51610,Ed Davis,85.35561,17.53816,POR
51610,Damian Lillard,87.5583,34.4622,POR
51610,Allen Crabbe,80.34994,31.07251,POR
51610,Meyers Leonard,88.49104,25.77326,POR
51610,Rodney Stuckey,68.24405,9.648060000000001,IND
51610,Chase Budinger,74.99617,32.5256,IND
51610,Jordan Hill,82.42167,18.52305,IND
51610,Lavoy Allen,82.74517,23.88424,IND
51610,Paul George,46.37605,27.86376,IND
51620,Ball,87.05504,28.4534,Ball
51620,Al-Farouq Aminu,64.97164,21.06061,POR
51620,Ed Davis,84.69881,17.24266,POR
51620,Damian Lillard,87.27343,36.6367,POR
51620,Allen Crabbe,75.53533,34.42656,POR
51620,Meyers Leonard,88.93253,27.12264,POR
51620,Rodney Stuckey,65.83601,10.55635,IND
51620,Chase Budinger,70.39639,31.91862,IND
51620,Jordan Hill,79.39959,18.70798,IND
51620,Lavoy Allen,80.30083,23.29334,IND
51620,Paul George,43.30814,27.8666,IND
51630,Ball,84.58128,36.42818,Ball
51630,Al-Farouq Aminu,62.2228,18.21148,POR
51630,Ed Davis,83.32126,17.1158,POR
51630,Damian Lillard,84.79148,39.10175,POR
51630,Allen Crabbe,69.63259,38.07128,POR
51630,Meyers Leonard,88.72169,27.82037,POR
51630,Rodney Stuckey,62.48697,12.01202,IND
51630,Chase Budinger,64.53264,31.8826,IND
51630,Jordan Hill,75.34836,18.53274,IND
51630,Lavoy Allen,76.74329,23.26667,IND
51630,Paul George,40.137,27.8388,IND
51640,Ball,79.38995,41.16233,Ball
51640,Al-Farouq Aminu,58.23372,15.88571,POR
51640,Ed Davis,80.42644,17.10407,POR
51640,Damian Lillard,80.90877,41.39964,POR
51640,Allen Crabbe,62.90998,41.32106,POR
51640,Meyers Leonard,86.8891,27.94898,POR
51640,Rodney Stuckey,58.16504,13.1272,IND
51640,Chase Budinger,57.97994,32.927080000000004,IND
51640,Jordan Hill,70.25039,17.99025,IND
51640,Lavoy Allen,71.4887,23.11356,IND
51640,Paul George,37.01928,28.07234,IND
51650,Ball,75.01969,43.8195,Ball
51650,Al-Farouq Aminu,54.09207,14.70189,POR
51650,Ed Davis,76.06262,17.0117,POR
51650,Damian Lillard,75.79779,43.07632,POR
51650,Allen Crabbe,55.57928,43.99727,POR
51650,Meyers Leonard,83.39489,27.98902,POR
51650,Rodney Stuckey,53.04212,12.96071,IND
51650,Chase Budinger,51.06968,34.35263,IND
51650,Jordan Hill,64.46572,17.59448,IND
51650,Lavoy Allen,65.54934,23.69405,IND
51650,Paul George,33.87037,28.68259,IND
51660,Ball,68.28346,44.55573,Ball
51660,Al-Farouq Aminu,50.17597,13.70041,POR
51660,Ed Davis,70.82555,16.82829,POR
51660,Damian Lillard,70.33645,43.86648,POR
51660,Allen Crabbe,47.88248,45.78951,POR
51660,Meyers Leonard,79.10201,27.63694,POR
51660,Rodney Stuckey,47.3685,13.05571,IND
51660,Chase Budinger,44.19062,36.33902,IND
51660,Jordan Hill,58.5402,17.65831,IND
51660,Lavoy Allen,59.50483,24.18255,IND
51660,Paul George,31.10353,29.12811,IND
51670,Ball,62.2558,43.49747,Ball
51670,Al-Farouq Aminu,45.94349,12.34726,POR
51670,Ed Davis,65.18442,16.78463,POR
51670,Damian Lillard,64.76941,44.25785,POR
51670,Allen Crabbe,40.11097,46.83385,POR
51670,Meyers Leonard,74.32685,26.99678,POR
51670,Rodney Stuckey,41.67941,13.44925,IND
51670,Chase Budinger,37.19691,37.99063,IND
51670,Jordan Hill,52.58745,18.04139,IND
51670,Lavoy Allen,53.51682,24.70137,IND
51670,Paul George,29.0819,29.8881,IND
51680,Ball,57.70332,42.47083,Ball
51680,Al-Farouq Aminu,41.08071,10.70763,POR
51680,Ed Davis,59.18364,16.57105,POR
51680,Damian Lillard,59.03513,44.26046,POR
51680,Allen Crabbe,33.13387,47.38616,POR
51680,Meyers Leonard,69.24551,26.20863,POR
51680,Rodney Stuckey,36.30902,13.56971,IND
51680,Chase Budinger,30.58898,39.09374,IND
51680,Jordan Hill,46.87343,18.68853,IND
51680,Lavoy Allen,47.8453,25.17348,IND
51680,Paul George,27.67867,30.49936,IND
51690,Ball,51.32265,42.57834,Ball
51690,Al-Farouq Aminu,35.99214,9.07999,POR
51690,Ed Davis,52.79237,16.00331,POR
51690,Damian Lillard,53.74706,43.94737,POR
51690,Allen Crabbe,26.66944,47.45777,POR
51690,Meyers Leonard,64.15111,25.48717,POR
51690,Rodney Stuckey,31.22715,13.59341,IND
51690,Chase Budinger,24.60997,39.62015,IND
51690,Jordan Hill,41.35433,19.12417,IND
51690,Lavoy Allen,42.72201,25.71888,IND
51690,Paul George,26.56438,31.04349,IND
51700,Ball,46.87882,42.51347,Ball
51700,Al-Farouq Aminu,30.71013,7.63588,POR
51700,Ed Davis,46.31967,15.31066,POR
51700,Damian Lillard,48.54265,43.34221,POR
51700,Allen Crabbe,21.13694,47.08342,POR
51700,Meyers Leonard,59.29023,24.69578,POR
51700,Rodney Stuckey,26.72074,13.18434,IND
51700,Chase Budinger,19.68802,39.97582,IND
51700,Jordan Hill,36.12494,19.5982,IND
51700,Lavoy Allen,38.0282,25.90458,IND
51700,Paul George,26.05155,31.56768,IND
51710,Ball,41.4862,41.81271,Ball
51710,Al-Farouq Aminu,25.50576,6.24543,POR
51710,Ed Davis,39.65096,14.78095,POR
51710,Damian Lillard,43.65304,42.38116,POR
51710,Allen Crabbe,16.2142,47.14206,POR
51710,Meyers Leonard,54.67994,23.96079,POR
51710,Rodney Stuckey,22.6896,12.86724,IND
51710,Chase Budinger,15.85221,39.86466,IND
51710,Jordan Hill,31.26761,20.05383,IND
51710,Lavoy Allen,34.37339,26.05564,IND
51710,Paul George,25.8904,32.46543,IND
51720,Ball,37.56123,41.36755,Ball
51720,Al-Farouq Aminu,20.45256,5.15628,POR
51720,Ed Davis,33.09127,14.47753,POR
51720,Damian Lillard,38.98476,41.24517,POR
51720,Allen Crabbe,12.50167,47.91484,POR
51720,Meyers Leonard,50.22471,23.13326,POR
51720,Rodney Stuckey,19.47302,12.42037,IND
51720,Chase Budinger,12.98878,39.42239,IND
51720,Jordan Hill,26.77969,20.68166,IND
51720,Lavoy Allen,31.42255,26.27738,IND
51720,Paul George,26.01141,33.50418,IND
51730,Ball,33.81275,40.48315,Ball
51730,Al-Farouq Aminu,15.88276,4.2926400000000005,POR
51730,Ed Davis,26.7386,14.61358,POR
51730,Damian Lillard,35.31617,39.83596,POR
51730,Allen Crabbe,9.91897,48.50837,POR
51730,Meyers Leonard,45.96276,22.43699,POR
51730,Rodney Stuckey,16.69224,11.96332,IND
51730,Chase Budinger,10.92889,39.37428,IND
51730,Jordan Hill,22.46414,20.98912,IND
51730,Lavoy Allen,28.97625,26.32901,IND
51730,Paul George,26.20072,34.37434,IND
51740,Ball,31.25254,40.58411,Ball
51740,Al-Farouq Aminu,11.81554,3.50638,POR
51740,Ed Davis,20.73058,14.65826,POR
51740,Damian Lillard,31.37592,38.99039,POR
51740,Allen Crabbe,8.80204,48.87902,POR
51740,Meyers Leonard,42.10005,21.76958,POR
51740,Rodney Stuckey,13.80035,11.9141,IND
51740,Chase Budinger,9.68178,39.33938,IND
51740,Jordan Hill,18.85296,20.80662,IND
51740,Lavoy Allen,27.1606,26.51462,IND
51740,Paul George,25.6542,35.30362,IND
51750,Ball,24.13431,40.10386,Ball
51750,Al-Farouq Aminu,9.17503,2.5568,POR
51750,Ed Davis,14.81022,15.10611,POR
51750,Damian Lillard,25.31689,38.68727,POR
51750,Allen Crabbe,8.63998,49.03442,POR
51750,Meyers Leonard,38.99553,21.19456,POR
51750,Rodney Stuckey,11.41799,11.65516,IND
51750,Chase Budinger,9.15781,39.39564,IND
51750,Jordan Hill,15.39092,20.70869,IND
51750,Lavoy Allen,25.56744,27.28305,IND
51750,Paul George,23.37247,36.32056,IND
51760,Ball,17.42487,38.07268,Ball
51760,Al-Farouq Aminu,7.38019,1.78061,POR
51760,Ed Davis,10.44707,15.84043,POR
51760,Damian Lillard,18.72105,37.46364,POR
51760,Allen Crabbe,8.75847,49.02436,POR
51760,Meyers Leonard,36.70478,20.64356,POR
51760,Rodney Stuckey,9.85936,11.66038,IND
51760,Chase Budinger,9.48563,39.38783,IND
51760,Jordan Hill,11.13004,21.83656,IND
51760,Lavoy Allen,23.62859,27.47688,IND
51760,Paul George,18.76709,36.32098,IND
51770,Ball,11.92912,35.26587,Ball
51770,Al-Farouq Aminu,6.64863,1.43807,POR
51770,Ed Davis,7.71406,17.07954,POR
51770,Damian Lillard,12.21865,35.66553,POR
51770,Allen Crabbe,9.10033,48.95101,POR
51770,Meyers Leonard,34.97415,20.537,POR
51770,Rodney Stuckey,9.21191,11.8014,IND
51770,Chase Budinger,10.06773,38.5645,IND
51770,Jordan Hill,8.35281,23.68374,IND
51770,Lavoy Allen,21.77266,27.06703,IND
51770,Paul George,13.42427,34.34355,IND
51780,Ball,6.25287,30.48634,Ball
51780,Al-Farouq Aminu,6.90227,1.30347,POR
51780,Ed Davis,6.9325600000000005,18.95853,POR
51780,Damian Lillard,6.92543,31.26904,POR
51780,Allen Crabbe,9.71226,48.74537,POR
51780,Meyers Leonard,33.3788,21.04281,POR
51780,Rodney Stuckey,8.96051,11.8835,IND
51780,Chase Budinger,11.06074,38.58794,IND
51780,Jordan Hill,6.7785,25.60292,IND
51780,Lavoy Allen,19.89416,26.34395,IND
51780,Paul George,8.76362,31.5271,IND
51790,Ball,2.62946,24.52473,Ball
51790,Al-Farouq Aminu,6.44902,1.44417,POR
51790,Ed Davis,7.43592,20.869,POR
51790,Damian Lillard,3.75603,25.5474,POR
51790,Allen Crabbe,9.63787,48.60646,POR
51790,Meyers Leonard,31.92135,21.12156,POR
51790,Rodney Stuckey,8.42232,12.30448,IND
51790,Chase Budinger,13.15463,38.64748,IND
51790,Jordan Hill,5.29478,25.97188,IND
51790,Lavoy Allen,17.76558,25.59427,IND
51790,Paul George,5.78601,28.382,IND
51800,Ball,6.7571200000000005,20.81031,Ball
51800,Al-Farouq Aminu,5.92561,1.5399500000000002,POR
51800,Ed Davis,8.59702,21.57664,POR
51800,Damian Lillard,1.85538,20.03842,POR
51800,Allen Crabbe,10.41452,48.44453,POR
51800,Meyers Leonard,31.15867,21.4413,POR
51800,Rodney Stuckey,8.64698,12.27885,IND
51800,Chase Budinger,13.01008,38.44047,IND
51800,Jordan Hill,4.94428,27.50244,IND
51800,Lavoy Allen,16.16738,24.80303,IND
51800,Paul George,5.12606,24.8014,IND
51810,Ball,4.60238,18.06489,Ball
51810,Al-Farouq Aminu,5.9474800000000005,1.68141,POR
51810,Ed Davis,8.40074,20.65728,POR
51810,Damian Lillard,0.8475100000000001,15.86927,POR
51810,Allen Crabbe,12.3686,47.87655,POR
51810,Meyers Leonard,30.99663,21.83872,POR
51810,Rodney Stuckey,9.2203,12.23291,IND
51810,Chase Budinger,12.09609,38.0996,IND
51810,Jordan Hill,5.6806,26.49169,IND
51810,Lavoy Allen,14.87002,24.46145,IND
51810,Paul George,4.62978,21.91902,IND
51820,Ball,1.85141,15.8422,Ball
51820,Al-Farouq Aminu,6.46578,2.37325,POR
51820,Ed Davis,7.01961,19.39699,POR
51820,Damian Lillard,1.44575,14.30968,POR
51820,Allen Crabbe,14.07785,46.72919,POR
51820,Meyers Leonard,31.01359,21.69192,POR
51820,Rodney Stuckey,9.40018,11.99079,IND
51820,Chase Budinger,12.18405,37.62796,IND
51820,Jordan Hill,6.6323,24.55083,IND
51820,Lavoy Allen,14.2224,23.91488,IND
51820,Paul George,3.31938,20.42253,IND
51830,Ball,1.5360900000000002,14.18746,Ball
51830,Al-Farouq Aminu,7.41315,2.93396,POR
51830,Ed Davis,6.92188,18.92172,POR
51830,Damian Lillard,1.7046100000000002,13.22134,POR
51830,Allen Crabbe,15.90593,45.48778,POR
51830,Meyers Leonard,31.08587,21.7136,POR
51830,Rodney Stuckey,10.26428,11.42541,IND
51830,Chase Budinger,12.07464,36.86091,IND
51830,Jordan Hill,6.4152000000000005,24.03367,IND
51830,Lavoy Allen,14.01688,23.61174,IND
51830,Paul George,2.69078,19.226210000000002,IND
51840,Ball,6.71127,14.19872,Ball
51840,Al-Farouq Aminu,8.44104,2.8279300000000003,POR
51840,Ed Davis,7.56049,19.68037,POR
51840,Damian Lillard,2.40212,11.65595,POR
51840,Allen Crabbe,18.60356,44.13523,POR
51840,Meyers Leonard,30.99239,21.4873,POR
51840,Rodney Stuckey,11.47836,10.65051,IND
51840,Chase Budinger,12.02923,35.97696,IND
51840,Jordan Hill,5.3686,23.96745,IND
51840,Lavoy Allen,14.9775,23.48589,IND
51840,Paul George,2.92173,17.11429,IND
51850,Ball,21.53192,19.00247,Ball
51850,Al-Farouq Aminu,9.73229,2.22996,POR
51850,Ed Davis,8.16774,20.37205,POR
51850,Damian Lillard,3.16274,10.58635,POR
51850,Allen Crabbe,21.48723,43.26012,POR
51850,Meyers Leonard,31.22642,21.72117,POR
51850,Rodney Stuckey,12.64224,9.99827,IND
51850,Chase Budinger,12.62459,34.92744,IND
51850,Jordan Hill,4.86572,22.62015,IND
51850,Lavoy Allen,17.82883,23.23098,IND
51850,Paul George,4.14089,15.50323,IND
51860,Ball,29.713070000000002,22.4259,Ball
51860,Al-Farouq Aminu,10.947330000000001,1.96967,POR
51860,Ed Davis,8.36379,20.21882,POR
51860,Damian Lillard,4.18384,9.88293,POR
51860,Allen Crabbe,23.71282,43.3418,POR
51860,Meyers Leonard,30.88725,22.56422,POR
51860,Rodney Stuckey,13.19555,9.40655,IND
51860,Chase Budinger,13.639520000000001,34.24206,IND
51860,Jordan Hill,5.47801,21.05807,IND
51860,Lavoy Allen,21.18875,23.44534,IND
51860,Paul George,4.36053,15.44802,IND
51870,Ball,29.9321,23.16452,Ball
51870,Al-Farouq Aminu,12.35603,2.46312,POR
51870,Ed Davis,7.91531,19.04523,POR
51870,Damian Lillard,6.03188,8.83743,POR
51870,Allen Crabbe,24.888560000000002,43.5833,POR
51870,Meyers Leonard,30.54643,23.01633,POR
51870,Rodney Stuckey,13.10109,9.17949,IND
51870,Chase Budinger,14.75759,34.2538,IND
51870,Jordan Hill,6.10661,20.26357,IND
51870,Lavoy Allen,24.20394,24.04768,IND
51870,Paul George,5.5581,15.65297,IND
51880,Ball,23.64865,23.60135,Ball
51880,Al-Farouq Aminu,14.16053,4.13865,POR
51880,Ed Davis,7.66082,18.4174,POR
51880,Damian Lillard,7.82597,8.25843,POR
51880,Allen Crabbe,25.71779,43.60807,POR
51880,Meyers Leonard,30.2764,23.36706,POR
51880,Rodney Stuckey,13.5587,9.50962,IND
51880,Chase Budinger,15.06235,33.95238,IND
51880,Jordan Hill,6.5810200000000005,20.02638,IND
51880,Lavoy Allen,26.13124,24.13088,IND
51880,Paul George,6.57712,15.77021,IND
51890,Ball,15.68168,24.10102,Ball
51890,Al-Farouq Aminu,16.49806,7.33524,POR
51890,Ed Davis,7.51796,19.09519,POR
51890,Damian Lillard,10.04939,9.15902,POR
51890,Allen Crabbe,26.77115,43.18504,POR
51890,Meyers Leonard,31.14113,24.20941,POR
51890,Rodney Stuckey,14.11924,10.64867,IND
51890,Chase Budinger,14.4363,32.89545,IND
51890,Jordan Hill,6.9585,19.74533,IND
51890,Lavoy Allen,27.61998,23.56553,IND
51890,Paul George,7.87675,16.36591,IND
51900,Ball,8.05781,24.41124,Ball
51900,Al-Farouq Aminu,18.80816,11.054,POR
51900,Ed Davis,7.93053,20.56214,POR
51900,Damian Lillard,12.0642,11.3206,POR
51900,Allen Crabbe,27.83228,42.52162,POR
51900,Meyers Leonard,33.70662,25.15701,POR
51900,Rodney Stuckey,14.0467,12.50081,IND
51900,Chase Budinger,13.30109,31.40495,IND
51900,Jordan Hill,7.93053,20.56214,IND
51900,Lavoy Allen,29.36799,22.93238,IND
51900,Paul George,9.75224,17.35797,IND
51910,Ball,6.3148800000000005,24.52149,Ball
51910,Al-Farouq Aminu,22.22087,14.10855,POR
51910,Ed Davis,9.70873,21.62237,POR
51910,Damian Lillard,13.65385,14.26177,POR
51910,Allen Crabbe,29.41642,41.81352,POR
51910,Meyers Leonard,36.86973,26.1339,POR
51910,Rodney Stuckey,15.944420000000001,14.55768,IND
51910,Chase Budinger,12.28071,30.42736,IND
51910,Jordan Hill,8.39245,22.30389,IND
51910,Lavoy Allen,30.99155,22.52227,IND
51910,Paul George,10.62643,18.31306,IND
51920,Ball,9.05523,23.63453,Ball
51920,Al-Farouq Aminu,26.19062,15.94949,POR
51920,Ed Davis,10.59914,21.77874,POR
51920,Damian Lillard,15.43277,17.63862,POR
51920,Allen Crabbe,31.10673,41.2912,POR
51920,Meyers Leonard,40.17331,26.93295,POR
51920,Rodney Stuckey,18.23182,16.56583,IND
51920,Chase Budinger,11.6155,30.05422,IND
51920,Jordan Hill,9.1322,23.83461,IND
51920,Lavoy Allen,32.55768,22.45427,IND
51920,Paul George,12.09542,20.10336,IND
51930,Ball,15.19496,25.85884,Ball
51930,Al-Farouq Aminu,29.93536,16.77748,POR
51930,Ed Davis,11.63393,22.72988,POR
51930,Damian Lillard,16.98629,21.31098,POR
51930,Allen Crabbe,32.00036,41.06414,POR
51930,Meyers Leonard,43.22974,27.37265,POR
51930,Rodney Stuckey,20.72781,17.14349,IND
51930,Chase Budinger,12.18423,30.37201,IND
51930,Jordan Hill,10.06403,24.76317,IND
51930,Lavoy Allen,33.48189,22.64156,IND
51930,Paul George,12.11214,22.00808,IND
51940,Ball,25.36063,31.89577,Ball
51940,Al-Farouq Aminu,33.07163,17.31722,POR
51940,Ed Davis,12.21561,22.31297,POR
51940,Damian Lillard,18.81854,25.64037,POR
51940,Allen Crabbe,32.32964,40.02044,POR
51940,Meyers Leonard,45.42822,27.56225,POR
51940,Rodney Stuckey,22.79925,17.08364,IND
51940,Chase Budinger,14.25909,31.4502,IND
51940,Jordan Hill,12.5799,25.83651,IND
51940,Lavoy Allen,34.51457,23.30438,IND
51940,Paul George,11.44591,22.54897,IND
51950,Ball,32.79061,36.24281,Ball
51950,Al-Farouq Aminu,35.3769,16.83402,POR
51950,Ed Davis,12.92671,20.88407,POR
51950,Damian Lillard,21.226,30.00971,POR
51950,Allen Crabbe,32.54149,38.27351,POR
51950,Meyers Leonard,46.55728,27.93274,POR
51950,Rodney Stuckey,24.411,17.00463,IND
51950,Chase Budinger,16.48103,32.93513,IND
51950,Jordan Hill,15.03154,27.67395,IND
51950,Lavoy Allen,34.98891,24.19645,IND
51950,Paul George,10.01408,22.60885,IND
51960,Ball,30.92545,36.35483,Ball
51960,Al-Farouq Aminu,35.78631,15.57187,POR
51960,Ed Davis,13.38872,18.69895,POR
51960,Damian Lillard,23.01998,34.68442,POR
51960,Allen Crabbe,31.54628,38.03639,POR
51960,Meyers Leonard,46.12926,27.98755,POR
51960,Rodney Stuckey,25.57356,16.87429,IND
51960,Chase Budinger,18.36392,34.4717,IND
51960,Jordan Hill,16.40985,28.9186,IND
51960,Lavoy Allen,33.6022,25.73822,IND
51960,Paul George,10.22467,22.43462,IND
51970,Ball,29.70962,38.16836,Ball
51970,Al-Farouq Aminu,34.8447,13.85065,POR
51970,Ed Davis,14.00749,16.54479,POR
51970,Damian Lillard,23.60072,39.72753,POR
51970,Allen Crabbe,30.81173,38.47067,POR
51970,Meyers Leonard,44.55635,27.37112,POR
51970,Rodney Stuckey,25.61684,16.68948,IND
51970,Chase Budinger,21.38714,34.70231,IND
51970,Jordan Hill,17.27,28.86373,IND
51970,Lavoy Allen,31.44787,27.29213,IND
51970,Paul George,10.37035,22.84501,IND
51980,Ball,28.36617,39.36288,Ball
51980,Al-Farouq Aminu,33.53681,12.18531,POR
51980,Ed Davis,13.88247,15.47728,POR
51980,Damian Lillard,22.63289,43.46657,POR
51980,Allen Crabbe,30.891750000000002,38.32165,POR
51980,Meyers Leonard,42.7006,26.85336,POR
51980,Rodney Stuckey,24.67421,16.25212,IND
51980,Chase Budinger,24.09472,34.65018,IND
51980,Jordan Hill,17.55996,28.78693,IND
51980,Lavoy Allen,29.21767,28.62511,IND
51980,Paul George,10.27941,24.06099,IND
51990,Ball,20.422,45.11141,Ball
51990,Al-Farouq Aminu,32.09415,10.92854,POR
51990,Ed Davis,13.00203,15.64009,POR
51990,Damian Lillard,20.08657,46.13102,POR
51990,Allen Crabbe,31.76536,37.60246,POR
51990,Meyers Leonard,40.92901,26.29366,POR
51990,Rodney Stuckey,23.48883,15.44259,IND
51990,Chase Budinger,25.15494,35.11035,IND
51990,Jordan Hill,16.39895,29.76765,IND
51990,Lavoy Allen,28.05131,28.70559,IND
51990,Paul George,10.2574,27.59948,IND
52000,Ball,16.76875,47.2889,Ball
52000,Al-Farouq Aminu,30.55582,9.932220000000001,POR
52000,Ed Davis,11.00903,17.42457,POR
52000,Damian Lillard,17.84688,47.79185,POR
52000,Allen Crabbe,32.74552,37.15485,POR
52000,Meyers Leonard,38.83663,25.34775,POR
52000,Rodney Stuckey,22.39425,14.80902,IND
52000,Chase Budinger,25.62537,35.55199,IND
52000,Jordan Hill,14.53672,32.3702,IND
52000,Lavoy Allen,27.00184,27.63724,IND
52000,Paul George,10.72106,32.20421,IND
52010,Ball,15.412420000000001,44.27208,Ball
52010,Al-Farouq Aminu,29.42792,9.07814,POR
52010,Ed Davis,9.40077,19.73677,POR
52010,Damian Lillard,17.23454,48.33364,POR
52010,Allen Crabbe,33.5912,36.97652,POR
52010,Meyers Leonard,36.84044,24.45313,POR
52010,Rodney Stuckey,20.85783,14.86033,IND
52010,Chase Budinger,25.22078,36.1065,IND
52010,Jordan Hill,13.91081,36.13739,IND
52010,Lavoy Allen,25.87684,26.82844,IND
52010,Paul George,12.15408,37.52769,IND
52020,Ball,11.749130000000001,37.4256,Ball
52020,Al-Farouq Aminu,28.89661,8.53927,POR
52020,Ed Davis,8.34207,20.79713,POR
52020,Damian Lillard,16.67536,48.98476,POR
52020,Allen Crabbe,34.57322,36.67842,POR
52020,Meyers Leonard,35.53476,23.74198,POR
52020,Rodney Stuckey,18.84479,15.24134,IND
52020,Chase Budinger,24.03034,36.31753,IND
52020,Jordan Hill,14.51448,39.04091,IND
52020,Lavoy Allen,24.71461,25.79857,IND
52020,Paul George,15.25011,42.09074,IND
52030,Ball,8.27,30.78948,Ball
52030,Al-Farouq Aminu,28.94518,8.53968,POR
52030,Ed Davis,7.97118,20.69716,POR
52030,Damian Lillard,16.83875,50.32543,POR
52030,Allen Crabbe,35.51601,36.50392,POR
52030,Meyers Leonard,35.00169,23.1964,POR
52030,Rodney Stuckey,16.10734,16.15429,IND
52030,Chase Budinger,21.35043,35.94044,IND
52030,Jordan Hill,15.01227,41.13931,IND
52030,Lavoy Allen,24.1244,24.81502,IND
52030,Paul George,19.00825,45.50762,IND
52040,Ball,6.14474,25.81079,Ball
52040,Al-Farouq Aminu,29.30623,8.88951,POR
52040,Ed Davis,7.42881,21.08624,POR
52040,Damian Lillard,17.08024,50.39789,POR
52040,Allen Crabbe,36.47538,36.47734,POR
52040,Meyers Leonard,35.49511,23.16538,POR
52040,Rodney Stuckey,12.92542,17.83939,IND
52040,Chase Budinger,17.55324,35.0963,IND
52040,Jordan Hill,16.13037,41.96227,IND
52040,Lavoy Allen,23.37982,24.35355,IND
52040,Paul George,23.37666,47.5681,IND
52050,Ball,5.44531,22.10761,Ball
52050,Al-Farouq Aminu,29.56106,9.38128,POR
52050,Ed Davis,6.90836,22.12976,POR
52050,Damian Lillard,17.59803,49.06975,POR
52050,Allen Crabbe,37.40822,36.35076,POR
52050,Meyers Leonard,36.82318,23.29921,POR
52050,Rodney Stuckey,9.68401,20.17912,IND
52050,Chase Budinger,13.13806,33.47171,IND
52050,Jordan Hill,17.94425,41.84021,IND
52050,Lavoy Allen,21.87226,23.92712,IND
52050,Paul George,27.54344,48.31157,IND
52060,Ball,5.83093,23.69306,Ball
52060,Al-Farouq Aminu,29.60569,10.07411,POR
52060,Ed Davis,6.77906,23.46943,POR
52060,Damian Lillard,16.78959,48.36269,POR
52060,Allen Crabbe,38.29634,36.20462,POR
52060,Meyers Leonard,38.00498,23.00084,POR
52060,Rodney Stuckey,7.07453,21.99785,IND
52060,Chase Budinger,9.67588,31.31106,IND
52060,Jordan Hill,19.95298,41.41083,IND
52060,Lavoy Allen,20.12442,23.954,IND
52060,Paul George,31.41397,48.42955,IND
52070,Ball,5.85754,25.26654,Ball
52070,Al-Farouq Aminu,29.83386,10.72821,POR
52070,Ed Davis,5.9072700000000005,24.69483,POR
52070,Damian Lillard,14.69506,47.5784,POR
52070,Allen Crabbe,38.79082,36.25575,POR
52070,Meyers Leonard,39.13166,22.83492,POR
52070,Rodney Stuckey,4.53254,23.44604,IND
52070,Chase Budinger,7.33337,29.33592,IND
52070,Jordan Hill,21.65549,40.13577,IND
52070,Lavoy Allen,18.28239,24.46244,IND
52070,Paul George,34.7527,47.77597,IND
52080,Ball,7.1186,25.90767,Ball
52080,Al-Farouq Aminu,30.24372,11.14577,POR
52080,Ed Davis,5.32604,25.42207,POR
52080,Damian Lillard,11.95271,47.32148,POR
52080,Allen Crabbe,39.02078,36.5225,POR
52080,Meyers Leonard,39.8999,23.18838,POR
52080,Rodney Stuckey,3.4913600000000002,22.63671,IND
52080,Chase Budinger,6.09936,28.3926,IND
52080,Jordan Hill,22.99431,38.55264,IND
52080,Lavoy Allen,15.80351,25.17888,IND
52080,Paul George,37.43042,46.99459,IND
52090,Ball,6.11122,25.19431,Ball
52090,Al-Farouq Aminu,30.28384,11.34064,POR
52090,Ed Davis,5.43993,25.94018,POR
52090,Damian Lillard,9.71947,47.23251,POR
52090,Allen Crabbe,38.98648,36.56491,POR
52090,Meyers Leonard,39.83157,23.3471,POR
52090,Rodney Stuckey,3.21226,21.50949,IND
52090,Chase Budinger,5.5330200000000005,28.6323,IND
52090,Jordan Hill,23.26648,37.31938,IND
52090,Lavoy Allen,13.21511,25.04521,IND
52090,Paul George,39.53876,46.40009,IND
52100,Ball,5.28074,24.59965,Ball
52100,Al-Farouq Aminu,30.14081,11.36658,POR
52100,Ed Davis,6.48728,26.25682,POR
52100,Damian Lillard,9.1943,46.64571,POR
52100,Allen Crabbe,38.9911,36.52356,POR
52100,Meyers Leonard,39.51918,23.44455,POR
52100,Rodney Stuckey,3.33804,21.61586,IND
52100,Chase Budinger,5.58574,29.00674,IND
52100,Jordan Hill,23.27693,36.07081,IND
52100,Lavoy Allen,11.71098,24.85455,IND
52100,Paul George,41.42852,45.58659,IND
52110,Ball,4.6199,24.36791,Ball
52110,Al-Farouq Aminu,30.53571,11.69709,POR
52110,Ed Davis,8.53611,26.33224,POR
52110,Damian Lillard,10.54026,45.50862,POR
52110,Allen Crabbe,39.81759,36.61063,POR
52110,Meyers Leonard,40.03001,24.03114,POR
52110,Rodney Stuckey,3.33879,21.21679,IND
52110,Chase Budinger,5.64908,29.12194,IND
52110,Jordan Hill,23.77597,34.78456,IND
52110,Lavoy Allen,11.62834,25.32708,IND
52110,Paul George,43.54264,44.71109,IND
52120,Ball,4.01643,24.35429,Ball
52120,Al-Farouq Aminu,32.2831,12.80003,POR
52120,Ed Davis,10.81674,26.62818,POR
52120,Damian Lillard,13.40735,43.79037,POR
52120,Allen Crabbe,41.43394,36.5964,POR
52120,Meyers Leonard,41.33501,24.28291,POR
52120,Rodney Stuckey,3.32322,20.79379,IND
52120,Chase Budinger,5.44728,28.89724,IND
52120,Jordan Hill,24.92786,33.52658,IND
52120,Lavoy Allen,12.27305,24.70661,IND
52120,Paul George,45.59938,43.73074,IND
52130,Ball,3.49018,24.14456,Ball
52130,Al-Farouq Aminu,35.36173,14.66807,POR
52130,Ed Davis,13.63838,26.45275,POR
52130,Damian Lillard,16.63286,41.8934,POR
52130,Allen Crabbe,43.26586,36.54464,POR
52130,Meyers Leonard,42.80587,24.17441,POR
52130,Rodney Stuckey,3.67328,20.73959,IND
52130,Chase Budinger,4.70005,27.93297,IND
52130,Jordan Hill,26.83015,32.50365,IND
52130,Lavoy Allen,12.19936,24.43614,IND
52130,Paul George,47.55394,42.83338,IND
52140,Ball,3.01526,25.66213,Ball
52140,Al-Farouq Aminu,39.57621,16.78475,POR
52140,Ed Davis,16.98788,26.39845,POR
52140,Damian Lillard,19.91725,39.7763,POR
52140,Allen Crabbe,45.32539,36.34532,POR
52140,Meyers Leonard,44.35699,24.25222,POR
52140,Rodney Stuckey,4.20352,20.74954,IND
52140,Chase Budinger,2.98591,26.32765,IND
52140,Jordan Hill,28.78182,31.84752,IND
52140,Lavoy Allen,10.87295,24.56597,IND
52140,Paul George,49.66632,41.76624,IND
52150,Ball,1.40938,23.90684,Ball
52150,Al-Farouq Aminu,44.67916,19.08644,POR
52150,Ed Davis,20.860970000000002,26.18972,POR
52150,Damian Lillard,23.2453,37.3289,POR
52150,Allen Crabbe,47.64762,36.04255,POR
52150,Meyers Leonard,45.9406,24.32556,POR
52150,Rodney Stuckey,5.10724,20.54365,IND
52150,Chase Budinger,1.00644,24.79698,IND
52150,Jordan Hill,31.03252,31.19047,IND
52150,Lavoy Allen,10.29318,23.70504,IND
52150,Paul George,51.66902,40.68793,IND
