64580,Ball,43.00612,18.87615,Ball
64580,Kevin Martin,43.54179,47.02649,MIN
64580,Tayshaun Prince,34.94687,0.6025400000000001,MIN
64580,Nemanja Bjelica,57.37749,28.54726,MIN
64580,Zach LaVine,43.25387,20.37544,MIN
64580,Karl-Anthony Towns,59.74424,21.91107,MIN
64580,Marvin Williams,26.64708,22.06656,CHA
64580,Spencer Hawes,38.5284,34.13732,CHA
64580,Jeremy Lin,30.92011,25.60763,CHA
64580,Nicolas Batum,31.0751,8.29043,CHA
64580,Kemba Walker,58.77851,33.54324,CHA
64590,Ball,35.81479,15.56539,Ball
64590,Kevin Martin,36.86739,46.62255,MIN
64590,Tayshaun Prince,28.52975,0.9437000000000001,MIN
64590,Nemanja Bjelica,51.11138,28.94896,MIN
64590,Zach LaVine,37.128,17.02128,MIN
64590,Karl-Anthony Towns,53.02381,22.07672,MIN
64590,Marvin Williams,22.7829,22.64149,CHA
64590,Spencer Hawes,31.97878,32.58379,CHA
64590,Jeremy Lin,27.46473,21.97699,CHA
64590,Nicolas Batum,24.98084,8.82814,CHA
64590,Kemba Walker,51.34868,32.72039,CHA
64600,Ball,31.91898,12.77799,Ball
64600,Kevin Martin,30.37725,45.52986,MIN
64600,Tayshaun Prince,22.91492,0.9701500000000001,MIN
64600,Nemanja Bjelica,44.89761,29.2779,MIN
64600,Zach LaVine,32.46618,14.34252,MIN
64600,Karl-Anthony Towns,46.36229,21.77901,MIN
64600,Marvin Williams,20.3773,23.53414,CHA
64600,Spencer Hawes,26.49746,30.56516,CHA
64600,Jeremy Lin,24.98642,18.41052,CHA
64600,Nicolas Batum,19.70438,9.17577,CHA
64600,Kemba Walker,43.974380000000004,31.86322,CHA
64610,Ball,30.65015,12.66273,Ball
64610,Kevin Martin,24.49432,43.82149,MIN
64610,Tayshaun Prince,17.9305,1.05226,MIN
64610,Nemanja Bjelica,39.60272,29.39884,MIN
64610,Zach LaVine,29.70708,11.83004,MIN
64610,Karl-Anthony Towns,39.82952,21.42142,MIN
64610,Marvin Williams,18.58787,24.73255,CHA
64610,Spencer Hawes,22.55323,27.810670000000002,CHA
64610,Jeremy Lin,23.722360000000002,16.03797,CHA
64610,Nicolas Batum,15.85524,9.57941,CHA
64610,Kemba Walker,37.36015,30.61085,CHA
64620,Ball,30.16665,10.0089,Ball
64620,Kevin Martin,19.71783,42.25517,MIN
64620,Tayshaun Prince,13.77575,1.10064,MIN
64620,Nemanja Bjelica,35.91533,29.65943,MIN
64620,Zach LaVine,28.47564,9.16286,MIN
64620,Karl-Anthony Towns,33.4483,20.94416,MIN
64620,Marvin Williams,18.43935,26.60289,CHA
64620,Spencer Hawes,19.99025,24.733530000000002,CHA
64620,Jeremy Lin,23.87628,14.62953,CHA
64620,Nicolas Batum,12.81963,9.69966,CHA
64620,Kemba Walker,31.86621,29.25937,CHA
64630,Ball,29.73401,7.54244,Ball
64630,Kevin Martin,16.14738,41.77948,MIN
64630,Tayshaun Prince,10.50341,1.43303,MIN
64630,Nemanja Bjelica,33.21927,30.92967,MIN
64630,Zach LaVine,28.22516,7.46183,MIN
64630,Karl-Anthony Towns,27.39716,20.18148,MIN
64630,Marvin Williams,19.72469,27.97073,CHA
64630,Spencer Hawes,18.95623,22.06016,CHA
64630,Jeremy Lin,24.01012,12.78822,CHA
64630,Nicolas Batum,10.98472,9.520620000000001,CHA
64630,Kemba Walker,27.94591,29.31576,CHA
64640,Ball,27.4298,6.87007,Ball
64640,Kevin Martin,13.034,40.76535,MIN
64640,Tayshaun Prince,8.05778,1.46459,MIN
64640,Nemanja Bjelica,32.1365,31.00857,MIN
64640,Zach LaVine,27.37304,6.19265,MIN
64640,Karl-Anthony Towns,22.03639,19.03645,MIN
64640,Marvin Williams,20.50463,28.47935,CHA
64640,Spencer Hawes,18.49992,19.63003,CHA
64640,Jeremy Lin,24.32384,10.99629,CHA
64640,Nicolas Batum,10.17204,9.42568,CHA
64640,Kemba Walker,25.42148,29.75719,CHA
64650,Ball,24.20496,4.87144,Ball
64650,Kevin Martin,10.17586,38.29073,MIN
64650,Tayshaun Prince,6.74604,1.41048,MIN
64650,Nemanja Bjelica,32.3032,30.08562,MIN
64650,Zach LaVine,25.83208,5.2572,MIN
64650,Karl-Anthony Towns,18.71178,17.93947,MIN
64650,Marvin Williams,20.78882,28.10787,CHA
64650,Spencer Hawes,16.78751,18.26359,CHA
64650,Jeremy Lin,24.34341,9.71933,CHA
64650,Nicolas Batum,9.66235,9.71735,CHA
64650,Kemba Walker,21.71824,29.87013,CHA
64660,Ball,23.58449,5.18759,Ball
64660,Kevin Martin,8.05185,35.06214,MIN
64660,Tayshaun Prince,6.06204,1.74224,MIN
64660,Nemanja Bjelica,32.55574,28.92248,MIN
64660,Zach LaVine,24.79445,4.96563,MIN
64660,Karl-Anthony Towns,15.95207,17.23203,MIN
64660,Marvin Williams,21.53673,27.61685,CHA
64660,Spencer Hawes,14.58273,17.79635,CHA
64660,Jeremy Lin,23.33937,9.33371,CHA
64660,Nicolas Batum,9.29353,9.49561,CHA
64660,Kemba Walker,17.08833,29.43364,CHA
64670,Ball,26.21721,5.10088,Ball
64670,Kevin Martin,7.40613,33.23681,MIN
64670,Tayshaun Prince,6.10986,1.54332,MIN
64670,Nemanja Bjelica,33.39148,27.63298,MIN
64670,Zach LaVine,25.00437,5.73698,MIN
64670,Karl-Anthony Towns,14.64144,17.09016,MIN
64670,Marvin Williams,23.69611,27.3965,CHA
64670,Spencer Hawes,13.77076,17.36167,CHA
64670,Jeremy Lin,23.30006,9.47776,CHA
64670,Nicolas Batum,9.34174,9.74952,CHA
64670,Kemba Walker,13.106,28.79223,CHA
64680,Ball,32.02317,14.84384,Ball
64680,Kevin Martin,8.54123,33.79037,MIN
64680,Tayshaun Prince,6.13709,1.63606,MIN
64680,Nemanja Bjelica,34.85127,27.10542,MIN
64680,Zach LaVine,25.08087,6.4993,MIN
64680,Karl-Anthony Towns,14.86027,15.6152,MIN
64680,Marvin Williams,26.77709,26.61356,CHA
64680,Spencer Hawes,13.70479,17.77125,CHA
64680,Jeremy Lin,23.82549,9.18324,CHA
64680,Nicolas Batum,9.28941,10.42123,CHA
64680,Kemba Walker,10.5252,29.87472,CHA
64690,Ball,37.76293,24.47443,Ball
64690,Kevin Martin,10.51007,35.27188,MIN
64690,Tayshaun Prince,6.49198,1.57217,MIN
64690,Nemanja Bjelica,36.21635,26.57645,MIN
64690,Zach LaVine,25.23581,6.68183,MIN
64690,Karl-Anthony Towns,14.52381,14.22174,MIN
64690,Marvin Williams,29.38724,26.91164,CHA
64690,Spencer Hawes,13.67769,18.36757,CHA
64690,Jeremy Lin,23.48144,9.25348,CHA
64690,Nicolas Batum,9.08748,11.19947,CHA
64690,Kemba Walker,10.44822,32.19263,CHA
64700,Ball,36.98685,25.59455,Ball
64700,Kevin Martin,12.57593,35.97515,MIN
64700,Tayshaun Prince,6.75129,1.39435,MIN
64700,Nemanja Bjelica,36.62759,26.44558,MIN
64700,Zach LaVine,25.61439,6.35605,MIN
64700,Karl-Anthony Towns,13.44372,14.76207,MIN
64700,Marvin Williams,31.399540000000002,26.75737,CHA
64700,Spencer Hawes,12.85527,18.6972,CHA
64700,Jeremy Lin,22.8478,10.17567,CHA
64700,Nicolas Batum,9.00996,11.759220000000001,CHA
64700,Kemba Walker,11.81607,34.3276,CHA
64710,Ball,35.18637,28.74519,Ball
64710,Kevin Martin,15.92808,36.64789,MIN
64710,Tayshaun Prince,6.37999,1.55637,MIN
64710,Nemanja Bjelica,36.41899,27.449,MIN
64710,Zach LaVine,25.87864,5.71383,MIN
64710,Karl-Anthony Towns,11.97472,15.21246,MIN
64710,Marvin Williams,31.844920000000002,26.89657,CHA
64710,Spencer Hawes,11.64279,19.3652,CHA
64710,Jeremy Lin,22.62854,11.01225,CHA
64710,Nicolas Batum,8.71564,11.83476,CHA
64710,Kemba Walker,13.34231,35.65052,CHA
64720,Ball,26.49515,36.49648,Ball
64720,Kevin Martin,19.76483,37.96437,MIN
64720,Tayshaun Prince,6.16229,1.52121,MIN
64720,Nemanja Bjelica,35.7816,27.77387,MIN
64720,Zach LaVine,26.29165,6.01515,MIN
64720,Karl-Anthony Towns,11.1696,16.05215,MIN
64720,Marvin Williams,31.14784,27.62819,CHA
64720,Spencer Hawes,10.17816,20.08298,CHA
64720,Jeremy Lin,22.48404,11.60378,CHA
64720,Nicolas Batum,8.71508,12.37011,CHA
64720,Kemba Walker,15.77778,36.2654,CHA
64730,Ball,23.67508,41.6798,Ball
64730,Kevin Martin,22.78258,39.75748,MIN
64730,Tayshaun Prince,6.18878,1.5994000000000002,MIN
64730,Nemanja Bjelica,34.63622,27.7267,MIN
64730,Zach LaVine,27.05121,6.99092,MIN
64730,Karl-Anthony Towns,10.73952,17.07676,MIN
64730,Marvin Williams,29.8925,27.78175,CHA
64730,Spencer Hawes,8.76732,20.83217,CHA
64730,Jeremy Lin,21.84936,12.63694,CHA
64730,Nicolas Batum,9.21644,13.11263,CHA
64730,Kemba Walker,18.38497,37.16113,CHA
64740,Ball,27.28369,41.38004,Ball
64740,Kevin Martin,25.47476,40.73118,MIN
64740,Tayshaun Prince,6.40448,1.3676,MIN
64740,Nemanja Bjelica,32.87988,28.17218,MIN
64740,Zach LaVine,27.73608,8.53582,MIN
64740,Karl-Anthony Towns,9.93838,17.61032,MIN
64740,Marvin Williams,28.3341,27.814,CHA
64740,Spencer Hawes,8.27215,22.11619,CHA
64740,Jeremy Lin,21.26104,13.70404,CHA
64740,Nicolas Batum,9.46914,14.23118,CHA
64740,Kemba Walker,21.03201,37.57986,CHA
64750,Ball,29.29918,40.85263,Ball
64750,Kevin Martin,27.97145,40.13214,MIN
64750,Tayshaun Prince,6.65441,1.14442,MIN
64750,Nemanja Bjelica,30.25452,29.6275,MIN
64750,Zach LaVine,28.45719,9.76794,MIN
64750,Karl-Anthony Towns,9.74139,17.80861,MIN
64750,Marvin Williams,27.26786,28.89269,CHA
64750,Spencer Hawes,8.22587,22.37624,CHA
64750,Jeremy Lin,21.67069,15.03282,CHA
64750,Nicolas Batum,9.46877,15.35576,CHA
64750,Kemba Walker,23.12923,37.4507,CHA
64760,Ball,32.3638,36.36853,Ball
64760,Kevin Martin,30.30083,37.13602,MIN
64760,Tayshaun Prince,6.46386,1.34277,MIN
64760,Nemanja Bjelica,28.09125,32.33183,MIN
64760,Zach LaVine,28.71622,9.80851,MIN
64760,Karl-Anthony Towns,10.13541,18.61154,MIN
64760,Marvin Williams,26.86847,30.7011,CHA
64760,Spencer Hawes,8.39936,23.01777,CHA
64760,Jeremy Lin,22.47657,16.21182,CHA
64760,Nicolas Batum,9.63079,16.19255,CHA
64760,Kemba Walker,25.888840000000002,36.2343,CHA
64770,Ball,33.77276,30.92701,Ball
64770,Kevin Martin,30.85677,33.23493,MIN
64770,Tayshaun Prince,6.20197,1.58315,MIN
64770,Nemanja Bjelica,26.93285,35.40716,MIN
64770,Zach LaVine,28.37566,8.93317,MIN
64770,Karl-Anthony Towns,11.08989,20.13712,MIN
64770,Marvin Williams,28.15635,30.72411,CHA
64770,Spencer Hawes,8.6868,23.7979,CHA
64770,Jeremy Lin,23.01665,16.73638,CHA
64770,Nicolas Batum,9.80645,16.39921,CHA
64770,Kemba Walker,27.06483,34.90608,CHA
64780,Ball,29.11283,25.11026,Ball
64780,Kevin Martin,28.06816,30.31288,MIN
64780,Tayshaun Prince,6.09568,1.86254,MIN
64780,Nemanja Bjelica,25.56068,39.09145,MIN
64780,Zach LaVine,27.78665,7.18644,MIN
64780,Karl-Anthony Towns,11.45428,22.35114,MIN
64780,Marvin Williams,29.4936,30.545090000000002,CHA
64780,Spencer Hawes,9.51182,24.32007,CHA
64780,Jeremy Lin,22.75922,17.59377,CHA
64780,Nicolas Batum,10.08258,16.20414,CHA
64780,Kemba Walker,27.1054,31.2398,CHA
64790,Ball,25.005,23.30955,Ball
64790,Kevin Martin,24.33979,27.00004,MIN
64790,Tayshaun Prince,6.44839,1.94236,MIN
64790,Nemanja Bjelica,22.63617,42.27814,MIN
64790,Zach LaVine,26.83973,5.84845,MIN
64790,Karl-Anthony Towns,11.11998,23.40448,MIN
64790,Marvin Williams,28.70833,30.795090000000002,CHA
64790,Spencer Hawes,10.21005,24.5785,CHA
64790,Jeremy Lin,20.678,20.21912,CHA
64790,Nicolas Batum,10.14015,15.89559,CHA
64790,Kemba Walker,24.33979,27.00004,CHA
64800,Ball,21.11855,22.31304,Ball
64800,Kevin Martin,20.16532,25.29926,MIN
64800,Tayshaun Prince,6.50664,2.12502,MIN
64800,Nemanja Bjelica,18.11566,43.454,MIN
64800,Zach LaVine,25.4365,5.19052,MIN
64800,Karl-Anthony Towns,11.7033,22.49264,MIN
64800,Marvin Williams,25.40458,31.38685,CHA
64800,Spencer Hawes,9.95602,24.34753,CHA
64800,Jeremy Lin,17.8599,22.86762,CHA
64800,Nicolas Batum,10.44906,14.91048,CHA
64800,Kemba Walker,19.65267,25.57827,CHA
64810,Ball,23.0701,12.54945,Ball
64810,Kevin Martin,17.07445,23.55471,MIN
64810,Tayshaun Prince,5.85938,2.4239800000000002,MIN
64810,Nemanja Bjelica,13.58114,43.9086,MIN
64810,Zach LaVine,24.30719,5.4713,MIN
64810,Karl-Anthony Towns,12.25827,21.21397,MIN
64810,Marvin Williams,21.23997,32.58995,CHA
64810,Spencer Hawes,9.21158,24.0932,CHA
64810,Jeremy Lin,15.4056,23.12869,CHA
64810,Nicolas Batum,11.52319,12.48858,CHA
64810,Kemba Walker,16.01802,25.83957,CHA
64820,Ball,23.64625,7.22751,Ball
64820,Kevin Martin,14.67206,23.01906,MIN
64820,Tayshaun Prince,5.43571,2.4946,MIN
64820,Nemanja Bjelica,9.89477,42.92385,MIN
64820,Zach LaVine,23.80949,6.36293,MIN
64820,Karl-Anthony Towns,11.75206,20.16426,MIN
64820,Marvin Williams,17.28329,33.62855,CHA
64820,Spencer Hawes,8.728860000000001,22.83478,CHA
64820,Jeremy Lin,12.38493,21.91864,CHA
64820,Nicolas Batum,13.86053,10.11664,CHA
64820,Kemba Walker,13.74476,26.37519,CHA
64830,Ball,23.26929,7.16831,Ball
64830,Kevin Martin,13.52975,23.09138,MIN
64830,Tayshaun Prince,5.12414,3.03304,MIN
64830,Nemanja Bjelica,7.34199,40.14537,MIN
64830,Zach LaVine,23.4708,6.85586,MIN
64830,Karl-Anthony Towns,10.9785,19.1084,MIN
64830,Marvin Williams,13.95331,33.86258,CHA
64830,Spencer Hawes,8.62006,21.4441,CHA
64830,Jeremy Lin,9.20216,19.13016,CHA
64830,Nicolas Batum,17.07999,8.35008,CHA
64830,Kemba Walker,11.62905,26.82466,CHA
64840,Ball,17.45311,12.839220000000001,Ball
64840,Kevin Martin,13.74078,23.02881,MIN
64840,Tayshaun Prince,5.06506,4.35306,MIN
64840,Nemanja Bjelica,6.52679,36.38433,MIN
64840,Zach LaVine,23.27344,7.31765,MIN
64840,Karl-Anthony Towns,10.41616,18.21015,MIN
64840,Marvin Williams,11.05072,33.75088,CHA
64840,Spencer Hawes,9.00363,20.57137,CHA
64840,Jeremy Lin,7.85092,15.32187,CHA
64840,Nicolas Batum,20.324,7.72686,CHA
64840,Kemba Walker,9.97019,27.32127,CHA
64850,Ball,11.38799,18.58579,Ball
64850,Kevin Martin,14.70343,22.99553,MIN
64850,Tayshaun Prince,5.60547,6.47274,MIN
64850,Nemanja Bjelica,5.98764,33.31123,MIN
64850,Zach LaVine,23.64478,7.29663,MIN
64850,Karl-Anthony Towns,9.31124,17.89777,MIN
64850,Marvin Williams,8.20602,32.78021,CHA
64850,Spencer Hawes,9.02539,19.75433,CHA
64850,Jeremy Lin,7.43186,12.98922,CHA
64850,Nicolas Batum,23.78723,6.21707,CHA
64850,Kemba Walker,9.07977,27.67482,CHA
64860,Ball,5.41005,24.16509,Ball
64860,Kevin Martin,15.93775,23.74764,MIN
64860,Tayshaun Prince,7.04613,8.70109,MIN
64860,Nemanja Bjelica,4.68742,32.462650000000004,MIN
64860,Zach LaVine,24.65193,7.17957,MIN
64860,Karl-Anthony Towns,8.42192,17.31423,MIN
64860,Marvin Williams,6.56691,31.15422,CHA
64860,Spencer Hawes,8.73115,18.79267,CHA
64860,Jeremy Lin,7.49897,12.93698,CHA
64860,Nicolas Batum,26.79939,3.84282,CHA
64860,Kemba Walker,8.94369,27.50661,CHA
64870,Ball,5.74044,26.10531,Ball
64870,Kevin Martin,17.29282,25.20703,MIN
64870,Tayshaun Prince,10.19804,9.97873,MIN
64870,Nemanja Bjelica,4.4398,32.36692,MIN
64870,Zach LaVine,25.9888,7.73037,MIN
64870,Karl-Anthony Towns,8.04202,16.79728,MIN
64870,Marvin Williams,6.28876,30.49662,CHA
64870,Spencer Hawes,8.59423,18.1323,CHA
64870,Jeremy Lin,8.91625,13.70011,CHA
64870,Nicolas Batum,30.6542,3.174,CHA
64870,Kemba Walker,9.24863,27.36835,CHA
64880,Ball,7.38678,27.4316,Ball
64880,Kevin Martin,18.3282,27.55126,MIN
64880,Tayshaun Prince,14.26,10.82438,MIN
64880,Nemanja Bjelica,5.60851,31.85986,MIN
64880,Zach LaVine,28.31142,8.81952,MIN
64880,Karl-Anthony Towns,7.86191,16.03468,MIN
64880,Marvin Williams,6.55761,29.60607,CHA
64880,Spencer Hawes,8.44534,17.40748,CHA
64880,Jeremy Lin,12.14928,15.1031,CHA
64880,Nicolas Batum,34.637950000000004,2.87409,CHA
64880,Kemba Walker,8.91816,27.53539,CHA
64890,Ball,6.60269,26.36106,Ball
64890,Kevin Martin,19.79993,29.93342,MIN
64890,Tayshaun Prince,19.21672,11.32416,MIN
64890,Nemanja Bjelica,7.21972,31.25267,MIN
64890,Zach LaVine,32.38609,10.26313,MIN
64890,Karl-Anthony Towns,7.18956,15.46331,MIN
64890,Marvin Williams,6.8081,27.54578,CHA
64890,Spencer Hawes,8.75724,16.85178,CHA
64890,Jeremy Lin,16.10104,17.57277,CHA
64890,Nicolas Batum,38.82732,3.22674,CHA
64890,Kemba Walker,8.69931,28.16951,CHA
64900,Ball,6.7443100000000005,24.03108,Ball
64900,Kevin Martin,21.83828,31.40722,MIN
64900,Tayshaun Prince,25.02066,11.41975,MIN
64900,Nemanja Bjelica,9.57483,30.88582,MIN
64900,Zach LaVine,37.24093,11.78168,MIN
64900,Karl-Anthony Towns,6.49726,16.14916,MIN
64900,Marvin Williams,6.61822,25.10156,CHA
64900,Spencer Hawes,10.16137,16.58328,CHA
64900,Jeremy Lin,20.1342,21.01067,CHA
64900,Nicolas Batum,43.53834,3.9887300000000003,CHA
64900,Kemba Walker,8.21293,28.40253,CHA
64910,Ball,7.51192,22.94163,Ball
64910,Kevin Martin,25.17343,32.77586,MIN
64910,Tayshaun Prince,31.40493,11.2776,MIN
64910,Nemanja Bjelica,12.80252,30.68219,MIN
64910,Zach LaVine,42.85531,13.16431,MIN
64910,Karl-Anthony Towns,7.84741,18.36041,MIN
64910,Marvin Williams,6.57038,24.02273,CHA
64910,Spencer Hawes,12.69976,16.42343,CHA
64910,Jeremy Lin,24.84728,24.94578,CHA
64910,Nicolas Batum,48.35404,4.70257,CHA
64910,Kemba Walker,7.39358,28.46299,CHA
64920,Ball,7.07412,24.59636,Ball
64920,Kevin Martin,29.60879,33.91875,MIN
64920,Tayshaun Prince,38.47374,10.948360000000001,MIN
64920,Nemanja Bjelica,17.18808,30.14067,MIN
64920,Zach LaVine,48.72412,14.21031,MIN
64920,Karl-Anthony Towns,10.43545,19.49368,MIN
64920,Marvin Williams,6.78222,24.13739,CHA
64920,Spencer Hawes,16.81653,17.0529,CHA
64920,Jeremy Lin,30.30037,28.51779,CHA
64920,Nicolas Batum,53.16876,5.14266,CHA
64920,Kemba Walker,7.05028,29.08164,CHA
64930,Ball,8.16952,29.65191,Ball
64930,Kevin Martin,34.45275,34.31918,MIN
64930,Tayshaun Prince,45.9196,10.56071,MIN
64930,Nemanja Bjelica,22.60002,29.33122,MIN
64930,Zach LaVine,54.55471,15.07014,MIN
64930,Karl-Anthony Towns,14.67616,20.41334,MIN
64930,Marvin Williams,7.40092,24.65735,CHA
64930,Spencer Hawes,22.15628,17.63568,CHA
64930,Jeremy Lin,36.25457,31.548000000000002,CHA
64930,Nicolas Batum,57.75333,5.33885,CHA
64930,Kemba Walker,7.94458,30.42031,CHA
64940,Ball,11.23889,31.59505,Ball
64940,Kevin Martin,39.62596,34.62984,MIN
64940,Tayshaun Prince,53.14577,9.95414,MIN
64940,Nemanja Bjelica,28.38415,28.64293,MIN
64940,Zach LaVine,59.70917,15.60815,MIN
64940,Karl-Anthony Towns,20.61222,21.39257,MIN
64940,Marvin Williams,9.32278,24.62036,CHA
64940,Spencer Hawes,28.73741,18.22983,CHA
64940,Jeremy Lin,42.55858,34.29808,CHA
64940,Nicolas Batum,61.81085,5.56121,CHA
64940,Kemba Walker,10.59529,32.30282,CHA
64950,Ball,14.59971,32.68923,Ball
64950,Kevin Martin,45.07978,35.06024,MIN
64950,Tayshaun Prince,59.64088,9.07897,MIN
64950,Nemanja Bjelica,34.49269,28.13453,MIN
64950,Zach LaVine,64.08659,16.26018,MIN
64950,Karl-Anthony Towns,27.18287,21.71411,MIN
64950,Marvin Williams,12.14452,24.80294,CHA
64950,Spencer Hawes,35.28352,18.19584,CHA
64950,Jeremy Lin,48.78625,37.02705,CHA
64950,Nicolas Batum,65.291,5.98836,CHA
64950,Kemba Walker,14.64951,33.82255,CHA
64960,Ball,21.22861,34.00174,Ball
64960,Kevin Martin,50.69215,35.56217,MIN
64960,Tayshaun Prince,65.22536,8.81632,MIN
64960,Nemanja Bjelica,40.7029,27.97245,MIN
64960,Zach LaVine,67.74982,16.944490000000002,MIN
64960,Karl-Anthony Towns,34.03617,21.80458,MIN
64960,Marvin Williams,16.3027,24.75148,CHA
64960,Spencer Hawes,42.60306,18.55737,CHA
64960,Jeremy Lin,54.94179,39.60762,CHA
64960,Nicolas Batum,68.32368,6.23279,CHA
64960,Kemba Walker,19.64545,34.8944,CHA
64970,Ball,26.67433,36.28427,Ball
64970,Kevin Martin,56.27723,36.16653,MIN
64970,Tayshaun Prince,69.9887,8.97343,MIN
64970,Nemanja Bjelica,46.3133,28.28497,MIN
64970,Zach LaVine,70.7256,18.22796,MIN
64970,Karl-Anthony Towns,41.89579,22.49733,MIN
64970,Marvin Williams,21.40106,24.67406,CHA
64970,Spencer Hawes,50.05533,18.95491,CHA
64970,Jeremy Lin,60.7886,41.86929,CHA
64970,Nicolas Batum,70.97039,6.39876,CHA
64970,Kemba Walker,25.16944,36.10057,CHA
64980,Ball,31.49477,38.17649,Ball
64980,Kevin Martin,61.65908,36.93631,MIN
64980,Tayshaun Prince,73.76347,8.91119,MIN
64980,Nemanja Bjelica,51.35095,28.65764,MIN
64980,Zach LaVine,72.65919,20.1104,MIN
64980,Karl-Anthony Towns,49.53939,22.94555,MIN
64980,Marvin Williams,26.96754,24.29259,CHA
64980,Spencer Hawes,57.42589,19.54979,CHA
64980,Jeremy Lin,65.9668,44.00282,CHA
64980,Nicolas Batum,72.99958,6.30527,CHA
64980,Kemba Walker,30.85625,36.99669,CHA
64990,Ball,39.09341,37.59222,Ball
64990,Kevin Martin,66.69604,37.99164,MIN
64990,Tayshaun Prince,76.14579,9.00409,MIN
64990,Nemanja Bjelica,55.24182,28.79662,MIN
64990,Zach LaVine,73.78525,22.25199,MIN
64990,Karl-Anthony Towns,57.03576,23.75127,MIN
64990,Marvin Williams,32.80644,23.64197,CHA
64990,Spencer Hawes,64.3724,20.49566,CHA
64990,Jeremy Lin,70.67064,45.704390000000004,CHA
64990,Nicolas Batum,74.85316,6.36152,CHA
64990,Kemba Walker,36.46,37.17295,CHA
65000,Ball,42.94345,36.06879,Ball
65000,Kevin Martin,71.2924,39.177,MIN
65000,Tayshaun Prince,77.84182,9.53792,MIN
65000,Nemanja Bjelica,58.68085,28.07648,MIN
65000,Zach LaVine,74.71915,24.5084,MIN
65000,Karl-Anthony Towns,64.13823,24.43221,MIN
65000,Marvin Williams,38.75276,22.80649,CHA
65000,Spencer Hawes,71.09585,21.59773,CHA
65000,Jeremy Lin,74.76058,47.18559,CHA
65000,Nicolas Batum,76.58983,6.62291,CHA
65000,Kemba Walker,42.06101,37.11343,CHA
65010,Ball,48.21299,35.81027,Ball
65010,Kevin Martin,75.43754,40.1409,MIN
65010,Tayshaun Prince,78.97772,9.97074,MIN
65010,Nemanja Bjelica,61.52489,26.4925,MIN
65010,Zach LaVine,75.59414,26.69172,MIN
65010,Karl-Anthony Towns,70.70845,25.28672,MIN
65010,Marvin Williams,44.70155,22.13325,CHA
65010,Spencer Hawes,77.05585,22.76462,CHA
65010,Jeremy Lin,78.09153,48.13247,CHA
65010,Nicolas Batum,78.04669,6.93915,CHA
65010,Kemba Walker,47.52181,37.19303,CHA
65020,Ball,54.52785,37.27306,Ball
65020,Kevin Martin,78.84756,40.92383,MIN
65020,Tayshaun Prince,79.76668,9.95449,MIN
65020,Nemanja Bjelica,64.32281,25.52731,MIN
65020,Zach LaVine,75.669,28.92367,MIN
65020,Karl-Anthony Towns,76.42198,25.953780000000002,MIN
65020,Marvin Williams,50.72747,21.51205,CHA
65020,Spencer Hawes,82.25824,24.06014,CHA
65020,Jeremy Lin,80.83225,48.7907,CHA
65020,Nicolas Batum,79.44382,7.31359,CHA
65020,Kemba Walker,52.6669,37.56393,CHA
65030,Ball,58.24369,38.64398,Ball
65030,Kevin Martin,81.45174,41.18709,MIN
65030,Tayshaun Prince,80.2963,9.84226,MIN
65030,Nemanja Bjelica,66.63657,24.87244,MIN
65030,Zach LaVine,74.43477,31.21762,MIN
65030,Karl-Anthony Towns,80.96165,26.29575,MIN
65030,Marvin Williams,56.54302,21.34504,CHA
65030,Spencer Hawes,86.79106,26.06049,CHA
65030,Jeremy Lin,82.89709,48.98735,CHA
65030,Nicolas Batum,80.59141,7.60794,CHA
65030,Kemba Walker,57.26749,37.29938,CHA
65040,Ball,60.53689,36.56547,Ball
65040,Kevin Martin,83.16199,41.07939,MIN
65040,Tayshaun Prince,80.68955,10.15194,MIN
65040,Nemanja Bjelica,68.31671,24.40738,MIN
65040,Zach LaVine,72.67232,32.6837,MIN
65040,Karl-Anthony Towns,84.64257,26.43244,MIN
65040,Marvin Williams,61.51367,22.09116,CHA
65040,Spencer Hawes,90.13065,28.58027,CHA
65040,Jeremy Lin,83.90423,48.94294,CHA
65040,Nicolas Batum,81.41513,7.76483,CHA
65040,Kemba Walker,60.43004,36.40034,CHA
65050,Ball,61.95202,33.70531,Ball
65050,Kevin Martin,84.32003,41.00922,MIN
65050,Tayshaun Prince,81.01076,10.62895,MIN
65050,Nemanja Bjelica,68.96608,24.09007,MIN
65050,Zach LaVine,71.3613,32.83574,MIN
65050,Karl-Anthony Towns,87.12873,26.78174,MIN
65050,Marvin Williams,65.54753,23.44052,CHA
65050,Spencer Hawes,92.18902,31.25422,CHA
65050,Jeremy Lin,83.9591,49.02242,CHA
65050,Nicolas Batum,82.04184,7.40701,CHA
65050,Kemba Walker,62.05456,34.6592,CHA
65060,Ball,60.99597,31.24288,Ball
65060,Kevin Martin,84.67682,40.843090000000004,MIN
65060,Tayshaun Prince,81.34197,10.74035,MIN
65060,Nemanja Bjelica,69.11547,23.6419,MIN
65060,Zach LaVine,70.22037,32.21284,MIN
65060,Karl-Anthony Towns,88.55346,27.76148,MIN
65060,Marvin Williams,67.985,24.7612,CHA
65060,Spencer Hawes,93.13187,33.37501,CHA
65060,Jeremy Lin,83.35208,49.03263,CHA
65060,Nicolas Batum,82.06168,6.41029,CHA
65060,Kemba Walker,62.75846,32.2858,CHA
65070,Ball,60.45537,27.79452,Ball
65070,Kevin Martin,84.25374,40.45327,MIN
65070,Tayshaun Prince,81.82362,10.53052,MIN
65070,Nemanja Bjelica,69.48665,23.13182,MIN
65070,Zach LaVine,68.49156,30.16325,MIN
65070,Karl-Anthony Towns,89.15247,29.11627,MIN
65070,Marvin Williams,68.87025,25.28443,CHA
65070,Spencer Hawes,93.26622,35.21015,CHA
65070,Jeremy Lin,82.23205,48.95424,CHA
65070,Nicolas Batum,81.58697,5.37115,CHA
65070,Kemba Walker,62.21818,28.3833,CHA
65080,Ball,62.02946,21.8112,Ball
65080,Kevin Martin,83.32376,40.12457,MIN
65080,Tayshaun Prince,81.81198,10.31424,MIN
65080,Nemanja Bjelica,70.45742,22.92115,MIN
65080,Zach LaVine,67.78669,27.14658,MIN
65080,Karl-Anthony Towns,89.52005,30.41868,MIN
65080,Marvin Williams,67.58231,25.09053,CHA
65080,Spencer Hawes,93.24998,36.72549,CHA
65080,Jeremy Lin,80.53328,48.59101,CHA
65080,Nicolas Batum,80.95036,4.71541,CHA
65080,Kemba Walker,62.53575,23.63227,CHA
65090,Ball,64.35755,18.09742,Ball
65090,Kevin Martin,82.10465,39.68098,MIN
65090,Tayshaun Prince,81.26735,10.07168,MIN
65090,Nemanja Bjelica,72.1621,21.68481,MIN
65090,Zach LaVine,68.981,23.74216,MIN
65090,Karl-Anthony Towns,89.75421,31.20999,MIN
65090,Marvin Williams,66.37265,24.39795,CHA
65090,Spencer Hawes,93.13905,37.253659999999996,CHA
65090,Jeremy Lin,79.35711,48.18454,CHA
65090,Nicolas Batum,80.38461,4.12791,CHA
65090,Kemba Walker,65.07317,19.2663,CHA
65100,Ball,69.19262,14.71703,Ball
65100,Kevin Martin,80.7096,38.9328,MIN
65100,Tayshaun Prince,80.75795,9.79768,MIN
65100,Nemanja Bjelica,73.58438,18.42804,MIN
65100,Zach LaVine,71.41328,21.37644,MIN
65100,Karl-Anthony Towns,89.62804,31.02929,MIN
65100,Marvin Williams,65.38063,24.23635,CHA
65100,Spencer Hawes,92.93549,37.7106,CHA
65100,Jeremy Lin,79.8938,48.20923,CHA
65100,Nicolas Batum,80.09558,3.17968,CHA
65100,Kemba Walker,68.61325,16.23253,CHA
