9060,Ball,56.56942,31.96281,Ball
9060,Tobias Harris,56.92712,33.31835,ORL
9060,Victor Oladipo,86.59949,1.7629100000000002,ORL
9060,Dewayne Dedmon,75.4097,34.68179,ORL
9060,Elfrid Payton,69.90072,12.4038,ORL
9060,Evan Fournier,74.44372,47.2354,ORL
9060,Metta World Peace,78.60352,39.8894,LAL
9060,Roy Hibbert,79.65412,31.59763,LAL
9060,Jordan Clarkson,85.74971,9.49445,LAL
9060,Julius Randle,67.30614,30.04013,LAL
9060,D'Angelo Russell,68.01291,18.96523,LAL
9070,Ball,59.19537,32.18977,Ball
9070,Tobias Harris,58.16384,33.08189,ORL
9070,Victor Oladipo,85.41691,1.81433,ORL
9070,Dewayne Dedmon,74.16852,33.83611,ORL
9070,Elfrid Payton,73.84137,10.8417,ORL
9070,Evan Fournier,75.37296,47.68215,ORL
9070,Metta World Peace,78.9467,40.02693,LAL
9070,Roy Hibbert,79.19806,31.35294,LAL
9070,Jordan Clarkson,84.99637,9.59027,LAL
9070,Julius Randle,67.38417,30.16672,LAL
9070,D'Angelo Russell,71.16259,18.53654,LAL
9080,Ball,61.08153,34.99307,Ball
9080,Tobias Harris,60.03102,33.53022,ORL
9080,Victor Oladipo,83.35421,1.86098,ORL
9080,Dewayne Dedmon,72.72483,33.29992,ORL
9080,Elfrid Payton,77.46495,9.35141,ORL
9080,Evan Fournier,76.42637,48.03207,ORL
9080,Metta World Peace,79.1151,40.15847,LAL
9080,Roy Hibbert,78.09609,31.68007,LAL
9080,Jordan Clarkson,83.55248,10.02841,LAL
9080,Julius Randle,67.61256,30.80075,LAL
9080,D'Angelo Russell,73.91539,18.26719,LAL
9090,Ball,62.85696,36.2848,Ball
9090,Tobias Harris,63.06693,34.43645,ORL
9090,Victor Oladipo,80.63456,2.13715,ORL
9090,Dewayne Dedmon,71.62864,33.5854,ORL
9090,Elfrid Payton,80.75824,8.07525,ORL
9090,Evan Fournier,77.88215,48.30123,ORL
9090,Metta World Peace,79.41139,40.19633,LAL
9090,Roy Hibbert,77.13143,32.01841,LAL
9090,Jordan Clarkson,81.35359,10.49535,LAL
9090,Julius Randle,68.34615,32.58747,LAL
9090,D'Angelo Russell,76.51477,18.12537,LAL
9100,Ball,68.15497,38.54034,Ball
9100,Tobias Harris,66.92076,36.59961,ORL
9100,Victor Oladipo,77.19629,3.50223,ORL
9100,Dewayne Dedmon,70.34637,33.85196,ORL
9100,Elfrid Payton,83.40281,6.78002,ORL
9100,Evan Fournier,79.65885,48.57056,ORL
9100,Metta World Peace,79.91543,39.95361,LAL
9100,Roy Hibbert,77.0701,32.1211,LAL
9100,Jordan Clarkson,78.87092,10.70273,LAL
9100,Julius Randle,68.68413,34.55749,LAL
9100,D'Angelo Russell,78.56196,18.42201,LAL
9110,Ball,72.08752,38.90875,Ball
9110,Tobias Harris,70.91167,37.99011,ORL
9110,Victor Oladipo,73.83666,5.97954,ORL
9110,Dewayne Dedmon,70.19004,34.17685,ORL
9110,Elfrid Payton,85.07009,5.15627,ORL
9110,Evan Fournier,81.26513,48.8353,ORL
9110,Metta World Peace,80.99724,39.68733,LAL
9110,Roy Hibbert,78.18602,32.10856,LAL
9110,Jordan Clarkson,76.65629,11.8625,LAL
9110,Julius Randle,69.80741,36.24667,LAL
9110,D'Angelo Russell,80.5007,19.1264,LAL
9120,Ball,76.87477,38.05293,Ball
9120,Tobias Harris,74.99398,38.2453,ORL
9120,Victor Oladipo,70.51011,8.67603,ORL
9120,Dewayne Dedmon,71.37435,34.23308,ORL
9120,Elfrid Payton,85.85042,3.44971,ORL
9120,Evan Fournier,81.82336,48.81924,ORL
9120,Metta World Peace,82.30978,39.22934,LAL
9120,Roy Hibbert,79.82731,31.7051,LAL
9120,Jordan Clarkson,75.48564,14.65087,LAL
9120,Julius Randle,72.65206,36.46777,LAL
9120,D'Angelo Russell,81.94535,20.34447,LAL
9130,Ball,78.9314,35.75243,Ball
9130,Tobias Harris,78.85378,37.18961,ORL
9130,Victor Oladipo,68.12945,11.82613,ORL
9130,Dewayne Dedmon,73.49057,33.21469,ORL
9130,Elfrid Payton,86.9212,2.535,ORL
9130,Evan Fournier,81.33274,48.57982,ORL
9130,Metta World Peace,83.3861,38.471,LAL
9130,Roy Hibbert,81.57956,30.73433,LAL
9130,Jordan Clarkson,75.57816,17.96566,LAL
9130,Julius Randle,76.31034,35.70035,LAL
9130,D'Angelo Russell,82.75855,22.29136,LAL
9140,Ball,80.09138,36.41092,Ball
9140,Tobias Harris,81.36938,34.7862,ORL
9140,Victor Oladipo,66.30546,14.78568,ORL
9140,Dewayne Dedmon,76.31044,30.77864,ORL
9140,Elfrid Payton,87.8134,2.0879,ORL
9140,Evan Fournier,80.61314,48.2034,ORL
9140,Metta World Peace,83.04475,37.72549,LAL
9140,Roy Hibbert,83.41169,29.83457,LAL
9140,Jordan Clarkson,75.70278,20.38084,LAL
9140,Julius Randle,79.75615,34.32468,LAL
9140,D'Angelo Russell,83.16876,23.50037,LAL
9150,Ball,78.71428,44.52901,Ball
9150,Tobias Harris,83.40952,33.75403,ORL
9150,Victor Oladipo,65.16996,17.30089,ORL
9150,Dewayne Dedmon,79.46928,28.2342,ORL
9150,Elfrid Payton,87.82986,1.8926600000000002,ORL
9150,Evan Fournier,80.23051,47.95567,ORL
9150,Metta World Peace,82.21472,38.23719,LAL
9150,Roy Hibbert,84.12319,28.5395,LAL
9150,Jordan Clarkson,74.57682,21.48343,LAL
9150,Julius Randle,82.14171,32.68448,LAL
9150,D'Angelo Russell,83.65751,23.76928,LAL
9160,Ball,79.53825,46.14359,Ball
9160,Tobias Harris,84.49399,33.5982,ORL
9160,Victor Oladipo,64.01321,19.0835,ORL
9160,Dewayne Dedmon,83.64367,26.63217,ORL
9160,Elfrid Payton,87.61619,1.8136200000000002,ORL
9160,Evan Fournier,80.13322,47.83546,ORL
9160,Metta World Peace,81.71019,40.26687,LAL
9160,Roy Hibbert,84.33873,27.67409,LAL
9160,Jordan Clarkson,73.16217,22.03331,LAL
9160,Julius Randle,83.95174,32.17414,LAL
9160,D'Angelo Russell,84.08171,23.89378,LAL
9170,Ball,77.92624,45.9196,Ball
9170,Tobias Harris,85.42569,34.20246,ORL
9170,Victor Oladipo,62.82564,20.15714,ORL
9170,Dewayne Dedmon,84.7222,25.75192,ORL
9170,Elfrid Payton,87.75594,1.80578,ORL
9170,Evan Fournier,79.44466,46.33352,ORL
9170,Metta World Peace,80.83839,42.91438,LAL
9170,Roy Hibbert,84.71556,26.84286,LAL
9170,Jordan Clarkson,72.38115,22.19971,LAL
9170,Julius Randle,85.43646,32.52703,LAL
9170,D'Angelo Russell,84.62474,23.12098,LAL
9180,Ball,76.43073,42.47978,Ball
9180,Tobias Harris,86.55765,35.25311,ORL
9180,Victor Oladipo,62.09555,20.47128,ORL
9180,Dewayne Dedmon,83.64565,25.3563,ORL
9180,Elfrid Payton,87.71439,1.88083,ORL
9180,Evan Fournier,78.43282,42.92084,ORL
9180,Metta World Peace,80.81532,43.79236,LAL
9180,Roy Hibbert,85.18216,25.86636,LAL
9180,Jordan Clarkson,72.68142,22.68711,LAL
9180,Julius Randle,86.34582,33.12346,LAL
9180,D'Angelo Russell,85.27772,21.75207,LAL
9190,Ball,78.39898,36.76046,Ball
9190,Tobias Harris,88.16886,36.42798,ORL
9190,Victor Oladipo,61.96362,20.72696,ORL
9190,Dewayne Dedmon,84.0673,24.71292,ORL
9190,Elfrid Payton,87.05312,1.9558300000000002,ORL
9190,Evan Fournier,79.12092,38.58217,ORL
9190,Metta World Peace,80.89296,40.70982,LAL
9190,Roy Hibbert,85.47452,25.24903,LAL
9190,Jordan Clarkson,74.04044,23.57332,LAL
9190,Julius Randle,87.03408,33.06033,LAL
9190,D'Angelo Russell,85.63044,19.60683,LAL
9200,Ball,82.9785,32.89786,Ball
9200,Tobias Harris,90.19137,36.62895,ORL
9200,Victor Oladipo,62.32853,20.43062,ORL
9200,Dewayne Dedmon,84.76598,24.02342,ORL
9200,Elfrid Payton,86.86939,1.8418100000000002,ORL
9200,Evan Fournier,82.19004,34.52637,ORL
9200,Metta World Peace,79.50813,36.76567,LAL
9200,Roy Hibbert,85.68045,26.45201,LAL
9200,Jordan Clarkson,76.44073,24.52988,LAL
9200,Julius Randle,87.46705,33.21032,LAL
9200,D'Angelo Russell,85.51158,17.30908,LAL
9210,Ball,86.89545,30.89918,Ball
9210,Tobias Harris,91.193,35.50321,ORL
9210,Victor Oladipo,62.77579,19.66435,ORL
9210,Dewayne Dedmon,85.6678,23.70801,ORL
9210,Elfrid Payton,87.2195,1.89629,ORL
9210,Evan Fournier,86.03743,31.54881,ORL
9210,Metta World Peace,77.82074,33.87833,LAL
9210,Roy Hibbert,86.29209,28.21586,LAL
9210,Jordan Clarkson,79.17844,24.53466,LAL
9210,Julius Randle,88.11658,33.63085,LAL
9210,D'Angelo Russell,85.50629,16.05215,LAL
9220,Ball,88.91996,26.99838,Ball
9220,Tobias Harris,91.11407,34.73931,ORL
9220,Victor Oladipo,62.96353,19.40974,ORL
9220,Dewayne Dedmon,86.59058,24.03828,ORL
9220,Elfrid Payton,87.1974,1.92347,ORL
9220,Evan Fournier,89.77464,29.80028,ORL
9220,Metta World Peace,76.96982,31.77013,LAL
9220,Roy Hibbert,87.49422,29.3455,LAL
9220,Jordan Clarkson,82.36546,24.2775,LAL
9220,Julius Randle,88.36576,33.59178,LAL
9220,D'Angelo Russell,86.09316,15.91095,LAL
9230,Ball,87.55506,24.67285,Ball
9230,Tobias Harris,90.47009,34.42963,ORL
9230,Victor Oladipo,62.73617,19.4726,ORL
9230,Dewayne Dedmon,87.50659,24.19187,ORL
9230,Elfrid Payton,86.38369,1.89453,ORL
9230,Evan Fournier,92.74747,28.77215,ORL
9230,Metta World Peace,76.26646,30.76686,LAL
9230,Roy Hibbert,88.95301,29.60809,LAL
9230,Jordan Clarkson,85.63337,24.05006,LAL
9230,Julius Randle,88.39285,34.05052,LAL
9230,D'Angelo Russell,86.74242,16.33444,LAL
9240,Ball,88.54001,25.34189,Ball
9240,Tobias Harris,89.32848,34.71752,ORL
9240,Victor Oladipo,61.91089,19.56179,ORL
9240,Dewayne Dedmon,88.87528,23.85204,ORL
9240,Elfrid Payton,85.34544,2.32633,ORL
9240,Evan Fournier,94.2684,28.26022,ORL
9240,Metta World Peace,76.20679,30.3978,LAL
9240,Roy Hibbert,90.40831,29.11089,LAL
9240,Jordan Clarkson,87.07336,23.29898,LAL
9240,Julius Randle,88.09583,33.61532,LAL
9240,D'Angelo Russell,86.63667,16.68459,LAL
9250,Ball,89.16089,24.07529,Ball
9250,Tobias Harris,87.19474,35.29603,ORL
9250,Victor Oladipo,60.71375,19.84571,ORL
9250,Dewayne Dedmon,89.56807,23.54875,ORL
9250,Elfrid Payton,83.98932,3.04905,ORL
9250,Evan Fournier,94.29251,27.38733,ORL
9250,Metta World Peace,76.11373,30.1726,LAL
9250,Roy Hibbert,91.04997,28.02814,LAL
9250,Jordan Clarkson,87.49007,23.48512,LAL
9250,Julius Randle,87.72638,33.6163,LAL
9250,D'Angelo Russell,86.46974,16.88433,LAL
9260,Ball,89.28825,22.49741,Ball
9260,Tobias Harris,84.95937,35.60211,ORL
9260,Victor Oladipo,59.17534,20.17243,ORL
9260,Dewayne Dedmon,88.59068,23.59568,ORL
9260,Elfrid Payton,82.31759,3.88737,ORL
9260,Evan Fournier,93.58872,27.73742,ORL
9260,Metta World Peace,76.33592,29.52575,LAL
9260,Roy Hibbert,90.54985,26.63064,LAL
9260,Jordan Clarkson,87.9162,23.51199,LAL
9260,Julius Randle,86.84376,33.69889,LAL
9260,D'Angelo Russell,86.95631,17.33135,LAL
9270,Ball,89.66249,22.22401,Ball
9270,Tobias Harris,83.43035,34.16243,ORL
9270,Victor Oladipo,57.37959,20.33466,ORL
9270,Dewayne Dedmon,88.58081,22.77716,ORL
9270,Elfrid Payton,80.83216,4.82796,ORL
9270,Evan Fournier,92.24501,28.44034,ORL
9270,Metta World Peace,77.06641,28.45566,LAL
9270,Roy Hibbert,90.12664,25.07125,LAL
9270,Jordan Clarkson,87.85437,23.35478,LAL
9270,Julius Randle,86.274,33.93862,LAL
9270,D'Angelo Russell,87.32242,17.92594,LAL
9280,Ball,87.96916,22.69515,Ball
9280,Tobias Harris,83.31838,31.21288,ORL
9280,Victor Oladipo,55.77599,20.68552,ORL
9280,Dewayne Dedmon,88.73583,21.44424,ORL
9280,Elfrid Payton,79.01057,5.63893,ORL
9280,Evan Fournier,90.7473,28.83015,ORL
9280,Metta World Peace,78.58788,27.51085,LAL
9280,Roy Hibbert,89.89939,24.05786,LAL
9280,Jordan Clarkson,88.35396,21.9032,LAL
9280,Julius Randle,85.6801,33.95446,LAL
9280,D'Angelo Russell,87.25541,18.69488,LAL
9290,Ball,87.96095,24.65863,Ball
9290,Tobias Harris,84.76829,28.41164,ORL
9290,Victor Oladipo,54.29099,20.95265,ORL
9290,Dewayne Dedmon,87.93003,20.58231,ORL
9290,Elfrid Payton,77.13272,6.48084,ORL
9290,Evan Fournier,89.39886,28.51206,ORL
9290,Metta World Peace,79.93518,26.1288,LAL
9290,Roy Hibbert,89.61506,23.30151,LAL
9290,Jordan Clarkson,88.02419,20.59452,LAL
9290,Julius Randle,85.66176,33.50216,LAL
9290,D'Angelo Russell,86.38086,18.80021,LAL
9300,Ball,87.03005,25.4548,Ball
9300,Tobias Harris,85.95076,26.14693,ORL
9300,Victor Oladipo,52.9685,21.1203,ORL
9300,Dewayne Dedmon,86.48739,20.81948,ORL
9300,Elfrid Payton,76.01361,7.55352,ORL
9300,Evan Fournier,88.39552,27.39387,ORL
9300,Metta World Peace,81.76093,25.7214,LAL
9300,Roy Hibbert,89.80089,22.658830000000002,LAL
9300,Jordan Clarkson,87.11839,21.34983,LAL
9300,Julius Randle,86.18342,32.743430000000004,LAL
9300,D'Angelo Russell,85.58062,18.23011,LAL
9310,Ball,87.82581,25.47399,Ball
9310,Tobias Harris,86.79261,25.11816,ORL
9310,Victor Oladipo,51.68998,21.6725,ORL
9310,Dewayne Dedmon,85.96233,22.17414,ORL
9310,Elfrid Payton,74.70001,8.62884,ORL
9310,Evan Fournier,87.62763,26.49968,ORL
9310,Metta World Peace,83.65954,25.29634,LAL
9310,Roy Hibbert,89.5916,23.08077,LAL
9310,Jordan Clarkson,86.23796,22.44867,LAL
9310,Julius Randle,86.60651,31.71264,LAL
9310,D'Angelo Russell,84.97721,17.25582,LAL
9320,Ball,88.26251,25.13792,Ball
9320,Tobias Harris,87.07207,24.65741,ORL
9320,Victor Oladipo,50.33628,22.04651,ORL
9320,Dewayne Dedmon,85.26385,22.78154,ORL
9320,Elfrid Payton,73.15034,9.60323,ORL
9320,Evan Fournier,87.77627,26.73683,ORL
9320,Metta World Peace,84.6531,25.11462,LAL
9320,Roy Hibbert,89.29627,23.75106,LAL
9320,Jordan Clarkson,85.57657,22.88402,LAL
9320,Julius Randle,86.88052,30.76579,LAL
9320,D'Angelo Russell,85.09372,16.3943,LAL
9330,Ball,88.74861,26.63495,Ball
9330,Tobias Harris,87.60188,24.54109,ORL
9330,Victor Oladipo,48.97198,22.2821,ORL
9330,Dewayne Dedmon,83.49945,22.06185,ORL
9330,Elfrid Payton,71.85292,10.67079,ORL
9330,Evan Fournier,87.69293,27.36743,ORL
9330,Metta World Peace,84.64654,25.10837,LAL
9330,Roy Hibbert,89.51183,24.77548,LAL
9330,Jordan Clarkson,86.63794,23.24876,LAL
9330,Julius Randle,87.04463,30.59088,LAL
9330,D'Angelo Russell,85.23657,15.92004,LAL
9340,Ball,90.25117,27.22233,Ball
9340,Tobias Harris,86.5897,25.47217,ORL
9340,Victor Oladipo,47.66809,22.67203,ORL
9340,Dewayne Dedmon,80.36217,21.34532,ORL
9340,Elfrid Payton,70.26338,11.31364,ORL
9340,Evan Fournier,86.07206,28.13649,ORL
9340,Metta World Peace,83.62431,25.77487,LAL
9340,Roy Hibbert,90.91832,24.21677,LAL
9340,Jordan Clarkson,86.5212,23.13738,LAL
9340,Julius Randle,86.85187,31.01325,LAL
9340,D'Angelo Russell,85.64323,15.8844,LAL
9350,Ball,91.7666,28.04598,Ball
9350,Tobias Harris,84.83581,27.0331,ORL
9350,Victor Oladipo,46.33323,22.98731,ORL
9350,Dewayne Dedmon,75.69219,21.35848,ORL
9350,Elfrid Payton,68.7296,11.80289,ORL
9350,Evan Fournier,83.53311,28.88792,ORL
9350,Metta World Peace,82.87683,27.19118,LAL
9350,Roy Hibbert,92.40653,23.982120000000002,LAL
9350,Jordan Clarkson,86.00908,23.89332,LAL
9350,Julius Randle,85.95515,32.02416,LAL
9350,D'Angelo Russell,86.74603,16.71776,LAL
9360,Ball,93.08631,27.06051,Ball
9360,Tobias Harris,82.66238,29.15719,ORL
9360,Victor Oladipo,44.94173,23.28209,ORL
9360,Dewayne Dedmon,69.86221,21.3113,ORL
9360,Elfrid Payton,67.46935,12.64754,ORL
9360,Evan Fournier,79.75274,29.61406,ORL
9360,Metta World Peace,81.25071,28.72702,LAL
9360,Roy Hibbert,93.92951,24.877580000000002,LAL
9360,Jordan Clarkson,84.96495,24.53179,LAL
9360,Julius Randle,85.07161,32.7122,LAL
9360,D'Angelo Russell,88.16436,17.84296,LAL
9370,Ball,93.64157,25.37297,Ball
9370,Tobias Harris,79.44035,31.0767,ORL
9370,Victor Oladipo,43.57509,23.87575,ORL
9370,Dewayne Dedmon,63.7019,21.3528,ORL
9370,Elfrid Payton,66.12271,13.68634,ORL
9370,Evan Fournier,75.67573,30.41638,ORL
9370,Metta World Peace,78.65017,29.31801,LAL
9370,Roy Hibbert,94.80227,25.20264,LAL
9370,Jordan Clarkson,83.52138,25.59893,LAL
9370,Julius Randle,83.86572,33.61987,LAL
9370,D'Angelo Russell,89.49906,18.96392,LAL
9380,Ball,91.51178,22.79179,Ball
9380,Tobias Harris,75.51706,33.08499,ORL
9380,Victor Oladipo,42.28064,24.39241,ORL
9380,Dewayne Dedmon,57.42357,21.64987,ORL
9380,Elfrid Payton,64.68049,14.73548,ORL
9380,Evan Fournier,71.0592,30.83438,ORL
9380,Metta World Peace,76.50663,30.10314,LAL
9380,Roy Hibbert,95.19721,25.13839,LAL
9380,Jordan Clarkson,82.78246,27.32953,LAL
9380,Julius Randle,82.22869,34.92371,LAL
9380,D'Angelo Russell,90.45679,20.24787,LAL
9390,Ball,90.89099,22.08875,Ball
9390,Tobias Harris,71.01458,34.56673,ORL
9390,Victor Oladipo,40.93973,24.88309,ORL
9390,Dewayne Dedmon,51.2308,22.03635,ORL
9390,Elfrid Payton,63.26188,16.01393,ORL
9390,Evan Fournier,66.28485,31.17794,ORL
9390,Metta World Peace,73.67524,30.59368,LAL
9390,Roy Hibbert,95.16473,25.29676,LAL
9390,Jordan Clarkson,82.0781,29.29738,LAL
9390,Julius Randle,80.025,36.33943,LAL
9390,D'Angelo Russell,90.9887,21.28899,LAL
9400,Ball,89.78782,22.02465,Ball
9400,Tobias Harris,65.69184,35.15847,ORL
9400,Victor Oladipo,39.69173,25.68902,ORL
9400,Dewayne Dedmon,45.31336,22.41728,ORL
9400,Elfrid Payton,61.93713,17.43861,ORL
9400,Evan Fournier,61.20059,31.43469,ORL
9400,Metta World Peace,70.74973,31.04172,LAL
9400,Roy Hibbert,93.85396,25.00903,LAL
9400,Jordan Clarkson,81.09138,31.34594,LAL
9400,Julius Randle,77.36309,38.0898,LAL
9400,D'Angelo Russell,90.34285,21.38524,LAL
9410,Ball,87.51321,20.23221,Ball
9410,Tobias Harris,60.1469,35.23446,ORL
9410,Victor Oladipo,38.62652,26.42743,ORL
9410,Dewayne Dedmon,39.7933,23.00078,ORL
9410,Elfrid Payton,60.7034,18.56463,ORL
9410,Evan Fournier,56.12306,31.67525,ORL
9410,Metta World Peace,67.55585,31.43365,LAL
9410,Roy Hibbert,91.40603,24.44306,LAL
9410,Jordan Clarkson,79.7817,33.19822,LAL
9410,Julius Randle,74.15489,40.20931,LAL
9410,D'Angelo Russell,89.29859,20.62663,LAL
9420,Ball,86.28151,18.77718,Ball
9420,Tobias Harris,54.73735,35.34848,ORL
9420,Victor Oladipo,37.39529,27.30643,ORL
9420,Dewayne Dedmon,35.05898,23.87254,ORL
9420,Elfrid Payton,59.77267,19.35841,ORL
9420,Evan Fournier,51.16116,32.31055,ORL
9420,Metta World Peace,64.16851,31.2368,LAL
9420,Roy Hibbert,89.13834,24.616,LAL
9420,Jordan Clarkson,78.18774,34.94245,LAL
9420,Julius Randle,70.19735,42.32808,LAL
9420,D'Angelo Russell,87.61467,19.62367,LAL
9430,Ball,84.18152,17.57445,Ball
9430,Tobias Harris,49.49182,35.44727,ORL
9430,Victor Oladipo,36.23683,28.3689,ORL
9430,Dewayne Dedmon,31.1277,24.66088,ORL
9430,Elfrid Payton,58.80605,19.38212,ORL
9430,Evan Fournier,46.29229,33.45488,ORL
9430,Metta World Peace,60.23832,29.78379,LAL
9430,Roy Hibbert,86.03989,24.93886,LAL
9430,Jordan Clarkson,76.21339,36.62887,LAL
9430,Julius Randle,65.86064,44.11406,LAL
9430,D'Angelo Russell,84.9464,18.29537,LAL
9440,Ball,79.67341,16.84482,Ball
9440,Tobias Harris,44.45552,35.54684,ORL
9440,Victor Oladipo,35.36792,29.13901,ORL
9440,Dewayne Dedmon,28.01093,24.94661,ORL
9440,Elfrid Payton,57.76053,18.53927,ORL
9440,Evan Fournier,41.90388,34.62753,ORL
9440,Metta World Peace,56.25783,27.79515,LAL
9440,Roy Hibbert,81.49065,24.6233,LAL
9440,Jordan Clarkson,73.52994,37.97597,LAL
9440,Julius Randle,61.19279,45.45848,LAL
9440,D'Angelo Russell,81.78362,17.09408,LAL
9450,Ball,76.9438,16.58434,Ball
9450,Tobias Harris,39.56038,35.83293,ORL
9450,Victor Oladipo,34.42818,29.84619,ORL
9450,Dewayne Dedmon,25.64753,25.24619,ORL
9450,Elfrid Payton,57.11257,17.45363,ORL
9450,Evan Fournier,37.98589,34.28199,ORL
9450,Metta World Peace,52.24696,25.4781,LAL
9450,Roy Hibbert,76.58544,24.3089,LAL
9450,Jordan Clarkson,70.56655,39.15291,LAL
9450,Julius Randle,56.5485,46.45712,LAL
9450,D'Angelo Russell,77.98255,15.78541,LAL
9460,Ball,72.10317,15.04019,Ball
9460,Tobias Harris,34.45692,36.08557,ORL
9460,Victor Oladipo,33.58332,30.41007,ORL
9460,Dewayne Dedmon,23.57493,25.08957,ORL
9460,Elfrid Payton,56.02013,16.22597,ORL
9460,Evan Fournier,34.87546,32.34625,ORL
9460,Metta World Peace,48.22346,22.97735,LAL
9460,Roy Hibbert,71.64051,24.28244,LAL
9460,Jordan Clarkson,67.3811,39.93784,LAL
9460,Julius Randle,51.74675,47.19629,LAL
9460,D'Angelo Russell,73.95519,14.4351,LAL
9470,Ball,68.93065,13.27116,Ball
9470,Tobias Harris,29.73739,36.38077,ORL
9470,Victor Oladipo,32.71647,29.52671,ORL
9470,Dewayne Dedmon,21.933230000000002,25.32255,ORL
9470,Elfrid Payton,54.24331,15.18098,ORL
9470,Evan Fournier,31.67432,30.34934,ORL
9470,Metta World Peace,44.06998,20.31438,LAL
9470,Roy Hibbert,66.57631,24.36527,LAL
9470,Jordan Clarkson,64.14259,40.48044,LAL
9470,Julius Randle,46.77292,47.68475,LAL
9470,D'Angelo Russell,69.83827,13.08663,LAL
9480,Ball,64.19337,12.31691,Ball
9480,Tobias Harris,25.51245,37.03802,ORL
9480,Victor Oladipo,31.5162,27.60019,ORL
9480,Dewayne Dedmon,20.62127,25.5855,ORL
9480,Elfrid Payton,52.1932,14.12734,ORL
9480,Evan Fournier,29.26237,28.40471,ORL
9480,Metta World Peace,39.67828,17.71464,LAL
9480,Roy Hibbert,61.41014,24.21924,LAL
9480,Jordan Clarkson,60.91232,40.77921,LAL
9480,Julius Randle,41.94286,47.9912,LAL
9480,D'Angelo Russell,65.84064,11.87682,LAL
9490,Ball,60.81225,11.58934,Ball
9490,Tobias Harris,22.17041,37.54193,ORL
9490,Victor Oladipo,30.99791,27.38261,ORL
9490,Dewayne Dedmon,19.83483,25.37719,ORL
9490,Elfrid Payton,49.73956,13.15767,ORL
9490,Evan Fournier,27.56418,24.5444,ORL
9490,Metta World Peace,35.32439,14.92452,LAL
9490,Roy Hibbert,56.32609,23.95817,LAL
9490,Jordan Clarkson,57.81787,41.04941,LAL
9490,Julius Randle,37.63635,47.94612,LAL
9490,D'Angelo Russell,61.55323,10.71212,LAL
9500,Ball,55.54681,9.00252,Ball
9500,Tobias Harris,19.54474,37.42328,ORL
9500,Victor Oladipo,30.35901,28.24569,ORL
9500,Dewayne Dedmon,19.28368,25.33792,ORL
9500,Elfrid Payton,46.96533,12.35777,ORL
9500,Evan Fournier,26.60391,19.88138,ORL
9500,Metta World Peace,31.10424,12.10409,LAL
9500,Roy Hibbert,51.41639,23.43679,LAL
9500,Jordan Clarkson,54.73216,41.34132,LAL
9500,Julius Randle,33.65605,47.64927,LAL
9500,D'Angelo Russell,57.40309,9.32767,LAL
9510,Ball,52.29082,8.80614,Ball
9510,Tobias Harris,17.56944,37.03196,ORL
9510,Victor Oladipo,30.11614,29.33599,ORL
9510,Dewayne Dedmon,19.39136,24.45596,ORL
9510,Elfrid Payton,44.10648,11.68044,ORL
9510,Evan Fournier,24.86144,15.78514,ORL
9510,Metta World Peace,26.49919,9.58705,LAL
9510,Roy Hibbert,46.69869,22.74988,LAL
9510,Jordan Clarkson,51.51773,41.57285,LAL
9510,Julius Randle,30.40302,47.14264,LAL
9510,D'Angelo Russell,53.53922,8.07135,LAL
9520,Ball,49.48619,6.56561,Ball
9520,Tobias Harris,16.3253,36.63247,ORL
9520,Victor Oladipo,30.10596,30.41419,ORL
9520,Dewayne Dedmon,19.62083,23.5891,ORL
9520,Elfrid Payton,41.30764,10.9992,ORL
9520,Evan Fournier,22.38039,12.97378,ORL
9520,Metta World Peace,21.88645,7.71521,LAL
9520,Roy Hibbert,42.26079,21.62498,LAL
9520,Jordan Clarkson,48.575450000000004,41.8916,LAL
9520,Julius Randle,27.80661,46.8596,LAL
9520,D'Angelo Russell,50.01671,7.24816,LAL
9530,Ball,45.68058,5.83849,Ball
9530,Tobias Harris,15.41909,36.12063,ORL
9530,Victor Oladipo,29.74807,31.59892,ORL
9530,Dewayne Dedmon,19.77741,22.22045,ORL
9530,Elfrid Payton,38.92726,10.36604,ORL
9530,Evan Fournier,19.80486,11.27651,ORL
9530,Metta World Peace,17.96697,6.36627,LAL
9530,Roy Hibbert,38.40746,20.30613,LAL
9530,Jordan Clarkson,45.88337,42.21111,LAL
9530,Julius Randle,25.28161,46.25088,LAL
9530,D'Angelo Russell,46.62389,6.84479,LAL
9540,Ball,42.69529,5.64013,Ball
9540,Tobias Harris,14.37601,35.74651,ORL
9540,Victor Oladipo,28.84204,32.37945,ORL
9540,Dewayne Dedmon,19.90352,20.68558,ORL
9540,Elfrid Payton,36.97739,9.96326,ORL
9540,Evan Fournier,17.34828,10.45539,ORL
9540,Metta World Peace,14.40586,4.91113,LAL
9540,Roy Hibbert,35.3069,18.82683,LAL
9540,Jordan Clarkson,43.22559,42.59595,LAL
9540,Julius Randle,23.13662,45.65627,LAL
9540,D'Angelo Russell,43.33631,6.76333,LAL
9550,Ball,40.59446,8.06724,Ball
9550,Tobias Harris,13.51942,35.4428,ORL
9550,Victor Oladipo,27.85983,32.98016,ORL
9550,Dewayne Dedmon,19.63408,19.39896,ORL
9550,Elfrid Payton,35.82111,10.75445,ORL
9550,Evan Fournier,15.26485,9.67762,ORL
9550,Metta World Peace,11.45097,3.57432,LAL
9550,Roy Hibbert,33.17279,17.6368,LAL
9550,Jordan Clarkson,40.79278,43.2256,LAL
9550,Julius Randle,20.97164,45.2869,LAL
9550,D'Angelo Russell,41.09606,7.83083,LAL
9560,Ball,40.54596,10.72191,Ball
9560,Tobias Harris,12.94837,34.86986,ORL
9560,Victor Oladipo,26.73992,33.67129,ORL
9560,Dewayne Dedmon,18.67016,18.69673,ORL
9560,Elfrid Payton,35.0935,12.5749,ORL
9560,Evan Fournier,13.33788,9.22284,ORL
9560,Metta World Peace,9.48101,2.79601,LAL
9560,Roy Hibbert,32.605760000000004,16.75495,LAL
9560,Jordan Clarkson,38.30643,43.72281,LAL
9560,Julius Randle,18.58432,44.58215,LAL
9560,D'Angelo Russell,38.7657,9.81811,LAL
9570,Ball,38.48385,13.78441,Ball
9570,Tobias Harris,12.07993,34.41878,ORL
9570,Victor Oladipo,25.55174,34.03252,ORL
9570,Dewayne Dedmon,18.1589,18.41607,ORL
9570,Elfrid Payton,34.09747,14.06559,ORL
9570,Evan Fournier,11.74645,8.81736,ORL
9570,Metta World Peace,8.43486,2.26053,LAL
9570,Roy Hibbert,32.91934,15.80904,LAL
9570,Jordan Clarkson,35.39162,44.314,LAL
9570,Julius Randle,16.49165,44.2545,LAL
9570,D'Angelo Russell,37.0429,12.41235,LAL
9580,Ball,36.94841,17.76999,Ball
9580,Tobias Harris,11.00348,34.10642,ORL
9580,Victor Oladipo,24.38932,33.74783,ORL
9580,Dewayne Dedmon,18.43932,18.59566,ORL
9580,Elfrid Payton,33.79327,15.31892,ORL
9580,Evan Fournier,10.35398,8.65195,ORL
9580,Metta World Peace,8.18361,1.59346,LAL
9580,Roy Hibbert,33.12374,15.33519,LAL
9580,Jordan Clarkson,31.84691,45.4076,LAL
9580,Julius Randle,14.71003,44.0358,LAL
9580,D'Angelo Russell,36.22002,16.51666,LAL
9590,Ball,32.24282,21.52782,Ball
9590,Tobias Harris,10.18674,33.79686,ORL
9590,Victor Oladipo,23.89278,32.54593,ORL
9590,Dewayne Dedmon,18.58596,19.19557,ORL
9590,Elfrid Payton,35.01327,15.9621,ORL
9590,Evan Fournier,9.01375,9.10259,ORL
9590,Metta World Peace,8.32383,1.43825,LAL
9590,Roy Hibbert,33.25648,16.14983,LAL
9590,Jordan Clarkson,27.87619,46.05656,LAL
9590,Julius Randle,13.35932,43.93178,LAL
9590,D'Angelo Russell,33.50221,20.09379,LAL
9600,Ball,27.46293,20.83947,Ball
9600,Tobias Harris,9.33877,33.80572,ORL
9600,Victor Oladipo,22.79568,30.31468,ORL
9600,Dewayne Dedmon,18.51389,20.61509,ORL
9600,Elfrid Payton,34.32164,18.76557,ORL
9600,Evan Fournier,9.39157,9.87905,ORL
9600,Metta World Peace,8.82641,1.39309,LAL
9600,Roy Hibbert,32.79658,16.95511,LAL
9600,Jordan Clarkson,23.37494,44.54064,LAL
9600,Julius Randle,12.65194,44.16741,LAL
9600,D'Angelo Russell,29.0848,21.40436,LAL
9610,Ball,23.98996,21.71059,Ball
9610,Tobias Harris,8.68577,33.03577,ORL
9610,Victor Oladipo,20.59897,27.97946,ORL
9610,Dewayne Dedmon,18.00797,21.94551,ORL
9610,Elfrid Payton,31.2035,21.86602,ORL
9610,Evan Fournier,9.64831,10.46818,ORL
9610,Metta World Peace,8.98951,1.26341,LAL
9610,Roy Hibbert,30.13496,17.89291,LAL
9610,Jordan Clarkson,19.18833,40.33381,LAL
9610,Julius Randle,12.70548,44.29325,LAL
9610,D'Angelo Russell,25.08441,22.12057,LAL
9620,Ball,23.53009,22.46612,Ball
9620,Tobias Harris,8.76846,31.20639,ORL
9620,Victor Oladipo,19.04192,27.15522,ORL
9620,Dewayne Dedmon,16.93286,22.00404,ORL
9620,Elfrid Payton,26.82617,23.45116,ORL
9620,Evan Fournier,9.59995,10.3463,ORL
9620,Metta World Peace,9.06864,1.25053,LAL
9620,Roy Hibbert,26.47035,18.36265,LAL
9620,Jordan Clarkson,15.294,34.83218,LAL
9620,Julius Randle,13.19053,44.54635,LAL
9620,D'Angelo Russell,23.75622,22.53694,LAL
9630,Ball,16.85702,23.43538,Ball
9630,Tobias Harris,9.24706,29.04341,ORL
9630,Victor Oladipo,17.10478,26.62823,ORL
9630,Dewayne Dedmon,15.4108,22.02209,ORL
9630,Elfrid Payton,23.37843,24.32588,ORL
9630,Evan Fournier,9.74944,10.22787,ORL
9630,Metta World Peace,10.33222,1.6806,LAL
9630,Roy Hibbert,21.86151,18.72581,LAL
9630,Jordan Clarkson,12.32094,29.5212,LAL
9630,Julius Randle,13.2978,44.87801,LAL
9630,D'Angelo Russell,23.57609,22.29622,LAL
9640,Ball,10.44373,24.53485,Ball
9640,Tobias Harris,9.89992,27.03992,ORL
9640,Victor Oladipo,15.01582,26.33296,ORL
9640,Dewayne Dedmon,13.05154,22.02898,ORL
9640,Elfrid Payton,20.68481,24.64152,ORL
9640,Evan Fournier,10.71596,10.83892,ORL
9640,Metta World Peace,13.21064,2.03353,LAL
9640,Roy Hibbert,17.26661,19.24078,LAL
9640,Jordan Clarkson,10.62938,25.37579,LAL
9640,Julius Randle,14.04886,44.66144,LAL
9640,D'Angelo Russell,24.38949,21.28612,LAL
9650,Ball,5.23938,24.85101,Ball
9650,Tobias Harris,9.83118,26.91475,ORL
9650,Victor Oladipo,13.30293,26.51456,ORL
9650,Dewayne Dedmon,11.00675,22.5624,ORL
9650,Elfrid Payton,18.3099,24.12661,ORL
9650,Evan Fournier,12.30878,11.29679,ORL
9650,Metta World Peace,17.12239,2.4959,LAL
9650,Roy Hibbert,13.44924,20.3046,LAL
9650,Jordan Clarkson,9.41154,23.68504,LAL
9650,Julius Randle,15.22637,43.88249,LAL
9650,D'Angelo Russell,26.15141,20.23784,LAL
9660,Ball,7.31831,26.53143,Ball
9660,Tobias Harris,8.99812,26.31965,ORL
9660,Victor Oladipo,12.16125,27.23528,ORL
9660,Dewayne Dedmon,10.29365,22.90133,ORL
9660,Elfrid Payton,16.75501,22.65465,ORL
9660,Evan Fournier,13.93795,11.67986,ORL
9660,Metta World Peace,21.56671,3.28973,LAL
9660,Roy Hibbert,11.17133,21.14772,LAL
9660,Jordan Clarkson,8.62681,23.96603,LAL
9660,Julius Randle,16.43088,42.69336,LAL
9660,D'Angelo Russell,28.18054,19.43207,LAL
9670,Ball,6.42814,27.59373,Ball
9670,Tobias Harris,7.28282,26.47551,ORL
9670,Victor Oladipo,11.73809,28.96764,ORL
9670,Dewayne Dedmon,8.94998,24.25515,ORL
9670,Elfrid Payton,15.47983,20.3266,ORL
9670,Evan Fournier,16.31132,11.885,ORL
9670,Metta World Peace,26.45135,4.08503,LAL
9670,Roy Hibbert,10.69229,21.28318,LAL
9670,Jordan Clarkson,9.00961,23.81235,LAL
9670,Julius Randle,18.06369,41.25473,LAL
9670,D'Angelo Russell,30.55187,19.17667,LAL
9680,Ball,7.09306,28.513,Ball
9680,Tobias Harris,6.28988,27.54237,ORL
9680,Victor Oladipo,12.4875,32.00793,ORL
9680,Dewayne Dedmon,8.78008,25.76228,ORL
9680,Elfrid Payton,14.93322,16.61848,ORL
9680,Evan Fournier,19.42987,11.49097,ORL
9680,Metta World Peace,31.77264,5.14205,LAL
9680,Roy Hibbert,12.01294,21.54948,LAL
9680,Jordan Clarkson,9.48859,23.39213,LAL
9680,Julius Randle,20.83388,39.48913,LAL
9680,D'Angelo Russell,33.47556,19.61063,LAL
9690,Ball,11.92256,33.63099,Ball
9690,Tobias Harris,7.68161,28.28302,ORL
9690,Victor Oladipo,14.0412,35.17267,ORL
9690,Dewayne Dedmon,9.03571,26.76993,ORL
9690,Elfrid Payton,15.41229,12.91635,ORL
9690,Evan Fournier,23.73716,10.5069,ORL
9690,Metta World Peace,37.3627,6.3216,LAL
9690,Roy Hibbert,15.01993,22.09678,LAL
9690,Jordan Clarkson,11.29251,23.46828,LAL
9690,Julius Randle,25.0114,37.74566,LAL
9690,D'Angelo Russell,36.83616,20.5288,LAL
9700,Ball,16.61109,36.36785,Ball
9700,Tobias Harris,10.44912,27.57312,ORL
9700,Victor Oladipo,16.81537,37.64298,ORL
9700,Dewayne Dedmon,10.22786,28.07235,ORL
9700,Elfrid Payton,17.49348,9.81309,ORL
9700,Evan Fournier,29.08541,9.11492,ORL
9700,Metta World Peace,42.89482,7.50624,LAL
9700,Roy Hibbert,19.39725,23.22387,LAL
9700,Jordan Clarkson,15.73243,25.41694,LAL
9700,Julius Randle,30.0762,36.37918,LAL
9700,D'Angelo Russell,40.48319,21.95555,LAL
9710,Ball,20.31548,37.97967,Ball
9710,Tobias Harris,14.92878,25.561,ORL
9710,Victor Oladipo,21.35638,39.88482,ORL
9710,Dewayne Dedmon,13.2418,30.22679,ORL
9710,Elfrid Payton,21.33358,7.74073,ORL
9710,Evan Fournier,34.9838,7.67984,ORL
9710,Metta World Peace,48.465,8.61466,LAL
9710,Roy Hibbert,23.85753,24.55299,LAL
9710,Jordan Clarkson,21.93663,27.58614,LAL
9710,Julius Randle,35.60527,35.09891,LAL
9710,D'Angelo Russell,44.65595,23.50759,LAL
9720,Ball,28.80987,40.02163,Ball
9720,Tobias Harris,21.01253,24.42114,ORL
9720,Victor Oladipo,26.58356,41.06135,ORL
9720,Dewayne Dedmon,17.17719,30.92912,ORL
9720,Elfrid Payton,26.18368,6.92922,ORL
9720,Evan Fournier,41.23668,6.24639,ORL
9720,Metta World Peace,54.00356,9.63125,LAL
9720,Roy Hibbert,29.23321,25.50601,LAL
9720,Jordan Clarkson,28.85518,30.01606,LAL
9720,Julius Randle,41.33451,34.13592,LAL
9720,D'Angelo Russell,49.05014,25.15132,LAL
9730,Ball,34.49531,42.80665,Ball
9730,Tobias Harris,28.12364,23.12009,ORL
9730,Victor Oladipo,32.27566,42.08761,ORL
9730,Dewayne Dedmon,21.7197,30.95539,ORL
9730,Elfrid Payton,31.55679,6.55596,ORL
9730,Evan Fournier,47.60285,5.02494,ORL
9730,Metta World Peace,59.01734,10.57447,LAL
9730,Roy Hibbert,35.00518,26.03504,LAL
9730,Jordan Clarkson,36.03741,32.29111,LAL
9730,Julius Randle,46.67011,33.53465,LAL
9730,D'Angelo Russell,53.4369,26.54983,LAL
9740,Ball,39.5109,44.60434,Ball
9740,Tobias Harris,35.80471,21.84543,ORL
9740,Victor Oladipo,38.29769,43.1676,ORL
9740,Dewayne Dedmon,26.73422,30.54154,ORL
9740,Elfrid Payton,36.90702,6.47102,ORL
9740,Evan Fournier,54.02055,4.14667,ORL
9740,Metta World Peace,63.84948,11.43871,LAL
9740,Roy Hibbert,40.57017,26.46278,LAL
9740,Jordan Clarkson,43.03733,34.3994,LAL
9740,Julius Randle,51.56659,32.90728,LAL
9740,D'Angelo Russell,57.91098,26.92184,LAL
9750,Ball,45.68023,45.56685,Ball
9750,Tobias Harris,43.8872,20.62749,ORL
9750,Victor Oladipo,44.07891,44.3487,ORL
9750,Dewayne Dedmon,32.28511,29.79083,ORL
9750,Elfrid Payton,42.06125,6.54085,ORL
9750,Evan Fournier,60.68107,3.70067,ORL
9750,Metta World Peace,68.25887,11.8204,LAL
9750,Roy Hibbert,46.07077,26.75801,LAL
9750,Jordan Clarkson,49.74288,36.4899,LAL
9750,Julius Randle,55.44995,32.30634,LAL
9750,D'Angelo Russell,61.78684,26.1619,LAL
9760,Ball,50.60129,46.05336,Ball
9760,Tobias Harris,52.06018,19.73088,ORL
9760,Victor Oladipo,49.78321,45.17919,ORL
9760,Dewayne Dedmon,37.86955,28.91151,ORL
9760,Elfrid Payton,47.08756,6.45919,ORL
9760,Evan Fournier,66.52371,2.98101,ORL
9760,Metta World Peace,72.32383,12.25579,LAL
9760,Roy Hibbert,51.3302,26.88335,LAL
9760,Jordan Clarkson,56.0646,38.47014,LAL
9760,Julius Randle,59.5436,31.38809,LAL
9760,D'Angelo Russell,65.1155,25.22966,LAL
9770,Ball,56.26662,46.2202,Ball
9770,Tobias Harris,60.03824,19.74406,ORL
9770,Victor Oladipo,54.8483,45.50879,ORL
9770,Dewayne Dedmon,43.35824,28.11149,ORL
9770,Elfrid Payton,51.95486,6.19434,ORL
9770,Evan Fournier,72.27002,2.8523,ORL
9770,Metta World Peace,76.2726,13.01467,LAL
9770,Roy Hibbert,56.28897,27.07839,LAL
9770,Jordan Clarkson,61.3483,40.19827,LAL
9770,Julius Randle,64.12722,29.80944,LAL
9770,D'Angelo Russell,68.20833,24.15989,LAL
9780,Ball,61.12619,46.0226,Ball
9780,Tobias Harris,67.14459,21.25694,ORL
9780,Victor Oladipo,59.38122,45.60117,ORL
9780,Dewayne Dedmon,48.65525,27.40437,ORL
9780,Elfrid Payton,56.52101,5.78339,ORL
9780,Evan Fournier,76.89443,2.35924,ORL
9780,Metta World Peace,79.37223,13.85878,LAL
9780,Roy Hibbert,60.876,27.62521,LAL
9780,Jordan Clarkson,65.41849,40.88998,LAL
9780,Julius Randle,69.19004,27.66573,LAL
9780,D'Angelo Russell,69.9481,23.4728,LAL
9790,Ball,64.27275,45.61526,Ball
9790,Tobias Harris,71.09991,22.42767,ORL
9790,Victor Oladipo,62.87046,45.48106,ORL
9790,Dewayne Dedmon,53.61914,26.86874,ORL
9790,Elfrid Payton,60.36586,5.32181,ORL
9790,Evan Fournier,80.94083,2.40124,ORL
9790,Metta World Peace,82.0218,15.11993,LAL
9790,Roy Hibbert,65.11209,28.55118,LAL
9790,Jordan Clarkson,68.08593,40.89755,LAL
9790,Julius Randle,73.32652,25.574,LAL
9790,D'Angelo Russell,71.61729,24.05776,LAL
9800,Ball,64.15836,41.26976,Ball
9800,Tobias Harris,72.97452,22.52333,ORL
9800,Victor Oladipo,65.16066000000001,44.64148,ORL
9800,Dewayne Dedmon,57.91899,26.50013,ORL
9800,Elfrid Payton,63.53337,5.16388,ORL
9800,Evan Fournier,83.0801,2.20565,ORL
9800,Metta World Peace,84.6574,16.86549,LAL
9800,Roy Hibbert,68.69262,29.25917,LAL
9800,Jordan Clarkson,69.95168,40.73875,LAL
9800,Julius Randle,77.34647,24.57868,LAL
9800,D'Angelo Russell,73.43148,25.82917,LAL
9810,Ball,62.37092,27.31816,Ball
9810,Tobias Harris,74.96805,22.59577,ORL
9810,Victor Oladipo,66.87446,43.63936,ORL
9810,Dewayne Dedmon,61.242,25.8756,ORL
9810,Elfrid Payton,66.25073,5.28464,ORL
9810,Evan Fournier,85.18962,2.59094,ORL
9810,Metta World Peace,85.66015,16.92971,LAL
9810,Roy Hibbert,71.60561,29.20976,LAL
9810,Jordan Clarkson,71.37692,40.53187,LAL
9810,Julius Randle,79.85753,23.32229,LAL
9810,D'Angelo Russell,74.05662,25.72021,LAL
9820,Ball,64.61121,24.69647,Ball
9820,Tobias Harris,77.16282,22.76008,ORL
9820,Victor Oladipo,69.2574,43.36447,ORL
9820,Dewayne Dedmon,63.67506,24.46012,ORL
9820,Elfrid Payton,68.55919,5.30003,ORL
9820,Evan Fournier,86.35957,2.25991,ORL
9820,Metta World Peace,85.80035,15.94602,LAL
9820,Roy Hibbert,73.69596,28.4962,LAL
9820,Jordan Clarkson,73.36553,40.37035,LAL
9820,Julius Randle,80.64307,21.91768,LAL
9820,D'Angelo Russell,73.33107,23.85761,LAL
9830,Ball,65.73854,19.68117,Ball
9830,Tobias Harris,79.40286,23.26895,ORL
9830,Victor Oladipo,72.14146,43.7896,ORL
9830,Dewayne Dedmon,66.04184,21.5595,ORL
9830,Elfrid Payton,71.19104,5.99433,ORL
9830,Evan Fournier,86.59559,2.04384,ORL
9830,Metta World Peace,85.35353,14.50165,LAL
9830,Roy Hibbert,75.43137,27.29276,LAL
9830,Jordan Clarkson,75.35163,39.33147,LAL
9830,Julius Randle,80.45345,21.41165,LAL
9830,D'Angelo Russell,72.89804,20.17688,LAL
9840,Ball,67.6654,16.90792,Ball
9840,Tobias Harris,81.16244,24.62221,ORL
9840,Victor Oladipo,74.89419,44.2329,ORL
9840,Dewayne Dedmon,68.62074,18.11524,ORL
9840,Elfrid Payton,72.22646,7.6324000000000005,ORL
9840,Evan Fournier,85.62385,2.02158,ORL
9840,Metta World Peace,85.03494,13.09072,LAL
9840,Roy Hibbert,76.35652,25.8227,LAL
9840,Jordan Clarkson,77.15769,38.24528,LAL
9840,Julius Randle,81.44331,22.11643,LAL
9840,D'Angelo Russell,73.25823,16.17621,LAL
9850,Ball,69.55595,11.2356,Ball
9850,Tobias Harris,82.65918,26.73641,ORL
9850,Victor Oladipo,77.2085,44.86411,ORL
9850,Dewayne Dedmon,70.94461,15.73414,ORL
9850,Elfrid Payton,70.77718,10.54843,ORL
9850,Evan Fournier,82.83149,2.38347,ORL
9850,Metta World Peace,84.86197,11.75149,LAL
9850,Roy Hibbert,77.27916,24.26315,LAL
9850,Jordan Clarkson,78.95593,37.34212,LAL
9850,Julius Randle,82.7789,23.47845,LAL
9850,D'Angelo Russell,73.16217,14.17137,LAL
9860,Ball,69.85681,13.30229,Ball
9860,Tobias Harris,83.88384,28.95877,ORL
9860,Victor Oladipo,79.24479,46.01945,ORL
9860,Dewayne Dedmon,72.01549,15.13592,ORL
9860,Elfrid Payton,70.3126,12.70908,ORL
9860,Evan Fournier,78.9923,2.83597,ORL
9860,Metta World Peace,83.75277,10.74852,LAL
9860,Roy Hibbert,77.92777,22.38257,LAL
9860,Jordan Clarkson,80.4977,37.01567,LAL
9860,Julius Randle,83.50984,24.95797,LAL
9860,D'Angelo Russell,73.31142,14.24921,LAL
9870,Ball,73.23585,10.39133,Ball
9870,Tobias Harris,84.75534,30.67648,ORL
9870,Victor Oladipo,81.41994,47.16927,ORL
9870,Dewayne Dedmon,72.53567,16.09768,ORL
9870,Elfrid Payton,72.18931,11.7112,ORL
9870,Evan Fournier,76.04373,3.57851,ORL
9870,Metta World Peace,81.96603,10.10991,LAL
9870,Roy Hibbert,79.0676,21.30729,LAL
9870,Jordan Clarkson,81.6581,37.36477,LAL
9870,Julius Randle,83.84169,26.87338,LAL
9870,D'Angelo Russell,74.9029,15.47743,LAL
9880,Ball,74.45958,8.76844,Ball
9880,Tobias Harris,86.16737,31.20468,ORL
9880,Victor Oladipo,83.35607,47.98407,ORL
9880,Dewayne Dedmon,73.34419,16.89841,ORL
9880,Elfrid Payton,74.51676,9.74381,ORL
9880,Evan Fournier,74.93676,4.27519,ORL
9880,Metta World Peace,80.11342,10.41041,LAL
9880,Roy Hibbert,80.09273,21.14908,LAL
9880,Jordan Clarkson,82.70191,37.72595,LAL
9880,Julius Randle,84.94028,29.03805,LAL
9880,D'Angelo Russell,77.37885,15.66306,LAL
9890,Ball,76.27952,5.87211,Ball
9890,Tobias Harris,87.50988,31.082,ORL
9890,Victor Oladipo,84.44926,48.37033,ORL
9890,Dewayne Dedmon,74.20659,16.92422,ORL
9890,Elfrid Payton,76.34775,7.62246,ORL
9890,Evan Fournier,73.10699,4.42331,ORL
9890,Metta World Peace,77.72859,10.19162,LAL
9890,Roy Hibbert,80.62251,21.63089,LAL
9890,Jordan Clarkson,83.76078,37.85418,LAL
9890,Julius Randle,86.55418,29.98955,LAL
9890,D'Angelo Russell,79.06019,14.81216,LAL
9900,Ball,79.60675,4.58351,Ball
9900,Tobias Harris,88.06574,31.02559,ORL
9900,Victor Oladipo,84.77933,48.38663,ORL
9900,Dewayne Dedmon,75.22381,16.81788,ORL
9900,Elfrid Payton,78.84675,5.65917,ORL
9900,Evan Fournier,70.41387,4.90359,ORL
9900,Metta World Peace,75.00458,9.85222,LAL
9900,Roy Hibbert,81.01441,21.7203,LAL
9900,Jordan Clarkson,84.52317,37.46569,LAL
9900,Julius Randle,87.87704,29.94525,LAL
9900,D'Angelo Russell,80.59132,13.15793,LAL
