20170,Ball,6.41962,41.69706,Ball
20170,Manu Ginobili,5.68592,43.29756,SAS
20170,Rasual Butler,11.28719,2.78572,SAS
20170,LaMarcus Aldridge,19.11314,24.57439,SAS
20170,Danny Green,30.83097,39.71385,SAS
20170,Patty Mills,-1.29166,26.6542,SAS
20170,Marvin Williams,21.59269,38.23213,CHA
20170,Spencer Hawes,19.37797,26.74206,CHA
20170,Jeremy Lin,3.73969,32.74617,CHA
20170,Jeremy Lamb,6.6956500000000005,33.01871,CHA
20170,Cody Zeller,5.10546,14.0856,CHA
20180,Ball,6.04871,42.59707,Ball
20180,Manu Ginobili,5.89056,43.27773,SAS
20180,Rasual Butler,13.31896,3.41345,SAS
20180,LaMarcus Aldridge,15.77898,24.3183,SAS
20180,Danny Green,32.13083,36.34462,SAS
20180,Patty Mills,-0.78256,22.83331,SAS
20180,Marvin Williams,22.16826,36.41716,CHA
20180,Spencer Hawes,15.69319,25.19596,CHA
20180,Jeremy Lin,4.25492,29.77832,CHA
20180,Jeremy Lamb,6.66687,35.71563,CHA
20180,Cody Zeller,5.92348,14.65329,CHA
20190,Ball,6.0708,37.42356,Ball
20190,Manu Ginobili,6.56735,43.29008,SAS
20190,Rasual Butler,16.18215,4.38285,SAS
20190,LaMarcus Aldridge,12.00369,24.23362,SAS
20190,Danny Green,32.99162,33.0474,SAS
20190,Patty Mills,-0.0016600000000000002,19.31581,SAS
20190,Marvin Williams,21.61428,33.91216,CHA
20190,Spencer Hawes,12.0447,24.1992,CHA
20190,Jeremy Lin,7.45139,27.17429,CHA
20190,Jeremy Lamb,6.1562,38.64573,CHA
20190,Cody Zeller,6.26191,15.91735,CHA
20200,Ball,5.81297,30.9927,Ball
20200,Manu Ginobili,8.24667,44.25805,SAS
20200,Rasual Butler,19.71274,5.76583,SAS
20200,LaMarcus Aldridge,9.53401,23.81924,SAS
20200,Danny Green,33.94321,30.17411,SAS
20200,Patty Mills,1.4677,18.47271,SAS
20200,Marvin Williams,19.42124,31.83199,CHA
20200,Spencer Hawes,10.00867,24.885930000000002,CHA
20200,Jeremy Lin,9.54425,24.49648,CHA
20200,Jeremy Lamb,6.25487,38.76012,CHA
20200,Cody Zeller,6.47774,18.00636,CHA
20210,Ball,5.4026,24.73091,Ball
20210,Manu Ginobili,10.77962,45.40409,SAS
20210,Rasual Butler,23.78908,7.36029,SAS
20210,LaMarcus Aldridge,8.03758,23.60539,SAS
20210,Danny Green,35.23273,28.07719,SAS
20210,Patty Mills,1.9742600000000001,20.1705,SAS
20210,Marvin Williams,16.40266,30.40548,CHA
20210,Spencer Hawes,8.82792,26.07888,CHA
20210,Jeremy Lin,7.88381,23.41299,CHA
20210,Jeremy Lamb,6.7997700000000005,37.55536,CHA
20210,Cody Zeller,6.93626,19.82293,CHA
20220,Ball,4.94834,24.89318,Ball
20220,Manu Ginobili,14.50907,46.05482,SAS
20220,Rasual Butler,28.07334,8.72636,SAS
20220,LaMarcus Aldridge,6.99895,23.60101,SAS
20220,Danny Green,37.0424,26.63761,SAS
20220,Patty Mills,2.01853,22.60084,SAS
20220,Marvin Williams,13.73594,29.56495,CHA
20220,Spencer Hawes,6.93874,26.62847,CHA
20220,Jeremy Lin,7.67903,22.30054,CHA
20220,Jeremy Lamb,7.18184,36.49718,CHA
20220,Cody Zeller,6.57352,20.06619,CHA
20230,Ball,3.80009,26.18697,Ball
20230,Manu Ginobili,19.01138,45.61588,SAS
20230,Rasual Butler,32.58993,10.69335,SAS
20230,LaMarcus Aldridge,6.97924,23.60512,SAS
20230,Danny Green,39.21855,26.0201,SAS
20230,Patty Mills,2.30266,23.51196,SAS
20230,Marvin Williams,12.62473,29.15032,CHA
20230,Spencer Hawes,4.51552,26.2656,CHA
20230,Jeremy Lin,6.6731300000000005,19.49835,CHA
20230,Jeremy Lamb,7.27339,35.707300000000004,CHA
20230,Cody Zeller,7.81758,20.72334,CHA
20240,Ball,2.41913,25.47773,Ball
20240,Manu Ginobili,23.93113,44.41857,SAS
20240,Rasual Butler,37.18407,12.87894,SAS
20240,LaMarcus Aldridge,8.91885,24.03649,SAS
20240,Danny Green,41.49777,25.61669,SAS
20240,Patty Mills,2.97072,22.41025,SAS
20240,Marvin Williams,13.61367,30.08553,CHA
20240,Spencer Hawes,2.38143,25.8182,CHA
20240,Jeremy Lin,5.86183,18.50749,CHA
20240,Jeremy Lamb,8.1346,35.95933,CHA
20240,Cody Zeller,11.33736,22.07015,CHA
20250,Ball,0.8750300000000001,25.33089,Ball
20250,Manu Ginobili,29.06555,43.08987,SAS
20250,Rasual Butler,41.46684,14.78333,SAS
20250,LaMarcus Aldridge,12.21897,24.88034,SAS
20250,Danny Green,44.41056,26.17999,SAS
20250,Patty Mills,4.71166,22.08677,SAS
20250,Marvin Williams,16.67078,32.38778,CHA
20250,Spencer Hawes,0.3114,25.72047,CHA
20250,Jeremy Lin,6.03039,18.3469,CHA
20250,Jeremy Lamb,9.52812,36.66067,CHA
20250,Cody Zeller,16.09121,23.11245,CHA
20260,Ball,0.2003,26.75653,Ball
20260,Manu Ginobili,34.35212,41.86089,SAS
20260,Rasual Butler,45.80451,16.67215,SAS
20260,LaMarcus Aldridge,16.46695,25.67964,SAS
20260,Danny Green,47.60643,26.91875,SAS
20260,Patty Mills,6.38655,21.57527,SAS
20260,Marvin Williams,20.77911,35.13495,CHA
20260,Spencer Hawes,-0.7281500000000001,26.13212,CHA
20260,Jeremy Lin,7.25278,17.58991,CHA
20260,Jeremy Lamb,10.78952,37.69284,CHA
20260,Cody Zeller,22.05252,23.99047,CHA
20270,Ball,7.41701,33.70893,Ball
20270,Manu Ginobili,39.3168,40.56744,SAS
20270,Rasual Butler,49.94278,17.98649,SAS
20270,LaMarcus Aldridge,21.67619,25.85472,SAS
20270,Danny Green,51.15659,28.10845,SAS
20270,Patty Mills,8.77022,20.97683,SAS
20270,Marvin Williams,25.95476,38.16414,CHA
20270,Spencer Hawes,-0.45356,26.66944,CHA
20270,Jeremy Lin,9.3089,16.41502,CHA
20270,Jeremy Lamb,11.91554,38.7437,CHA
20270,Cody Zeller,29.00933,24.64528,CHA
20280,Ball,13.2293,38.51776,Ball
20280,Manu Ginobili,43.81706,39.41269,SAS
20280,Rasual Butler,54.11661,18.24485,SAS
20280,LaMarcus Aldridge,27.58534,25.68999,SAS
20280,Danny Green,55.00186,29.6617,SAS
20280,Patty Mills,12.14856,21.09184,SAS
20280,Marvin Williams,31.92022,41.04135,CHA
20280,Spencer Hawes,1.18731,27.0618,CHA
20280,Jeremy Lin,12.68406,15.44898,CHA
20280,Jeremy Lamb,13.94236,39.81179,CHA
20280,Cody Zeller,36.27958,25.11343,CHA
20290,Ball,19.21481,41.13915,Ball
20290,Manu Ginobili,47.76566,38.23732,SAS
20290,Rasual Butler,57.69122,19.33966,SAS
20290,LaMarcus Aldridge,33.75063,25.54398,SAS
20290,Danny Green,59.1019,31.69635,SAS
20290,Patty Mills,16.63315,21.03502,SAS
20290,Marvin Williams,38.18082,43.28812,CHA
20290,Spencer Hawes,4.01951,26.87608,CHA
20290,Jeremy Lin,17.14732,14.58452,CHA
20290,Jeremy Lamb,17.30627,40.466,CHA
20290,Cody Zeller,43.63145,25.27845,CHA
20300,Ball,22.59303,42.29803,Ball
20300,Manu Ginobili,51.50976,37.57439,SAS
20300,Rasual Butler,60.66059,20.95421,SAS
20300,LaMarcus Aldridge,39.99389,25.4864,SAS
20300,Danny Green,63.47684,32.52082,SAS
20300,Patty Mills,22.03169,20.91735,SAS
20300,Marvin Williams,44.60661,44.93913,CHA
20300,Spencer Hawes,7.8761,26.79667,CHA
20300,Jeremy Lin,22.46017,13.68138,CHA
20300,Jeremy Lamb,21.81027,40.83899,CHA
20300,Cody Zeller,50.88391,25.71971,CHA
20310,Ball,28.65923,42.55262,Ball
20310,Manu Ginobili,54.79204,37.27477,SAS
20310,Rasual Butler,64.36304,21.53378,SAS
20310,LaMarcus Aldridge,46.65658,25.10154,SAS
20310,Danny Green,67.67392,33.13188,SAS
20310,Patty Mills,28.21125,20.73737,SAS
20310,Marvin Williams,51.1165,46.10966,CHA
20310,Spencer Hawes,12.755700000000001,26.59513,CHA
20310,Jeremy Lin,28.35545,12.57007,CHA
20310,Jeremy Lamb,27.07372,41.23334,CHA
20310,Cody Zeller,57.89277,25.74217,CHA
20320,Ball,33.55487,43.3663,Ball
20320,Manu Ginobili,57.84446,37.14496,SAS
20320,Rasual Butler,68.26051,21.8609,SAS
20320,LaMarcus Aldridge,53.87782,25.5616,SAS
20320,Danny Green,71.38859,34.45519,SAS
20320,Patty Mills,34.85561,20.50763,SAS
20320,Marvin Williams,57.20204,46.87926,CHA
20320,Spencer Hawes,18.30517,26.2865,CHA
20320,Jeremy Lin,34.60237,11.3146,CHA
20320,Jeremy Lamb,32.70147,41.91764,CHA
20320,Cody Zeller,64.44388000000001,25.98481,CHA
20330,Ball,39.94848,43.6523,Ball
20330,Manu Ginobili,60.67959,37.30352,SAS
20330,Rasual Butler,71.85499,22.54222,SAS
20330,LaMarcus Aldridge,61.27837,26.16493,SAS
20330,Danny Green,74.78147,36.33563,SAS
20330,Patty Mills,41.71502,20.18958,SAS
20330,Marvin Williams,62.97859,47.33135,CHA
20330,Spencer Hawes,24.20531,25.92907,CHA
20330,Jeremy Lin,41.01029,9.76455,CHA
20330,Jeremy Lamb,38.34178,42.74626,CHA
20330,Cody Zeller,70.41863,26.89381,CHA
20340,Ball,44.22446,44.71765,Ball
20340,Manu Ginobili,63.2072,37.39589,SAS
20340,Rasual Butler,74.65922,22.99822,SAS
20340,LaMarcus Aldridge,69.21994,26.12776,SAS
20340,Danny Green,77.48103,37.90422,SAS
20340,Patty Mills,48.71422,19.73964,SAS
20340,Marvin Williams,68.02816,47.43678,CHA
20340,Spencer Hawes,30.31411,25.43773,CHA
20340,Jeremy Lin,47.56017,8.31319,CHA
20340,Jeremy Lamb,43.60676,43.46936,CHA
20340,Cody Zeller,75.28405,27.49576,CHA
20350,Ball,50.16164,44.99422,Ball
20350,Manu Ginobili,65.28282,37.93252,SAS
20350,Rasual Butler,75.47581,23.55788,SAS
20350,LaMarcus Aldridge,75.14582,27.65021,SAS
20350,Danny Green,79.04879,39.70241,SAS
20350,Patty Mills,55.67664,19.55943,SAS
20350,Marvin Williams,72.47707,47.31492,CHA
20350,Spencer Hawes,36.32927,24.68946,CHA
20350,Jeremy Lin,54.17582,6.77302,CHA
20350,Jeremy Lamb,48.53234,44.05853,CHA
20350,Cody Zeller,79.0862,28.48921,CHA
20360,Ball,53.92515,45.6355,Ball
20360,Manu Ginobili,66.95076,37.97941,SAS
20360,Rasual Butler,74.5552,23.48543,SAS
20360,LaMarcus Aldridge,78.94976,29.1665,SAS
20360,Danny Green,79.80664,41.04767,SAS
20360,Patty Mills,62.14044,19.12127,SAS
20360,Marvin Williams,76.12659,47.46344,CHA
20360,Spencer Hawes,42.20033,23.9845,CHA
20360,Jeremy Lin,60.52445,5.55023,CHA
20360,Jeremy Lamb,52.62942,44.31938,CHA
20360,Cody Zeller,82.03491,29.69964,CHA
20370,Ball,57.6015,45.12877,Ball
20370,Manu Ginobili,68.40179,38.5837,SAS
20370,Rasual Butler,72.69766,23.52442,SAS
20370,LaMarcus Aldridge,81.74969,30.02055,SAS
20370,Danny Green,80.95468,41.78552,SAS
20370,Patty Mills,67.56335,18.11076,SAS
20370,Marvin Williams,79.35113,47.57541,CHA
20370,Spencer Hawes,47.72311,23.44859,CHA
20370,Jeremy Lin,66.78444,4.07281,CHA
20370,Jeremy Lamb,55.87332,44.46086,CHA
20370,Cody Zeller,84.50312,31.14197,CHA
20380,Ball,59.86547,44.68967,Ball
20380,Manu Ginobili,69.00777,38.82676,SAS
20380,Rasual Butler,70.3953,24.13043,SAS
20380,LaMarcus Aldridge,83.65694,30.55873,SAS
20380,Danny Green,82.53201,41.90187,SAS
20380,Patty Mills,72.14582,16.60658,SAS
20380,Marvin Williams,81.81015,47.8353,CHA
20380,Spencer Hawes,52.78023,22.93028,CHA
20380,Jeremy Lin,71.99948,3.4730600000000003,CHA
20380,Jeremy Lamb,58.36062,44.21954,CHA
20380,Cody Zeller,86.45303,32.12431,CHA
20390,Ball,59.77672,38.26292,Ball
20390,Manu Ginobili,68.96571,38.61268,SAS
20390,Rasual Butler,68.08612,23.90004,SAS
20390,LaMarcus Aldridge,85.17135,30.85471,SAS
20390,Danny Green,83.85068,41.53746,SAS
20390,Patty Mills,75.85194,15.03863,SAS
20390,Marvin Williams,83.85601,47.87607,CHA
20390,Spencer Hawes,56.31375,23.86493,CHA
20390,Jeremy Lin,75.82143,3.50941,CHA
20390,Jeremy Lamb,60.04464,43.31831,CHA
20390,Cody Zeller,88.20941,32.92966,CHA
20400,Ball,59.46421,24.25285,Ball
20400,Manu Ginobili,69.46879,37.98827,SAS
20400,Rasual Butler,66.76042,23.75757,SAS
20400,LaMarcus Aldridge,86.46833,30.69897,SAS
20400,Danny Green,85.28352,41.36981,SAS
20400,Patty Mills,77.69934,13.50997,SAS
20400,Marvin Williams,85.30565,47.66988,CHA
20400,Spencer Hawes,59.1505,23.74346,CHA
20400,Jeremy Lin,76.71878,3.93696,CHA
20400,Jeremy Lamb,61.9438,43.21026,CHA
20400,Cody Zeller,89.55394,32.88325,CHA
20410,Ball,62.04588,21.87179,Ball
20410,Manu Ginobili,70.35094,37.01403,SAS
20410,Rasual Butler,67.33637,23.08881,SAS
20410,LaMarcus Aldridge,87.46634,29.98148,SAS
20410,Danny Green,87.03036,41.16731,SAS
20410,Patty Mills,76.54066,12.10817,SAS
20410,Marvin Williams,86.41311,47.07552,CHA
20410,Spencer Hawes,61.12281,22.43327,CHA
20410,Jeremy Lin,74.48195,4.10438,CHA
20410,Jeremy Lamb,63.50933,42.72125,CHA
20410,Cody Zeller,89.97937,32.31687,CHA
20420,Ball,67.65646,8.71581,Ball
20420,Manu Ginobili,71.41308,36.19967,SAS
20420,Rasual Butler,68.46471,22.41326,SAS
20420,LaMarcus Aldridge,88.00515,28.95657,SAS
20420,Danny Green,87.97441,40.35043,SAS
20420,Patty Mills,74.13343,11.04147,SAS
20420,Marvin Williams,87.07842,46.33869,CHA
20420,Spencer Hawes,62.4269,22.42397,CHA
20420,Jeremy Lin,71.13826,4.37144,CHA
20420,Jeremy Lamb,64.26261,42.06042,CHA
20420,Cody Zeller,89.69225,32.0372,CHA
20430,Ball,68.45269,4.57162,Ball
20430,Manu Ginobili,72.14244,35.70508,SAS
20430,Rasual Butler,69.80825,22.29492,SAS
20430,LaMarcus Aldridge,87.9618,28.33962,SAS
20430,Danny Green,88.27985,38.68945,SAS
20430,Patty Mills,72.55893,9.91123,SAS
20430,Marvin Williams,87.08172,46.09495,CHA
20430,Spencer Hawes,64.5449,23.75485,CHA
20430,Jeremy Lin,69.05544,4.30946,CHA
20430,Jeremy Lamb,65.83232,41.38674,CHA
20430,Cody Zeller,88.96696,32.54728,CHA
20440,Ball,68.48862,5.01701,Ball
20440,Manu Ginobili,72.02577,34.76888,SAS
20440,Rasual Butler,71.5759,22.81687,SAS
20440,LaMarcus Aldridge,87.83627,28.95973,SAS
20440,Danny Green,87.82471,37.19961,SAS
20440,Patty Mills,72.01783,9.29081,SAS
20440,Marvin Williams,86.44941,45.71996,CHA
20440,Spencer Hawes,66.91879,25.12422,CHA
20440,Jeremy Lin,68.71327,4.45695,CHA
20440,Jeremy Lamb,69.19237,40.10917,CHA
20440,Cody Zeller,87.94266,32.80138,CHA
20450,Ball,68.96083,5.27229,Ball
20450,Manu Ginobili,73.19953,33.69235,SAS
20450,Rasual Butler,73.50036,24.94115,SAS
20450,LaMarcus Aldridge,87.28908,30.82668,SAS
20450,Danny Green,86.46531,35.14781,SAS
20450,Patty Mills,71.81104,9.17837,SAS
20450,Marvin Williams,85.17191,44.8453,CHA
20450,Spencer Hawes,69.14399,26.36564,CHA
20450,Jeremy Lin,69.01044,5.1004,CHA
20450,Jeremy Lamb,73.40029,38.26915,CHA
20450,Cody Zeller,86.19506,31.9971,CHA
20460,Ball,68.70419,5.61273,Ball
20460,Manu Ginobili,75.3354,32.34916,SAS
20460,Rasual Butler,75.86532,25.64262,SAS
20460,LaMarcus Aldridge,87.25563,27.56331,SAS
20460,Danny Green,83.46636,33.96621,SAS
20460,Patty Mills,71.7109,9.10827,SAS
20460,Marvin Williams,82.26346,43.26935,CHA
20460,Spencer Hawes,71.33136,28.05843,CHA
20460,Jeremy Lin,68.92579,5.27621,CHA
20460,Jeremy Lamb,77.02735,36.05285,CHA
20460,Cody Zeller,84.36797,30.32937,CHA
20470,Ball,68.26736,5.78295,Ball
20470,Manu Ginobili,77.51693,31.63427,SAS
20470,Rasual Butler,77.87751,26.11276,SAS
20470,LaMarcus Aldridge,86.20346,25.19428,SAS
20470,Danny Green,79.93807,33.39991,SAS
20470,Patty Mills,71.49314,9.27385,SAS
20470,Marvin Williams,78.30511,41.03361,CHA
20470,Spencer Hawes,73.50218,29.21684,CHA
20470,Jeremy Lin,68.99872,5.53777,CHA
20470,Jeremy Lamb,78.74339,33.89289,CHA
20470,Cody Zeller,83.37732,26.30525,CHA
20480,Ball,67.62847,5.75894,Ball
20480,Manu Ginobili,78.96340000000001,30.43976,SAS
20480,Rasual Butler,79.25175,26.25768,SAS
20480,LaMarcus Aldridge,85.11017,21.58842,SAS
20480,Danny Green,78.08938,32.94663,SAS
20480,Patty Mills,71.19897,9.71196,SAS
20480,Marvin Williams,74.88909,37.018,CHA
20480,Spencer Hawes,75.21144,30.53401,CHA
20480,Jeremy Lin,68.89365,6.44601,CHA
20480,Jeremy Lamb,78.53849,33.50543,CHA
20480,Cody Zeller,82.73207,21.99548,CHA
20490,Ball,66.6292,6.86594,Ball
20490,Manu Ginobili,80.64776,28.73936,SAS
20490,Rasual Butler,80.3532,26.4574,SAS
20490,LaMarcus Aldridge,83.82036,18.31222,SAS
20490,Danny Green,75.81142,32.05858,SAS
20490,Patty Mills,70.80596,10.49889,SAS
20490,Marvin Williams,72.79094,32.2297,CHA
20490,Spencer Hawes,76.30928,30.45817,CHA
20490,Jeremy Lin,67.86104,6.8151600000000006,CHA
20490,Jeremy Lamb,79.09606,34.36341,CHA
20490,Cody Zeller,81.33948,19.17286,CHA
20500,Ball,67.25556,7.30076,Ball
20500,Manu Ginobili,82.49031,28.91379,SAS
20500,Rasual Butler,80.78349,26.856090000000002,SAS
20500,LaMarcus Aldridge,82.3266,16.40392,SAS
20500,Danny Green,74.01918,30.53422,SAS
20500,Patty Mills,70.7413,10.96989,SAS
20500,Marvin Williams,73.12974,27.57898,CHA
20500,Spencer Hawes,76.15327,30.96387,CHA
20500,Jeremy Lin,67.48644,6.9281500000000005,CHA
20500,Jeremy Lamb,79.86993,35.73469,CHA
20500,Cody Zeller,80.10909,16.18557,CHA
20510,Ball,67.28828,7.15581,Ball
20510,Manu Ginobili,83.03346,30.17096,SAS
20510,Rasual Butler,81.06059,26.59999,SAS
20510,LaMarcus Aldridge,80.79453,14.64265,SAS
20510,Danny Green,74.06268,27.59941,SAS
20510,Patty Mills,70.95374,10.98093,SAS
20510,Marvin Williams,75.82664,24.12727,CHA
20510,Spencer Hawes,74.65824,31.74147,CHA
20510,Jeremy Lin,67.91366,6.88402,CHA
20510,Jeremy Lamb,80.49635,37.17164,CHA
20510,Cody Zeller,78.59249,13.27723,CHA
20520,Ball,66.41972,7.43419,Ball
20520,Manu Ginobili,83.20843,31.7613,SAS
20520,Rasual Butler,80.73521,26.43382,SAS
20520,LaMarcus Aldridge,79.37602,12.7722,SAS
20520,Danny Green,76.67181,25.27847,SAS
20520,Patty Mills,71.15334,11.14411,SAS
20520,Marvin Williams,80.03945,21.8602,CHA
20520,Spencer Hawes,71.85834,31.82312,CHA
20520,Jeremy Lin,68.64767,7.05801,CHA
20520,Jeremy Lamb,80.11629,38.82409,CHA
20520,Cody Zeller,76.03674,11.28354,CHA
20530,Ball,67.48551,21.82499,Ball
20530,Manu Ginobili,82.70943,33.84925,SAS
20530,Rasual Butler,78.62378,27.10468,SAS
20530,LaMarcus Aldridge,78.03886,12.34639,SAS
20530,Danny Green,80.44136,23.32442,SAS
20530,Patty Mills,71.34667,11.52327,SAS
20530,Marvin Williams,84.15667,21.53544,CHA
20530,Spencer Hawes,68.87092,31.83953,CHA
20530,Jeremy Lin,68.67234,7.32563,CHA
20530,Jeremy Lamb,79.48973,41.15347,CHA
20530,Cody Zeller,73.24628,10.53273,CHA
20540,Ball,67.87967,30.45897,Ball
20540,Manu Ginobili,80.88161,36.28211,SAS
20540,Rasual Butler,74.82449,28.13366,SAS
20540,LaMarcus Aldridge,77.73231,13.00774,SAS
20540,Danny Green,84.05386,22.5677,SAS
20540,Patty Mills,71.37996,12.05998,SAS
20540,Marvin Williams,85.33884,22.53645,CHA
20540,Spencer Hawes,67.27829,32.29533,CHA
20540,Jeremy Lin,68.97797,7.05022,CHA
20540,Jeremy Lamb,78.2539,43.71306,CHA
20540,Cody Zeller,72.14899,10.36672,CHA
20550,Ball,70.92621,38.78158,Ball
20550,Manu Ginobili,78.29661,38.79077,SAS
20550,Rasual Butler,72.67886,29.54846,SAS
20550,LaMarcus Aldridge,78.52032,13.74461,SAS
20550,Danny Green,86.30865,23.94262,SAS
20550,Patty Mills,71.77103,13.16578,SAS
20550,Marvin Williams,86.31074,24.00018,CHA
20550,Spencer Hawes,67.72849,34.13748,CHA
20550,Jeremy Lin,69.19803,6.83744,CHA
20550,Jeremy Lamb,75.19552,45.06659,CHA
20550,Cody Zeller,72.03175,11.09608,CHA
20560,Ball,71.20125,43.22177,Ball
20560,Manu Ginobili,74.63211,41.30164,SAS
20560,Rasual Butler,72.96476,31.55226,SAS
20560,LaMarcus Aldridge,79.3772,15.13663,SAS
20560,Danny Green,87.31027,25.88507,SAS
20560,Patty Mills,72.60728,14.65169,SAS
20560,Marvin Williams,87.90565,24.84409,CHA
20560,Spencer Hawes,69.52327,36.51136,CHA
20560,Jeremy Lin,68.93304,7.07096,CHA
20560,Jeremy Lamb,70.84182,44.33224,CHA
20560,Cody Zeller,71.27934,12.25057,CHA
20570,Ball,64.58607,40.28548,Ball
20570,Manu Ginobili,69.25438,41.03686,SAS
20570,Rasual Butler,73.16543,32.42071,SAS
20570,LaMarcus Aldridge,80.87291,16.40948,SAS
20570,Danny Green,87.49009,25.90939,SAS
20570,Patty Mills,73.67858,16.36748,SAS
20570,Marvin Williams,90.12665,20.62302,CHA
20570,Spencer Hawes,71.26084,39.43307,CHA
20570,Jeremy Lin,69.07092,7.15589,CHA
20570,Jeremy Lamb,67.14881,40.80267,CHA
20570,Cody Zeller,69.79272,12.79341,CHA
20580,Ball,66.33641,32.30846,Ball
20580,Manu Ginobili,64.18316,39.44115,SAS
20580,Rasual Butler,73.8865,30.93633,SAS
20580,LaMarcus Aldridge,81.69954,18.38463,SAS
20580,Danny Green,87.511,24.31149,SAS
20580,Patty Mills,74.19262,18.19038,SAS
20580,Marvin Williams,90.53848,16.87569,CHA
20580,Spencer Hawes,73.14539,41.705,CHA
20580,Jeremy Lin,70.26809,5.88613,CHA
20580,Jeremy Lamb,66.21508,35.4467,CHA
20580,Cody Zeller,68.14602,13.09716,CHA
20590,Ball,71.94674,25.91667,Ball
20590,Manu Ginobili,59.41447,38.33266,SAS
20590,Rasual Butler,74.48336,28.43247,SAS
20590,LaMarcus Aldridge,82.09585,20.32926,SAS
20590,Danny Green,87.67747,21.8399,SAS
20590,Patty Mills,74.85779,18.34234,SAS
20590,Marvin Williams,90.39656,13.55315,CHA
20590,Spencer Hawes,74.66053,43.5802,CHA
20590,Jeremy Lin,72.39832,3.96672,CHA
20590,Jeremy Lamb,68.38767,29.70362,CHA
20590,Cody Zeller,66.8446,12.83504,CHA
20600,Ball,75.35047,23.871760000000002,Ball
20600,Manu Ginobili,54.51217,37.94653,SAS
20600,Rasual Butler,75.13367,25.89156,SAS
20600,LaMarcus Aldridge,82.89798,21.81527,SAS
20600,Danny Green,87.58135,19.22776,SAS
20600,Patty Mills,75.84016,18.49745,SAS
20600,Marvin Williams,89.53894,10.95222,CHA
20600,Spencer Hawes,75.19703,45.41829,CHA
20600,Jeremy Lin,73.75826,2.87256,CHA
20600,Jeremy Lamb,70.22672,24.98808,CHA
20600,Cody Zeller,64.51138,13.20797,CHA
