47920,Ball,41.73929,9.30896,Ball
47920,Jason Smith,28.633960000000002,27.76687,ORL
47920,Dewayne Dedmon,18.47221,19.93962,ORL
47920,Elfrid Payton,42.28306,10.42222,ORL
47920,Aaron Gordon,3.62238,1.48203,ORL
47920,Mario Hezonja,9.08749,48.69097,ORL
47920,Hollis Thompson,6.27888,9.81402,PHI
47920,Robert Covington,10.25962,36.19432,PHI
47920,TJ McConnell,30.266,15.20101,PHI
47920,Richaun Holmes,16.47925,26.11963,PHI
47920,Jerami Grant,19.95474,20.03441,PHI
47930,Ball,37.13152,9.43873,Ball
47930,Jason Smith,27.69142,32.45809,ORL
47930,Dewayne Dedmon,18.32577,18.67162,ORL
47930,Elfrid Payton,38.3305,10.42628,ORL
47930,Aaron Gordon,3.43987,1.39471,ORL
47930,Mario Hezonja,9.28736,48.37016,ORL
47930,Hollis Thompson,6.23485,9.54298,PHI
47930,Robert Covington,9.92075,36.68068,PHI
47930,TJ McConnell,29.016,14.58873,PHI
47930,Richaun Holmes,14.57365,24.94476,PHI
47930,Jerami Grant,21.34662,20.32317,PHI
47940,Ball,34.52462,8.65745,Ball
47940,Jason Smith,26.9862,36.54776,ORL
47940,Dewayne Dedmon,18.95769,17.54792,ORL
47940,Elfrid Payton,34.21703,10.09951,ORL
47940,Aaron Gordon,3.56115,1.2429999999999999,ORL
47940,Mario Hezonja,9.51189,48.41002,ORL
47940,Hollis Thompson,6.70683,9.40313,PHI
47940,Robert Covington,9.53568,36.27414,PHI
47940,TJ McConnell,26.91228,14.32565,PHI
47940,Richaun Holmes,14.02625,22.47952,PHI
47940,Jerami Grant,22.32856,22.77294,PHI
47950,Ball,28.56695,9.83687,Ball
47950,Jason Smith,27.06185,38.45987,ORL
47950,Dewayne Dedmon,19.66586,16.21092,ORL
47950,Elfrid Payton,29.91954,11.38044,ORL
47950,Aaron Gordon,3.57525,1.23452,ORL
47950,Mario Hezonja,9.622,48.69593,ORL
47950,Hollis Thompson,6.76447,9.03902,PHI
47950,Robert Covington,9.21301,35.75815,PHI
47950,TJ McConnell,24.25913,14.26368,PHI
47950,Richaun Holmes,14.09059,20.2383,PHI
47950,Jerami Grant,21.49464,25.62819,PHI
47960,Ball,28.20812,15.82239,Ball
47960,Jason Smith,26.82067,38.97585,ORL
47960,Dewayne Dedmon,20.77562,14.91246,ORL
47960,Elfrid Payton,26.74127,15.49949,ORL
47960,Aaron Gordon,3.83162,1.20131,ORL
47960,Mario Hezonja,9.29954,48.84644,ORL
47960,Hollis Thompson,6.70197,9.11232,PHI
47960,Robert Covington,8.88079,35.75563,PHI
47960,TJ McConnell,22.51952,15.42799,PHI
47960,Richaun Holmes,13.68947,18.71116,PHI
47960,Jerami Grant,20.47429,27.69739,PHI
47970,Ball,22.78637,21.99419,Ball
47970,Jason Smith,26.20305,39.09791,ORL
47970,Dewayne Dedmon,20.46691,15.55392,ORL
47970,Elfrid Payton,22.6903,20.31272,ORL
47970,Aaron Gordon,4.04718,1.26986,ORL
47970,Mario Hezonja,8.99167,48.9095,ORL
47970,Hollis Thompson,6.98533,10.17494,PHI
47970,Robert Covington,8.46994,35.25325,PHI
47970,TJ McConnell,22.04775,18.09146,PHI
47970,Richaun Holmes,12.51928,17.89207,PHI
47970,Jerami Grant,19.4428,28.50957,PHI
47980,Ball,16.11121,23.81616,Ball
47980,Jason Smith,25.27665,38.73958,ORL
47980,Dewayne Dedmon,19.00267,16.67141,ORL
47980,Elfrid Payton,16.09661,22.59252,ORL
47980,Aaron Gordon,4.06637,1.75704,ORL
47980,Mario Hezonja,9.14366,48.93442,ORL
47980,Hollis Thompson,7.07377,11.84209,PHI
47980,Robert Covington,7.80116,33.94904,PHI
47980,TJ McConnell,19.55351,20.60807,PHI
47980,Richaun Holmes,10.48577,19.14435,PHI
47980,Jerami Grant,17.52512,27.3963,PHI
47990,Ball,10.76408,23.85942,Ball
47990,Jason Smith,24.64279,37.7991,ORL
47990,Dewayne Dedmon,15.60854,18.01436,ORL
47990,Elfrid Payton,8.12259,24.36543,ORL
47990,Aaron Gordon,4.33271,2.83735,ORL
47990,Mario Hezonja,9.39346,48.88615,ORL
47990,Hollis Thompson,7.43337,14.25658,PHI
47990,Robert Covington,7.10606,32.14707,PHI
47990,TJ McConnell,16.14865,22.14673,PHI
47990,Richaun Holmes,8.48418,21.73043,PHI
47990,Jerami Grant,15.17012,25.40968,PHI
48000,Ball,7.62588,22.45412,Ball
48000,Jason Smith,24.24216,37.10667,ORL
48000,Dewayne Dedmon,11.71687,19.90475,ORL
48000,Elfrid Payton,5.35492,25.49234,ORL
48000,Aaron Gordon,4.95676,3.85692,ORL
48000,Mario Hezonja,9.45559,48.71194,ORL
48000,Hollis Thompson,7.60946,17.2899,PHI
48000,Robert Covington,6.78567,30.94916,PHI
48000,TJ McConnell,12.40598,22.71553,PHI
48000,Richaun Holmes,7.26855,22.31078,PHI
48000,Jerami Grant,13.15282,25.02709,PHI
48010,Ball,4.84039,24.45028,Ball
48010,Jason Smith,24.1657,36.40055,ORL
48010,Dewayne Dedmon,9.1609,21.67924,ORL
48010,Elfrid Payton,3.61309,24.97053,ORL
48010,Aaron Gordon,5.95423,4.8457,ORL
48010,Mario Hezonja,9.765270000000001,48.36272,ORL
48010,Hollis Thompson,7.39387,19.6042,PHI
48010,Robert Covington,6.6157900000000005,29.91745,PHI
48010,TJ McConnell,10.20204,23.14463,PHI
48010,Richaun Holmes,5.91082,22.3143,PHI
48010,Jerami Grant,11.10009,25.77565,PHI
48020,Ball,4.83136,26.99058,Ball
48020,Jason Smith,24.48604,35.67644,ORL
48020,Dewayne Dedmon,9.84421,23.92628,ORL
48020,Elfrid Payton,2.81252,25.98188,ORL
48020,Aaron Gordon,7.51305,6.10257,ORL
48020,Mario Hezonja,10.94578,47.88044,ORL
48020,Hollis Thompson,7.54222,21.07864,PHI
48020,Robert Covington,5.9686,28.25665,PHI
48020,TJ McConnell,10.21529,24.19458,PHI
48020,Richaun Holmes,5.00371,23.17866,PHI
48020,Jerami Grant,9.33082,26.86521,PHI
48030,Ball,5.33683,27.91034,Ball
48030,Jason Smith,25.33323,35.30298,ORL
48030,Dewayne Dedmon,11.37639,24.92866,ORL
48030,Elfrid Payton,4.52668,26.6851,ORL
48030,Aaron Gordon,10.14248,7.77669,ORL
48030,Mario Hezonja,12.497160000000001,47.00129,ORL
48030,Hollis Thompson,8.14396,22.58029,PHI
48030,Robert Covington,5.3267,27.07572,PHI
48030,TJ McConnell,11.47624,24.93508,PHI
48030,Richaun Holmes,4.44931,22.93106,PHI
48030,Jerami Grant,9.67832,28.84265,PHI
48040,Ball,5.73445,26.63542,Ball
48040,Jason Smith,27.85582,34.7579,ORL
48040,Dewayne Dedmon,12.10315,26.7027,ORL
48040,Elfrid Payton,5.73203,26.29775,ORL
48040,Aaron Gordon,14.7014,9.23824,ORL
48040,Mario Hezonja,14.62515,45.97324,ORL
48040,Hollis Thompson,9.33381,24.13209,PHI
48040,Robert Covington,5.39524,27.2062,PHI
48040,TJ McConnell,12.13054,25.24643,PHI
48040,Richaun Holmes,4.59026,21.95972,PHI
48040,Jerami Grant,11.84624,32.35711,PHI
48040,Ball,6.08921,26.70165,Ball
48040,Jason Smith,28.21245,34.69835,ORL
48040,Dewayne Dedmon,12.19626,26.92153,ORL
48040,Elfrid Payton,5.80712,26.24812,ORL
48040,Aaron Gordon,15.29385,9.34079,ORL
48040,Mario Hezonja,14.90229,45.87257,ORL
48040,Hollis Thompson,9.52012,24.28807,PHI
48040,Robert Covington,5.37793,27.29162,PHI
48040,TJ McConnell,12.16516,25.18926,PHI
48040,Richaun Holmes,4.68583,21.81736,PHI
48040,Jerami Grant,12.08975,32.73649,PHI
48050,Ball,5.85966,26.24159,Ball
48050,Jason Smith,31.71469,34.03141,ORL
48050,Dewayne Dedmon,14.46759,28.64064,ORL
48050,Elfrid Payton,6.58737,26.42258,ORL
48050,Aaron Gordon,20.31286,10.48139,ORL
48050,Mario Hezonja,17.78171,44.82348,ORL
48050,Hollis Thompson,11.20306,26.32101,PHI
48050,Robert Covington,5.28313,27.15991,PHI
48050,TJ McConnell,12.70982,23.9813,PHI
48050,Richaun Holmes,6.59529,20.21254,PHI
48050,Jerami Grant,15.49632,36.19476,PHI
48050,Ball,5.90321,25.84293,Ball
48050,Jason Smith,32.18361,33.91048,ORL
48050,Dewayne Dedmon,14.84921,28.81888,ORL
48050,Elfrid Payton,6.67717,26.47889,ORL
48050,Aaron Gordon,20.87914,10.60168,ORL
48050,Mario Hezonja,18.14495,44.71108,ORL
48050,Hollis Thompson,11.39846,26.63339,PHI
48050,Robert Covington,5.3196200000000005,27.0495,PHI
48050,TJ McConnell,12.77961,23.76189,PHI
48050,Richaun Holmes,6.92045,20.0119,PHI
48050,Jerami Grant,16.04092,36.57405,PHI
48060,Ball,4.75387,26.16442,Ball
48060,Jason Smith,37.31687,32.54556,ORL
48060,Dewayne Dedmon,19.05963,29.63279,ORL
48060,Elfrid Payton,7.78085,26.92159,ORL
48060,Aaron Gordon,26.98873,11.6068,ORL
48060,Mario Hezonja,22.13038,43.71127,ORL
48060,Hollis Thompson,13.49334,30.43711,PHI
48060,Robert Covington,5.48761,26.17307,PHI
48060,TJ McConnell,13.673,21.25048,PHI
48060,Richaun Holmes,10.74756,17.70583,PHI
48060,Jerami Grant,22.19512,39.51147,PHI
48070,Ball,5.82175,28.8279,Ball
48070,Jason Smith,43.14024,31.29599,ORL
48070,Dewayne Dedmon,24.67909,29.58417,ORL
48070,Elfrid Payton,9.98029,26.30143,ORL
48070,Aaron Gordon,33.62834,12.35502,ORL
48070,Mario Hezonja,27.12984,42.66658,ORL
48070,Hollis Thompson,16.94743,34.39514,PHI
48070,Robert Covington,6.1075800000000005,27.57429,PHI
48070,TJ McConnell,14.92238,18.16571,PHI
48070,Richaun Holmes,15.98856,15.01294,PHI
48070,Jerami Grant,29.6858,41.66358,PHI
48080,Ball,7.17267,29.38267,Ball
48080,Jason Smith,49.60713,30.15636,ORL
48080,Dewayne Dedmon,30.83811,29.09338,ORL
48080,Elfrid Payton,12.52937,24.22379,ORL
48080,Aaron Gordon,40.35738,12.82481,ORL
48080,Mario Hezonja,32.42287,41.62864,ORL
48080,Hollis Thompson,21.76304,38.2445,PHI
48080,Robert Covington,6.61075,28.52293,PHI
48080,TJ McConnell,15.66179,15.444420000000001,PHI
48080,Richaun Holmes,22.17025,12.30344,PHI
48080,Jerami Grant,37.89785,42.28207,PHI
48090,Ball,8.82602,27.66129,Ball
48090,Jason Smith,55.89848,29.98325,ORL
48090,Dewayne Dedmon,37.39179,28.19133,ORL
48090,Elfrid Payton,14.507390000000001,21.10918,ORL
48090,Aaron Gordon,47.04253,13.27389,ORL
48090,Mario Hezonja,37.91569,40.28284,ORL
48090,Hollis Thompson,27.34584,41.16822,PHI
48090,Robert Covington,8.03252,28.638370000000002,PHI
48090,TJ McConnell,16.25689,13.3689,PHI
48090,Richaun Holmes,28.61612,9.8802,PHI
48090,Jerami Grant,46.15469,42.61232,PHI
48100,Ball,11.88211,27.32666,Ball
48100,Jason Smith,61.94553,30.56083,ORL
48100,Dewayne Dedmon,44.14824,27.25148,ORL
48100,Elfrid Payton,17.55187,18.76045,ORL
48100,Aaron Gordon,53.13999,14.00791,ORL
48100,Mario Hezonja,43.47712,39.05233,ORL
48100,Hollis Thompson,33.48966,42.92848,PHI
48100,Robert Covington,11.594850000000001,29.03924,PHI
48100,TJ McConnell,18.16966,12.0209,PHI
48100,Richaun Holmes,35.54352,7.60344,PHI
48100,Jerami Grant,54.12004,42.57148,PHI
48110,Ball,18.80237,29.88458,Ball
48110,Jason Smith,67.3086,31.39711,ORL
48110,Dewayne Dedmon,50.90326,26.35044,ORL
48110,Elfrid Payton,21.75925,18.14851,ORL
48110,Aaron Gordon,58.56036,14.3639,ORL
48110,Mario Hezonja,48.61034,37.81412,ORL
48110,Hollis Thompson,39.70107,44.2437,PHI
48110,Robert Covington,16.67142,30.20518,PHI
48110,TJ McConnell,21.49902,10.84706,PHI
48110,Richaun Holmes,42.60322,5.731,PHI
48110,Jerami Grant,61.53768,42.34592,PHI
48120,Ball,24.47872,33.79837,Ball
48120,Jason Smith,71.70519,32.53596,ORL
48120,Dewayne Dedmon,57.40796,25.43245,ORL
48120,Elfrid Payton,27.14498,18.48827,ORL
48120,Aaron Gordon,63.36077,14.12879,ORL
48120,Mario Hezonja,53.30148,37.35982,ORL
48120,Hollis Thompson,45.9678,45.37658,PHI
48120,Robert Covington,22.31685,32.1417,PHI
48120,TJ McConnell,25.55155,10.01568,PHI
48120,Richaun Holmes,49.45999,4.40855,PHI
48120,Jerami Grant,68.32398,41.86215,PHI
48130,Ball,29.75618,35.43849,Ball
48130,Jason Smith,75.3688,33.87121,ORL
48130,Dewayne Dedmon,63.4137,24.1693,ORL
48130,Elfrid Payton,33.12296,19.15481,ORL
48130,Aaron Gordon,67.43925,14.43532,ORL
48130,Mario Hezonja,57.39104,37.19834,ORL
48130,Hollis Thompson,52.23015,46.47162,PHI
48130,Robert Covington,28.856090000000002,34.07876,PHI
48130,TJ McConnell,30.2324,9.52872,PHI
48130,Richaun Holmes,56.03637,3.6881,PHI
48130,Jerami Grant,74.34606,41.53415,PHI
48140,Ball,38.24308,34.50874,Ball
48140,Jason Smith,78.28858,34.88149,ORL
48140,Dewayne Dedmon,68.4554,22.40688,ORL
48140,Elfrid Payton,39.38963,20.232,ORL
48140,Aaron Gordon,69.88702,14.16232,ORL
48140,Mario Hezonja,60.86516,36.74265,ORL
48140,Hollis Thompson,58.08877,47.27404,PHI
48140,Robert Covington,35.5916,35.42842,PHI
48140,TJ McConnell,35.2187,9.69507,PHI
48140,Richaun Holmes,61.95969,3.5725800000000003,PHI
48140,Jerami Grant,79.67533,41.77009,PHI
48150,Ball,43.36722,33.53875,Ball
48150,Jason Smith,80.71925,35.34098,ORL
48150,Dewayne Dedmon,72.56435,20.42824,ORL
48150,Elfrid Payton,45.60836,21.63479,ORL
48150,Aaron Gordon,71.96357,14.54661,ORL
48150,Mario Hezonja,63.18564,35.47594,ORL
48150,Hollis Thompson,63.47963,47.84073,PHI
48150,Robert Covington,42.6256,35.8898,PHI
48150,TJ McConnell,39.90716,10.97113,PHI
48150,Richaun Holmes,67.07425,4.0507,PHI
48150,Jerami Grant,83.88355,42.75984,PHI
48160,Ball,50.78657,34.48312,Ball
48160,Jason Smith,82.72641,34.99092,ORL
48160,Dewayne Dedmon,75.54422,18.78975,ORL
48160,Elfrid Payton,51.64074,23.0683,ORL
48160,Aaron Gordon,73.54213,14.98673,ORL
48160,Mario Hezonja,64.78231,33.73714,ORL
48160,Hollis Thompson,68.11719,47.85387,PHI
48160,Robert Covington,49.3189,35.89106,PHI
48160,TJ McConnell,44.11916,13.20039,PHI
48160,Richaun Holmes,71.67858,4.69569,PHI
48160,Jerami Grant,87.08731,42.74785,PHI
48170,Ball,56.89996,36.11491,Ball
48170,Jason Smith,83.87605,34.8752,ORL
48170,Dewayne Dedmon,78.45645,17.46639,ORL
48170,Elfrid Payton,57.46997,24.75424,ORL
48170,Aaron Gordon,74.38583,15.89532,ORL
48170,Mario Hezonja,66.57507,32.90599,ORL
48170,Hollis Thompson,72.07248,47.72751,PHI
48170,Robert Covington,55.55415,36.10111,PHI
48170,TJ McConnell,47.38081,16.13318,PHI
48170,Richaun Holmes,75.82489,5.2508,PHI
48170,Jerami Grant,90.12791,41.88418,PHI
48180,Ball,72.58577,44.07479,Ball
48180,Jason Smith,83.80004,35.837180000000004,ORL
48180,Dewayne Dedmon,81.14356,16.58705,ORL
48180,Elfrid Payton,62.9032,27.36997,ORL
48180,Aaron Gordon,75.70107,18.37659,ORL
48180,Mario Hezonja,69.43677,33.07839,ORL
48180,Hollis Thompson,74.81079,47.38342,PHI
48180,Robert Covington,60.697,36.14703,PHI
48180,TJ McConnell,49.95375,19.23705,PHI
48180,Richaun Holmes,79.27009,5.94806,PHI
48180,Jerami Grant,91.576,39.97172,PHI
48190,Ball,76.119,45.11987,Ball
48190,Jason Smith,82.13927,37.60513,ORL
48190,Dewayne Dedmon,82.89378,16.01281,ORL
48190,Elfrid Payton,67.31109,30.75107,ORL
48190,Aaron Gordon,77.18996,21.15163,ORL
48190,Mario Hezonja,71.96799,33.17912,ORL
48190,Hollis Thompson,76.35937,46.37875,PHI
48190,Robert Covington,63.83695,35.52916,PHI
48190,TJ McConnell,52.06148,22.10023,PHI
48190,Richaun Holmes,82.43968,7.0396,PHI
48190,Jerami Grant,91.42341,37.54946,PHI
48200,Ball,77.88761,43.17542,Ball
48200,Jason Smith,80.62532,39.71182,ORL
48200,Dewayne Dedmon,84.33096,16.17188,ORL
48200,Elfrid Payton,70.69884,33.8634,ORL
48200,Aaron Gordon,79.98139,23.41328,ORL
48200,Mario Hezonja,73.97869,32.71681,ORL
48200,Hollis Thompson,76.91842,45.23732,PHI
48200,Robert Covington,64.78618,35.24237,PHI
48200,TJ McConnell,53.92821,24.07056,PHI
48200,Richaun Holmes,84.23334,7.9264,PHI
48200,Jerami Grant,91.30988,35.50009,PHI
48210,Ball,81.94383,36.23239,Ball
48210,Jason Smith,79.35159,42.14127,ORL
48210,Dewayne Dedmon,85.3488,17.02802,ORL
48210,Elfrid Payton,74.05174,35.72972,ORL
48210,Aaron Gordon,83.11611,24.97563,ORL
48210,Mario Hezonja,75.74581,31.7521,ORL
48210,Hollis Thompson,76.86159,44.23533,PHI
48210,Robert Covington,64.15014,35.00192,PHI
48210,TJ McConnell,55.539,25.24172,PHI
48210,Richaun Holmes,84.52985,9.70106,PHI
48210,Jerami Grant,90.72898,33.63306,PHI
48220,Ball,85.79753,29.63616,Ball
48220,Jason Smith,78.08677,45.46155,ORL
48220,Dewayne Dedmon,85.51436,18.12141,ORL
48220,Elfrid Payton,76.94455,36.51928,ORL
48220,Aaron Gordon,85.22857,27.12887,ORL
48220,Mario Hezonja,77.71288,30.20083,ORL
48220,Hollis Thompson,76.39577,44.07797,PHI
48220,Robert Covington,62.19118,34.52104,PHI
48220,TJ McConnell,57.32828,25.84184,PHI
48220,Richaun Holmes,84.18849,12.23767,PHI
48220,Jerami Grant,89.46526,31.75337,PHI
48230,Ball,88.75999,25.34671,Ball
48230,Jason Smith,76.02459,48.30371,ORL
48230,Dewayne Dedmon,85.59481,19.46682,ORL
48230,Elfrid Payton,79.52661,37.01096,ORL
48230,Aaron Gordon,86.82533,27.94771,ORL
48230,Mario Hezonja,80.13515,28.80237,ORL
48230,Hollis Thompson,75.45999,43.82249,PHI
48230,Robert Covington,59.83884,34.36491,PHI
48230,TJ McConnell,59.00323,25.99517,PHI
48230,Richaun Holmes,83.92407,15.09642,PHI
48230,Jerami Grant,88.53817,30.34681,PHI
48240,Ball,87.69401,24.95069,Ball
48240,Jason Smith,73.51614000000001,49.67576,ORL
48240,Dewayne Dedmon,85.5543,20.80281,ORL
48240,Elfrid Payton,81.70932,37.55917,ORL
48240,Aaron Gordon,88.2421,27.12014,ORL
48240,Mario Hezonja,81.78106,26.78553,ORL
48240,Hollis Thompson,73.42013,43.37825,PHI
48240,Robert Covington,57.29069,34.26486,PHI
48240,TJ McConnell,60.57303,26.15562,PHI
48240,Richaun Holmes,83.56974,17.8751,PHI
48240,Jerami Grant,86.84285,29.83855,PHI
48250,Ball,90.71882,25.6598,Ball
48250,Jason Smith,70.80561,50.17254,ORL
48250,Dewayne Dedmon,85.17539,21.54516,ORL
48250,Elfrid Payton,83.26553,38.46803,ORL
48250,Aaron Gordon,90.29243,26.27048,ORL
48250,Mario Hezonja,81.72834,24.19715,ORL
48250,Hollis Thompson,69.72116,42.88457,PHI
48250,Robert Covington,54.72635,34.22267,PHI
48250,TJ McConnell,61.9749,25.88987,PHI
48250,Richaun Holmes,82.10054,19.66111,PHI
48250,Jerami Grant,83.75652,29.85418,PHI
48260,Ball,92.44298,24.92541,Ball
48260,Jason Smith,68.08571,49.96195,ORL
48260,Dewayne Dedmon,84.26422,22.48822,ORL
48260,Elfrid Payton,83.87037,39.9137,ORL
48260,Aaron Gordon,92.94154,25.23974,ORL
48260,Mario Hezonja,80.87071,22.01631,ORL
48260,Hollis Thompson,64.92738,42.39693,PHI
48260,Robert Covington,52.27749,34.31336,PHI
48260,TJ McConnell,63.26367,26.1779,PHI
48260,Richaun Holmes,79.51248,20.49937,PHI
48260,Jerami Grant,79.81485,30.26233,PHI
48280,Ball,87.53763000000001,31.56407,Ball
48280,Jason Smith,59.90859,49.14327,ORL
48280,Dewayne Dedmon,77.54015,21.5721,ORL
48280,Elfrid Payton,80.14562,41.93091,ORL
48280,Aaron Gordon,95.94908,24.15128,ORL
48280,Mario Hezonja,76.43895,16.74575,ORL
48280,Hollis Thompson,54.20372,42.03971,PHI
48280,Robert Covington,47.41203,34.24562,PHI
48280,TJ McConnell,65.80613,29.52596,PHI
48280,Richaun Holmes,71.82338,22.20718,PHI
48280,Jerami Grant,69.74808,31.98195,PHI
48290,Ball,78.20649,40.24537,Ball
48290,Jason Smith,55.05794,48.74896,ORL
48290,Dewayne Dedmon,73.0916,21.30454,ORL
48290,Elfrid Payton,76.06856,42.27427,ORL
48290,Aaron Gordon,95.27051,24.07388,ORL
48290,Mario Hezonja,72.05236,13.85636,ORL
48290,Hollis Thompson,48.50999,41.62448,PHI
48290,Robert Covington,44.72318,33.52467,PHI
48290,TJ McConnell,65.21149,31.41841,PHI
48290,Richaun Holmes,67.08414,22.63514,PHI
48290,Jerami Grant,63.83992,32.83095,PHI
48300,Ball,71.8162,41.80493,Ball
48300,Jason Smith,50.12911,48.40463,ORL
48300,Dewayne Dedmon,66.98554,20.30694,ORL
48300,Elfrid Payton,72.26436,42.49762,ORL
48300,Aaron Gordon,92.43285,23.28556,ORL
48300,Mario Hezonja,66.89955,11.14401,ORL
48300,Hollis Thompson,43.03089,40.60436,PHI
48300,Robert Covington,41.91752,31.31303,PHI
48300,TJ McConnell,62.24332,33.14968,PHI
48300,Richaun Holmes,61.48764,22.36908,PHI
48300,Jerami Grant,57.53399,33.41907,PHI
48310,Ball,66.17084,43.19317,Ball
48310,Jason Smith,45.08504,47.95845,ORL
48310,Dewayne Dedmon,60.701480000000004,19.5849,ORL
48310,Elfrid Payton,68.14733,42.7877,ORL
48310,Aaron Gordon,88.18003,22.41645,ORL
48310,Mario Hezonja,61.3305,8.93981,ORL
48310,Hollis Thompson,37.74118,39.23293,PHI
48310,Robert Covington,38.78517,28.57046,PHI
48310,TJ McConnell,58.06797,34.93145,PHI
48310,Richaun Holmes,55.79086,21.97016,PHI
48310,Jerami Grant,51.08503,34.02625,PHI
