26180,Ball,61.57784,13.09756,Ball
26180,Nikola Vucevic,64.69165,30.99074,ORL
26180,Elfrid Payton,61.77112,11.39407,ORL
26180,Evan Fournier,39.96989,42.91004,ORL
26180,Aaron Gordon,83.46812,2.83374,ORL
26180,Mario Hezonja,36.93242,21.27484,ORL
26180,Ish Smith,56.35829,25.75673,PHI
26180,Hollis Thompson,68.70601,27.46417,PHI
26180,Robert Covington,68.54504,15.10372,PHI
26180,Nerlens Noel,79.43233,14.61978,PHI
26180,Jahlil Okafor,67.99216,32.66479,PHI
26190,Ball,63.34728,11.71312,Ball
26190,Nikola Vucevic,68.94896,31.90974,ORL
26190,Elfrid Payton,65.04091,10.58445,ORL
26190,Evan Fournier,45.79727,42.90813,ORL
26190,Aaron Gordon,85.49147,2.35488,ORL
26190,Mario Hezonja,43.14655,21.22773,ORL
26190,Ish Smith,59.87701,24.88077,PHI
26190,Hollis Thompson,71.9236,27.27073,PHI
26190,Robert Covington,69.92237,14.99931,PHI
26190,Nerlens Noel,81.65422,13.47857,PHI
26190,Jahlil Okafor,73.19782,31.23412,PHI
26200,Ball,64.75666,9.55282,Ball
26200,Nikola Vucevic,72.7077,33.08754,ORL
26200,Elfrid Payton,66.50908,9.24685,ORL
26200,Evan Fournier,51.36825,42.99763,ORL
26200,Aaron Gordon,86.48714,2.01437,ORL
26200,Mario Hezonja,48.73343,21.7874,ORL
26200,Ish Smith,62.02145,23.38724,PHI
26200,Hollis Thompson,73.72109,28.34918,PHI
26200,Robert Covington,70.28959,14.40915,PHI
26200,Nerlens Noel,83.36643,12.25236,PHI
26200,Jahlil Okafor,76.62525,29.66022,PHI
26210,Ball,65.67589,7.25428,Ball
26210,Nikola Vucevic,76.04662,33.68304,ORL
26210,Elfrid Payton,66.77259,7.65831,ORL
26210,Evan Fournier,56.34318,43.18058,ORL
26210,Aaron Gordon,86.85705,1.91311,ORL
26210,Mario Hezonja,53.25286,23.20643,ORL
26210,Ish Smith,63.75503,22.56164,PHI
26210,Hollis Thompson,74.31494,30.07088,PHI
26210,Robert Covington,70.35994,13.4284,PHI
26210,Nerlens Noel,84.66722,11.2262,PHI
26210,Jahlil Okafor,78.92121,28.49058,PHI
26220,Ball,65.41774,6.88343,Ball
26220,Nikola Vucevic,78.80663,34.13151,ORL
26220,Elfrid Payton,66.95474,6.87432,ORL
26220,Evan Fournier,60.70083,43.59498,ORL
26220,Aaron Gordon,87.16842,2.02505,ORL
26220,Mario Hezonja,56.61947,25.49161,ORL
26220,Ish Smith,65.21637,22.76288,PHI
26220,Hollis Thompson,73.91363,32.00708,PHI
26220,Robert Covington,71.29358,12.83648,PHI
26220,Nerlens Noel,85.49854,10.25641,PHI
26220,Jahlil Okafor,80.20238,28.54153,PHI
26230,Ball,64.9766,6.96327,Ball
26230,Nikola Vucevic,80.958,34.04082,ORL
26230,Elfrid Payton,66.53702,6.19031,ORL
26230,Evan Fournier,64.3572,44.05198,ORL
26230,Aaron Gordon,87.21113,2.03701,ORL
26230,Mario Hezonja,58.98152,27.88587,ORL
26230,Ish Smith,66.42478,23.74087,PHI
26230,Hollis Thompson,73.55855,33.71229,PHI
26230,Robert Covington,71.81844,12.23076,PHI
26230,Nerlens Noel,86.08773,9.65261,PHI
26230,Jahlil Okafor,81.42617,29.1121,PHI
26240,Ball,64.08054,5.91023,Ball
26240,Nikola Vucevic,82.94068,33.86708,ORL
26240,Elfrid Payton,65.20743,5.49874,ORL
26240,Evan Fournier,67.30926,44.72304,ORL
26240,Aaron Gordon,87.07811,1.95026,ORL
26240,Mario Hezonja,60.90172,29.91932,ORL
26240,Ish Smith,67.45341,24.84574,PHI
26240,Hollis Thompson,73.56958,35.27661,PHI
26240,Robert Covington,71.60185,11.73845,PHI
26240,Nerlens Noel,86.21692,9.34098,PHI
26240,Jahlil Okafor,82.83768,29.57349,PHI
26250,Ball,64.82427,6.00866,Ball
26250,Nikola Vucevic,84.7401,34.34952,ORL
26250,Elfrid Payton,65.11004,5.01697,ORL
26250,Evan Fournier,69.55895,45.12068,ORL
26250,Aaron Gordon,87.10021,1.9118400000000002,ORL
26250,Mario Hezonja,62.77542,31.64283,ORL
26250,Ish Smith,68.72719,25.98242,PHI
26250,Hollis Thompson,73.8496,36.30171,PHI
26250,Robert Covington,71.26046,10.79616,PHI
26250,Nerlens Noel,85.97204,9.55506,PHI
26250,Jahlil Okafor,83.73823,29.93995,PHI
26260,Ball,72.72913,4.35021,Ball
26260,Nikola Vucevic,85.67065,35.05396,ORL
26260,Elfrid Payton,66.13377,4.49253,ORL
26260,Evan Fournier,71.60513,45.48731,ORL
26260,Aaron Gordon,87.2927,1.98337,ORL
26260,Mario Hezonja,63.79461,33.44736,ORL
26260,Ish Smith,69.27915,27.02185,PHI
26260,Hollis Thompson,74.84112,36.56215,PHI
26260,Robert Covington,71.53372,10.11463,PHI
26260,Nerlens Noel,85.3388,9.35398,PHI
26260,Jahlil Okafor,84.4343,30.75159,PHI
26270,Ball,85.53848,2.50205,Ball
26270,Nikola Vucevic,86.34631,35.90708,ORL
26270,Elfrid Payton,67.00436,3.88078,ORL
26270,Evan Fournier,73.45041,45.68748,ORL
26270,Aaron Gordon,87.04977,2.06188,ORL
26270,Mario Hezonja,63.98006,35.16845,ORL
26270,Ish Smith,69.91107,27.81323,PHI
26270,Hollis Thompson,75.87107,35.96604,PHI
26270,Robert Covington,73.0324,10.12081,PHI
26270,Nerlens Noel,85.88739,8.55864,PHI
26270,Jahlil Okafor,85.26339,31.24434,PHI
26280,Ball,87.18575,2.47228,Ball
26280,Nikola Vucevic,86.81031,36.38322,ORL
26280,Elfrid Payton,68.01211,3.19756,ORL
26280,Evan Fournier,75.13898,45.8534,ORL
26280,Aaron Gordon,86.88648,2.02326,ORL
26280,Mario Hezonja,64.24898,36.63073,ORL
26280,Ish Smith,71.02798,28.14087,PHI
26280,Hollis Thompson,77.07494,35.45589,PHI
26280,Robert Covington,74.97649,11.06271,PHI
26280,Nerlens Noel,87.01757,8.14261,PHI
26280,Jahlil Okafor,86.28438,31.06797,PHI
26290,Ball,85.96367,1.7456,Ball
26290,Nikola Vucevic,87.1905,36.33303,ORL
26290,Elfrid Payton,68.8772,2.66514,ORL
26290,Evan Fournier,76.58532,46.33904,ORL
26290,Aaron Gordon,86.61132,2.10141,ORL
26290,Mario Hezonja,64.85411,37.63917,ORL
26290,Ish Smith,72.04488,27.96905,PHI
26290,Hollis Thompson,78.67408,35.51013,PHI
26290,Robert Covington,75.74851,11.14803,PHI
26290,Nerlens Noel,86.87491,7.74244,PHI
26290,Jahlil Okafor,87.14439,31.10075,PHI
26300,Ball,86.46538,2.25394,Ball
26300,Nikola Vucevic,87.53503,35.68575,ORL
26300,Elfrid Payton,69.4504,2.81332,ORL
26300,Evan Fournier,77.49105,47.10037,ORL
26300,Aaron Gordon,86.52175,2.19799,ORL
26300,Mario Hezonja,65.55543,37.82862,ORL
26300,Ish Smith,72.75892,28.2642,PHI
26300,Hollis Thompson,79.95952,34.89511,PHI
26300,Robert Covington,75.73306,10.29771,PHI
26300,Nerlens Noel,86.78478,7.35428,PHI
26300,Jahlil Okafor,87.69817,31.48424,PHI
26310,Ball,83.63592,2.89737,Ball
26310,Nikola Vucevic,87.5788,35.04896,ORL
26310,Elfrid Payton,69.92385,3.35269,ORL
26310,Evan Fournier,77.77746,47.80438,ORL
26310,Aaron Gordon,86.19215,2.4184900000000003,ORL
26310,Mario Hezonja,66.43291,37.73823,ORL
26310,Ish Smith,73.27594,28.47614,PHI
26310,Hollis Thompson,80.99011,34.7143,PHI
26310,Robert Covington,75.3819,9.32051,PHI
26310,Nerlens Noel,86.892,6.94131,PHI
26310,Jahlil Okafor,87.99327,31.49889,PHI
26320,Ball,70.84608,2.88787,Ball
26320,Nikola Vucevic,87.02357,34.42794,ORL
26320,Elfrid Payton,69.45741,3.79219,ORL
26320,Evan Fournier,78.11594,48.12904,ORL
26320,Aaron Gordon,86.23858,2.61685,ORL
26320,Mario Hezonja,67.95498,37.19096,ORL
26320,Ish Smith,73.79597,28.47945,PHI
26320,Hollis Thompson,81.99331,34.99931,PHI
26320,Robert Covington,74.45616,8.77736,PHI
26320,Nerlens Noel,86.93154,6.97708,PHI
26320,Jahlil Okafor,88.05565,31.25817,PHI
26330,Ball,67.62613,4.60094,Ball
26330,Nikola Vucevic,86.449,34.08257,ORL
26330,Elfrid Payton,67.64606,3.7564900000000003,ORL
26330,Evan Fournier,78.70438,48.22501,ORL
26330,Aaron Gordon,87.13046,2.73524,ORL
26330,Mario Hezonja,70.11572,36.41243,ORL
26330,Ish Smith,74.52105,28.57998,PHI
26330,Hollis Thompson,82.32599,35.13547,PHI
26330,Robert Covington,73.09177,9.45077,PHI
26330,Nerlens Noel,86.69196,7.16584,PHI
26330,Jahlil Okafor,87.63888,31.10706,PHI
26340,Ball,65.08406,5.43151,Ball
26340,Nikola Vucevic,85.55939,33.69641,ORL
26340,Elfrid Payton,65.78276,3.93996,ORL
26340,Evan Fournier,79.2182,48.2819,ORL
26340,Aaron Gordon,87.66268,2.4235,ORL
26340,Mario Hezonja,72.73739,35.69602,ORL
26340,Ish Smith,75.19628,29.0613,PHI
26340,Hollis Thompson,81.27765,35.36127,PHI
26340,Robert Covington,71.86828,9.54638,PHI
26340,Nerlens Noel,86.19277,7.73383,PHI
26340,Jahlil Okafor,86.30623,30.94227,PHI
26350,Ball,63.56463,5.84916,Ball
26350,Nikola Vucevic,83.65088,33.35753,ORL
26350,Elfrid Payton,63.819,3.89303,ORL
26350,Evan Fournier,79.05751,48.25005,ORL
26350,Aaron Gordon,88.14008,2.10222,ORL
26350,Mario Hezonja,75.19254,35.69373,ORL
26350,Ish Smith,75.7737,29.54305,PHI
26350,Hollis Thompson,79.72356,35.5455,PHI
26350,Robert Covington,70.70218,9.86374,PHI
26350,Nerlens Noel,86.57128,8.59665,PHI
26350,Jahlil Okafor,84.91976,30.70903,PHI
26360,Ball,60.41688,5.9047,Ball
26360,Nikola Vucevic,81.63818,32.53665,ORL
26360,Elfrid Payton,61.57701,4.20983,ORL
26360,Evan Fournier,78.08912,48.03541,ORL
26360,Aaron Gordon,88.61738,2.08217,ORL
26360,Mario Hezonja,77.25897,35.84816,ORL
26360,Ish Smith,77.02672,30.21512,PHI
26360,Hollis Thompson,78.97195,37.3283,PHI
26360,Robert Covington,70.16105,10.60717,PHI
26360,Nerlens Noel,86.75655,9.63373,PHI
26360,Jahlil Okafor,83.26709,30.17797,PHI
26370,Ball,58.31046,5.04321,Ball
26370,Nikola Vucevic,79.88125,31.98612,ORL
26370,Elfrid Payton,59.34749,4.59531,ORL
26370,Evan Fournier,76.76446,47.5919,ORL
26370,Aaron Gordon,88.97489,2.10359,ORL
26370,Mario Hezonja,79.352,36.38935,ORL
26370,Ish Smith,78.48219,31.12044,PHI
26370,Hollis Thompson,77.98333,38.01843,PHI
26370,Robert Covington,69.59592,11.76232,PHI
26370,Nerlens Noel,86.70703,10.44372,PHI
26370,Jahlil Okafor,81.43273,29.55681,PHI
26370,Ball,58.14932,4.91863,Ball
26370,Nikola Vucevic,79.63939,31.82322,ORL
26370,Elfrid Payton,59.11886,4.63414,ORL
26370,Evan Fournier,76.62995,47.52287,ORL
26370,Aaron Gordon,89.00528,2.10612,ORL
26370,Mario Hezonja,79.58199,36.43652,ORL
26370,Ish Smith,78.52495,31.10148,PHI
26370,Hollis Thompson,77.86857,38.06304,PHI
26370,Robert Covington,69.57394,11.92456,PHI
26370,Nerlens Noel,86.71653,10.49343,PHI
26370,Jahlil Okafor,81.25151,29.54916,PHI
26380,Ball,56.54714,5.90136,Ball
26380,Nikola Vucevic,77.10143,30.64446,ORL
26380,Elfrid Payton,57.57779,4.90614,ORL
26380,Evan Fournier,75.19937,47.10565,ORL
26380,Aaron Gordon,89.16321,2.05319,ORL
26380,Mario Hezonja,81.49199,37.27641,ORL
26380,Ish Smith,79.3898,30.48578,PHI
26380,Hollis Thompson,76.95572,38.37103,PHI
26380,Robert Covington,69.57391,13.13467,PHI
26380,Nerlens Noel,86.9894,10.75154,PHI
26380,Jahlil Okafor,79.77837,28.82178,PHI
26400,Ball,55.72129,7.75763,Ball
26400,Nikola Vucevic,72.28065,26.67603,ORL
26400,Elfrid Payton,55.97443,6.53997,ORL
26400,Evan Fournier,71.82744,45.96757,ORL
26400,Aaron Gordon,89.10353,2.02661,ORL
26400,Mario Hezonja,84.71551,40.74788,ORL
26400,Ish Smith,82.93529,32.20251,PHI
26400,Hollis Thompson,75.41253,38.31818,PHI
26400,Robert Covington,69.01906,13.75192,PHI
26400,Nerlens Noel,87.08755,10.51767,PHI
26400,Jahlil Okafor,76.14981,24.87163,PHI
26410,Ball,57.17224,9.79936,Ball
26410,Nikola Vucevic,70.69871,22.61373,ORL
26410,Elfrid Payton,57.12212,8.12608,ORL
26410,Evan Fournier,70.24512,45.61449,ORL
26410,Aaron Gordon,88.99609,2.03123,ORL
26410,Mario Hezonja,85.93873,42.4355,ORL
26410,Ish Smith,83.91288,33.14259,PHI
26410,Hollis Thompson,74.66302,37.94542,PHI
26410,Robert Covington,68.03886,13.64792,PHI
26410,Nerlens Noel,86.68748,10.18633,PHI
26410,Jahlil Okafor,74.78135,23.02332,PHI
26420,Ball,57.9464,12.14863,Ball
26420,Nikola Vucevic,70.03279,19.30761,ORL
26420,Elfrid Payton,59.51233,10.93751,ORL
26420,Evan Fournier,68.63747,45.33296,ORL
26420,Aaron Gordon,88.65931,1.97208,ORL
26420,Mario Hezonja,87.20637,44.09014,ORL
26420,Ish Smith,84.92334,33.6236,PHI
26420,Hollis Thompson,74.05948,38.10848,PHI
26420,Robert Covington,66.8292,14.54561,PHI
26420,Nerlens Noel,86.73445,9.80337,PHI
26420,Jahlil Okafor,74.38149,21.23476,PHI
26420,Ball,58.72852,12.56051,Ball
26420,Nikola Vucevic,69.96356,19.10614,ORL
26420,Elfrid Payton,59.84711,11.13184,ORL
26420,Evan Fournier,68.4836,45.28759,ORL
26420,Aaron Gordon,88.61433,1.9773200000000002,ORL
26420,Mario Hezonja,87.29686,44.25719,ORL
26420,Ish Smith,85.01898,33.64119,PHI
26420,Hollis Thompson,74.00438,38.13588,PHI
26420,Robert Covington,66.81105,14.63887,PHI
26420,Nerlens Noel,86.76275,9.76269,PHI
26420,Jahlil Okafor,74.37986,20.97143,PHI
26430,Ball,64.37245,10.6451,Ball
26430,Nikola Vucevic,69.98286,17.6769,ORL
26430,Elfrid Payton,63.63435,11.58539,ORL
26430,Evan Fournier,67.19881,44.74989,ORL
26430,Aaron Gordon,87.92761,1.94388,ORL
26430,Mario Hezonja,87.99666,45.59997,ORL
26430,Ish Smith,85.78418,33.93615,PHI
26430,Hollis Thompson,73.61891,38.00069,PHI
26430,Robert Covington,67.56156,14.49761,PHI
26430,Nerlens Noel,87.15491,9.63776,PHI
26430,Jahlil Okafor,74.98772,18.93741,PHI
26440,Ball,68.95072,9.6734,Ball
26440,Nikola Vucevic,70.44908,16.68905,ORL
26440,Elfrid Payton,69.09912,11.15744,ORL
26440,Evan Fournier,66.08464,43.68572,ORL
26440,Aaron Gordon,87.47974,1.9515,ORL
26440,Mario Hezonja,88.3916,46.70836,ORL
26440,Ish Smith,86.45204,34.27008,PHI
26440,Hollis Thompson,73.76184,36.29989,PHI
26440,Robert Covington,70.48761,13.27789,PHI
26440,Nerlens Noel,87.67289,10.08812,PHI
26440,Jahlil Okafor,77.01421,18.138,PHI
26450,Ball,76.2613,9.34709,Ball
26450,Nikola Vucevic,71.13576,17.49007,ORL
26450,Elfrid Payton,74.24758,11.70649,ORL
26450,Evan Fournier,65.91705,42.1999,ORL
26450,Aaron Gordon,87.50007,2.06353,ORL
26450,Mario Hezonja,88.08229,47.41356,ORL
26450,Ish Smith,86.98559,34.13487,PHI
26450,Hollis Thompson,74.90621,33.57644,PHI
26450,Robert Covington,74.09132,13.03969,PHI
26450,Nerlens Noel,87.55578,10.18079,PHI
26450,Jahlil Okafor,79.59068,18.31091,PHI
26460,Ball,80.93568,11.16464,Ball
26460,Nikola Vucevic,72.40785,19.52191,ORL
26460,Elfrid Payton,79.13415,12.62824,ORL
26460,Evan Fournier,66.29802,40.35621,ORL
26460,Aaron Gordon,86.44612,2.43167,ORL
26460,Mario Hezonja,87.30671,47.467530000000004,ORL
26460,Ish Smith,87.22676,34.70297,PHI
26460,Hollis Thompson,76.38297,31.05121,PHI
26460,Robert Covington,78.76601,13.11687,PHI
26460,Nerlens Noel,86.82768,10.25229,PHI
26460,Jahlil Okafor,81.73788,19.09768,PHI
26470,Ball,76.38874,17.61307,Ball
26470,Nikola Vucevic,74.06748,21.468420000000002,ORL
26470,Elfrid Payton,82.65797,12.93975,ORL
26470,Evan Fournier,66.83482,38.63218,ORL
26470,Aaron Gordon,83.50568,3.0,ORL
26470,Mario Hezonja,86.57242,47.27229,ORL
26470,Ish Smith,87.21924,35.08395,PHI
26470,Hollis Thompson,77.36226,29.07446,PHI
26470,Robert Covington,82.3206,13.77648,PHI
26470,Nerlens Noel,86.23053,10.80227,PHI
26470,Jahlil Okafor,82.18974,20.24499,PHI
26480,Ball,75.71495,21.68904,Ball
26480,Nikola Vucevic,76.16031,22.14043,ORL
26480,Elfrid Payton,84.95981,13.83325,ORL
26480,Evan Fournier,68.67643,37.73719,ORL
26480,Aaron Gordon,80.26685,5.04716,ORL
26480,Mario Hezonja,86.66503,46.69538,ORL
26480,Ish Smith,87.00119,35.46261,PHI
26480,Hollis Thompson,77.54243,28.3034,PHI
26480,Robert Covington,84.39527,14.07784,PHI
26480,Nerlens Noel,85.53645,10.64282,PHI
26480,Jahlil Okafor,81.67516,22.0314,PHI
26490,Ball,78.16688,21.05014,Ball
26490,Nikola Vucevic,79.13048,21.86624,ORL
26490,Elfrid Payton,87.23111,14.93792,ORL
26490,Evan Fournier,72.32669,36.86155,ORL
26490,Aaron Gordon,77.88148,8.36386,ORL
26490,Mario Hezonja,86.23128,45.75647,ORL
26490,Ish Smith,86.83627,35.84499,PHI
26490,Hollis Thompson,77.69483,29.31171,PHI
26490,Robert Covington,85.71154,15.69476,PHI
26490,Nerlens Noel,84.00623,11.3889,PHI
26490,Jahlil Okafor,81.52345,23.16161,PHI
26500,Ball,82.11291,22.31826,Ball
26500,Nikola Vucevic,81.53375,22.54286,ORL
26500,Elfrid Payton,89.07861,16.30999,ORL
26500,Evan Fournier,76.7162,35.0826,ORL
26500,Aaron Gordon,75.82249,11.87183,ORL
26500,Mario Hezonja,84.51642,45.50901,ORL
26500,Ish Smith,87.24282,35.44509,PHI
26500,Hollis Thompson,79.54009,30.62337,PHI
26500,Robert Covington,86.36519,17.15525,PHI
26500,Nerlens Noel,82.59647,13.22616,PHI
26500,Jahlil Okafor,83.33816,23.42286,PHI
26510,Ball,81.49337,24.622,Ball
26510,Nikola Vucevic,82.57903,22.950870000000002,ORL
26510,Elfrid Payton,90.69874,18.44428,ORL
26510,Evan Fournier,80.24006,32.90099,ORL
26510,Aaron Gordon,76.06602,16.36972,ORL
26510,Mario Hezonja,82.00873,45.68173,ORL
26510,Ish Smith,86.86929,35.49877,PHI
26510,Hollis Thompson,82.02985,31.47028,PHI
26510,Robert Covington,86.68606,18.34215,PHI
26510,Nerlens Noel,82.35764,16.44384,PHI
26510,Jahlil Okafor,84.62055,23.51877,PHI
26520,Ball,82.71934,24.83612,Ball
26520,Nikola Vucevic,81.91364,24.12529,ORL
26520,Elfrid Payton,91.14463,21.12147,ORL
26520,Evan Fournier,82.02741,31.96818,ORL
26520,Aaron Gordon,77.88303,19.62659,ORL
26520,Mario Hezonja,78.95984,45.55945,ORL
26520,Ish Smith,85.98585,35.74426,PHI
26520,Hollis Thompson,83.68238,31.69412,PHI
26520,Robert Covington,86.99581,20.03438,PHI
26520,Nerlens Noel,82.76814,19.51321,PHI
26520,Jahlil Okafor,84.18884,24.285,PHI
26530,Ball,86.97691,24.79408,Ball
26530,Nikola Vucevic,80.19579,25.20897,ORL
26530,Elfrid Payton,90.5911,23.94469,ORL
26530,Evan Fournier,82.17795,31.55664,ORL
26530,Aaron Gordon,81.35328,22.12023,ORL
26530,Mario Hezonja,75.91237,44.74501,ORL
26530,Ish Smith,85.81419,35.51105,PHI
26530,Hollis Thompson,84.1862,31.04051,PHI
26530,Robert Covington,87.97775,22.23414,PHI
26530,Nerlens Noel,84.44579,21.93746,PHI
26530,Jahlil Okafor,83.24174,25.82019,PHI
26540,Ball,89.32045,25.50199,Ball
26540,Nikola Vucevic,76.9001,26.0142,ORL
26540,Elfrid Payton,89.56604,26.11593,ORL
26540,Evan Fournier,80.93635,30.91109,ORL
26540,Aaron Gordon,85.72501,24.55205,ORL
26540,Mario Hezonja,73.03244,43.2056,ORL
26540,Ish Smith,85.88521,35.47031,PHI
26540,Hollis Thompson,83.3893,30.49645,PHI
26540,Robert Covington,89.33193,23.11632,PHI
26540,Nerlens Noel,86.40568,24.51728,PHI
26540,Jahlil Okafor,82.47165,26.76398,PHI
26550,Ball,91.10092,26.76567,Ball
26550,Nikola Vucevic,72.92028,26.20032,ORL
26550,Elfrid Payton,88.49703,29.28219,ORL
26550,Evan Fournier,78.64132,31.40619,ORL
26550,Aaron Gordon,86.58863,26.2205,ORL
26550,Mario Hezonja,69.99459,41.29734,ORL
26550,Ish Smith,86.82149,35.8756,PHI
26550,Hollis Thompson,81.81729,30.4631,PHI
26550,Robert Covington,90.70321,23.23099,PHI
26550,Nerlens Noel,88.23254,25.40203,PHI
26550,Jahlil Okafor,81.57822,27.2064,PHI
26560,Ball,92.91063,27.89388,Ball
26560,Nikola Vucevic,68.56502,26.10441,ORL
26560,Elfrid Payton,87.04088,31.32892,ORL
26560,Evan Fournier,75.68113,31.54532,ORL
26560,Aaron Gordon,84.75326,25.66579,ORL
26560,Mario Hezonja,67.02396,39.23075,ORL
26560,Ish Smith,87.39512,37.03711,PHI
26560,Hollis Thompson,79.35185,31.20543,PHI
26560,Robert Covington,91.45008,23.22855,PHI
26560,Nerlens Noel,90.99885,25.911,PHI
26560,Jahlil Okafor,79.23336,27.15141,PHI
26590,Ball,92.91245,29.70499,Ball
26590,Nikola Vucevic,51.19073,25.5403,ORL
26590,Elfrid Payton,83.94045,35.10777,ORL
26590,Evan Fournier,65.74893,30.64051,ORL
26590,Aaron Gordon,71.42979,22.52091,ORL
26590,Mario Hezonja,56.16117,37.34202,ORL
26590,Ish Smith,90.62497,32.6752,PHI
26590,Hollis Thompson,65.13159,36.3905,PHI
26590,Robert Covington,86.54576,20.60863,PHI
26590,Nerlens Noel,95.76231,29.95595,PHI
26590,Jahlil Okafor,65.32948,25.05754,PHI
26600,Ball,88.95923,27.38901,Ball
26600,Nikola Vucevic,45.15882,25.17584,ORL
26600,Elfrid Payton,80.00125,35.03031,ORL
26600,Evan Fournier,62.95776,28.66074,ORL
26600,Aaron Gordon,66.62681,23.34381,ORL
26600,Mario Hezonja,51.85278,37.8523,ORL
26600,Ish Smith,89.17273,27.97247,PHI
26600,Hollis Thompson,59.23883,38.3096,PHI
26600,Robert Covington,83.33616,20.68672,PHI
26600,Nerlens Noel,95.21852,30.509,PHI
26600,Jahlil Okafor,59.77726,24.08038,PHI
26610,Ball,85.14001,22.15002,Ball
26610,Nikola Vucevic,39.49303,24.49215,ORL
26610,Elfrid Payton,75.26598,33.54352,ORL
26610,Evan Fournier,60.6241,27.00449,ORL
26610,Aaron Gordon,61.97799,23.75076,ORL
26610,Mario Hezonja,47.29784,38.52747,ORL
26610,Ish Smith,85.34516,23.63868,PHI
26610,Hollis Thompson,53.27098,40.07974,PHI
26610,Robert Covington,79.07918,22.16795,PHI
26610,Nerlens Noel,93.24654,31.04733,PHI
26610,Jahlil Okafor,54.18906,22.98649,PHI
26620,Ball,78.61612,20.61059,Ball
26620,Nikola Vucevic,34.42445,23.8119,ORL
26620,Elfrid Payton,70.17632,30.8374,ORL
26620,Evan Fournier,58.03447,26.52901,ORL
26620,Aaron Gordon,57.44227,24.1465,ORL
26620,Mario Hezonja,42.54134,39.13559,ORL
26620,Ish Smith,79.90803,20.24037,PHI
26620,Hollis Thompson,47.23098,41.74597,PHI
26620,Robert Covington,74.01481,25.13947,PHI
26620,Nerlens Noel,90.16059,31.3295,PHI
26620,Jahlil Okafor,48.52205,21.95948,PHI
26630,Ball,73.07363,18.70908,Ball
26630,Nikola Vucevic,30.1315,23.76881,ORL
26630,Elfrid Payton,64.64877,27.28955,ORL
26630,Evan Fournier,54.52337,27.14701,ORL
26630,Aaron Gordon,52.73678,25.2155,ORL
26630,Mario Hezonja,37.69032,39.63015,ORL
26630,Ish Smith,73.31557,17.48524,PHI
26630,Hollis Thompson,41.32478,43.22959,PHI
26630,Robert Covington,68.72181,28.42116,PHI
26630,Nerlens Noel,85.94424,31.3435,PHI
26630,Jahlil Okafor,42.77715,20.77526,PHI
26640,Ball,65.11252,15.83786,Ball
26640,Nikola Vucevic,26.48898,23.72196,ORL
26640,Elfrid Payton,58.70868,23.73619,ORL
26640,Evan Fournier,50.97521,28.39504,ORL
26640,Aaron Gordon,48.32017,26.39729,ORL
26640,Mario Hezonja,32.90235,39.79268,ORL
26640,Ish Smith,66.36719,15.01615,PHI
26640,Hollis Thompson,35.66989,44.28669,PHI
26640,Robert Covington,62.69058,31.67627,PHI
26640,Nerlens Noel,81.04488,31.13728,PHI
26640,Jahlil Okafor,37.26265,19.59147,PHI
26650,Ball,58.02172,13.88019,Ball
26650,Nikola Vucevic,23.6121,23.00635,ORL
26650,Elfrid Payton,52.36153,20.72356,ORL
26650,Evan Fournier,47.28078,29.77953,ORL
26650,Aaron Gordon,43.85403,26.95065,ORL
26650,Mario Hezonja,28.12932,39.68668,ORL
26650,Ish Smith,59.30455,13.08658,PHI
26650,Hollis Thompson,30.23317,45.23039,PHI
26650,Robert Covington,56.85596,34.55215,PHI
26650,Nerlens Noel,75.75794,30.76263,PHI
26650,Jahlil Okafor,31.97833,18.37529,PHI
26670,Ball,45.90061,8.57916,Ball
26670,Nikola Vucevic,20.94609,19.5379,ORL
26670,Elfrid Payton,40.39785,16.09588,ORL
26670,Evan Fournier,39.595,32.83884,ORL
26670,Aaron Gordon,36.00119,26.72801,ORL
26670,Mario Hezonja,19.73219,38.66177,ORL
26670,Ish Smith,46.40893,9.68814,PHI
26670,Hollis Thompson,21.0125,46.92005,PHI
26670,Robert Covington,46.33019,38.92388,PHI
26670,Nerlens Noel,65.4559,29.69824,PHI
26670,Jahlil Okafor,23.29008,16.77765,PHI
26670,Ball,45.94251,9.59323,Ball
26670,Nikola Vucevic,20.78347,19.49137,ORL
26670,Elfrid Payton,39.80758,15.90402,ORL
26670,Evan Fournier,39.17127,33.00429,ORL
26670,Aaron Gordon,35.64938,26.6726,ORL
26670,Mario Hezonja,19.33947,38.58438,ORL
26670,Ish Smith,45.76311,9.59764,PHI
26670,Hollis Thompson,20.57501,46.98819,PHI
26670,Robert Covington,45.80477,39.11871,PHI
26670,Nerlens Noel,64.91475,29.62795,PHI
26670,Jahlil Okafor,22.89799,16.70937,PHI
26680,Ball,39.49815,10.53874,Ball
26680,Nikola Vucevic,19.32213,18.90509,ORL
26680,Elfrid Payton,34.86976,14.54776,ORL
26680,Evan Fournier,35.37159,34.19263,ORL
26680,Aaron Gordon,32.57692,26.17017,ORL
26680,Mario Hezonja,16.00411,37.84203,ORL
26680,Ish Smith,39.99391,9.85449,PHI
26680,Hollis Thompson,17.01748,47.64426,PHI
26680,Robert Covington,41.30468,40.73999,PHI
26680,Nerlens Noel,60.01941,28.8143,PHI
26680,Jahlil Okafor,20.04796,15.87564,PHI
26700,Ball,28.37994,17.84329,Ball
26700,Nikola Vucevic,16.72656,16.07473,ORL
26700,Elfrid Payton,25.4561,17.18637,ORL
26700,Evan Fournier,28.66563,35.32975,ORL
26700,Aaron Gordon,27.67145,24.65651,ORL
26700,Mario Hezonja,10.76934,36.50959,ORL
26700,Ish Smith,27.3377,17.31746,PHI
26700,Hollis Thompson,11.79233,48.331,PHI
26700,Robert Covington,33.33122,42.84045,PHI
26700,Nerlens Noel,49.98516,26.79943,PHI
26700,Jahlil Okafor,17.82204,14.45027,PHI
26710,Ball,21.91026,21.04901,Ball
26710,Nikola Vucevic,14.84897,16.74692,ORL
26710,Elfrid Payton,20.21105,19.98471,ORL
26710,Evan Fournier,25.83965,35.24165,ORL
26710,Aaron Gordon,25.31635,23.20493,ORL
26710,Mario Hezonja,8.8471,36.54585,ORL
26710,Ish Smith,21.83511,21.09464,PHI
26710,Hollis Thompson,10.23558,48.05792,PHI
26710,Robert Covington,30.32042,43.12891,PHI
26710,Nerlens Noel,45.32101,26.16437,PHI
26710,Jahlil Okafor,17.41688,13.64882,PHI
26720,Ball,16.0634,13.79161,Ball
26720,Nikola Vucevic,12.89073,17.69568,ORL
26720,Elfrid Payton,15.10773,23.09127,ORL
26720,Evan Fournier,23.683,35.49186,ORL
26720,Aaron Gordon,24.0567,23.46171,ORL
26720,Mario Hezonja,7.7552200000000004,36.45971,ORL
26720,Ish Smith,17.54562,24.30657,PHI
26720,Hollis Thompson,9.52436,47.89007,PHI
26720,Robert Covington,28.07183,43.31398,PHI
26720,Nerlens Noel,41.22519,25.79584,PHI
26720,Jahlil Okafor,16.31478,13.5396,PHI
26720,Ball,15.86174,13.84693,Ball
26720,Nikola Vucevic,12.69096,17.76164,ORL
26720,Elfrid Payton,14.67932,23.38894,ORL
26720,Evan Fournier,23.4719,35.5621,ORL
26720,Aaron Gordon,23.90314,23.44385,ORL
26720,Mario Hezonja,7.72069,36.45964,ORL
26720,Ish Smith,17.2249,24.51839,PHI
26720,Hollis Thompson,9.51603,47.88341,PHI
26720,Robert Covington,27.91564,43.32124,PHI
26720,Nerlens Noel,40.87864,25.77482,PHI
26720,Jahlil Okafor,16.18779,13.58204,PHI
26730,Ball,15.48157,14.46665,Ball
26730,Nikola Vucevic,11.07115,18.84819,ORL
26730,Elfrid Payton,11.8603,25.33236,ORL
26730,Evan Fournier,21.8747,36.42253,ORL
26730,Aaron Gordon,21.99779,23.22852,ORL
26730,Mario Hezonja,7.82654,36.59355,ORL
26730,Ish Smith,15.13153,25.51873,PHI
26730,Hollis Thompson,9.63074,47.80083,PHI
26730,Robert Covington,27.12074,43.26654,PHI
26730,Nerlens Noel,38.24654,25.66651,PHI
26730,Jahlil Okafor,15.42811,13.955210000000001,PHI
26740,Ball,15.77561,15.00956,Ball
26740,Nikola Vucevic,9.75892,20.28705,ORL
26740,Elfrid Payton,10.669270000000001,26.15662,ORL
26740,Evan Fournier,21.61584,36.62501,ORL
26740,Aaron Gordon,19.7838,23.03752,ORL
26740,Mario Hezonja,7.30445,35.85731,ORL
26740,Ish Smith,13.90795,27.21506,PHI
26740,Hollis Thompson,9.51881,47.76622,PHI
26740,Robert Covington,27.29605,43.0364,PHI
26740,Nerlens Noel,36.24381,25.32523,PHI
26740,Jahlil Okafor,15.72289,14.52988,PHI
26750,Ball,16.92721,15.61849,Ball
26750,Nikola Vucevic,8.57205,21.51841,ORL
26750,Elfrid Payton,9.89386,26.72802,ORL
26750,Evan Fournier,22.60542,36.272,ORL
26750,Aaron Gordon,19.40538,21.82079,ORL
26750,Mario Hezonja,6.7439800000000005,32.83219,ORL
26750,Ish Smith,14.47357,28.34546,PHI
26750,Hollis Thompson,9.79504,47.35411,PHI
26750,Robert Covington,28.39162,42.57052,PHI
26750,Nerlens Noel,35.26167,25.06748,PHI
26750,Jahlil Okafor,15.78682,15.56359,PHI
26760,Ball,16.09244,16.18034,Ball
26760,Nikola Vucevic,7.35146,23.46405,ORL
26760,Elfrid Payton,8.59385,27.51282,ORL
26760,Evan Fournier,23.90677,36.59228,ORL
26760,Aaron Gordon,20.14734,20.31217,ORL
26760,Mario Hezonja,5.83584,28.98938,ORL
26760,Ish Smith,15.7924,28.40981,PHI
26760,Hollis Thompson,11.56325,46.65088,PHI
26760,Robert Covington,29.97252,42.0366,PHI
26760,Nerlens Noel,35.43827,24.83834,PHI
26760,Jahlil Okafor,15.38766,17.05032,PHI
26770,Ball,16.26239,18.71555,Ball
26770,Nikola Vucevic,5.5519,24.68516,ORL
26770,Elfrid Payton,7.92893,29.08728,ORL
26770,Evan Fournier,25.68627,37.42825,ORL
26770,Aaron Gordon,21.68554,19.22734,ORL
26770,Mario Hezonja,4.55857,25.87443,ORL
26770,Ish Smith,17.05807,27.56191,PHI
26770,Hollis Thompson,14.40501,45.83984,PHI
26770,Robert Covington,32.20801,40.7554,PHI
26770,Nerlens Noel,36.76513,24.69225,PHI
26770,Jahlil Okafor,15.54005,18.73049,PHI
26780,Ball,17.60557,20.01392,Ball
26780,Nikola Vucevic,5.65091,25.46626,ORL
26780,Elfrid Payton,7.81642,31.45157,ORL
26780,Evan Fournier,28.25326,38.5797,ORL
26780,Aaron Gordon,24.67538,16.99129,ORL
26780,Mario Hezonja,4.73796,21.96267,ORL
26780,Ish Smith,19.31516,26.83066,PHI
26780,Hollis Thompson,18.43773,44.64077,PHI
26780,Robert Covington,34.97242,39.07745,PHI
26780,Nerlens Noel,38.89906,24.655450000000002,PHI
26780,Jahlil Okafor,17.53172,20.02141,PHI
26790,Ball,19.53093,21.44342,Ball
26790,Nikola Vucevic,8.67879,25.63041,ORL
26790,Elfrid Payton,9.01137,34.32852,ORL
26790,Evan Fournier,31.90041,40.33342,ORL
26790,Aaron Gordon,29.18188,14.1485,ORL
26790,Mario Hezonja,7.36528,17.32671,ORL
26790,Ish Smith,22.78878,26.44296,PHI
26790,Hollis Thompson,23.32898,43.17278,PHI
26790,Robert Covington,38.88857,37.49153,PHI
26790,Nerlens Noel,41.66496,24.51167,PHI
26790,Jahlil Okafor,20.37736,21.23446,PHI
26800,Ball,23.06414,22.61605,Ball
26800,Nikola Vucevic,10.914,27.22758,ORL
26800,Elfrid Payton,11.897310000000001,37.11607,ORL
26800,Evan Fournier,36.68896,42.22292,ORL
26800,Aaron Gordon,35.10746,11.17973,ORL
26800,Mario Hezonja,12.05177,13.75028,ORL
26800,Ish Smith,27.10963,26.40477,PHI
26800,Hollis Thompson,28.9875,41.65585,PHI
26800,Robert Covington,43.7572,36.16657,PHI
26800,Nerlens Noel,45.40439,23.58666,PHI
26800,Jahlil Okafor,24.01147,22.48063,PHI
