21300,Ball,74.3255,48.94196,Ball
21300,Nick Collison,70.56111,32.22578,OKC
21300,D.J. Augustin,62.01828,25.08315,OKC
21300,Kyle Singler,87.45552,17.04127,OKC
21300,Dion Waiters,76.67788,46.56557,OKC
21300,Enes Kanter,75.08202,12.0318,OKC
21300,Patrick Patterson,73.45595,36.21235,TOR
21300,DeMar DeRozan,81.82927,22.88215,TOR
21300,Terrence Ross,80.77969,41.53714,TOR
21300,Cory Joseph,65.12359,24.18109,TOR
21300,Bismack Biyombo,88.45098,19.54024,TOR
21300,Ball,74.06558,48.85864,Ball
21300,Nick Collison,70.58275,32.22089,OKC
21300,D.J. Augustin,62.00961,25.08544,OKC
21300,Kyle Singler,87.40406,17.18519,OKC
21300,Dion Waiters,76.5775,46.67878,OKC
21300,Enes Kanter,75.0472,12.04297,OKC
21300,Patrick Patterson,73.47014,36.20479,TOR
21300,DeMar DeRozan,81.90668,22.93566,TOR
21300,Terrence Ross,80.71997,41.69445,TOR
21300,Cory Joseph,65.10791,24.23227,TOR
21300,Bismack Biyombo,88.45858,19.574,TOR
21300,Ball,73.90624,48.91572,Ball
21300,Nick Collison,70.60395,32.2215,OKC
21300,D.J. Augustin,62.00215,25.08228,OKC
21300,Kyle Singler,87.35607,17.33042,OKC
21300,Dion Waiters,76.48245,46.78066,OKC
21300,Enes Kanter,75.01249,12.05511,OKC
21300,Patrick Patterson,73.47933,36.19955,TOR
21300,DeMar DeRozan,81.98446,22.99195,TOR
21300,Terrence Ross,80.66353,41.84684,TOR
21300,Cory Joseph,65.08996,24.24941,TOR
21300,Bismack Biyombo,88.45955,19.622700000000002,TOR
21300,Ball,73.71709,48.790350000000004,Ball
21300,Nick Collison,70.63439,32.21116,OKC
21300,D.J. Augustin,61.99173,25.09435,OKC
21300,Kyle Singler,87.30693,17.48759,OKC
21300,Dion Waiters,76.38395,46.87656,OKC
21300,Enes Kanter,74.98337,12.06051,OKC
21300,Patrick Patterson,73.4864,36.19436,TOR
21300,DeMar DeRozan,82.06106,23.04538,TOR
21300,Terrence Ross,80.60614,41.9953,TOR
21300,Cory Joseph,65.0742,24.27176,TOR
21300,Bismack Biyombo,88.45689,19.68245,TOR
21300,Ball,73.63169,48.70785,Ball
21300,Nick Collison,70.67383,32.18238,OKC
21300,D.J. Augustin,61.98445,25.11215,OKC
21300,Kyle Singler,87.24203,17.62992,OKC
21300,Dion Waiters,76.29036,46.97689,OKC
21300,Enes Kanter,74.95532,12.06491,OKC
21300,Patrick Patterson,73.49033,36.19054,TOR
21300,DeMar DeRozan,82.13429,23.10557,TOR
21300,Terrence Ross,80.54835,42.14146,TOR
21300,Cory Joseph,65.05743,24.30226,TOR
21300,Bismack Biyombo,88.44434,19.75329,TOR
21300,Ball,73.4105,48.49884,Ball
21300,Nick Collison,70.70865,32.16146,OKC
21300,D.J. Augustin,61.98189,25.12534,OKC
21300,Kyle Singler,87.16145,17.77879,OKC
21300,Dion Waiters,76.20754,47.08264,OKC
21300,Enes Kanter,74.93073,12.06535,OKC
21300,Patrick Patterson,73.49046,36.18592,TOR
21300,DeMar DeRozan,82.20501,23.16737,TOR
21300,Terrence Ross,80.49199,42.27794,TOR
21300,Cory Joseph,65.03837,24.33947,TOR
21300,Bismack Biyombo,88.43104,19.82421,TOR
21300,Ball,73.22332,48.44107,Ball
21300,Nick Collison,70.74511,32.13886,OKC
21300,D.J. Augustin,61.98206,25.13913,OKC
21300,Kyle Singler,87.09847,17.92656,OKC
21300,Dion Waiters,76.12783,47.16753,OKC
21300,Enes Kanter,74.90738,12.06776,OKC
21300,Patrick Patterson,73.52907,36.14934,TOR
21300,DeMar DeRozan,82.27648,23.2354,TOR
21300,Terrence Ross,80.43395,42.4131,TOR
21300,Cory Joseph,65.01715,24.37637,TOR
21300,Bismack Biyombo,88.41709,19.90497,TOR
21300,Ball,73.05009,48.44004,Ball
21300,Nick Collison,70.78392,32.11865,OKC
21300,D.J. Augustin,61.98007,25.15915,OKC
21300,Kyle Singler,87.01155,18.12521,OKC
21300,Dion Waiters,76.05395,47.28705,OKC
21300,Enes Kanter,74.88854,12.06926,OKC
21300,Patrick Patterson,73.53148,36.14154,TOR
21300,DeMar DeRozan,82.3424,23.30443,TOR
21300,Terrence Ross,80.37482,42.54542,TOR
21300,Cory Joseph,64.99527,24.41837,TOR
21300,Bismack Biyombo,88.39543,19.99687,TOR
21300,Ball,72.7917,48.57179,Ball
21300,Nick Collison,70.80964,32.10902,OKC
21300,D.J. Augustin,61.97829,25.1874,OKC
21300,Kyle Singler,86.93259,18.29638,OKC
21300,Dion Waiters,75.98266,47.3793,OKC
21300,Enes Kanter,74.87468,12.06817,OKC
21300,Patrick Patterson,73.53361,36.131,TOR
21300,DeMar DeRozan,82.4056,23.42433,TOR
21300,Terrence Ross,80.31544,42.67465,TOR
21300,Cory Joseph,64.97431,24.46864,TOR
21300,Bismack Biyombo,88.37656,20.09749,TOR
21300,Ball,72.49842,48.51245,Ball
21300,Nick Collison,70.83965,32.09706,OKC
21300,D.J. Augustin,61.97958,25.2117,OKC
21300,Kyle Singler,86.87974,18.45873,OKC
21300,Dion Waiters,75.91243,47.49486,OKC
21300,Enes Kanter,74.86313,12.06769,OKC
21300,Patrick Patterson,73.53578,36.12079,TOR
21300,DeMar DeRozan,82.46028,23.54805,TOR
21300,Terrence Ross,80.25605,42.79783,TOR
21300,Cory Joseph,64.9533,24.52366,TOR
21300,Bismack Biyombo,88.35587,20.2079,TOR
21300,Ball,72.45291,48.37595,Ball
21300,Nick Collison,70.87087,32.08555,OKC
21300,D.J. Augustin,61.98175,25.23776,OKC
21300,Kyle Singler,86.81576,18.6315,OKC
21300,Dion Waiters,75.85332,47.59211,OKC
21300,Enes Kanter,74.8567,12.068670000000001,OKC
21300,Patrick Patterson,73.53361,36.11317,TOR
21300,DeMar DeRozan,82.51384,23.66927,TOR
21300,Terrence Ross,80.19023,42.91788,TOR
21300,Cory Joseph,64.95039,24.58636,TOR
21300,Bismack Biyombo,88.33866,20.32204,TOR
21300,Ball,72.19276,48.44005,Ball
21300,Nick Collison,70.89234,32.0847,OKC
21300,D.J. Augustin,61.9818,25.26622,OKC
21300,Kyle Singler,86.76952,18.84057,OKC
21300,Dion Waiters,75.79559,47.69825,OKC
21300,Enes Kanter,74.85162,12.07098,OKC
21300,Patrick Patterson,73.52755,36.10518,TOR
21300,DeMar DeRozan,82.56524,23.74074,TOR
21300,Terrence Ross,80.08782,43.06077,TOR
21300,Cory Joseph,64.93827,24.6204,TOR
21300,Bismack Biyombo,88.32187,20.44441,TOR
21300,Ball,71.93656,48.43984,Ball
21300,Nick Collison,70.91121,32.08413,OKC
21300,D.J. Augustin,61.98373,25.28318,OKC
21300,Kyle Singler,86.71386,19.06352,OKC
21300,Dion Waiters,75.74451,47.81901,OKC
21300,Enes Kanter,74.85214,12.07019,OKC
21300,Patrick Patterson,73.48164,36.12762,TOR
21300,DeMar DeRozan,82.60479,23.86512,TOR
21300,Terrence Ross,79.98484,43.19554,TOR
21300,Cory Joseph,64.9285,24.65767,TOR
21300,Bismack Biyombo,88.30595,20.57413,TOR
21300,Ball,71.88086,48.46224,Ball
21300,Nick Collison,70.9172,32.09253,OKC
21300,D.J. Augustin,61.99141,25.30012,OKC
21300,Kyle Singler,86.6538,19.26374,OKC
21300,Dion Waiters,75.69554,47.92831,OKC
21300,Enes Kanter,74.85324,12.06825,OKC
21300,Patrick Patterson,73.43652,36.14614,TOR
21300,DeMar DeRozan,82.64581,23.93932,TOR
21300,Terrence Ross,79.87431,43.32315,TOR
21300,Cory Joseph,64.92457,24.65271,TOR
21300,Bismack Biyombo,88.2888,20.70744,TOR
21300,Ball,71.66683,48.54139,Ball
21300,Nick Collison,70.91981,32.10644,OKC
21300,D.J. Augustin,62.00147,25.31654,OKC
21300,Kyle Singler,86.57819,19.46774,OKC
21300,Dion Waiters,75.64396,48.0464,OKC
21300,Enes Kanter,74.85602,12.06657,OKC
21300,Patrick Patterson,73.39389,36.16278,TOR
21300,DeMar DeRozan,82.67747,24.06107,TOR
21300,Terrence Ross,79.76793,43.45337,TOR
21300,Cory Joseph,64.92095,24.67197,TOR
21300,Bismack Biyombo,88.26956,20.84816,TOR
21300,Ball,71.64148,48.47496,Ball
21300,Nick Collison,70.91578,32.12033,OKC
21300,D.J. Augustin,62.00692,25.33882,OKC
21300,Kyle Singler,86.52033,19.68053,OKC
21300,Dion Waiters,75.5962,48.17215,OKC
21300,Enes Kanter,74.86384,12.0611,OKC
21300,Patrick Patterson,73.3559,36.17428,TOR
21300,DeMar DeRozan,82.70205,24.17884,TOR
21300,Terrence Ross,79.6647,43.57999,TOR
21300,Cory Joseph,64.92076,24.69424,TOR
21300,Bismack Biyombo,88.25372,20.9973,TOR
21300,Ball,71.49282,48.49606,Ball
21300,Nick Collison,70.9075,32.13547,OKC
21300,D.J. Augustin,62.00722,25.36157,OKC
21300,Kyle Singler,86.44855,19.87795,OKC
21300,Dion Waiters,75.5509,48.29628,OKC
21300,Enes Kanter,74.87265,12.05721,OKC
21300,Patrick Patterson,73.32377,36.17865,TOR
21300,DeMar DeRozan,82.7468,24.24376,TOR
21300,Terrence Ross,79.60157,43.68621,TOR
21300,Cory Joseph,64.91621,24.71326,TOR
21300,Bismack Biyombo,88.23474,21.1541,TOR
21300,Ball,71.40185,48.42347,Ball
21300,Nick Collison,70.89876,32.1516,OKC
21300,D.J. Augustin,62.00793,25.39097,OKC
21300,Kyle Singler,86.38793,20.10213,OKC
21300,Dion Waiters,75.50014,48.42474,OKC
21300,Enes Kanter,74.88403,12.04984,OKC
21300,Patrick Patterson,73.30202,36.17518,TOR
21300,DeMar DeRozan,82.7899,24.30588,TOR
21300,Terrence Ross,79.53362,43.78788,TOR
21300,Cory Joseph,64.91207,24.73178,TOR
21300,Bismack Biyombo,88.20602,21.32992,TOR
21300,Ball,71.45723,48.3368,Ball
21300,Nick Collison,70.88832,32.17191,OKC
21300,D.J. Augustin,62.00717,25.41667,OKC
21300,Kyle Singler,86.30191,20.30511,OKC
21300,Dion Waiters,75.46033,48.5536,OKC
21300,Enes Kanter,74.89185,12.04832,OKC
21300,Patrick Patterson,73.28391,36.17053,TOR
21300,DeMar DeRozan,82.83114,24.37506,TOR
21300,Terrence Ross,79.46783,43.88254,TOR
21300,Cory Joseph,64.90634,24.75222,TOR
21300,Bismack Biyombo,88.18678,21.49425,TOR
21300,Ball,71.4249,48.3565,Ball
21300,Nick Collison,70.87918,32.18574,OKC
21300,D.J. Augustin,62.00428,25.44351,OKC
21300,Kyle Singler,86.22459,20.51554,OKC
21300,Dion Waiters,75.42891,48.67297,OKC
21300,Enes Kanter,74.89942,12.04607,OKC
21300,Patrick Patterson,73.27381,36.15971,TOR
21300,DeMar DeRozan,82.86861,24.44258,TOR
21300,Terrence Ross,79.40607,43.97294,TOR
21300,Cory Joseph,64.89637,24.77267,TOR
21300,Bismack Biyombo,88.15751,21.66924,TOR
21300,Ball,71.29459,48.39939,Ball
21300,Nick Collison,70.87057,32.19941,OKC
21300,D.J. Augustin,62.00198,25.47553,OKC
21300,Kyle Singler,86.15259,20.69813,OKC
21300,Dion Waiters,75.39776,48.79319,OKC
21300,Enes Kanter,74.90555,12.04401,OKC
21300,Patrick Patterson,73.27004,36.1422,TOR
21300,DeMar DeRozan,82.9038,24.5108,TOR
21300,Terrence Ross,79.34573,44.06901,TOR
21300,Cory Joseph,64.87785,24.82115,TOR
21300,Bismack Biyombo,88.13504,21.83263,TOR
21300,Ball,71.29745,48.46568,Ball
21300,Nick Collison,70.85913,32.21211,OKC
21300,D.J. Augustin,61.99968,25.51416,OKC
21300,Kyle Singler,86.07379,20.88312,OKC
21300,Dion Waiters,75.36589,48.90983,OKC
21300,Enes Kanter,74.911,12.04196,OKC
21300,Patrick Patterson,73.23002,36.1514,TOR
21300,DeMar DeRozan,82.93514,24.57757,TOR
21300,Terrence Ross,79.28546,44.1585,TOR
21300,Cory Joseph,64.86036,24.86212,TOR
21300,Bismack Biyombo,88.10406,22.0057,TOR
21300,Ball,71.22978,48.53843,Ball
21300,Nick Collison,70.84617,32.22309,OKC
21300,D.J. Augustin,62.0004,25.54588,OKC
21300,Kyle Singler,86.03204,21.0183,OKC
21300,Dion Waiters,75.34305,49.00188,OKC
21300,Enes Kanter,74.91525,12.04028,OKC
21300,Patrick Patterson,73.22834,36.13038,TOR
21300,DeMar DeRozan,82.96157,24.65005,TOR
21300,Terrence Ross,79.22791,44.24949,TOR
21300,Cory Joseph,64.84174,24.89618,TOR
21300,Bismack Biyombo,88.07261,22.17391,TOR
21300,Ball,71.13306,48.67028,Ball
21300,Nick Collison,70.83915,32.22756,OKC
21300,D.J. Augustin,61.99969,25.56779,OKC
21300,Kyle Singler,85.98964,21.17391,OKC
21300,Dion Waiters,75.32564,49.10487,OKC
21300,Enes Kanter,74.91868,12.03946,OKC
21300,Patrick Patterson,73.22827,36.10976,TOR
21300,DeMar DeRozan,82.98745,24.66061,TOR
21300,Terrence Ross,79.1723,44.33883,TOR
21300,Cory Joseph,64.81942,24.89025,TOR
21300,Bismack Biyombo,88.03652,22.33806,TOR
21300,Ball,71.40568,48.64066,Ball
21300,Nick Collison,70.82259,32.23285,OKC
21300,D.J. Augustin,62.00152,25.59111,OKC
21300,Kyle Singler,85.947,21.3407,OKC
21300,Dion Waiters,75.29504,49.18666,OKC
21300,Enes Kanter,74.92006,12.04052,OKC
21300,Patrick Patterson,73.23029,36.0853,TOR
21300,DeMar DeRozan,83.01631,24.66458,TOR
21300,Terrence Ross,79.11847,44.42962,TOR
21300,Cory Joseph,64.7744,24.88183,TOR
21300,Bismack Biyombo,88.00084,22.50319,TOR
21300,Ball,71.24639,48.78722,Ball
21300,Nick Collison,70.81132,32.22738,OKC
21300,D.J. Augustin,62.00342,25.61758,OKC
21300,Kyle Singler,85.92943,21.49124,OKC
21300,Dion Waiters,75.25774,49.27657,OKC
21300,Enes Kanter,74.9209,12.03886,OKC
21300,Patrick Patterson,73.23705,36.06073,TOR
21300,DeMar DeRozan,83.04006,24.66922,TOR
21300,Terrence Ross,79.07459,44.52068,TOR
21300,Cory Joseph,64.71982,24.82793,TOR
21300,Bismack Biyombo,87.96224,22.66722,TOR
21300,Ball,71.21033,48.83987,Ball
21300,Nick Collison,70.79568,32.22596,OKC
21300,D.J. Augustin,62.0089,25.64492,OKC
21300,Kyle Singler,85.91053,21.63067,OKC
21300,Dion Waiters,75.2333,49.35216,OKC
21300,Enes Kanter,74.922,12.03831,OKC
21300,Patrick Patterson,73.21056,36.08083,TOR
21300,DeMar DeRozan,83.06127,24.72585,TOR
21300,Terrence Ross,79.03523,44.61007,TOR
21300,Cory Joseph,64.62811,24.80824,TOR
21300,Bismack Biyombo,87.92108,22.81986,TOR
21300,Ball,71.17068,48.61511,Ball
21300,Nick Collison,70.78208,32.21615,OKC
21300,D.J. Augustin,62.01681,25.67706,OKC
21300,Kyle Singler,85.90453,21.75524,OKC
21300,Dion Waiters,75.19819,49.42039,OKC
21300,Enes Kanter,74.92002,12.03962,OKC
21300,Patrick Patterson,73.22251,36.05632,TOR
21300,DeMar DeRozan,83.08921,24.72276,TOR
21300,Terrence Ross,79.01485,44.75151,TOR
21300,Cory Joseph,64.57821,24.78422,TOR
21300,Bismack Biyombo,87.87741,22.97603,TOR
21300,Ball,71.19889,48.78344,Ball
21300,Nick Collison,70.77198,32.21161,OKC
21300,D.J. Augustin,62.01937,25.70461,OKC
21300,Kyle Singler,85.92211,21.90837,OKC
21300,Dion Waiters,75.16578,49.49213,OKC
21300,Enes Kanter,74.91578,12.04358,OKC
21300,Patrick Patterson,73.1959,36.08113,TOR
21300,DeMar DeRozan,83.10532,24.76126,TOR
21300,Terrence Ross,78.99879,44.89261,TOR
21300,Cory Joseph,64.53655,24.78142,TOR
21300,Bismack Biyombo,87.83725,23.12556,TOR
21300,Ball,71.25261,48.62266,Ball
21300,Nick Collison,70.76673,32.19837,OKC
21300,D.J. Augustin,62.0255,25.7362,OKC
21300,Kyle Singler,85.94554,22.02623,OKC
21300,Dion Waiters,75.15359,49.56314,OKC
21300,Enes Kanter,74.90936,12.04963,OKC
21300,Patrick Patterson,73.17221,36.0962,TOR
21300,DeMar DeRozan,83.12787,24.74622,TOR
21300,Terrence Ross,78.97262,44.97349,TOR
21300,Cory Joseph,64.50811,24.8193,TOR
21300,Bismack Biyombo,87.79611,23.264780000000002,TOR
21300,Ball,71.32107,48.43665,Ball
21300,Nick Collison,70.76053,32.18527,OKC
21300,D.J. Augustin,62.03715,25.76882,OKC
21300,Kyle Singler,85.96881,22.14243,OKC
21300,Dion Waiters,75.14251,49.62545,OKC
21300,Enes Kanter,74.90326,12.05383,OKC
21300,Patrick Patterson,73.15707,36.1069,TOR
21300,DeMar DeRozan,83.1485,24.71997,TOR
21300,Terrence Ross,78.93544,44.99835,TOR
21300,Cory Joseph,64.45295,24.86093,TOR
21300,Bismack Biyombo,87.75147,23.39948,TOR
21300,Ball,71.46844,48.40885,Ball
21300,Nick Collison,70.7507,32.17266,OKC
21300,D.J. Augustin,62.05311,25.80064,OKC
21300,Kyle Singler,85.99641,22.26322,OKC
21300,Dion Waiters,75.14517,49.69195,OKC
21300,Enes Kanter,74.89565,12.06026,OKC
21300,Patrick Patterson,73.13821,36.12141,TOR
21300,DeMar DeRozan,83.14819,24.73485,TOR
21300,Terrence Ross,78.90341,45.01752,TOR
21300,Cory Joseph,64.39933,24.90769,TOR
21300,Bismack Biyombo,87.70727,23.52774,TOR
21300,Ball,71.59958,48.338,Ball
21300,Nick Collison,70.73958,32.16865,OKC
21300,D.J. Augustin,62.07102,25.83463,OKC
21300,Kyle Singler,86.01418,22.35868,OKC
21300,Dion Waiters,75.14883,49.8101,OKC
21300,Enes Kanter,74.88568,12.06756,OKC
21300,Patrick Patterson,73.11707,36.13619,TOR
21300,DeMar DeRozan,83.14491,24.74813,TOR
21300,Terrence Ross,78.88053,45.03142,TOR
21300,Cory Joseph,64.34224,24.95661,TOR
21300,Bismack Biyombo,87.67415,23.64088,TOR
21300,Ball,71.6171,48.51638,Ball
21300,Nick Collison,70.73161,32.14684,OKC
21300,D.J. Augustin,62.09113,25.86741,OKC
21300,Kyle Singler,86.05798,22.46184,OKC
21300,Dion Waiters,75.14781,49.93359,OKC
21300,Enes Kanter,74.87905,12.07314,OKC
21300,Patrick Patterson,73.09122,36.14995,TOR
21300,DeMar DeRozan,83.14245,24.75612,TOR
21300,Terrence Ross,78.86419,45.05243,TOR
21300,Cory Joseph,64.285,25.00085,TOR
21300,Bismack Biyombo,87.63354,23.76503,TOR
21300,Ball,71.66038,48.37612,Ball
21300,Nick Collison,70.72294,32.12375,OKC
21300,D.J. Augustin,62.11443,25.90426,OKC
21300,Kyle Singler,86.09236,22.58646,OKC
21300,Dion Waiters,75.13081,50.00953,OKC
21300,Enes Kanter,74.87088,12.07883,OKC
21300,Patrick Patterson,73.05903,36.16367,TOR
21300,DeMar DeRozan,83.13946,24.7519,TOR
21300,Terrence Ross,78.85189,45.0677,TOR
21300,Cory Joseph,64.23353,25.04521,TOR
21300,Bismack Biyombo,87.60401,23.87572,TOR
21300,Ball,71.54706,48.41125,Ball
21300,Nick Collison,70.71501,32.0959,OKC
21300,D.J. Augustin,62.12912,25.94391,OKC
21300,Kyle Singler,86.15996,22.72264,OKC
21300,Dion Waiters,75.11507,50.09157,OKC
21300,Enes Kanter,74.86442,12.08572,OKC
21300,Patrick Patterson,73.0283,36.17575,TOR
21300,DeMar DeRozan,83.13511,24.74542,TOR
21300,Terrence Ross,78.83985,45.07408,TOR
21300,Cory Joseph,64.19334,25.06232,TOR
21300,Bismack Biyombo,87.56446,23.99721,TOR
21300,Ball,71.61101,48.49967,Ball
21300,Nick Collison,70.70713,32.06928,OKC
21300,D.J. Augustin,62.15046,25.97859,OKC
21300,Kyle Singler,86.22711,22.8512,OKC
21300,Dion Waiters,75.10356,50.17129,OKC
21300,Enes Kanter,74.86265,12.08619,OKC
21300,Patrick Patterson,72.99255,36.19147,TOR
21300,DeMar DeRozan,83.13059,24.73428,TOR
21300,Terrence Ross,78.83456,45.07845,TOR
21300,Cory Joseph,64.1563,25.08942,TOR
21300,Bismack Biyombo,87.53078,24.10824,TOR
21300,Ball,71.46924,48.6332,Ball
21300,Nick Collison,70.69681,32.03667,OKC
21300,D.J. Augustin,62.18259,25.992350000000002,OKC
21300,Kyle Singler,86.28474,22.97593,OKC
21300,Dion Waiters,75.06804,50.31731,OKC
21300,Enes Kanter,74.8608,12.0895,OKC
21300,Patrick Patterson,72.95652,36.2059,TOR
21300,DeMar DeRozan,83.12634,24.71106,TOR
21300,Terrence Ross,78.83089,45.076,TOR
21300,Cory Joseph,64.13652,25.14418,TOR
21300,Bismack Biyombo,87.50057,24.2211,TOR
21300,Ball,71.4356,48.66493,Ball
21300,Nick Collison,70.68719,32.00343,OKC
21300,D.J. Augustin,62.21198,26.09392,OKC
21300,Kyle Singler,86.33402,23.09128,OKC
21300,Dion Waiters,75.05293,50.39939,OKC
21300,Enes Kanter,74.85897,12.09148,OKC
21300,Patrick Patterson,72.91887,36.21766,TOR
21300,DeMar DeRozan,83.12023,24.69038,TOR
21300,Terrence Ross,78.82883,45.07029,TOR
21300,Cory Joseph,64.07173,25.19897,TOR
21300,Bismack Biyombo,87.47083,24.3313,TOR
21300,Ball,71.4962,48.69622,Ball
21300,Nick Collison,70.67802,31.97173,OKC
21300,D.J. Augustin,62.25302,26.1954,OKC
21300,Kyle Singler,86.3694,23.20991,OKC
21300,Dion Waiters,75.06123,50.48683,OKC
21300,Enes Kanter,74.85915,12.09137,OKC
21300,Patrick Patterson,72.88061,36.23154,TOR
21300,DeMar DeRozan,83.11258,24.67364,TOR
21300,Terrence Ross,78.82811,45.05867,TOR
21300,Cory Joseph,64.05758,25.29122,TOR
21300,Bismack Biyombo,87.44626,24.43073,TOR
21300,Ball,71.53634,48.77863,Ball
21300,Nick Collison,70.65868,31.94473,OKC
21300,D.J. Augustin,62.29327,26.28979,OKC
21300,Kyle Singler,86.38346,23.27584,OKC
21300,Dion Waiters,74.99711,50.55545,OKC
21300,Enes Kanter,74.86037,12.09218,OKC
21300,Patrick Patterson,72.8423,36.24694,TOR
21300,DeMar DeRozan,83.10999,24.68732,TOR
21300,Terrence Ross,78.8274,45.03908,TOR
21300,Cory Joseph,64.0457,25.38871,TOR
21300,Bismack Biyombo,87.41904,24.53083,TOR
21300,Ball,71.60024,48.86696,Ball
21300,Nick Collison,70.64692,31.91045,OKC
21300,D.J. Augustin,62.32933,26.37742,OKC
21300,Kyle Singler,86.39552,23.33916,OKC
21300,Dion Waiters,74.93466,50.61172,OKC
21300,Enes Kanter,74.86271,12.09265,OKC
21300,Patrick Patterson,72.84078,36.21578,TOR
21300,DeMar DeRozan,83.10804,24.66901,TOR
21300,Terrence Ross,78.82608,45.00777,TOR
21300,Cory Joseph,64.0861,25.49751,TOR
21300,Bismack Biyombo,87.38937,24.63981,TOR
21300,Ball,71.9264,48.91377,Ball
21300,Nick Collison,70.62458,31.88584,OKC
21300,D.J. Augustin,62.37268,26.48832,OKC
21300,Kyle Singler,86.40735,23.39395,OKC
21300,Dion Waiters,74.8787,50.66079,OKC
21300,Enes Kanter,74.86628,12.09144,OKC
21300,Patrick Patterson,72.80004,36.23332,TOR
21300,DeMar DeRozan,83.10586,24.65787,TOR
21300,Terrence Ross,78.80989,44.91647,TOR
21300,Cory Joseph,64.08093,25.60671,TOR
21300,Bismack Biyombo,87.36142,24.74046,TOR
21300,Ball,72.25825,49.00516,Ball
21300,Nick Collison,70.59805,31.85277,OKC
21300,D.J. Augustin,62.4166,26.60524,OKC
21300,Kyle Singler,86.41822,23.45031,OKC
21300,Dion Waiters,74.84127,50.70331,OKC
21300,Enes Kanter,74.87249,12.08892,OKC
21300,Patrick Patterson,72.80071,36.2044,TOR
21300,DeMar DeRozan,83.10516,24.65082,TOR
21300,Terrence Ross,78.79332,44.82042,TOR
21300,Cory Joseph,64.07035,25.69862,TOR
21300,Bismack Biyombo,87.33322,24.83695,TOR
21300,Ball,72.45068,49.09913,Ball
21300,Nick Collison,70.56541,31.81842,OKC
21300,D.J. Augustin,62.4616,26.72813,OKC
21300,Kyle Singler,86.41398,23.49381,OKC
21300,Dion Waiters,74.79575,50.7521,OKC
21300,Enes Kanter,74.87983,12.08692,OKC
21300,Patrick Patterson,72.79468,36.19033,TOR
21300,DeMar DeRozan,83.10784,24.68153,TOR
21300,Terrence Ross,78.79209,44.77421,TOR
21300,Cory Joseph,64.04839,25.79095,TOR
21300,Bismack Biyombo,87.30644,24.93745,TOR
21300,Ball,72.73585,49.4286,Ball
21300,Nick Collison,70.52721,31.78234,OKC
21300,D.J. Augustin,62.50183,26.79983,OKC
21300,Kyle Singler,86.41309,23.52284,OKC
21300,Dion Waiters,74.78298,50.80639,OKC
21300,Enes Kanter,74.88467,12.08688,OKC
21300,Patrick Patterson,72.77996,36.18473,TOR
21300,DeMar DeRozan,83.10573,24.68521,TOR
21300,Terrence Ross,78.80862,44.78101,TOR
21300,Cory Joseph,64.05781,25.94394,TOR
21300,Bismack Biyombo,87.28614,25.02814,TOR
21300,Ball,73.01274,49.53746,Ball
21300,Nick Collison,70.52433,31.71376,OKC
21300,D.J. Augustin,62.54621,26.91423,OKC
21300,Kyle Singler,86.41085,23.54904,OKC
21300,Dion Waiters,74.76004,50.85093,OKC
21300,Enes Kanter,74.89075,12.08299,OKC
21300,Patrick Patterson,72.76571,36.18071,TOR
21300,DeMar DeRozan,83.10464,24.69779,TOR
21300,Terrence Ross,78.8244,44.77805,TOR
21300,Cory Joseph,64.07947,26.06133,TOR
21300,Bismack Biyombo,87.26703,25.11463,TOR
21300,Ball,73.2185,49.82871,Ball
21300,Nick Collison,70.51692,31.63015,OKC
21300,D.J. Augustin,62.65321,27.06307,OKC
21300,Kyle Singler,86.38844,23.63983,OKC
21300,Dion Waiters,74.7515,50.83417,OKC
21300,Enes Kanter,74.89775,12.07776,OKC
21300,Patrick Patterson,72.7478,36.1793,TOR
21300,DeMar DeRozan,83.10132,24.7153,TOR
21300,Terrence Ross,78.83801,44.77489,TOR
21300,Cory Joseph,64.04838,26.16275,TOR
21300,Bismack Biyombo,87.24556,25.19279,TOR
21300,Ball,73.47802,49.97442,Ball
21300,Nick Collison,70.49079,31.56153,OKC
21300,D.J. Augustin,62.70515,27.20972,OKC
21300,Kyle Singler,86.38031,23.66838,OKC
21300,Dion Waiters,74.74872,50.81749,OKC
21300,Enes Kanter,74.90289,12.07365,OKC
21300,Patrick Patterson,72.73526,36.17594,TOR
21300,DeMar DeRozan,83.09856,24.73678,TOR
21300,Terrence Ross,78.84561,44.75867,TOR
21300,Cory Joseph,64.07833,26.29298,TOR
21300,Bismack Biyombo,87.22579,25.25955,TOR
21300,Ball,72.44836,49.82846,Ball
21300,Nick Collison,71.88105,27.15952,OKC
21300,D.J. Augustin,81.56613,38.62167,OKC
21300,Kyle Singler,66.32007,27.0642,OKC
21300,Dion Waiters,72.98289,50.52565,OKC
21300,Enes Kanter,76.32895,12.2877,OKC
21300,Patrick Patterson,75.44821,33.98477,TOR
21300,DeMar DeRozan,77.81289,26.22163,TOR
21300,Terrence Ross,78.67591,45.44299,TOR
21300,Cory Joseph,77.71069,40.0391,TOR
21300,Bismack Biyombo,83.32259,24.9088,TOR
21300,Ball,71.844,48.96508,Ball
21300,Nick Collison,72.1669,27.01944,OKC
21300,D.J. Augustin,82.06534,38.35051,OKC
21300,Kyle Singler,65.8456,27.38374,OKC
21300,Dion Waiters,72.92074,50.49706,OKC
21300,Enes Kanter,76.48191,12.302810000000001,OKC
21300,Patrick Patterson,75.64271,33.89675,TOR
21300,DeMar DeRozan,77.49084,26.41984,TOR
21300,Terrence Ross,78.68374,45.43438,TOR
21300,Cory Joseph,78.22469,39.91829,TOR
21300,Bismack Biyombo,83.24038,24.80832,TOR
21300,Ball,71.24741,47.74893,Ball
21300,Nick Collison,72.50248,26.8748,OKC
21300,D.J. Augustin,82.50925,38.08077,OKC
21300,Kyle Singler,65.38131,27.71629,OKC
21300,Dion Waiters,72.83339,50.41198,OKC
21300,Enes Kanter,76.63319,12.31955,OKC
21300,Patrick Patterson,75.79571,33.8337,TOR
21300,DeMar DeRozan,77.16634,26.63671,TOR
21300,Terrence Ross,78.69399,45.4151,TOR
21300,Cory Joseph,78.72814,39.79573,TOR
21300,Bismack Biyombo,83.1529,24.70676,TOR
21300,Ball,70.33713,46.51685,Ball
21300,Nick Collison,72.82109,26.69427,OKC
21300,D.J. Augustin,82.99259,37.75929,OKC
21300,Kyle Singler,64.92438,27.99634,OKC
21300,Dion Waiters,72.75776,50.33723,OKC
21300,Enes Kanter,76.79417,12.3482,OKC
21300,Patrick Patterson,75.97882,33.73712,TOR
21300,DeMar DeRozan,76.86458,26.84478,TOR
21300,Terrence Ross,78.71092,45.45503,TOR
21300,Cory Joseph,79.20407,39.65123,TOR
21300,Bismack Biyombo,83.05812,24.5977,TOR
21300,Ball,69.61869,45.36233,Ball
21300,Nick Collison,73.17194,26.47832,OKC
21300,D.J. Augustin,83.4716,37.40886,OKC
21300,Kyle Singler,64.47962,28.27084,OKC
21300,Dion Waiters,72.67915,50.29199,OKC
21300,Enes Kanter,76.95884,12.38859,OKC
21300,Patrick Patterson,76.16549,33.63836,TOR
21300,DeMar DeRozan,76.54032,27.04723,TOR
21300,Terrence Ross,78.7289,45.49075,TOR
21300,Cory Joseph,79.69789,39.44048,TOR
21300,Bismack Biyombo,82.96097,24.48019,TOR
21300,Ball,68.9554,44.18499,Ball
21300,Nick Collison,73.51286,26.24523,OKC
21300,D.J. Augustin,83.91626,37.04302,OKC
21300,Kyle Singler,64.04781,28.54293,OKC
21300,Dion Waiters,72.61519,50.24755,OKC
21300,Enes Kanter,77.12825,12.44328,OKC
21300,Patrick Patterson,76.35052,33.54192,TOR
21300,DeMar DeRozan,76.22772,27.23064,TOR
21300,Terrence Ross,78.75774,45.49395,TOR
21300,Cory Joseph,80.22593,39.15306,TOR
21300,Bismack Biyombo,82.86334,24.36995,TOR
21300,Ball,68.25112,42.93292,Ball
21300,Nick Collison,73.85054,25.99155,OKC
21300,D.J. Augustin,84.33692,36.65471,OKC
21300,Kyle Singler,63.65826,28.83702,OKC
21300,Dion Waiters,72.55511,50.20788,OKC
21300,Enes Kanter,77.3614,12.50058,OKC
21300,Patrick Patterson,76.58189,33.39964,TOR
21300,DeMar DeRozan,75.90296,27.43627,TOR
21300,Terrence Ross,78.78147,45.49982,TOR
21300,Cory Joseph,80.7182,38.85085,TOR
21300,Bismack Biyombo,82.78248,24.26154,TOR
21300,Ball,67.49427,41.90499,Ball
21300,Nick Collison,74.18488,25.72946,OKC
21300,D.J. Augustin,84.73139,36.24535,OKC
21300,Kyle Singler,63.29728,29.13,OKC
21300,Dion Waiters,72.50154,50.17397,OKC
21300,Enes Kanter,77.58832,12.54202,OKC
21300,Patrick Patterson,76.81972,33.24578,TOR
21300,DeMar DeRozan,75.55449,27.65034,TOR
21300,Terrence Ross,78.80514,45.50389,TOR
21300,Cory Joseph,81.22394,38.51918,TOR
21300,Bismack Biyombo,82.7093,24.15387,TOR
21300,Ball,66.81201,41.02617,Ball
21300,Nick Collison,74.50416,25.46247,OKC
21300,D.J. Augustin,85.10098,35.82595,OKC
21300,Kyle Singler,62.94895,29.3736,OKC
21300,Dion Waiters,72.49313,50.20729,OKC
21300,Enes Kanter,77.78942,12.58573,OKC
21300,Patrick Patterson,77.05845,33.085,TOR
21300,DeMar DeRozan,75.23034,27.83394,TOR
21300,Terrence Ross,78.80727,45.46223,TOR
21300,Cory Joseph,81.73806,38.13626,TOR
21300,Bismack Biyombo,82.66586,24.02072,TOR
21300,Ball,66.05957,39.5258,Ball
21300,Nick Collison,74.83332,25.18723,OKC
21300,D.J. Augustin,85.45269,35.38646,OKC
21300,Kyle Singler,62.63564,29.63357,OKC
21300,Dion Waiters,72.48277,50.23103,OKC
21300,Enes Kanter,77.9852,12.64118,OKC
21300,Patrick Patterson,77.30186,32.91716,TOR
21300,DeMar DeRozan,74.90774,28.01322,TOR
21300,Terrence Ross,78.83337,45.46436,TOR
21300,Cory Joseph,82.1819,37.73112,TOR
21300,Bismack Biyombo,82.62369,23.89281,TOR
21300,Ball,65.29553,38.23099,Ball
21300,Nick Collison,75.22408,24.88473,OKC
21300,D.J. Augustin,85.79379,34.93507,OKC
21300,Kyle Singler,62.33736,29.86293,OKC
21300,Dion Waiters,72.48662,50.25563,OKC
21300,Enes Kanter,78.18211,12.69771,OKC
21300,Patrick Patterson,77.54042,32.7507,TOR
21300,DeMar DeRozan,74.5701,28.17876,TOR
21300,Terrence Ross,78.86084,45.45192,TOR
21300,Cory Joseph,82.62624,37.27756,TOR
21300,Bismack Biyombo,82.57574,23.76523,TOR
21300,Ball,64.712,37.19615,Ball
21300,Nick Collison,75.61278,24.5946,OKC
21300,D.J. Augustin,86.12168,34.46125,OKC
21300,Kyle Singler,62.05176,30.05942,OKC
21300,Dion Waiters,72.49799,50.27255,OKC
21300,Enes Kanter,78.37198,12.76959,OKC
21300,Patrick Patterson,77.81343,32.54992,TOR
21300,DeMar DeRozan,74.22982,28.32898,TOR
21300,Terrence Ross,78.87996,45.42242,TOR
21300,Cory Joseph,83.05842,36.81879,TOR
21300,Bismack Biyombo,82.52749,23.64778,TOR
21300,Ball,63.98668,36.08071,Ball
21300,Nick Collison,76.04359,24.2133,OKC
21300,D.J. Augustin,86.43406,33.96633,OKC
21300,Kyle Singler,61.78713,30.22783,OKC
21300,Dion Waiters,72.5346,50.29702,OKC
21300,Enes Kanter,78.57421,12.83455,OKC
21300,Patrick Patterson,78.08726,32.35236,TOR
21300,DeMar DeRozan,73.93034,28.53477,TOR
21300,Terrence Ross,78.9191,45.42255,TOR
21300,Cory Joseph,83.47371,36.37327,TOR
21300,Bismack Biyombo,82.48182,23.53026,TOR
21300,Ball,63.13585,34.88797,Ball
21300,Nick Collison,76.46286,23.84148,OKC
21300,D.J. Augustin,86.72214,33.45845,OKC
21300,Kyle Singler,61.53544,30.36996,OKC
21300,Dion Waiters,72.58134,50.32565,OKC
21300,Enes Kanter,78.7699,12.89667,OKC
21300,Patrick Patterson,78.35941,32.15216,TOR
21300,DeMar DeRozan,73.61114,28.73373,TOR
21300,Terrence Ross,78.94656,45.39781,TOR
21300,Cory Joseph,83.90468,35.93232,TOR
21300,Bismack Biyombo,82.43975,23.41515,TOR
21300,Ball,62.56,33.80068,Ball
21300,Nick Collison,76.91578,23.43227,OKC
21300,D.J. Augustin,86.99855,32.91566,OKC
21300,Kyle Singler,61.30304,30.48729,OKC
21300,Dion Waiters,72.63276,50.34992,OKC
21300,Enes Kanter,78.95084,12.980550000000001,OKC
21300,Patrick Patterson,78.63355,31.94712,TOR
21300,DeMar DeRozan,73.27826,28.89945,TOR
21300,Terrence Ross,78.97663,45.25997,TOR
21300,Cory Joseph,84.30638,35.47166,TOR
21300,Bismack Biyombo,82.39887,23.29832,TOR
21300,Ball,61.78182,32.65068,Ball
21300,Nick Collison,77.32388,23.05314,OKC
21300,D.J. Augustin,87.25357,32.36669,OKC
21300,Kyle Singler,61.08996,30.58344,OKC
21300,Dion Waiters,72.69239,50.37263,OKC
21300,Enes Kanter,79.13527,13.06417,OKC
21300,Patrick Patterson,78.91078,31.72883,TOR
21300,DeMar DeRozan,72.94035,29.12287,TOR
21300,Terrence Ross,79.00472,45.11057,TOR
21300,Cory Joseph,84.70282,35.02446,TOR
21300,Bismack Biyombo,82.35535,23.18443,TOR
21300,Ball,61.2244,31.99262,Ball
21300,Nick Collison,77.76115,22.66631,OKC
21300,D.J. Augustin,87.48873,31.80859,OKC
21300,Kyle Singler,60.89642,30.65757,OKC
21300,Dion Waiters,72.7658,50.40766,OKC
21300,Enes Kanter,79.32449,13.12775,OKC
21300,Patrick Patterson,79.11192,31.56522,TOR
21300,DeMar DeRozan,72.59842,29.3547,TOR
21300,Terrence Ross,79.02933,44.95321,TOR
21300,Cory Joseph,85.07934,34.55981,TOR
21300,Bismack Biyombo,82.31869,23.07065,TOR
21300,Ball,61.03137,31.88584,Ball
21300,Nick Collison,78.12788,22.31281,OKC
21300,D.J. Augustin,87.70687,31.23428,OKC
21300,Kyle Singler,60.7194,30.70918,OKC
21300,Dion Waiters,72.84125,50.44035,OKC
21300,Enes Kanter,79.53078,13.17697,OKC
21300,Patrick Patterson,79.3653,31.35894,TOR
21300,DeMar DeRozan,72.26078,29.57315,TOR
21300,Terrence Ross,79.05273,44.79875,TOR
21300,Cory Joseph,85.44392,34.08162,TOR
21300,Bismack Biyombo,82.28414,22.96494,TOR
21300,Ball,60.89022,31.78685,Ball
21300,Nick Collison,78.51653,21.92393,OKC
21300,D.J. Augustin,87.90321,30.64316,OKC
21300,Kyle Singler,60.5577,30.74605,OKC
21300,Dion Waiters,72.91826,50.459,OKC
21300,Enes Kanter,79.70905,13.27358,OKC
21300,Patrick Patterson,79.60443,31.135,TOR
21300,DeMar DeRozan,71.90921,29.76951,TOR
21300,Terrence Ross,79.07824,44.64222,TOR
21300,Cory Joseph,85.79082,33.6264,TOR
21300,Bismack Biyombo,82.24331,22.87083,TOR
21300,Ball,60.77126,31.67675,Ball
21300,Nick Collison,78.91975,21.58811,OKC
21300,D.J. Augustin,88.07252,30.04361,OKC
21300,Kyle Singler,60.41276,30.76761,OKC
21300,Dion Waiters,73.0198,50.44868,OKC
21300,Enes Kanter,79.88318,13.37203,OKC
21300,Patrick Patterson,79.84166,30.90732,TOR
21300,DeMar DeRozan,71.57835,29.97338,TOR
21300,Terrence Ross,79.10196,44.48406,TOR
21300,Cory Joseph,86.10919,33.1734,TOR
21300,Bismack Biyombo,82.2066,22.77742,TOR
21300,Ball,60.61795,31.25526,Ball
21300,Nick Collison,80.5143,20.38174,OKC
21300,D.J. Augustin,88.51895,27.54145,OKC
21300,Kyle Singler,59.99611,30.72833,OKC
21300,Dion Waiters,73.44643,50.34387,OKC
21300,Enes Kanter,80.46231,13.72464,OKC
21300,Patrick Patterson,80.75245,29.91842,TOR
21300,DeMar DeRozan,70.40641,30.45282,TOR
21300,Terrence Ross,79.19378,43.96802,TOR
21300,Cory Joseph,87.30393,31.27862,TOR
21300,Bismack Biyombo,81.92885,22.43838,TOR
21310,Ball,60.25067,30.54345,Ball
21310,Nick Collison,83.70894,18.55038,OKC
21310,D.J. Augustin,88.39762,20.82043,OKC
21310,Kyle Singler,59.76183,29.96618,OKC
21310,Dion Waiters,74.14865,49.51928,OKC
21310,Enes Kanter,82.38671,14.30181,OKC
21310,Patrick Patterson,82.89818,27.06077,TOR
21310,DeMar DeRozan,68.13175,29.94816,TOR
21310,Terrence Ross,79.36786,42.87329,TOR
21310,Cory Joseph,89.22245,24.43333,TOR
21310,Bismack Biyombo,81.04036,21.94469,TOR
21320,Ball,59.4096,26.72303,Ball
21320,Nick Collison,86.35763,17.04001,OKC
21320,D.J. Augustin,85.93631,14.02894,OKC
21320,Kyle Singler,60.27202,27.54333,OKC
21320,Dion Waiters,75.15877,48.6724,OKC
21320,Enes Kanter,84.03717,14.54244,OKC
21320,Patrick Patterson,84.99865,24.10461,TOR
21320,DeMar DeRozan,66.83892,28.1959,TOR
21320,Terrence Ross,79.74009,41.70128,TOR
21320,Cory Joseph,88.50392,16.2804,TOR
21320,Bismack Biyombo,80.60465,21.75405,TOR
21330,Ball,60.46107,22.62736,Ball
21330,Nick Collison,88.58949,16.05306,OKC
21330,D.J. Augustin,80.843,9.00722,OKC
21330,Kyle Singler,61.393,23.9937,OKC
21330,Dion Waiters,76.4517,48.30906,OKC
21330,Enes Kanter,84.66779,13.76323,OKC
21330,Patrick Patterson,86.2069,21.69544,TOR
21330,DeMar DeRozan,66.7141,25.51469,TOR
21330,Terrence Ross,80.20468,40.3657,TOR
21330,Cory Joseph,84.86418,10.2366,TOR
21330,Bismack Biyombo,80.42929,21.42983,TOR
21340,Ball,67.2802,13.06586,Ball
21340,Nick Collison,90.58742,15.73884,OKC
21340,D.J. Augustin,74.37027,7.00081,OKC
21340,Kyle Singler,61.45687,22.34594,OKC
21340,Dion Waiters,77.63549,47.94964,OKC
21340,Enes Kanter,85.21465,12.78914,OKC
21340,Patrick Patterson,87.41748,20.25194,TOR
21340,DeMar DeRozan,67.41388,22.51917,TOR
21340,Terrence Ross,80.31413,39.09158,TOR
21340,Cory Joseph,79.34991,8.05182,TOR
21340,Bismack Biyombo,80.2982,20.41867,TOR
21350,Ball,68.33531,7.37234,Ball
21350,Nick Collison,91.98804,16.85821,OKC
21350,D.J. Augustin,68.77804,6.65166,OKC
21350,Kyle Singler,60.22551,23.33611,OKC
21350,Dion Waiters,78.84093,47.47625,OKC
21350,Enes Kanter,84.77817,12.7922,OKC
21350,Patrick Patterson,88.58464,19.50626,TOR
21350,DeMar DeRozan,68.12271,21.58454,TOR
21350,Terrence Ross,80.28892,37.29007,TOR
21350,Cory Joseph,73.90977,8.45152,TOR
21350,Bismack Biyombo,80.80119,19.29916,TOR
21360,Ball,64.74072,7.12876,Ball
21360,Nick Collison,92.68012,19.37366,OKC
21360,D.J. Augustin,65.65107,6.66211,OKC
21360,Kyle Singler,59.48138,25.93292,OKC
21360,Dion Waiters,80.16932,47.31742,OKC
21360,Enes Kanter,83.6762,12.24043,OKC
21360,Patrick Patterson,88.94282,20.01266,TOR
21360,DeMar DeRozan,69.08626,22.12006,TOR
21360,Terrence Ross,80.35231,36.03383,TOR
21360,Cory Joseph,70.1995,9.30685,TOR
21360,Bismack Biyombo,80.76385,18.66107,TOR
21370,Ball,64.2042,7.40587,Ball
21370,Nick Collison,92.74229,22.69792,OKC
21370,D.J. Augustin,64.99951,6.5744,OKC
21370,Kyle Singler,59.33766,29.0897,OKC
21370,Dion Waiters,81.38169,47.51502,OKC
21370,Enes Kanter,82.17087,11.5461,OKC
21370,Patrick Patterson,89.36981,21.88986,TOR
21370,DeMar DeRozan,69.67696,23.13709,TOR
21370,Terrence Ross,80.92616,35.29474,TOR
21370,Cory Joseph,68.5981,9.43737,TOR
21370,Bismack Biyombo,80.18957,16.96714,TOR
21380,Ball,65.35561,7.27661,Ball
21380,Nick Collison,92.28684,26.27158,OKC
21380,D.J. Augustin,65.266,6.86841,OKC
21380,Kyle Singler,59.6323,31.90471,OKC
21380,Dion Waiters,82.29863,47.85133,OKC
21380,Enes Kanter,81.27415,11.89008,OKC
21380,Patrick Patterson,90.03807,23.92886,TOR
21380,DeMar DeRozan,70.19147,23.70036,TOR
21380,Terrence Ross,81.37522,34.9859,TOR
21380,Cory Joseph,67.69678,10.1578,TOR
21380,Bismack Biyombo,79.49428,14.55618,TOR
21390,Ball,66.07746,7.369,Ball
21390,Nick Collison,91.88563,29.485,OKC
21390,D.J. Augustin,65.68782,7.48093,OKC
21390,Kyle Singler,60.24365,34.05455,OKC
21390,Dion Waiters,82.92843,47.87263,OKC
21390,Enes Kanter,80.58939,11.60562,OKC
21390,Patrick Patterson,90.01071,26.13458,TOR
21390,DeMar DeRozan,70.64341,24.09717,TOR
21390,Terrence Ross,81.86553,34.221,TOR
21390,Cory Joseph,66.86409,10.57813,TOR
21390,Bismack Biyombo,78.47138,13.41845,TOR
21400,Ball,67.59378,6.52726,Ball
21400,Nick Collison,91.06047,32.37535,OKC
21400,D.J. Augustin,66.54324,7.57719,OKC
21400,Kyle Singler,60.92755,35.44202,OKC
21400,Dion Waiters,83.1676,47.84417,OKC
21400,Enes Kanter,79.84191,10.81358,OKC
21400,Patrick Patterson,89.65394,28.10333,TOR
21400,DeMar DeRozan,71.09277,24.53922,TOR
21400,Terrence Ross,82.52394,33.92639,TOR
21400,Cory Joseph,67.77527,9.68827,TOR
21400,Bismack Biyombo,79.08733,13.14657,TOR
21410,Ball,68.70323,5.54418,Ball
21410,Nick Collison,90.61283,34.48359,OKC
21410,D.J. Augustin,67.53935,6.75929,OKC
21410,Kyle Singler,61.61089,36.08465,OKC
21410,Dion Waiters,83.03514,48.03129,OKC
21410,Enes Kanter,79.88662,9.95146,OKC
21410,Patrick Patterson,89.45692,29.9711,TOR
21410,DeMar DeRozan,71.47261,24.64976,TOR
21410,Terrence Ross,83.35349,33.64678,TOR
21410,Cory Joseph,68.73938,8.48694,TOR
21410,Bismack Biyombo,79.9143,12.41463,TOR
21420,Ball,77.47906,7.76772,Ball
21420,Nick Collison,90.31334,36.76767,OKC
21420,D.J. Augustin,68.80697,6.09349,OKC
21420,Kyle Singler,61.90224,35.76806,OKC
21420,Dion Waiters,82.90011,48.25893,OKC
21420,Enes Kanter,80.60534,9.37882,OKC
21420,Patrick Patterson,89.04706,30.880020000000002,TOR
21420,DeMar DeRozan,71.71096,24.68438,TOR
21420,Terrence Ross,83.8027,32.99607,TOR
21420,Cory Joseph,70.13067,8.91,TOR
21420,Bismack Biyombo,81.01078,11.78166,TOR
21430,Ball,80.38003,7.93428,Ball
21430,Nick Collison,90.51603,39.0089,OKC
21430,D.J. Augustin,69.48962,7.89501,OKC
21430,Kyle Singler,62.26495,35.5374,OKC
21430,Dion Waiters,82.98016,48.31488,OKC
21430,Enes Kanter,81.44011,9.5832,OKC
21430,Patrick Patterson,88.82428,31.25853,TOR
21430,DeMar DeRozan,72.39061,24.52205,TOR
21430,Terrence Ross,83.47585,33.07393,TOR
21430,Cory Joseph,71.56778,10.22095,TOR
21430,Bismack Biyombo,81.82806,12.12419,TOR
21440,Ball,81.31526,9.01238,Ball
21440,Nick Collison,90.78588,40.56399,OKC
21440,D.J. Augustin,70.18695,11.06936,OKC
21440,Kyle Singler,62.56784,35.29973,OKC
21440,Dion Waiters,83.08611,48.06658,OKC
21440,Enes Kanter,82.24077,9.32272,OKC
21440,Patrick Patterson,88.86074,31.91648,TOR
21440,DeMar DeRozan,73.25182,24.2169,TOR
21440,Terrence Ross,82.72777,33.15709,TOR
21440,Cory Joseph,72.96536,12.23892,TOR
21440,Bismack Biyombo,82.74566,12.59401,TOR
21450,Ball,81.88892,9.67553,Ball
21450,Nick Collison,91.06226,41.46333,OKC
21450,D.J. Augustin,71.42269,15.22568,OKC
21450,Kyle Singler,62.48659,34.11928,OKC
21450,Dion Waiters,83.23381,47.60813,OKC
21450,Enes Kanter,83.2761,10.4078,OKC
21450,Patrick Patterson,88.57879,31.43071,TOR
21450,DeMar DeRozan,73.70983,24.0909,TOR
21450,Terrence Ross,81.7933,32.90182,TOR
21450,Cory Joseph,74.25018,14.582,TOR
21450,Bismack Biyombo,83.6001,13.19383,TOR
21460,Ball,82.0257,11.13518,Ball
21460,Nick Collison,91.58395,41.63608,OKC
21460,D.J. Augustin,72.55842,19.25448,OKC
21460,Kyle Singler,62.32113,32.24773,OKC
21460,Dion Waiters,83.16641,47.50705,OKC
21460,Enes Kanter,83.80578,12.16472,OKC
21460,Patrick Patterson,87.92247,30.07847,TOR
21460,DeMar DeRozan,73.89251,23.91157,TOR
21460,Terrence Ross,80.9776,32.4301,TOR
21460,Cory Joseph,75.67117,17.55252,TOR
21460,Bismack Biyombo,83.97284,14.19953,TOR
21470,Ball,82.10322,13.34262,Ball
21470,Nick Collison,92.27855,40.75376,OKC
21470,D.J. Augustin,72.58918,22.82765,OKC
21470,Kyle Singler,62.31197,28.82879,OKC
21470,Dion Waiters,82.5002,47.67507,OKC
21470,Enes Kanter,83.86287,14.06249,OKC
21470,Patrick Patterson,87.44954,29.30792,TOR
21470,DeMar DeRozan,73.81091,23.56122,TOR
21470,Terrence Ross,80.59759,31.82353,TOR
21470,Cory Joseph,77.05472,20.53069,TOR
21470,Bismack Biyombo,84.60286,15.41478,TOR
21480,Ball,81.90055,15.0504,Ball
21480,Nick Collison,92.96972,39.79696,OKC
21480,D.J. Augustin,71.80475,26.11837,OKC
21480,Kyle Singler,62.19048,23.93252,OKC
21480,Dion Waiters,82.22837,47.6985,OKC
21480,Enes Kanter,84.04861,15.35673,OKC
21480,Patrick Patterson,87.70138,29.28793,TOR
21480,DeMar DeRozan,74.22056,22.51526,TOR
21480,Terrence Ross,80.87903,31.81322,TOR
21480,Cory Joseph,77.85216,23.33974,TOR
21480,Bismack Biyombo,84.84781,16.63528,TOR
21490,Ball,80.80925,16.21434,Ball
21490,Nick Collison,93.10651,39.03304,OKC
21490,D.J. Augustin,70.6717,29.68711,OKC
21490,Kyle Singler,62.93566,18.43738,OKC
21490,Dion Waiters,82.72411,47.78111,OKC
21490,Enes Kanter,83.03782,16.97903,OKC
21490,Patrick Patterson,88.17404,30.51106,TOR
21490,DeMar DeRozan,75.36053,21.21308,TOR
21490,Terrence Ross,81.56646,32.20915,TOR
21490,Cory Joseph,77.49652,25.5975,TOR
21490,Bismack Biyombo,84.34886,18.32182,TOR
21500,Ball,82.26418,16.85648,Ball
21500,Nick Collison,92.8093,37.11713,OKC
21500,D.J. Augustin,68.58873,31.77488,OKC
21500,Kyle Singler,64.94397,13.1743,OKC
21500,Dion Waiters,83.37444,47.96709,OKC
21500,Enes Kanter,83.16915,18.3058,OKC
21500,Patrick Patterson,88.83197,32.16024,TOR
21500,DeMar DeRozan,77.1609,19.63118,TOR
21500,Terrence Ross,81.88261,32.71679,TOR
21500,Cory Joseph,76.26343,27.54976,TOR
21500,Bismack Biyombo,84.05354,19.23234,TOR
21510,Ball,83.02726,18.54232,Ball
21510,Nick Collison,92.36284,36.19591,OKC
21510,D.J. Augustin,65.85537,32.45287,OKC
21510,Kyle Singler,67.78625,8.72956,OKC
21510,Dion Waiters,83.48645,48.00342,OKC
21510,Enes Kanter,83.87721,18.92769,OKC
21510,Patrick Patterson,89.3808,31.98854,TOR
21510,DeMar DeRozan,78.66675,18.79399,TOR
21510,Terrence Ross,81.73292000000001,33.02936,TOR
21510,Cory Joseph,74.82225,28.62801,TOR
21510,Bismack Biyombo,84.56186,20.7398,TOR
21520,Ball,83.28954,21.77251,Ball
21520,Nick Collison,91.97076,34.52018,OKC
21520,D.J. Augustin,63.6054,31.90129,OKC
21520,Kyle Singler,70.74131,5.81408,OKC
21520,Dion Waiters,83.4486,48.0532,OKC
21520,Enes Kanter,83.30963,20.35768,OKC
21520,Patrick Patterson,90.13176,30.90397,TOR
21520,DeMar DeRozan,79.13524,18.49752,TOR
21520,Terrence Ross,81.68479,33.01956,TOR
21520,Cory Joseph,73.69044,28.27304,TOR
21520,Bismack Biyombo,84.76415,22.30873,TOR
21530,Ball,83.63686,22.16248,Ball
21530,Nick Collison,90.53212,32.85699,OKC
21530,D.J. Augustin,62.00377,30.16725,OKC
21530,Kyle Singler,73.07167,4.53084,OKC
21530,Dion Waiters,83.39455,48.06296,OKC
21530,Enes Kanter,83.17819,22.01523,OKC
21530,Patrick Patterson,90.55517,29.98425,TOR
21530,DeMar DeRozan,78.10218,18.45571,TOR
21530,Terrence Ross,81.17607,33.53257,TOR
21530,Cory Joseph,73.28121,27.20657,TOR
21530,Bismack Biyombo,85.33942,23.35731,TOR
21540,Ball,84.95652,21.75273,Ball
21540,Nick Collison,89.13146,31.1927,OKC
21540,D.J. Augustin,60.99714,28.28616,OKC
21540,Kyle Singler,74.24616,4.00786,OKC
21540,Dion Waiters,83.47266,47.92223,OKC
21540,Enes Kanter,84.16012,22.5605,OKC
21540,Patrick Patterson,89.30858,29.56138,TOR
21540,DeMar DeRozan,77.63745,18.77721,TOR
21540,Terrence Ross,81.49593,33.67206,TOR
21540,Cory Joseph,73.14206,25.930320000000002,TOR
21540,Bismack Biyombo,85.67104,23.67092,TOR
21550,Ball,83.42025,22.72368,Ball
21550,Nick Collison,87.57418,29.46156,OKC
21550,D.J. Augustin,60.06848,26.49685,OKC
21550,Kyle Singler,75.12403,3.75847,OKC
21550,Dion Waiters,83.59597,48.12945,OKC
21550,Enes Kanter,84.34662,22.98076,OKC
21550,Patrick Patterson,88.30627,28.12028,TOR
21550,DeMar DeRozan,79.21333,18.84897,TOR
21550,Terrence Ross,82.20801,33.3109,TOR
21550,Cory Joseph,73.48463,24.76843,TOR
21550,Bismack Biyombo,86.2472,24.10723,TOR
21560,Ball,82.0397,24.324,Ball
21560,Nick Collison,86.18757,28.35778,OKC
21560,D.J. Augustin,59.14288,24.93919,OKC
21560,Kyle Singler,75.56654,3.66653,OKC
21560,Dion Waiters,83.63038,48.22784,OKC
21560,Enes Kanter,83.48831,23.75806,OKC
21560,Patrick Patterson,87.7061,26.42325,TOR
21560,DeMar DeRozan,81.32707,19.53719,TOR
21560,Terrence Ross,82.47487,33.14402,TOR
21560,Cory Joseph,74.14746,23.53453,TOR
21560,Bismack Biyombo,85.65792,24.32191,TOR
