6010,Ball,89.09836,31.10189,Ball
6010,Amir Johnson,88.4801,31.63672,BOS
6010,Isaiah Thomas,85.4273,38.30924,BOS
6010,Avery Bradley,91.42137,26.44161,BOS
6010,Jae Crowder,63.97702,5.40349,BOS
6010,Jared Sullinger,82.81152,24.11978,BOS
6010,Andrew Bogut,72.01538,10.510860000000001,GSW
6010,Brandon Rush,82.48937,3.74696,GSW
6010,Stephen Curry,81.59304,19.79518,GSW
6010,Draymond Green,47.09787,31.27589,GSW
6010,Ian Clark,71.27524,43.19231,GSW
6020,Ball,81.98437,40.97,Ball
6020,Amir Johnson,88.08428,34.27454,BOS
6020,Isaiah Thomas,82.63009,40.58383,BOS
6020,Avery Bradley,90.69249,28.22606,BOS
6020,Jae Crowder,56.64685,6.34529,BOS
6020,Jared Sullinger,79.59583,24.18139,BOS
6020,Andrew Bogut,66.22607,11.39041,GSW
6020,Brandon Rush,75.92098,6.09473,GSW
6020,Stephen Curry,79.48428,21.68341,GSW
6020,Draymond Green,43.62571,31.02843,GSW
6020,Ian Clark,67.91391,42.40902,GSW
6030,Ball,78.46943,41.01365,Ball
6030,Amir Johnson,86.01615,37.0414,BOS
6030,Isaiah Thomas,78.44877,42.64703,BOS
6030,Avery Bradley,88.24418,29.97929,BOS
6030,Jae Crowder,48.54046,6.68359,BOS
6030,Jared Sullinger,75.19305,23.22956,BOS
6030,Andrew Bogut,59.91561,12.3789,GSW
6030,Brandon Rush,68.28269,7.65069,GSW
6030,Stephen Curry,77.14363,22.89191,GSW
6030,Draymond Green,39.50484,30.35692,GSW
6030,Ian Clark,63.98028,41.79948,GSW
6040,Ball,72.26946,44.83341,Ball
6040,Amir Johnson,81.97878,39.14128,BOS
6040,Isaiah Thomas,72.93319,44.43035,BOS
6040,Avery Bradley,84.19048,30.90524,BOS
6040,Jae Crowder,40.18055,6.7964400000000005,BOS
6040,Jared Sullinger,70.6243,21.9544,BOS
6040,Andrew Bogut,53.57669,13.7794,GSW
6040,Brandon Rush,59.97502,8.74428,GSW
6040,Stephen Curry,74.82155,24.25535,GSW
6040,Draymond Green,35.13488,29.57301,GSW
6040,Ian Clark,59.58995,41.30297,GSW
6050,Ball,68.52987,44.74089,Ball
6050,Amir Johnson,76.20122,40.11751,BOS
6050,Isaiah Thomas,66.81303,45.64257,BOS
6050,Avery Bradley,78.98338,30.80231,BOS
6050,Jae Crowder,31.99501,6.91111,BOS
6050,Jared Sullinger,65.59302,20.27746,BOS
6050,Andrew Bogut,47.38451,15.75348,GSW
6050,Brandon Rush,51.28551,9.702820000000001,GSW
6050,Stephen Curry,71.86643,25.18042,GSW
6050,Draymond Green,30.82197,28.80778,GSW
6050,Ian Clark,54.60915,40.98014,GSW
6060,Ball,58.47416,45.23609,Ball
6060,Amir Johnson,69.4194,40.14357,BOS
6060,Isaiah Thomas,60.29594,46.22543,BOS
6060,Avery Bradley,73.58539,29.77554,BOS
6060,Jae Crowder,24.36285,6.67884,BOS
6060,Jared Sullinger,60.3637,18.25274,BOS
6060,Andrew Bogut,41.52,18.04179,GSW
6060,Brandon Rush,42.62525,10.83067,GSW
6060,Stephen Curry,68.09077,25.76951,GSW
6060,Draymond Green,26.75424,28.23877,GSW
6060,Ian Clark,49.44383,40.777590000000004,GSW
6070,Ball,52.67679,46.72701,Ball
6070,Amir Johnson,61.882130000000004,39.60346,BOS
6070,Isaiah Thomas,53.71316,46.63646,BOS
6070,Avery Bradley,68.20741,27.93299,BOS
6070,Jae Crowder,17.22748,5.6763200000000005,BOS
6070,Jared Sullinger,54.98721,16.17531,BOS
6070,Andrew Bogut,35.9956,20.16046,GSW
6070,Brandon Rush,34.34953,12.3146,GSW
6070,Stephen Curry,63.60512,26.07921,GSW
6070,Draymond Green,23.50176,27.92455,GSW
6070,Ian Clark,44.06029,40.74913,GSW
6080,Ball,47.37263,47.51423,Ball
6080,Amir Johnson,55.17335,39.01967,BOS
6080,Isaiah Thomas,47.88694,46.83071,BOS
6080,Avery Bradley,63.54384,25.94228,BOS
6080,Jae Crowder,12.12816,3.69062,BOS
6080,Jared Sullinger,50.08046,14.495190000000001,BOS
6080,Andrew Bogut,31.55974,21.76116,GSW
6080,Brandon Rush,27.43682,13.64181,GSW
6080,Stephen Curry,59.30851,26.02558,GSW
6080,Draymond Green,21.63435,28.20135,GSW
6080,Ian Clark,39.26081,40.80339,GSW
6090,Ball,40.5385,47.35111,Ball
6090,Amir Johnson,47.5724,38.39752,BOS
6090,Isaiah Thomas,42.03508,46.74191,BOS
6090,Avery Bradley,58.30261,23.60538,BOS
6090,Jae Crowder,7.69906,2.54046,BOS
6090,Jared Sullinger,44.59561,12.85179,BOS
6090,Andrew Bogut,27.04121,22.79352,GSW
6090,Brandon Rush,20.65347,14.69584,GSW
6090,Stephen Curry,54.41365,25.82894,GSW
6090,Draymond Green,20.30436,29.33816,GSW
6090,Ian Clark,34.3344,40.78582,GSW
6090,Ball,40.50112,47.57975,Ball
6090,Amir Johnson,46.83142,38.34085,BOS
6090,Isaiah Thomas,41.49884,46.72279,BOS
6090,Avery Bradley,57.77905,23.36971,BOS
6090,Jae Crowder,7.33286,2.57106,BOS
6090,Jared Sullinger,44.08801,12.70537,BOS
6090,Andrew Bogut,26.61032,22.84483,GSW
6090,Brandon Rush,20.03656,14.76374,GSW
6090,Stephen Curry,53.93657,25.80789,GSW
6090,Draymond Green,20.24244,29.45893,GSW
6090,Ian Clark,33.87521,40.77977,GSW
6100,Ball,36.16605,47.19632,Ball
6100,Amir Johnson,40.62285,37.94712,BOS
6100,Isaiah Thomas,36.92296,46.31138,BOS
6100,Avery Bradley,53.12488,21.31077,BOS
6100,Jae Crowder,5.44224,2.6751,BOS
6100,Jared Sullinger,39.43229,11.57715,BOS
6100,Andrew Bogut,23.25064,23.16465,GSW
6100,Brandon Rush,15.03179,14.96859,GSW
6100,Stephen Curry,49.51031,25.52716,GSW
6100,Draymond Green,19.91447,30.30583,GSW
6100,Ian Clark,30.86671,40.68786,GSW
6110,Ball,30.66575,44.82329,Ball
6110,Amir Johnson,34.3862,37.65635,BOS
6110,Isaiah Thomas,33.09679,44.76005,BOS
6110,Avery Bradley,48.00149,19.10607,BOS
6110,Jae Crowder,5.3192,1.70078,BOS
6110,Jared Sullinger,34.11192,10.676120000000001,BOS
6110,Andrew Bogut,19.85084,23.16731,GSW
6110,Brandon Rush,10.51263,14.79293,GSW
6110,Stephen Curry,44.49705,25.14084,GSW
6110,Draymond Green,18.7486,31.535330000000002,GSW
6110,Ian Clark,29.94169,40.33646,GSW
6120,Ball,33.28853,42.31979,Ball
6120,Amir Johnson,29.66065,37.66404,BOS
6120,Isaiah Thomas,31.63549,41.72094,BOS
6120,Avery Bradley,43.07125,17.22003,BOS
6120,Jae Crowder,5.72108,1.40176,BOS
6120,Jared Sullinger,29.09269,10.291080000000001,BOS
6120,Andrew Bogut,17.09005,22.7695,GSW
6120,Brandon Rush,7.7447,13.56828,GSW
6120,Stephen Curry,39.64943,24.74408,GSW
6120,Draymond Green,17.45152,32.92049,GSW
6120,Ian Clark,28.45291,39.46976,GSW
6130,Ball,33.45502,35.70043,Ball
6130,Amir Johnson,25.54341,37.4333,BOS
6130,Isaiah Thomas,32.12559,36.71551,BOS
6130,Avery Bradley,38.17542,15.36561,BOS
6130,Jae Crowder,5.98276,1.8512,BOS
6130,Jared Sullinger,24.15703,10.74512,BOS
6130,Andrew Bogut,14.84709,22.13517,GSW
6130,Brandon Rush,6.7620000000000005,12.55302,GSW
6130,Stephen Curry,34.94285,24.42036,GSW
6130,Draymond Green,16.17426,33.32172,GSW
6130,Ian Clark,25.98624,38.58421,GSW
6140,Ball,31.40528,31.1052,Ball
6140,Amir Johnson,21.66541,36.7026,BOS
6140,Isaiah Thomas,31.51961,32.75435,BOS
6140,Avery Bradley,33.59822,13.28674,BOS
6140,Jae Crowder,6.46895,2.10437,BOS
6140,Jared Sullinger,19.19085,11.63531,BOS
6140,Andrew Bogut,12.80718,21.8559,GSW
6140,Brandon Rush,6.71922,11.64851,GSW
6140,Stephen Curry,30.88832,24.01424,GSW
6140,Draymond Green,15.34129,32.54551,GSW
6140,Ian Clark,23.81069,37.22898,GSW
6150,Ball,29.0234,29.83458,Ball
6150,Amir Johnson,16.95273,35.73968,BOS
6150,Isaiah Thomas,30.02671,30.69675,BOS
6150,Avery Bradley,29.94511,10.97131,BOS
6150,Jae Crowder,7.25663,2.13544,BOS
6150,Jared Sullinger,14.61284,13.34628,BOS
6150,Andrew Bogut,11.24042,20.86752,GSW
6150,Brandon Rush,7.14454,10.83878,GSW
6150,Stephen Curry,28.04415,22.51173,GSW
6150,Draymond Green,14.27638,31.75812,GSW
6150,Ian Clark,24.38056,34.42163,GSW
6160,Ball,29.13636,29.71838,Ball
6160,Amir Johnson,12.57199,34.93926,BOS
6160,Isaiah Thomas,29.04709,29.68513,BOS
6160,Avery Bradley,27.80156,9.27484,BOS
6160,Jae Crowder,7.98049,2.1946,BOS
6160,Jared Sullinger,10.29226,15.67765,BOS
6160,Andrew Bogut,9.69819,19.97984,GSW
6160,Brandon Rush,6.3512,9.734960000000001,GSW
6160,Stephen Curry,26.09477,20.76864,GSW
6160,Draymond Green,12.45815,31.97576,GSW
6160,Ian Clark,25.52995,31.24482,GSW
6170,Ball,23.38987,28.64007,Ball
6170,Amir Johnson,9.23412,33.767,BOS
6170,Isaiah Thomas,28.19423,29.03956,BOS
6170,Avery Bradley,26.86989,8.48528,BOS
6170,Jae Crowder,8.63546,2.49036,BOS
6170,Jared Sullinger,7.03526,18.21032,BOS
6170,Andrew Bogut,8.13865,19.83745,GSW
6170,Brandon Rush,6.38803,9.94239,GSW
6170,Stephen Curry,24.37378,19.37946,GSW
6170,Draymond Green,10.33821,32.02976,GSW
6170,Ian Clark,26.20912,28.77232,GSW
6180,Ball,17.0144,27.2651,Ball
6180,Amir Johnson,7.31362,31.7672,BOS
6180,Isaiah Thomas,29.04921,28.19351,BOS
6180,Avery Bradley,27.05097,8.60552,BOS
6180,Jae Crowder,9.94842,2.9947,BOS
6180,Jared Sullinger,5.5398700000000005,19.68404,BOS
6180,Andrew Bogut,7.38459,20.64609,GSW
6180,Brandon Rush,7.07749,11.29625,GSW
6180,Stephen Curry,22.98429,18.96437,GSW
6180,Draymond Green,8.22421,30.71455,GSW
6180,Ian Clark,27.5424,27.0934,GSW
6190,Ball,10.76418,25.97114,Ball
6190,Amir Johnson,6.58602,29.86434,BOS
6190,Isaiah Thomas,31.46858,27.23082,BOS
6190,Avery Bradley,27.68395,9.03649,BOS
6190,Jae Crowder,11.50993,3.84692,BOS
6190,Jared Sullinger,5.6706900000000005,20.33661,BOS
6190,Andrew Bogut,7.57454,21.54079,GSW
6190,Brandon Rush,7.40053,13.39317,GSW
6190,Stephen Curry,21.46366,19.72624,GSW
6190,Draymond Green,7.82738,28.33213,GSW
6190,Ian Clark,28.607120000000002,26.07586,GSW
6200,Ball,7.42207,25.9263,Ball
6200,Amir Johnson,6.4656,28.49651,BOS
6200,Isaiah Thomas,35.00008,25.73752,BOS
6200,Avery Bradley,28.209600000000002,9.77165,BOS
6200,Jae Crowder,12.76603,4.75673,BOS
6200,Jared Sullinger,9.87174,20.67282,BOS
6200,Andrew Bogut,7.95767,21.82004,GSW
6200,Brandon Rush,8.6576,16.02607,GSW
6200,Stephen Curry,19.79816,21.86123,GSW
6200,Draymond Green,7.13043,27.85942,GSW
6200,Ian Clark,29.69206,26.04577,GSW
6210,Ball,13.44414,29.49075,Ball
6210,Amir Johnson,6.8238900000000005,28.21864,BOS
6210,Isaiah Thomas,38.38816,24.57045,BOS
6210,Avery Bradley,28.7305,10.32757,BOS
6210,Jae Crowder,13.70836,5.38158,BOS
6210,Jared Sullinger,13.03187,21.36455,BOS
6210,Andrew Bogut,8.23149,21.6704,GSW
6210,Brandon Rush,10.61201,17.52224,GSW
6210,Stephen Curry,18.80845,24.88657,GSW
6210,Draymond Green,7.58402,27.49856,GSW
6210,Ian Clark,31.09995,27.12193,GSW
6220,Ball,19.34741,32.6802,Ball
6220,Amir Johnson,7.50182,28.5697,BOS
6220,Isaiah Thomas,42.54989,23.89828,BOS
6220,Avery Bradley,30.09851,11.16016,BOS
6220,Jae Crowder,15.9595,6.28179,BOS
6220,Jared Sullinger,16.6494,22.79143,BOS
6220,Andrew Bogut,9.36008,20.8651,GSW
6220,Brandon Rush,13.45224,17.63071,GSW
6220,Stephen Curry,19.48479,29.72615,GSW
6220,Draymond Green,9.80023,28.16165,GSW
6220,Ian Clark,32.81277,29.96574,GSW
6230,Ball,24.4315,35.25239,Ball
6230,Amir Johnson,9.72663,29.78435,BOS
6230,Isaiah Thomas,46.93544,24.22363,BOS
6230,Avery Bradley,33.03953,12.66742,BOS
6230,Jae Crowder,20.04727,7.25192,BOS
6230,Jared Sullinger,21.5182,24.31865,BOS
6230,Andrew Bogut,10.02821,20.16669,GSW
6230,Brandon Rush,17.77291,16.55268,GSW
6230,Stephen Curry,22.46745,34.8085,GSW
6230,Draymond Green,11.87296,30.16576,GSW
6230,Ian Clark,36.4113,33.91775,GSW
6240,Ball,28.97959,37.75836,Ball
6240,Amir Johnson,13.43124,31.22478,BOS
6240,Isaiah Thomas,51.68579,25.78502,BOS
6240,Avery Bradley,37.45466,14.677340000000001,BOS
6240,Jae Crowder,25.83517,8.05515,BOS
6240,Jared Sullinger,26.91299,25.20521,BOS
6240,Andrew Bogut,10.9552,19.32027,GSW
6240,Brandon Rush,22.73548,14.51976,GSW
6240,Stephen Curry,27.21459,38.8747,GSW
6240,Draymond Green,15.19009,32.28518,GSW
6240,Ian Clark,41.82669,37.40752,GSW
6240,Ball,29.49665,38.03805,Ball
6240,Amir Johnson,13.89775,31.3497,BOS
6240,Isaiah Thomas,52.15756,26.01381,BOS
6240,Avery Bradley,37.96505,14.8905,BOS
6240,Jae Crowder,26.46945,8.14234,BOS
6240,Jared Sullinger,27.41463,25.29943,BOS
6240,Andrew Bogut,11.09598,19.25325,GSW
6240,Brandon Rush,23.26626,14.26738,GSW
6240,Stephen Curry,27.76947,39.22106,GSW
6240,Draymond Green,15.65852,32.45935,GSW
6240,Ian Clark,42.47177,37.71479,GSW
6250,Ball,33.52219,40.12923,Ball
6250,Amir Johnson,18.67167,32.42269,BOS
6250,Isaiah Thomas,56.36134,28.25039,BOS
6250,Avery Bradley,43.03961,16.64911,BOS
6250,Jae Crowder,32.25754,9.08578,BOS
6250,Jared Sullinger,32.57747,25.89519,BOS
6250,Andrew Bogut,12.78398,18.72721,GSW
6250,Brandon Rush,28.22166,11.82062,GSW
6250,Stephen Curry,33.19153,41.6791,GSW
6250,Draymond Green,20.39126,34.346940000000004,GSW
6250,Ian Clark,48.61732,40.12751,GSW
6260,Ball,39.7576,42.82735,Ball
6260,Amir Johnson,24.46088,33.95193,BOS
6260,Isaiah Thomas,60.96136,30.91497,BOS
6260,Avery Bradley,49.22957,17.83935,BOS
6260,Jae Crowder,39.29265,9.86427,BOS
6260,Jared Sullinger,39.02648,26.1913,BOS
6260,Andrew Bogut,14.99525,18.46381,GSW
6260,Brandon Rush,33.95875,9.32295,GSW
6260,Stephen Curry,40.15352,43.40612,GSW
6260,Draymond Green,26.51058,35.61052,GSW
6260,Ian Clark,55.98001,42.05247,GSW
6270,Ball,47.09212,43.57832,Ball
6270,Amir Johnson,30.84689,35.00464,BOS
6270,Isaiah Thomas,65.40306,33.4328,BOS
6270,Avery Bradley,55.7439,18.93143,BOS
6270,Jae Crowder,46.28141,10.55161,BOS
6270,Jared Sullinger,45.32217,26.36399,BOS
6270,Andrew Bogut,17.30108,18.65976,GSW
6270,Brandon Rush,40.08437,7.48881,GSW
6270,Stephen Curry,47.35505,44.12172,GSW
6270,Draymond Green,32.40739,36.34955,GSW
6270,Ian Clark,63.60445,43.3603,GSW
6280,Ball,55.27757,41.95896,Ball
6280,Amir Johnson,38.03261,35.05966,BOS
6280,Isaiah Thomas,68.89316,35.77778,BOS
6280,Avery Bradley,62.36739,20.716920000000002,BOS
6280,Jae Crowder,53.04739,11.34759,BOS
6280,Jared Sullinger,51.81356,26.39045,BOS
6280,Andrew Bogut,20.11432,18.94822,GSW
6280,Brandon Rush,45.99218,6.44863,GSW
6280,Stephen Curry,54.45326,43.69385,GSW
6280,Draymond Green,37.41102,36.95539,GSW
6280,Ian Clark,71.15555,44.40702,GSW
6290,Ball,60.97844,41.01454,Ball
6290,Amir Johnson,44.83849,35.18215,BOS
6290,Isaiah Thomas,70.12483,37.38086,BOS
6290,Avery Bradley,68.79072,23.60164,BOS
6290,Jae Crowder,59.55098,12.30663,BOS
6290,Jared Sullinger,57.85138,26.41492,BOS
6290,Andrew Bogut,23.03585,19.28735,GSW
6290,Brandon Rush,51.72517,6.06942,GSW
6290,Stephen Curry,60.44973,42.26303,GSW
6290,Draymond Green,42.16514,36.97486,GSW
6290,Ian Clark,77.88506,45.4981,GSW
6300,Ball,65.15813,40.65519,Ball
6300,Amir Johnson,51.43406,34.74925,BOS
6300,Isaiah Thomas,69.03856,38.07023,BOS
6300,Avery Bradley,74.66197,27.15658,BOS
6300,Jae Crowder,65.83557,13.52826,BOS
6300,Jared Sullinger,63.93764,26.62661,BOS
6300,Andrew Bogut,26.07538,19.72045,GSW
6300,Brandon Rush,56.83156,6.17589,GSW
6300,Stephen Curry,64.04274,40.95749,GSW
6300,Draymond Green,46.39829,36.40435,GSW
6300,Ian Clark,83.0372,46.88735,GSW
6310,Ball,68.86371,38.06114,Ball
6310,Amir Johnson,57.313,33.87588,BOS
6310,Isaiah Thomas,68.33927,38.85824,BOS
6310,Avery Bradley,79.6517,30.92725,BOS
6310,Jae Crowder,71.40839,14.89073,BOS
6310,Jared Sullinger,69.49897,26.7565,BOS
6310,Andrew Bogut,28.93274,20.25289,GSW
6310,Brandon Rush,61.42735,6.50612,GSW
6310,Stephen Curry,65.31669,40.40596,GSW
6310,Draymond Green,49.43891,35.50023,GSW
6310,Ian Clark,86.35675,47.98008,GSW
6320,Ball,75.73083,34.00248,Ball
6320,Amir Johnson,62.53556,32.53247,BOS
6320,Isaiah Thomas,67.83182,39.81994,BOS
6320,Avery Bradley,83.42497,34.58549,BOS
6320,Jae Crowder,76.57616,16.38537,BOS
6320,Jared Sullinger,74.71962,26.83476,BOS
6320,Andrew Bogut,31.30494,20.78983,GSW
6320,Brandon Rush,64.8277,7.0263,GSW
6320,Stephen Curry,65.46727,39.81635,GSW
6320,Draymond Green,51.28433,35.08695,GSW
6320,Ian Clark,88.08416,48.32354,GSW
6330,Ball,82.42346,29.73421,Ball
6330,Amir Johnson,66.54466,30.89452,BOS
6330,Isaiah Thomas,67.25399,40.8193,BOS
6330,Avery Bradley,85.78865,37.89133,BOS
6330,Jae Crowder,80.9384,17.78588,BOS
6330,Jared Sullinger,79.21617,26.68449,BOS
6330,Andrew Bogut,33.20606,21.15871,GSW
6330,Brandon Rush,67.25521,7.44856,GSW
6330,Stephen Curry,63.62034,39.2235,GSW
6330,Draymond Green,51.90584,34.56201,GSW
6330,Ian Clark,88.40903,48.49099,GSW
6340,Ball,88.95179,25.89584,Ball
6340,Amir Johnson,69.43133,28.99767,BOS
6340,Isaiah Thomas,66.61273,40.99258,BOS
6340,Avery Bradley,87.5193,40.49864,BOS
6340,Jae Crowder,84.46017,19.11481,BOS
6340,Jared Sullinger,82.90885,26.76171,BOS
6340,Andrew Bogut,34.1889,21.74183,GSW
6340,Brandon Rush,68.21796,7.79673,GSW
6340,Stephen Curry,61.31641,38.23016,GSW
6340,Draymond Green,51.48893,33.92604,GSW
6340,Ian Clark,87.67935,48.5928,GSW
6350,Ball,87.90557,25.82597,Ball
6350,Amir Johnson,70.71195,27.26048,BOS
6350,Isaiah Thomas,66.82451,40.06108,BOS
6350,Avery Bradley,88.71615,41.90012,BOS
6350,Jae Crowder,86.49468,19.87859,BOS
6350,Jared Sullinger,85.09961,26.63638,BOS
6350,Andrew Bogut,34.40352,22.03311,GSW
6350,Brandon Rush,68.08212,8.16335,GSW
6350,Stephen Curry,59.09564,37.55682,GSW
6350,Draymond Green,50.54294,33.71277,GSW
6350,Ian Clark,86.55786,48.59321,GSW
6360,Ball,85.58951,25.994,Ball
6360,Amir Johnson,70.77716,25.53349,BOS
6360,Isaiah Thomas,68.41996,37.54446,BOS
6360,Avery Bradley,89.55577,42.9249,BOS
6360,Jae Crowder,87.70494,19.60987,BOS
6360,Jared Sullinger,85.49075,26.28836,BOS
6360,Andrew Bogut,33.88995,21.97361,GSW
6360,Brandon Rush,66.84374,8.73,GSW
6360,Stephen Curry,56.30413,36.9846,GSW
6360,Draymond Green,48.81447,33.62534,GSW
6360,Ian Clark,84.62571,48.19915,GSW
6370,Ball,84.7936,25.6464,Ball
6370,Amir Johnson,69.03031,24.164,BOS
6370,Isaiah Thomas,70.03026,33.63484,BOS
6370,Avery Bradley,89.43896,43.56818,BOS
6370,Jae Crowder,87.8109,18.20271,BOS
6370,Jared Sullinger,84.90858,26.0687,BOS
6370,Andrew Bogut,32.76467,21.80373,GSW
6370,Brandon Rush,64.6538,9.09062,GSW
6370,Stephen Curry,53.46318,35.97823,GSW
6370,Draymond Green,46.63914,33.111580000000004,GSW
6370,Ian Clark,82.17973,47.57246,GSW
6380,Ball,81.94202,26.56402,Ball
6380,Amir Johnson,65.6105,23.25921,BOS
6380,Isaiah Thomas,70.53475,28.66913,BOS
6380,Avery Bradley,88.58747,43.53818,BOS
6380,Jae Crowder,85.33358,16.17923,BOS
6380,Jared Sullinger,84.22592,26.40399,BOS
6380,Andrew Bogut,31.32939,21.93856,GSW
6380,Brandon Rush,61.76136,9.31589,GSW
6380,Stephen Curry,50.73549,34.45934,GSW
6380,Draymond Green,44.48112,32.55475,GSW
6380,Ian Clark,79.36777,46.86436,GSW
6390,Ball,69.81495,21.54197,Ball
6390,Amir Johnson,61.19161,22.90375,BOS
6390,Isaiah Thomas,68.64159,23.39879,BOS
6390,Avery Bradley,86.53868,42.98321,BOS
6390,Jae Crowder,81.74717,14.25784,BOS
6390,Jared Sullinger,82.9099,26.99581,BOS
6390,Andrew Bogut,29.51262,21.5966,GSW
6390,Brandon Rush,58.38078,9.4997,GSW
6390,Stephen Curry,48.01486,32.40355,GSW
6390,Draymond Green,41.97654,31.93608,GSW
6390,Ian Clark,75.95346,45.99327,GSW
6400,Ball,63.69276,19.0988,Ball
6400,Amir Johnson,55.98136,22.62481,BOS
6400,Isaiah Thomas,64.69476,19.22579,BOS
6400,Avery Bradley,82.92997,42.55026,BOS
6400,Jae Crowder,77.54641,13.04017,BOS
6400,Jared Sullinger,80.79387,27.35496,BOS
6400,Andrew Bogut,27.61948,21.21782,GSW
6400,Brandon Rush,54.66682,9.74812,GSW
6400,Stephen Curry,45.21576,29.82771,GSW
6400,Draymond Green,39.46372,31.36569,GSW
6400,Ian Clark,71.97312,45.16904,GSW
