40950,Ball,57.96041,41.70924,Ball
40950,Zach Randolph,61.80895,25.71662,MEM
40950,Tony Allen,75.06232,10.98792,MEM
40950,Jeff Green,81.52809,40.13572,MEM
40950,Mike Conley,64.95381,37.35993,MEM
40950,Marc Gasol,82.38308,28.27653,MEM
40950,Marvin Williams,55.33015,19.52941,CHA
40950,Nicolas Batum,71.79631,6.42839,CHA
40950,Kemba Walker,56.87209,41.29326,CHA
40950,Cody Zeller,83.08372,32.75987,CHA
40950,PJ Hairston,89.51368,48.26495,CHA
40960,Ball,56.66525,39.55017,Ball
40960,Zach Randolph,63.69164,23.46573,MEM
40960,Tony Allen,74.38398,12.60295,MEM
40960,Jeff Green,82.24899,40.03561,MEM
40960,Mike Conley,65.04576,36.62647,MEM
40960,Marc Gasol,81.95557,29.62257,MEM
40960,Marvin Williams,60.55711,17.440080000000002,CHA
40960,Nicolas Batum,69.49056,7.93508,CHA
40960,Kemba Walker,57.6838,39.96629,CHA
40960,Cody Zeller,79.3194,35.66131,CHA
40960,PJ Hairston,88.95521,48.48077,CHA
40970,Ball,58.6224,37.34802,Ball
40970,Zach Randolph,66.45497,21.81582,MEM
40970,Tony Allen,71.72817,14.88672,MEM
40970,Jeff Green,82.55326,40.08584,MEM
40970,Mike Conley,64.71493,35.82369,MEM
40970,Marc Gasol,80.06112,31.29141,MEM
40970,Marvin Williams,64.73669,17.0004,CHA
40970,Nicolas Batum,65.9895,10.74667,CHA
40970,Kemba Walker,58.31238,38.64238,CHA
40970,Cody Zeller,74.45496,36.72648,CHA
40970,PJ Hairston,88.43008,48.58327,CHA
40980,Ball,62.50425,22.93146,Ball
40980,Zach Randolph,69.57069,20.62338,MEM
40980,Tony Allen,68.73583,16.50579,MEM
40980,Jeff Green,82.77588,39.34162,MEM
40980,Mike Conley,64.59822,34.73679,MEM
40980,Marc Gasol,78.19601,32.88863,MEM
40980,Marvin Williams,67.20289,18.31141,CHA
40980,Nicolas Batum,63.19036,13.90278,CHA
40980,Kemba Walker,59.07167,38.95568,CHA
40980,Cody Zeller,70.25762,36.6833,CHA
40980,PJ Hairston,87.9579,48.3296,CHA
40990,Ball,62.38885,19.64094,Ball
40990,Zach Randolph,71.72521,18.86862,MEM
40990,Tony Allen,65.84404,16.99169,MEM
40990,Jeff Green,83.60451,37.91456,MEM
40990,Mike Conley,65.75406,33.49759,MEM
40990,Marc Gasol,77.45058,32.86144,MEM
40990,Marvin Williams,66.96005,19.20343,CHA
40990,Nicolas Batum,62.3696,17.70971,CHA
40990,Kemba Walker,61.49884,40.91986,CHA
40990,Cody Zeller,67.85475,35.90314,CHA
40990,PJ Hairston,87.48936,48.38339,CHA
41000,Ball,62.99564,22.87196,Ball
41000,Zach Randolph,72.29391,18.17396,MEM
41000,Tony Allen,64.50436,18.9064,MEM
41000,Jeff Green,84.43937,36.79943,MEM
41000,Mike Conley,67.31563,31.6293,MEM
41000,Marc Gasol,77.80054,31.76009,MEM
41000,Marvin Williams,65.84421,19.36085,CHA
41000,Nicolas Batum,63.49148,21.56818,CHA
41000,Kemba Walker,65.01322,43.1553,CHA
41000,Cody Zeller,67.73103,34.69097,CHA
41000,PJ Hairston,87.18382,48.50751,CHA
41010,Ball,66.31728,25.75835,Ball
41010,Zach Randolph,72.99656,19.93029,MEM
41010,Tony Allen,65.06735,21.77286,MEM
41010,Jeff Green,84.83798,36.88875,MEM
41010,Mike Conley,68.47453,29.69641,MEM
41010,Marc Gasol,78.17415,30.06781,MEM
41010,Marvin Williams,64.58445,19.14731,CHA
41010,Nicolas Batum,66.15207,23.85775,CHA
41010,Kemba Walker,69.31354,45.30175,CHA
41010,Cody Zeller,67.57143,33.4261,CHA
41010,PJ Hairston,87.5569,48.45113,CHA
41020,Ball,70.25202,27.8876,Ball
41020,Zach Randolph,73.79198,21.38632,MEM
41020,Tony Allen,68.28123,23.38375,MEM
41020,Jeff Green,84.04739,37.93987,MEM
41020,Mike Conley,68.45485,30.87727,MEM
41020,Marc Gasol,78.90552,28.12867,MEM
41020,Marvin Williams,63.49852,18.4137,CHA
41020,Nicolas Batum,69.54568,26.26157,CHA
41020,Kemba Walker,72.95963,46.84278,CHA
41020,Cody Zeller,66.6247,32.82336,CHA
41020,PJ Hairston,88.84671,48.32734,CHA
41030,Ball,74.86974,44.7789,Ball
41030,Zach Randolph,75.33445,21.761400000000002,MEM
41030,Tony Allen,72.11964,24.42315,MEM
41030,Jeff Green,82.08615,40.59135,MEM
41030,Mike Conley,69.72684,34.26224,MEM
41030,Marc Gasol,80.23856,28.3451,MEM
41030,Marvin Williams,63.17542,16.47275,CHA
41030,Nicolas Batum,72.97154,27.53268,CHA
41030,Kemba Walker,75.2028,46.98527,CHA
41030,Cody Zeller,64.93601,33.03929,CHA
41030,PJ Hairston,90.04866,48.41136,CHA
41040,Ball,75.19905,46.0773,Ball
41040,Zach Randolph,76.38984,20.93108,MEM
41040,Tony Allen,75.03952,25.20442,MEM
41040,Jeff Green,81.19262,42.83819,MEM
41040,Mike Conley,72.59902,37.42828,MEM
41040,Marc Gasol,80.95125,28.67121,MEM
41040,Marvin Williams,63.62729,14.53306,CHA
41040,Nicolas Batum,75.51711,27.69397,CHA
41040,Kemba Walker,75.66308,46.32367,CHA
41040,Cody Zeller,63.59537,32.68049,CHA
41040,PJ Hairston,90.71285,48.16258,CHA
41050,Ball,75.99286,45.30479,Ball
41050,Zach Randolph,76.90832,20.10905,MEM
41050,Tony Allen,77.02157,25.59997,MEM
41050,Jeff Green,82.1378,43.43673,MEM
41050,Mike Conley,75.16091,39.99283,MEM
41050,Marc Gasol,81.21098,28.84446,MEM
41050,Marvin Williams,64.1054,12.778410000000001,CHA
41050,Nicolas Batum,77.83663,27.76707,CHA
41050,Kemba Walker,75.62495,44.02334,CHA
41050,Cody Zeller,63.12679,32.34485,CHA
41050,PJ Hairston,91.19473,47.85464,CHA
41060,Ball,74.36909,45.21531,Ball
41060,Zach Randolph,76.73793,19.40116,MEM
41060,Tony Allen,78.016,25.90056,MEM
41060,Jeff Green,83.34011,42.34718,MEM
41060,Mike Conley,76.20556,40.76202,MEM
41060,Marc Gasol,81.26111,29.29663,MEM
41060,Marvin Williams,64.29298,11.78283,CHA
41060,Nicolas Batum,79.27404,28.02551,CHA
41060,Kemba Walker,74.80138,44.71627,CHA
41060,Cody Zeller,63.37076,31.44653,CHA
41060,PJ Hairston,91.19903,47.95925,CHA
41070,Ball,67.51957,35.35253,Ball
41070,Zach Randolph,76.25811,18.82476,MEM
41070,Tony Allen,79.13994,25.74815,MEM
41070,Jeff Green,84.78803,40.86178,MEM
41070,Mike Conley,75.29714,40.57688,MEM
41070,Marc Gasol,79.73676,29.09977,MEM
41070,Marvin Williams,64.95641,10.88489,CHA
41070,Nicolas Batum,80.79453,27.36333,CHA
41070,Kemba Walker,72.27401,44.76083,CHA
41070,Cody Zeller,63.94485,29.80978,CHA
41070,PJ Hairston,91.05046,48.52278,CHA
41070,Ball,66.72944,34.42975,Ball
41070,Zach Randolph,76.19371,18.66974,MEM
41070,Tony Allen,79.281,25.72678,MEM
41070,Jeff Green,84.91097,40.65095,MEM
41070,Mike Conley,75.13424,40.52477,MEM
41070,Marc Gasol,79.49022,29.06264,MEM
41070,Marvin Williams,65.05222,10.76234,CHA
41070,Nicolas Batum,80.93542,27.33765,CHA
41070,Kemba Walker,71.92715,44.67131,CHA
41070,Cody Zeller,64.022,29.62914,CHA
41070,PJ Hairston,91.05242,48.55783,CHA
41080,Ball,66.20797,26.34964,Ball
41080,Zach Randolph,75.7044,17.13042,MEM
41080,Tony Allen,80.85105,25.34963,MEM
41080,Jeff Green,86.09025,39.06504,MEM
41080,Mike Conley,73.38491,39.29565,MEM
41080,Marc Gasol,76.98738,28.42965,MEM
41080,Marvin Williams,66.16203,9.30043,CHA
41080,Nicolas Batum,82.06156,27.36497,CHA
41080,Kemba Walker,68.10192,42.91737,CHA
41080,Cody Zeller,65.56702,27.12729,CHA
41080,PJ Hairston,91.08576,48.64596,CHA
41090,Ball,67.83478,22.67763,Ball
41090,Zach Randolph,75.33832,16.13127,MEM
41090,Tony Allen,82.29883,25.11317,MEM
41090,Jeff Green,86.72146,38.07939,MEM
41090,Mike Conley,72.03574,36.81997,MEM
41090,Marc Gasol,75.88564,26.87737,MEM
41090,Marvin Williams,67.43019,7.8421400000000006,CHA
41090,Nicolas Batum,83.01995,27.62188,CHA
41090,Kemba Walker,64.83088,40.40608,CHA
41090,Cody Zeller,68.21001,23.78702,CHA
41090,PJ Hairston,90.34781,48.68483,CHA
41100,Ball,68.50363,13.70164,Ball
41100,Zach Randolph,74.52905,15.07591,MEM
41100,Tony Allen,83.28101,25.07617,MEM
41100,Jeff Green,86.6722,37.73655,MEM
41100,Mike Conley,71.31665,34.08191,MEM
41100,Marc Gasol,76.81088,24.52481,MEM
41100,Marvin Williams,67.36885,7.92853,CHA
41100,Nicolas Batum,83.45286,28.52829,CHA
41100,Kemba Walker,62.27862,38.4305,CHA
41100,Cody Zeller,70.77401,20.60945,CHA
41100,PJ Hairston,88.83243,48.51567,CHA
41110,Ball,66.78192,12.22742,Ball
41110,Zach Randolph,72.63062,14.72122,MEM
41110,Tony Allen,83.25629,25.4478,MEM
41110,Jeff Green,86.2929,37.27743,MEM
41110,Mike Conley,71.16732,31.27892,MEM
41110,Marc Gasol,77.67305,22.68212,MEM
41110,Marvin Williams,66.68006,11.02383,CHA
41110,Nicolas Batum,82.7566,30.19652,CHA
41110,Kemba Walker,60.23436,37.37691,CHA
41110,Cody Zeller,71.67663,18.5459,CHA
41110,PJ Hairston,86.52828,48.10149,CHA
41120,Ball,65.65009,16.27055,Ball
41120,Zach Randolph,70.68017,15.62967,MEM
41120,Tony Allen,82.42643,26.81935,MEM
41120,Jeff Green,85.37669,37.13919,MEM
41120,Mike Conley,71.19746,29.73469,MEM
41120,Marc Gasol,77.26635,22.17131,MEM
41120,Marvin Williams,66.4802,15.56546,CHA
41120,Nicolas Batum,81.76039,31.13876,CHA
41120,Kemba Walker,59.54403,37.27464,CHA
41120,Cody Zeller,70.79729,17.80586,CHA
41120,PJ Hairston,84.23339,48.18857,CHA
41130,Ball,66.26639,21.30873,Ball
41130,Zach Randolph,69.25809,16.75517,MEM
41130,Tony Allen,81.18211,28.07033,MEM
41130,Jeff Green,84.40162,37.23996,MEM
41130,Mike Conley,70.82406,29.3887,MEM
41130,Marc Gasol,76.18195,22.30354,MEM
41130,Marvin Williams,66.90316,19.56573,CHA
41130,Nicolas Batum,80.62602,33.64145,CHA
41130,Kemba Walker,59.12924,35.9126,CHA
41130,Cody Zeller,70.71495,18.26676,CHA
41130,PJ Hairston,83.05531,48.19162,CHA
41140,Ball,65.78569,23.36852,Ball
41140,Zach Randolph,69.892,18.56976,MEM
41140,Tony Allen,80.5552,29.73431,MEM
41140,Jeff Green,83.59272,37.51095,MEM
41140,Mike Conley,70.2859,29.753610000000002,MEM
41140,Marc Gasol,75.27725,23.20043,MEM
41140,Marvin Williams,66.53827,22.24098,CHA
41140,Nicolas Batum,79.81736,35.8887,CHA
41140,Kemba Walker,58.43991,32.74444,CHA
41140,Cody Zeller,73.31088,18.37516,CHA
41140,PJ Hairston,82.8777,48.14651,CHA
41150,Ball,61.54425,29.18092,Ball
41150,Zach Randolph,72.12412,20.02236,MEM
41150,Tony Allen,80.31736,31.611,MEM
41150,Jeff Green,83.30765,37.61164,MEM
41150,Mike Conley,70.00689,29.60662,MEM
41150,Marc Gasol,75.74229,23.77447,MEM
41150,Marvin Williams,66.39961,23.31575,CHA
41150,Nicolas Batum,78.52484,38.39118,CHA
41150,Kemba Walker,58.32054,28.26138,CHA
41150,Cody Zeller,77.78921,18.51355,CHA
41150,PJ Hairston,82.87133,48.17852,CHA
41150,Ball,61.06202,29.89014,Ball
41150,Zach Randolph,72.32445,20.09876,MEM
41150,Tony Allen,80.26558,31.80848,MEM
41150,Jeff Green,83.29961,37.60804,MEM
41150,Mike Conley,69.99386,29.51503,MEM
41150,Marc Gasol,75.86488,23.83595,MEM
41150,Marvin Williams,66.40479,23.34949,CHA
41150,Nicolas Batum,78.33665,38.66954,CHA
41150,Kemba Walker,58.37872,27.78689,CHA
41150,Cody Zeller,78.25427,18.53283,CHA
41150,PJ Hairston,82.86544,48.19307,CHA
41160,Ball,55.72227,36.78083,Ball
41160,Zach Randolph,73.63065,20.71424,MEM
41160,Tony Allen,79.00393,34.00827,MEM
41160,Jeff Green,83.22827,37.54287,MEM
41160,Mike Conley,69.23155,28.90637,MEM
41160,Marc Gasol,77.02519,24.65973,MEM
41160,Marvin Williams,65.96297,23.70439,CHA
41160,Nicolas Batum,75.52322,41.79252,CHA
41160,Kemba Walker,59.28738,23.73097,CHA
41160,Cody Zeller,82.71621,18.65248,CHA
41160,PJ Hairston,82.73354,48.18411,CHA
41170,Ball,52.19087,41.35755,Ball
41170,Zach Randolph,73.69694,20.76758,MEM
41170,Tony Allen,75.36915,36.79438,MEM
41170,Jeff Green,83.13779,37.65019,MEM
41170,Mike Conley,66.30244,30.558230000000002,MEM
41170,Marc Gasol,77.5779,25.01455,MEM
41170,Marvin Williams,64.87131,24.40327,CHA
41170,Nicolas Batum,70.86237,44.55964,CHA
41170,Kemba Walker,60.3938,21.47447,CHA
41170,Cody Zeller,86.24393,18.93,CHA
41170,PJ Hairston,82.09153,48.14269,CHA
41180,Ball,50.29418,44.54263,Ball
41180,Zach Randolph,72.96899,20.33645,MEM
41180,Tony Allen,69.69672,39.37412,MEM
41180,Jeff Green,82.47726,38.35758,MEM
41180,Mike Conley,61.91161,33.93918,MEM
41180,Marc Gasol,77.41406,25.25997,MEM
41180,Marvin Williams,63.71839,25.41987,CHA
41180,Nicolas Batum,64.1455,46.25209,CHA
41180,Kemba Walker,60.77524,20.25172,CHA
41180,Cody Zeller,88.57189,18.82092,CHA
41180,PJ Hairston,80.46067,48.4284,CHA
41190,Ball,48.43058,47.37674,Ball
41190,Zach Randolph,71.85503,20.88484,MEM
41190,Tony Allen,63.51998,41.6461,MEM
41190,Jeff Green,80.84527,39.19912,MEM
41190,Mike Conley,57.06042,37.02349,MEM
41190,Marc Gasol,76.61757,25.31789,MEM
41190,Marvin Williams,62.02994,25.84909,CHA
41190,Nicolas Batum,56.49167,47.62414,CHA
41190,Kemba Walker,60.13601,19.25939,CHA
41190,Cody Zeller,90.19134,20.06209,CHA
41190,PJ Hairston,77.98257,48.55284,CHA
41190,Ball,48.15394,47.4151,Ball
41190,Zach Randolph,71.73501,20.9784,MEM
41190,Tony Allen,62.92578,41.85079,MEM
41190,Jeff Green,80.63745,39.33863,MEM
41190,Mike Conley,56.6188,37.23013,MEM
41190,Marc Gasol,76.49963,25.33662,MEM
41190,Marvin Williams,61.86405,25.90843,CHA
41190,Nicolas Batum,55.67178,47.74226,CHA
41190,Kemba Walker,60.01239,19.19994,CHA
41190,Cody Zeller,90.28735,20.25019,CHA
41190,PJ Hairston,77.68936,48.58803,CHA
41210,Ball,50.59807,44.48143,Ball
41210,Zach Randolph,69.04951,22.28078,MEM
41210,Tony Allen,53.64674,44.38209,MEM
41210,Jeff Green,73.81592,41.21136,MEM
41210,Mike Conley,52.23695,35.05916,MEM
41210,Marc Gasol,74.44955,26.73729,MEM
41210,Marvin Williams,58.76559,26.80051,CHA
41210,Nicolas Batum,41.9179,49.45103,CHA
41210,Kemba Walker,56.92466,18.63696,CHA
41210,Cody Zeller,91.01623,23.11578,CHA
41210,PJ Hairston,70.64165,48.17681,CHA
41220,Ball,59.46495,38.28592,Ball
41220,Zach Randolph,67.49774,22.72814,MEM
41220,Tony Allen,51.29655,44.46858,MEM
41220,Jeff Green,69.63472,42.11473,MEM
41220,Mike Conley,52.81989,31.87423,MEM
41220,Marc Gasol,73.93589,27.12374,MEM
41220,Marvin Williams,57.86278,27.139780000000002,CHA
41220,Nicolas Batum,36.29145,49.76924,CHA
41220,Kemba Walker,55.66974,18.32551,CHA
41220,Cody Zeller,90.33681,24.70944,CHA
41220,PJ Hairston,67.26645,48.55411,CHA
41230,Ball,67.90111,32.51236,Ball
41230,Zach Randolph,65.51417000000001,23.12265,MEM
41230,Tony Allen,48.423,44.51407,MEM
41230,Jeff Green,66.11681,42.40071,MEM
41230,Mike Conley,53.18864,28.77629,MEM
41230,Marc Gasol,73.68962,27.6736,MEM
41230,Marvin Williams,56.52553,27.29042,CHA
41230,Nicolas Batum,31.50022,49.67375,CHA
41230,Kemba Walker,54.18751,18.1872,CHA
41230,Cody Zeller,88.47759,25.96775,CHA
41230,PJ Hairston,62.6114,45.62874,CHA
41230,Ball,68.67954,31.96791,Ball
41230,Zach Randolph,65.26079,23.14179,MEM
41230,Tony Allen,48.0763,44.54942,MEM
41230,Jeff Green,65.81697,42.4826,MEM
41230,Mike Conley,53.12619,28.49626,MEM
41230,Marc Gasol,73.6537,27.7404,MEM
41230,Marvin Williams,56.31464,27.29781,CHA
41230,Nicolas Batum,31.03553,49.6843,CHA
41230,Kemba Walker,53.99745,18.16625,CHA
41230,Cody Zeller,88.15487,26.06462,CHA
41230,PJ Hairston,62.04669,45.299080000000004,CHA
41240,Ball,74.69931,28.68329,Ball
41240,Zach Randolph,61.93074,23.20651,MEM
41240,Tony Allen,44.36805,44.90537,MEM
41240,Jeff Green,62.95652,43.47086,MEM
41240,Mike Conley,51.67537,25.66423,MEM
41240,Marc Gasol,73.29534,28.25072,MEM
41240,Marvin Williams,53.31999,27.80039,CHA
41240,Nicolas Batum,26.22084,49.35996,CHA
41240,Kemba Walker,51.60858,18.08289,CHA
41240,Cody Zeller,83.64868,26.71032,CHA
41240,PJ Hairston,56.657,43.61323,CHA
41250,Ball,72.45516,27.95246,Ball
41250,Zach Randolph,57.20601,22.94004,MEM
41250,Tony Allen,40.52494,44.98668,MEM
41250,Jeff Green,59.75277,44.17831,MEM
41250,Mike Conley,50.38593,22.36143,MEM
41250,Marc Gasol,72.97893,28.38638,MEM
41250,Marvin Williams,49.54347,27.3423,CHA
41250,Nicolas Batum,21.45376,47.71073,CHA
41250,Kemba Walker,48.73947,17.95337,CHA
41250,Cody Zeller,78.02578,26.5527,CHA
41250,PJ Hairston,50.86211,42.04778,CHA
41260,Ball,69.56569,28.84504,Ball
41260,Zach Randolph,51.94551,22.74424,MEM
41260,Tony Allen,36.53852,44.69944,MEM
41260,Jeff Green,55.89302,44.74892,MEM
41260,Mike Conley,50.43825,18.72137,MEM
41260,Marc Gasol,71.25178,27.89139,MEM
41260,Marvin Williams,45.10693,25.91072,CHA
41260,Nicolas Batum,17.87805,44.82444,CHA
41260,Kemba Walker,47.08023,17.547,CHA
41260,Cody Zeller,72.20926,25.62407,CHA
41260,PJ Hairston,44.58861,40.80547,CHA
41270,Ball,67.60338,29.00492,Ball
41270,Zach Randolph,46.07344,22.78793,MEM
41270,Tony Allen,32.54794,44.26736,MEM
41270,Jeff Green,51.56094,45.20978,MEM
41270,Mike Conley,51.71768,15.33506,MEM
41270,Marc Gasol,67.63686,27.25592,MEM
41270,Marvin Williams,40.18295,24.86696,CHA
41270,Nicolas Batum,15.20186,41.27055,CHA
41270,Kemba Walker,45.82362,16.34064,CHA
41270,Cody Zeller,66.19159,25.12144,CHA
41270,PJ Hairston,38.29787,39.73291,CHA
41280,Ball,64.11066,28.34623,Ball
41280,Zach Randolph,39.47725,22.16653,MEM
41280,Tony Allen,28.02987,44.4233,MEM
41280,Jeff Green,46.02034,45.7254,MEM
41280,Mike Conley,52.63513,11.64492,MEM
41280,Marc Gasol,63.0042,26.35474,MEM
41280,Marvin Williams,34.0287,24.67731,CHA
41280,Nicolas Batum,12.56999,37.32436,CHA
41280,Kemba Walker,43.42698,15.44286,CHA
41280,Cody Zeller,58.82325,26.10158,CHA
41280,PJ Hairston,32.26102,37.98321,CHA
41290,Ball,60.87318,27.60404,Ball
41290,Zach Randolph,33.42063,21.49948,MEM
41290,Tony Allen,23.99257,44.79767,MEM
41290,Jeff Green,41.21134,45.40172,MEM
41290,Mike Conley,51.84376,9.24547,MEM
41290,Marc Gasol,59.15276,26.47531,MEM
41290,Marvin Williams,28.98675,24.30156,CHA
41290,Nicolas Batum,10.60206,34.66249,CHA
41290,Kemba Walker,40.61959,15.45488,CHA
41290,Cody Zeller,52.10886,26.32503,CHA
41290,PJ Hairston,27.46759,37.48567,CHA
41300,Ball,56.35233,28.67295,Ball
41300,Zach Randolph,27.78598,21.15132,MEM
41300,Tony Allen,20.29085,44.85319,MEM
41300,Jeff Green,37.21133,44.37021,MEM
41300,Mike Conley,49.82013,7.69146,MEM
41300,Marc Gasol,55.29525,27.99542,MEM
41300,Marvin Williams,24.7062,23.98387,CHA
41300,Nicolas Batum,9.4557,32.65159,CHA
41300,Kemba Walker,37.8605,14.86185,CHA
41300,Cody Zeller,46.15723,26.47821,CHA
41300,PJ Hairston,23.7082,38.65213,CHA
41310,Ball,48.79541,31.61723,Ball
41310,Zach Randolph,22.56501,21.74713,MEM
41310,Tony Allen,17.2278,44.580799999999996,MEM
41310,Jeff Green,34.37469,43.89473,MEM
41310,Mike Conley,47.53165,6.58697,MEM
41310,Marc Gasol,50.975,29.78357,MEM
41310,Marvin Williams,20.64903,23.74387,CHA
41310,Nicolas Batum,9.90719,32.02017,CHA
41310,Kemba Walker,35.12558,14.57309,CHA
41310,Cody Zeller,40.12441,27.90132,CHA
41310,PJ Hairston,22.26091,39.43183,CHA
41310,Ball,47.89469,31.97135,Ball
41310,Zach Randolph,22.06085,21.76275,MEM
41310,Tony Allen,16.95484,44.57626,MEM
41310,Jeff Green,34.15744,43.85475,MEM
41310,Mike Conley,47.27562,6.54256,MEM
41310,Marc Gasol,50.50703,29.9359,MEM
41310,Marvin Williams,20.2989,23.74652,CHA
41310,Nicolas Batum,9.97957,32.02582,CHA
41310,Kemba Walker,34.88651,14.49161,CHA
41310,Cody Zeller,39.54281,28.05513,CHA
41310,PJ Hairston,22.26708,39.47522,CHA
41320,Ball,35.04808,40.91281,Ball
41320,Zach Randolph,17.92798,22.07675,MEM
41320,Tony Allen,14.2069,44.83877,MEM
41320,Jeff Green,32.18908,43.67315,MEM
41320,Mike Conley,44.89256,5.95699,MEM
41320,Marc Gasol,45.830330000000004,31.0447,MEM
41320,Marvin Williams,16.699840000000002,24.25383,CHA
41320,Nicolas Batum,10.37354,32.9578,CHA
41320,Kemba Walker,32.22226,14.43388,CHA
41320,Cody Zeller,34.51151,28.94257,CHA
41320,PJ Hairston,22.73686,39.97103,CHA
41330,Ball,31.4661,42.28096,Ball
41330,Zach Randolph,14.95102,23.62979,MEM
41330,Tony Allen,11.58956,45.18636,MEM
41330,Jeff Green,31.19458,43.2246,MEM
41330,Mike Conley,42.47556,5.99449,MEM
41330,Marc Gasol,41.04744,31.99361,MEM
41330,Marvin Williams,14.51996,24.89753,CHA
41330,Nicolas Batum,10.23154,34.72654,CHA
41330,Kemba Walker,30.12617,14.0715,CHA
41330,Cody Zeller,30.1929,29.91921,CHA
41330,PJ Hairston,23.74333,39.8536,CHA
41340,Ball,31.43427,42.27,Ball
41340,Zach Randolph,12.68868,26.49482,MEM
41340,Tony Allen,8.92377,45.57523,MEM
41340,Jeff Green,31.26831,42.86482,MEM
41340,Mike Conley,40.20329,6.03895,MEM
41340,Marc Gasol,36.77103,32.14496,MEM
41340,Marvin Williams,12.24651,26.87926,CHA
41340,Nicolas Batum,10.24441,35.70479,CHA
41340,Kemba Walker,28.20701,14.0391,CHA
41340,Cody Zeller,26.18379,30.69057,CHA
41340,PJ Hairston,24.67453,39.61907,CHA
41350,Ball,31.4261,42.26486,Ball
41350,Zach Randolph,11.40963,28.14719,MEM
41350,Tony Allen,6.40424,44.3394,MEM
41350,Jeff Green,31.40998,42.72384,MEM
41350,Mike Conley,38.17595,5.97954,MEM
41350,Marc Gasol,33.03719,31.48854,MEM
41350,Marvin Williams,10.16677,27.86189,CHA
41350,Nicolas Batum,9.3959,36.71893,CHA
41350,Kemba Walker,26.3482,14.07479,CHA
41350,Cody Zeller,23.4595,30.56154,CHA
41350,PJ Hairston,25.00412,39.52813,CHA
41360,Ball,31.39238,42.26329,Ball
41360,Zach Randolph,10.5575,27.71038,MEM
41360,Tony Allen,3.95099,41.02877,MEM
41360,Jeff Green,31.35269,42.85266,MEM
41360,Mike Conley,35.57063,7.10807,MEM
41360,Marc Gasol,29.50715,30.2087,MEM
41360,Marvin Williams,9.22429,28.23948,CHA
41360,Nicolas Batum,7.76111,37.46121,CHA
41360,Kemba Walker,24.50089,14.46842,CHA
41360,Cody Zeller,21.70118,31.40287,CHA
41360,PJ Hairston,25.28735,39.01698,CHA
41370,Ball,30.89471,43.31978,Ball
41370,Zach Randolph,10.22812,27.1278,MEM
41370,Tony Allen,2.49074,36.96044,MEM
41370,Jeff Green,30.78269,43.67562,MEM
41370,Mike Conley,33.78108,6.74646,MEM
41370,Marc Gasol,27.4781,28.92687,MEM
41370,Marvin Williams,8.90165,27.84755,CHA
41370,Nicolas Batum,6.57258,36.2453,CHA
41370,Kemba Walker,23.18133,13.95404,CHA
41370,Cody Zeller,21.47361,30.07045,CHA
41370,PJ Hairston,25.37197,38.05937,CHA
41380,Ball,30.66541,44.17569,Ball
41380,Zach Randolph,10.29218,26.59581,MEM
41380,Tony Allen,1.47367,32.86661,MEM
41380,Jeff Green,30.35642,43.74628,MEM
41380,Mike Conley,32.27863,5.5177,MEM
41380,Marc Gasol,26.92304,26.12608,MEM
41380,Marvin Williams,10.04714,26.37108,CHA
41380,Nicolas Batum,5.68888,33.74972,CHA
41380,Kemba Walker,21.5508,14.0753,CHA
41380,Cody Zeller,21.79323,27.79379,CHA
41380,PJ Hairston,25.47233,37.8844,CHA
41390,Ball,29.90957,43.58471,Ball
41390,Zach Randolph,10.85282,25.69336,MEM
41390,Tony Allen,1.26382,29.27933,MEM
41390,Jeff Green,30.1447,43.61973,MEM
41390,Mike Conley,30.78525,5.04352,MEM
41390,Marc Gasol,27.04344,25.40076,MEM
41390,Marvin Williams,9.70321,27.14041,CHA
41390,Nicolas Batum,5.03904,32.36392,CHA
41390,Kemba Walker,20.22613,14.3389,CHA
41390,Cody Zeller,21.62769,26.12192,CHA
41390,PJ Hairston,25.80262,37.80595,CHA
