22350,Ball,74.39873,25.68862,Ball
22350,Tyson Chandler,74.00714,24.67724,PHX
22350,Sonny Weems,59.70822,35.36998,PHX
22350,Lorenzo Brown,65.11616,13.92716,PHX
22350,Mirza Teletovic,85.22069,33.28784,PHX
22350,TJ Warren,84.19135,16.39818,PHX
22350,Kyle Korver,66.03464,33.52331,ATL
22350,Al Horford,87.29799,32.84393,ATL
22350,Tiago Splitter,87.86815,16.3545,ATL
22350,Tim Hardaway Jr.,82.57178,33.0158,ATL
22350,Dennis Schroder,66.92161,12.93487,ATL
22350,Ball,74.40841,25.68902,Ball
22350,Tyson Chandler,74.00886,24.67573,PHX
22350,Sonny Weems,59.69294,35.33398,PHX
22350,Lorenzo Brown,65.11879,13.95263,PHX
22350,Mirza Teletovic,85.22886,33.27827,PHX
22350,TJ Warren,84.19224,16.41398,PHX
22350,Kyle Korver,66.01911,33.52047,ATL
22350,Al Horford,87.28149,32.74765,ATL
22350,Tiago Splitter,87.87288,16.36247,ATL
22350,Tim Hardaway Jr.,82.59933,32.96488,ATL
22350,Dennis Schroder,66.91949,12.94845,ATL
22350,Ball,74.4347,25.68921,Ball
22350,Tyson Chandler,74.01132,24.67322,PHX
22350,Sonny Weems,59.67768,35.29774,PHX
22350,Lorenzo Brown,65.12145,13.97547,PHX
22350,Mirza Teletovic,85.23451,33.26771,PHX
22350,TJ Warren,84.19302,16.42934,PHX
22350,Kyle Korver,66.00198,33.5202,ATL
22350,Al Horford,87.26733,32.69337,ATL
22350,Tiago Splitter,87.87723,16.370260000000002,ATL
22350,Tim Hardaway Jr.,82.63686,32.9082,ATL
22350,Dennis Schroder,66.9215,12.96281,ATL
22350,Ball,74.4859,25.68926,Ball
22350,Tyson Chandler,74.01361,24.6703,PHX
22350,Sonny Weems,59.66053,35.26172,PHX
22350,Lorenzo Brown,65.12804,14.00325,PHX
22350,Mirza Teletovic,85.23991,33.25458,PHX
22350,TJ Warren,84.19414,16.44625,PHX
22350,Kyle Korver,65.98459,33.52049,ATL
22350,Al Horford,87.23576,32.69099,ATL
22350,Tiago Splitter,87.88032,16.37893,ATL
22350,Tim Hardaway Jr.,82.67365,32.84877,ATL
22350,Dennis Schroder,66.91899,12.97948,ATL
22350,Ball,74.80584,24.36814,Ball
22350,Tyson Chandler,74.01578,24.66674,PHX
22350,Sonny Weems,59.64496,35.22369,PHX
22350,Lorenzo Brown,65.14212,14.02465,PHX
22350,Mirza Teletovic,85.24235,33.24071,PHX
22350,TJ Warren,84.19496,16.46299,PHX
22350,Kyle Korver,65.97012,33.52451,ATL
22350,Al Horford,87.25368,32.66318,ATL
22350,Tiago Splitter,87.88437,16.39153,ATL
22350,Tim Hardaway Jr.,82.72394,32.8047,ATL
22350,Dennis Schroder,66.92863,12.99074,ATL
22350,Ball,74.72987,24.79362,Ball
22350,Tyson Chandler,74.0203,24.65943,PHX
22350,Sonny Weems,59.63043,35.18895,PHX
22350,Lorenzo Brown,65.15043,14.05184,PHX
22350,Mirza Teletovic,85.24262,33.22729,PHX
22350,TJ Warren,84.19555,16.46932,PHX
22350,Kyle Korver,65.95441,33.52276,ATL
22350,Al Horford,87.19607,32.68362,ATL
22350,Tiago Splitter,87.8916,16.39799,ATL
22350,Tim Hardaway Jr.,82.75859,32.75321,ATL
22350,Dennis Schroder,66.92612,13.00845,ATL
22350,Ball,74.66032,25.14365,Ball
22350,Tyson Chandler,74.02403,24.65194,PHX
22350,Sonny Weems,59.61914,35.15609,PHX
22350,Lorenzo Brown,65.17193,14.06638,PHX
22350,Mirza Teletovic,85.23997,33.21381,PHX
22350,TJ Warren,84.19656,16.47654,PHX
22350,Kyle Korver,65.93558,33.52146,ATL
22350,Al Horford,87.15672,32.69467,ATL
22350,Tiago Splitter,87.89397,16.4085,ATL
22350,Tim Hardaway Jr.,82.78478,32.69511,ATL
22350,Dennis Schroder,66.93921,13.02261,ATL
22350,Ball,74.59655,25.4115,Ball
22350,Tyson Chandler,74.03005,24.64423,PHX
22350,Sonny Weems,59.6087,35.12614,PHX
22350,Lorenzo Brown,65.1933,14.08105,PHX
22350,Mirza Teletovic,85.23577,33.19738,PHX
22350,TJ Warren,84.19765,16.48421,PHX
22350,Kyle Korver,65.92449,33.51801,ATL
22350,Al Horford,87.12147,32.70651,ATL
22350,Tiago Splitter,87.89452,16.42536,ATL
22350,Tim Hardaway Jr.,82.80096,32.69487,ATL
22350,Dennis Schroder,66.95327,13.04102,ATL
22350,Ball,74.53794,25.5904,Ball
22350,Tyson Chandler,74.03659,24.63359,PHX
22350,Sonny Weems,59.59931,35.09991,PHX
22350,Lorenzo Brown,65.21623,14.09814,PHX
22350,Mirza Teletovic,85.22995,33.18348,PHX
22350,TJ Warren,84.1971,16.4909,PHX
22350,Kyle Korver,65.90645,33.51529,ATL
22350,Al Horford,87.10235,32.70261,ATL
22350,Tiago Splitter,87.8973,16.44455,ATL
22350,Tim Hardaway Jr.,82.80747,32.72153,ATL
22350,Dennis Schroder,66.9538,13.06079,ATL
22350,Ball,74.48384,25.6736,Ball
22350,Tyson Chandler,74.04236,24.62358,PHX
22350,Sonny Weems,59.59209,35.07639,PHX
22350,Lorenzo Brown,65.24086,14.11981,PHX
22350,Mirza Teletovic,85.22111,33.16975,PHX
22350,TJ Warren,84.1981,16.4967,PHX
22350,Kyle Korver,65.8957,33.5177,ATL
22350,Al Horford,87.07775,32.73275,ATL
22350,Tiago Splitter,87.89886,16.46505,ATL
22350,Tim Hardaway Jr.,82.79394,32.7023,ATL
22350,Dennis Schroder,66.96405,13.08045,ATL
22350,Ball,74.43745,25.69487,Ball
22350,Tyson Chandler,74.04433,24.61571,PHX
22350,Sonny Weems,59.58541,35.05661,PHX
22350,Lorenzo Brown,65.26498,14.13115,PHX
22350,Mirza Teletovic,85.21123,33.1586,PHX
22350,TJ Warren,84.19962,16.50315,PHX
22350,Kyle Korver,65.88639,33.52422,ATL
22350,Al Horford,87.07653,32.80939,ATL
22350,Tiago Splitter,87.90192,16.48175,ATL
22350,Tim Hardaway Jr.,82.78056,32.68935,ATL
22350,Dennis Schroder,66.98042,13.10131,ATL
22350,Ball,74.50252,25.47951,Ball
22350,Tyson Chandler,74.04625,24.60856,PHX
22350,Sonny Weems,59.58549,35.03903,PHX
22350,Lorenzo Brown,65.28906,14.15102,PHX
22350,Mirza Teletovic,85.19858,33.15052,PHX
22350,TJ Warren,84.20322,16.5103,PHX
22350,Kyle Korver,65.88305,33.52322,ATL
22350,Al Horford,87.09378,32.90979,ATL
22350,Tiago Splitter,87.90235,16.49357,ATL
22350,Tim Hardaway Jr.,82.76719,32.6757,ATL
22350,Dennis Schroder,66.99247,13.12678,ATL
22350,Ball,74.64567,25.0057,Ball
22350,Tyson Chandler,74.04449,24.60412,PHX
22350,Sonny Weems,59.5898,35.02384,PHX
22350,Lorenzo Brown,65.3142,14.17118,PHX
22350,Mirza Teletovic,85.18873,33.14172,PHX
22350,TJ Warren,84.20798,16.51791,PHX
22350,Kyle Korver,65.88414,33.52067,ATL
22350,Al Horford,87.11569,33.02142,ATL
22350,Tiago Splitter,87.90388,16.50381,ATL
22350,Tim Hardaway Jr.,82.75435,32.66093,ATL
22350,Dennis Schroder,67.00553,13.15013,ATL
22350,Ball,74.78882,24.53189,Ball
22350,Tyson Chandler,74.04011,24.60195,PHX
22350,Sonny Weems,59.59752,35.00682,PHX
22350,Lorenzo Brown,65.3299,14.18875,PHX
22350,Mirza Teletovic,85.18372,33.13677,PHX
22350,TJ Warren,84.21436,16.52538,PHX
22350,Kyle Korver,65.88678,33.51719,ATL
22350,Al Horford,87.12595,33.07562,ATL
22350,Tiago Splitter,87.90384,16.51216,ATL
22350,Tim Hardaway Jr.,82.77139,32.66657,ATL
22350,Dennis Schroder,67.02127,13.17451,ATL
22350,Ball,74.85388,24.31652,Ball
22350,Tyson Chandler,74.03488,24.60345,PHX
22350,Sonny Weems,59.60452,34.99004,PHX
22350,Lorenzo Brown,65.3519,14.20669,PHX
22350,Mirza Teletovic,85.1789,33.13427,PHX
22350,TJ Warren,84.22391,16.53488,PHX
22350,Kyle Korver,65.89058,33.51125,ATL
22350,Al Horford,87.12427,33.09192,ATL
22350,Tiago Splitter,87.90236,16.51881,ATL
22350,Tim Hardaway Jr.,82.76609,32.70849,ATL
22350,Dennis Schroder,67.03941,13.2002,ATL
22350,Ball,74.79222,24.32228,Ball
22350,Tyson Chandler,74.03149,24.60297,PHX
22350,Sonny Weems,59.61717,34.97486,PHX
22350,Lorenzo Brown,65.38291,14.2221,PHX
22350,Mirza Teletovic,85.17545,33.13168,PHX
22350,TJ Warren,84.23833,16.54339,PHX
22350,Kyle Korver,65.8945,33.50167,ATL
22350,Al Horford,87.13491,33.14965,ATL
22350,Tiago Splitter,87.89602,16.52629,ATL
22350,Tim Hardaway Jr.,82.74982,32.70575,ATL
22350,Dennis Schroder,67.06273,13.22868,ATL
22350,Ball,74.78064,24.30813,Ball
22350,Tyson Chandler,74.02871,24.60225,PHX
22350,Sonny Weems,59.63418,34.95906,PHX
22350,Lorenzo Brown,65.40907,14.23958,PHX
22350,Mirza Teletovic,85.1704,33.12982,PHX
22350,TJ Warren,84.25445,16.53265,PHX
22350,Kyle Korver,65.90065,33.49596,ATL
22350,Al Horford,87.09278,33.14818,ATL
22350,Tiago Splitter,87.88867,16.53419,ATL
22350,Tim Hardaway Jr.,82.73819,32.74827,ATL
22350,Dennis Schroder,67.0825,13.25778,ATL
22350,Ball,74.79761,24.5021,Ball
22350,Tyson Chandler,74.02595,24.60273,PHX
22350,Sonny Weems,59.65614,34.94504,PHX
22350,Lorenzo Brown,65.44721,14.26198,PHX
22350,Mirza Teletovic,85.16811,33.13039,PHX
22350,TJ Warren,84.27349,16.52362,PHX
22350,Kyle Korver,65.90938,33.48764,ATL
22350,Al Horford,87.03785,33.11246,ATL
22350,Tiago Splitter,87.88003,16.54329,ATL
22350,Tim Hardaway Jr.,82.7172,32.79353,ATL
22350,Dennis Schroder,67.09997,13.28163,ATL
22350,Ball,74.7999,24.32242,Ball
22350,Tyson Chandler,74.0234,24.60321,PHX
22350,Sonny Weems,59.68357,34.93046,PHX
22350,Lorenzo Brown,65.47167,14.2706,PHX
22350,Mirza Teletovic,85.16573,33.13243,PHX
22350,TJ Warren,84.28856,16.53542,PHX
22350,Kyle Korver,65.9197,33.47882,ATL
22350,Al Horford,87.01378,33.05261,ATL
22350,Tiago Splitter,87.87341,16.54942,ATL
22350,Tim Hardaway Jr.,82.6832,32.86806,ATL
22350,Dennis Schroder,67.12324,13.31389,ATL
22350,Ball,74.71894,24.40002,Ball
22350,Tyson Chandler,74.02109,24.60153,PHX
22350,Sonny Weems,59.71448,34.91843,PHX
22350,Lorenzo Brown,65.49473,14.2929,PHX
22350,Mirza Teletovic,85.16102,33.13613,PHX
22350,TJ Warren,84.30345,16.54803,PHX
22350,Kyle Korver,65.92891,33.47082,ATL
22350,Al Horford,86.96212,32.92905,ATL
22350,Tiago Splitter,87.86409,16.54874,ATL
22350,Tim Hardaway Jr.,82.65122,32.90656,ATL
22350,Dennis Schroder,67.13285,13.34868,ATL
22350,Ball,74.72463,24.31089,Ball
22350,Tyson Chandler,74.01712,24.60444,PHX
22350,Sonny Weems,59.74787,34.90885,PHX
22350,Lorenzo Brown,65.52594,14.3073,PHX
22350,Mirza Teletovic,85.15732,33.14096,PHX
22350,TJ Warren,84.31487,16.55486,PHX
22350,Kyle Korver,65.94102,33.46226,ATL
22350,Al Horford,86.94865,32.78942,ATL
22350,Tiago Splitter,87.85265,16.55674,ATL
22350,Tim Hardaway Jr.,82.63194,32.95174,ATL
22350,Dennis Schroder,67.15262,13.37721,ATL
22350,Ball,74.71874,24.32075,Ball
22350,Tyson Chandler,74.01787,24.60896,PHX
22350,Sonny Weems,59.78607,34.89892,PHX
22350,Lorenzo Brown,65.54801,14.3316,PHX
22350,Mirza Teletovic,85.15595,33.14442,PHX
22350,TJ Warren,84.32877,16.54939,PHX
22350,Kyle Korver,65.9524,33.45294,ATL
22350,Al Horford,86.94019,32.68755,ATL
22350,Tiago Splitter,87.84445,16.56587,ATL
22350,Tim Hardaway Jr.,82.62658,32.93639,ATL
22350,Dennis Schroder,67.1544,13.41024,ATL
22350,Ball,74.76301,24.45615,Ball
22350,Tyson Chandler,74.01975,24.61128,PHX
22350,Sonny Weems,59.83242,34.890390000000004,PHX
22350,Lorenzo Brown,65.5653,14.35467,PHX
22350,Mirza Teletovic,85.15622,33.1491,PHX
22350,TJ Warren,84.34092,16.5644,PHX
22350,Kyle Korver,65.96568,33.44381,ATL
22350,Al Horford,86.90371,32.58161,ATL
22350,Tiago Splitter,87.83737,16.56318,ATL
22350,Tim Hardaway Jr.,82.62084,32.92469,ATL
22350,Dennis Schroder,67.15275,13.4469,ATL
22350,Ball,74.75082,24.52521,Ball
22350,Tyson Chandler,74.02068,24.61463,PHX
22350,Sonny Weems,59.88529,34.88261,PHX
22350,Lorenzo Brown,65.582,14.38554,PHX
22350,Mirza Teletovic,85.15646,33.14944,PHX
22350,TJ Warren,84.3549,16.56063,PHX
22350,Kyle Korver,65.98957,33.43739,ATL
22350,Al Horford,86.85857,32.50246,ATL
22350,Tiago Splitter,87.8205,16.56866,ATL
22350,Tim Hardaway Jr.,82.61575,32.92245,ATL
22350,Dennis Schroder,67.14324,13.47627,ATL
22350,Ball,74.75461,24.46138,Ball
22350,Tyson Chandler,74.02429,24.61738,PHX
22350,Sonny Weems,59.94456,34.87259,PHX
22350,Lorenzo Brown,65.60768,14.41152,PHX
22350,Mirza Teletovic,85.16023,33.15073,PHX
22350,TJ Warren,84.35515,16.56908,PHX
22350,Kyle Korver,66.01085,33.42769,ATL
22350,Al Horford,86.7935,32.44276,ATL
22350,Tiago Splitter,87.79192,16.57553,ATL
22350,Tim Hardaway Jr.,82.6481,32.89402,ATL
22350,Dennis Schroder,67.13054,13.49265,ATL
22350,Ball,74.75424,24.42842,Ball
22350,Tyson Chandler,74.0337,24.61636,PHX
22350,Sonny Weems,60.00683,34.86434,PHX
22350,Lorenzo Brown,65.6234,14.43329,PHX
22350,Mirza Teletovic,85.16162,33.14947,PHX
22350,TJ Warren,84.35611,16.57835,PHX
22350,Kyle Korver,66.03044,33.41443,ATL
22350,Al Horford,86.76033,32.37772,ATL
22350,Tiago Splitter,87.76473,16.58315,ATL
22350,Tim Hardaway Jr.,82.7033,32.84382,ATL
22350,Dennis Schroder,67.12218,13.51474,ATL
22350,Ball,74.76377,24.44599,Ball
22350,Tyson Chandler,74.04564,24.61793,PHX
22350,Sonny Weems,60.07204,34.85806,PHX
22350,Lorenzo Brown,65.63877,14.44938,PHX
22350,Mirza Teletovic,85.16681,33.14368,PHX
22350,TJ Warren,84.35497,16.57295,PHX
22350,Kyle Korver,66.03807,33.40302,ATL
22350,Al Horford,86.72306,32.26405,ATL
22350,Tiago Splitter,87.74538,16.59351,ATL
22350,Tim Hardaway Jr.,82.72818,32.84814,ATL
22350,Dennis Schroder,67.11656,13.53301,ATL
22350,Ball,74.75435,24.46808,Ball
22350,Tyson Chandler,74.0642,24.62125,PHX
22350,Sonny Weems,60.13816,34.85056,PHX
22350,Lorenzo Brown,65.6968,14.43732,PHX
22350,Mirza Teletovic,85.17423,33.13678,PHX
22350,TJ Warren,84.35631,16.58137,PHX
22350,Kyle Korver,66.04514,33.39299,ATL
22350,Al Horford,86.70349,32.1655,ATL
22350,Tiago Splitter,87.72245,16.60443,ATL
22350,Tim Hardaway Jr.,82.7524,32.85397,ATL
22350,Dennis Schroder,67.06439,13.57955,ATL
22350,Ball,74.77241,24.43526,Ball
22350,Tyson Chandler,74.08373,24.62298,PHX
22350,Sonny Weems,60.20416,34.84379,PHX
22350,Lorenzo Brown,65.76163,14.42404,PHX
22350,Mirza Teletovic,85.17713,33.12656,PHX
22350,TJ Warren,84.35438,16.57606,PHX
22350,Kyle Korver,66.06194,33.38533,ATL
22350,Al Horford,86.69965,32.11632,ATL
22350,Tiago Splitter,87.69891,16.61567,ATL
22350,Tim Hardaway Jr.,82.76,32.85286,ATL
22350,Dennis Schroder,67.01468,13.63014,ATL
22350,Ball,74.80921,24.40243,Ball
22350,Tyson Chandler,74.10074,24.62258,PHX
22350,Sonny Weems,60.27125,34.83543,PHX
22350,Lorenzo Brown,65.82054,14.40934,PHX
22350,Mirza Teletovic,85.18097,33.11222,PHX
22350,TJ Warren,84.35123,16.58296,PHX
22350,Kyle Korver,66.07036,33.38419,ATL
22350,Al Horford,86.68196,32.08241,ATL
22350,Tiago Splitter,87.67625,16.62934,ATL
22350,Tim Hardaway Jr.,82.7599,32.81317,ATL
22350,Dennis Schroder,66.96194,13.67675,ATL
22350,Ball,74.85457,24.44624,Ball
22350,Tyson Chandler,74.1161,24.62546,PHX
22350,Sonny Weems,60.34203,34.82731,PHX
22350,Lorenzo Brown,65.87137,14.39965,PHX
22350,Mirza Teletovic,85.18617,33.09651,PHX
22350,TJ Warren,84.34278,16.5788,PHX
22350,Kyle Korver,66.08223,33.38005,ATL
22350,Al Horford,86.66137,32.01194,ATL
22350,Tiago Splitter,87.65619,16.64345,ATL
22350,Tim Hardaway Jr.,82.74647,32.79644,ATL
22350,Dennis Schroder,66.90347,13.72048,ATL
22350,Ball,74.92746,24.49004,Ball
22350,Tyson Chandler,74.12807,24.62497,PHX
22350,Sonny Weems,60.41383,34.81816,PHX
22350,Lorenzo Brown,65.92625,14.38464,PHX
22350,Mirza Teletovic,85.1937,33.0793,PHX
22350,TJ Warren,84.3331,16.59787,PHX
22350,Kyle Korver,66.0883,33.37697,ATL
22350,Al Horford,86.64102,31.97248,ATL
22350,Tiago Splitter,87.63161,16.66006,ATL
22350,Tim Hardaway Jr.,82.75234,32.74793,ATL
22350,Dennis Schroder,66.85281,13.76678,ATL
22350,Ball,75.09632,24.27707,Ball
22350,Tyson Chandler,74.14364,24.61919,PHX
22350,Sonny Weems,60.48078,34.80434,PHX
22350,Lorenzo Brown,65.93697,14.41001,PHX
22350,Mirza Teletovic,85.20091,33.05812,PHX
22350,TJ Warren,84.32019,16.6177,PHX
22350,Kyle Korver,66.10325,33.37353,ATL
22350,Al Horford,86.66873,31.94848,ATL
22350,Tiago Splitter,87.61005,16.67257,ATL
22350,Tim Hardaway Jr.,82.7552,32.74606,ATL
22350,Dennis Schroder,66.76818,13.86021,ATL
22350,Ball,75.27936,24.19503,Ball
22350,Tyson Chandler,74.1554,24.61214,PHX
22350,Sonny Weems,60.54835,34.78848,PHX
22350,Lorenzo Brown,65.97205,14.44878,PHX
22350,Mirza Teletovic,85.20991,33.03792,PHX
22350,TJ Warren,84.31808,16.61536,PHX
22350,Kyle Korver,66.10769,33.37244,ATL
22350,Al Horford,86.68837,31.90324,ATL
22350,Tiago Splitter,87.58155,16.69538,ATL
22350,Tim Hardaway Jr.,82.77159,32.71541,ATL
22350,Dennis Schroder,66.69689,13.94748,ATL
22350,Ball,75.30928,24.17564,Ball
22350,Tyson Chandler,74.16574,24.60449,PHX
22350,Sonny Weems,60.61423,34.77286,PHX
22350,Lorenzo Brown,66.02218,14.4478,PHX
22350,Mirza Teletovic,85.22412,33.01522,PHX
22350,TJ Warren,84.30909,16.62356,PHX
22350,Kyle Korver,66.11617,33.37139,ATL
22350,Al Horford,86.70264,31.88992,ATL
22350,Tiago Splitter,87.59483,16.69992,ATL
22350,Tim Hardaway Jr.,82.77298,32.66729,ATL
22350,Dennis Schroder,66.64699,14.00327,ATL
22350,Ball,75.63551,24.21851,Ball
22350,Tyson Chandler,74.17929,24.5931,PHX
22350,Sonny Weems,60.68082,34.75283,PHX
22350,Lorenzo Brown,66.04221,14.48584,PHX
22350,Mirza Teletovic,85.23719,32.99211,PHX
22350,TJ Warren,84.31243,16.63484,PHX
22350,Kyle Korver,66.13097,33.37018,ATL
22350,Al Horford,86.74929,31.9327,ATL
22350,Tiago Splitter,87.57591,16.71978,ATL
22350,Tim Hardaway Jr.,82.76739,32.64466,ATL
22350,Dennis Schroder,66.62694,14.01628,ATL
22350,Ball,75.7121,24.48313,Ball
22350,Tyson Chandler,74.18873,24.57846,PHX
22350,Sonny Weems,60.73964,34.72945,PHX
22350,Lorenzo Brown,66.03519,14.50998,PHX
22350,Mirza Teletovic,85.2523,32.96863,PHX
22350,TJ Warren,84.31503,16.6778,PHX
22350,Kyle Korver,66.14793,33.3678,ATL
22350,Al Horford,86.83606,31.97442,ATL
22350,Tiago Splitter,87.56044,16.72927,ATL
22350,Tim Hardaway Jr.,82.76136,32.64002,ATL
22350,Dennis Schroder,66.62557,14.05416,ATL
22350,Ball,75.78737,24.13971,Ball
22350,Tyson Chandler,74.19608,24.56929,PHX
22350,Sonny Weems,60.79271,34.70472,PHX
22350,Lorenzo Brown,66.03391,14.54541,PHX
22350,Mirza Teletovic,85.26593,32.94684,PHX
22350,TJ Warren,84.31987,16.69099,PHX
22350,Kyle Korver,66.15459,33.35922,ATL
22350,Al Horford,86.90447,32.0355,ATL
22350,Tiago Splitter,87.54196,16.75527,ATL
22350,Tim Hardaway Jr.,82.78234,32.63206,ATL
22350,Dennis Schroder,66.62256,14.0872,ATL
22350,Ball,75.80168,24.0552,Ball
22350,Tyson Chandler,74.20493,24.56418,PHX
22350,Sonny Weems,60.83997,34.675,PHX
22350,Lorenzo Brown,66.03159,14.56376,PHX
22350,Mirza Teletovic,85.27978,32.92631,PHX
22350,TJ Warren,84.32534,16.72346,PHX
22350,Kyle Korver,66.16484,33.34994,ATL
22350,Al Horford,86.94848,32.00849,ATL
22350,Tiago Splitter,87.51454,16.77934,ATL
22350,Tim Hardaway Jr.,82.80712,32.61528,ATL
22350,Dennis Schroder,66.6327,14.12719,ATL
22350,Ball,75.67412,24.45439,Ball
22350,Tyson Chandler,74.2102,24.56221,PHX
22350,Sonny Weems,60.87943,34.64509,PHX
22350,Lorenzo Brown,66.02134,14.5793,PHX
22350,Mirza Teletovic,85.29089,32.90743,PHX
22350,TJ Warren,84.33991,16.75509,PHX
22350,Kyle Korver,66.17365,33.34021,ATL
22350,Al Horford,86.98128,31.92799,ATL
22350,Tiago Splitter,87.42628,16.83298,ATL
22350,Tim Hardaway Jr.,82.82226,32.63751,ATL
22350,Dennis Schroder,66.65426,14.1772,ATL
22350,Ball,75.51433,24.39379,Ball
22350,Tyson Chandler,74.21377,24.56183,PHX
22350,Sonny Weems,60.91665,34.60889,PHX
22350,Lorenzo Brown,66.0199,14.60953,PHX
22350,Mirza Teletovic,85.30563,32.89079,PHX
22350,TJ Warren,84.34778,16.78877,PHX
22350,Kyle Korver,66.18534,33.33137,ATL
22350,Al Horford,87.01051,31.9044,ATL
22350,Tiago Splitter,87.3354,16.89015,ATL
22350,Tim Hardaway Jr.,82.82061,32.63399,ATL
22350,Dennis Schroder,66.66179,14.22323,ATL
22350,Ball,75.36656,24.50484,Ball
22350,Tyson Chandler,74.21503,24.56072,PHX
22350,Sonny Weems,60.94792,34.56819,PHX
22350,Lorenzo Brown,66.01899,14.63759,PHX
22350,Mirza Teletovic,85.31822,32.87783,PHX
22350,TJ Warren,84.35534,16.83716,PHX
22350,Kyle Korver,66.20283,33.32187,ATL
22350,Al Horford,87.05482,31.93898,ATL
22350,Tiago Splitter,87.23284,16.9525,ATL
22350,Tim Hardaway Jr.,82.84984,32.62545,ATL
22350,Dennis Schroder,66.67564,14.26845,ATL
22350,Ball,75.08352,24.73577,Ball
22350,Tyson Chandler,74.21043,24.5608,PHX
22350,Sonny Weems,60.97452,34.52887,PHX
22350,Lorenzo Brown,65.97311,14.69225,PHX
22350,Mirza Teletovic,85.32808,32.86235,PHX
22350,TJ Warren,84.3612,16.87814,PHX
22350,Kyle Korver,66.22968,33.31118,ATL
22350,Al Horford,87.07186,31.98155,ATL
22350,Tiago Splitter,87.12387,17.02665,ATL
22350,Tim Hardaway Jr.,82.91672,32.61203,ATL
22350,Dennis Schroder,66.73318,14.30229,ATL
22350,Ball,74.66235,24.74515,Ball
22350,Tyson Chandler,74.20671,24.55986,PHX
22350,Sonny Weems,60.99314,34.4881,PHX
22350,Lorenzo Brown,65.92071,14.74625,PHX
22350,Mirza Teletovic,85.34105,32.84733,PHX
22350,TJ Warren,84.35798,16.96509,PHX
22350,Kyle Korver,66.25686,33.29856,ATL
22350,Al Horford,87.08321,31.97141,ATL
22350,Tiago Splitter,87.02513,17.08749,ATL
22350,Tim Hardaway Jr.,82.96496,32.54832,ATL
22350,Dennis Schroder,66.79306,14.33854,ATL
22350,Ball,74.36487,24.77344,Ball
22350,Tyson Chandler,74.20625,24.55471,PHX
22350,Sonny Weems,61.01359,34.44938,PHX
22350,Lorenzo Brown,65.87139,14.79856,PHX
22350,Mirza Teletovic,85.3533,32.8346,PHX
22350,TJ Warren,84.35608,17.01539,PHX
22350,Kyle Korver,66.29284,33.27521,ATL
22350,Al Horford,87.11365,31.97476,ATL
22350,Tiago Splitter,86.90355,17.17942,ATL
22350,Tim Hardaway Jr.,83.0238,32.5278,ATL
22350,Dennis Schroder,66.85889,14.37739,ATL
22350,Ball,74.15924,24.71252,Ball
22350,Tyson Chandler,74.20355,24.54768,PHX
22350,Sonny Weems,61.02633,34.40551,PHX
22350,Lorenzo Brown,65.82647,14.84874,PHX
22350,Mirza Teletovic,85.35558,32.837180000000004,PHX
22350,TJ Warren,84.34256,17.11134,PHX
22350,Kyle Korver,66.34428,33.25072,ATL
22350,Al Horford,87.13096,31.97003,ATL
22350,Tiago Splitter,86.7861,17.26467,ATL
22350,Tim Hardaway Jr.,83.11883,32.46644,ATL
22350,Dennis Schroder,66.92931,14.41405,ATL
22350,Ball,74.01487,24.80614,Ball
22350,Tyson Chandler,74.20301,24.54381,PHX
22350,Sonny Weems,61.0354,34.36316,PHX
22350,Lorenzo Brown,65.76315,14.90395,PHX
22350,Mirza Teletovic,85.35909,32.8348,PHX
22350,TJ Warren,84.32152,17.19329,PHX
22350,Kyle Korver,66.4053,33.21719,ATL
22350,Al Horford,87.15531,31.9707,ATL
22350,Tiago Splitter,86.6703,17.3718,ATL
22350,Tim Hardaway Jr.,83.18265,32.43702,ATL
22350,Dennis Schroder,67.00925,14.45435,ATL
22350,Ball,74.05452,24.81233,Ball
22350,Tyson Chandler,74.19797,24.53744,PHX
22350,Sonny Weems,61.0429,34.32079,PHX
22350,Lorenzo Brown,65.72573,14.90981,PHX
22350,Mirza Teletovic,85.36708,32.83531,PHX
22350,TJ Warren,84.29619,17.28664,PHX
22350,Kyle Korver,66.47678,33.1709,ATL
22350,Al Horford,87.14446,31.9419,ATL
22350,Tiago Splitter,86.55298,17.47972,ATL
22350,Tim Hardaway Jr.,83.2538,32.35938,ATL
22350,Dennis Schroder,67.07344,14.44159,ATL
22350,Ball,74.27027,24.83572,Ball
22350,Tyson Chandler,74.19645,24.53888,PHX
22350,Sonny Weems,61.04714,34.28073,PHX
22350,Lorenzo Brown,65.67362,14.91321,PHX
22350,Mirza Teletovic,85.37172,32.83641,PHX
22350,TJ Warren,84.27074,17.37231,PHX
22350,Kyle Korver,66.58161,33.12679,ATL
22350,Al Horford,87.12917,31.9027,ATL
22350,Tiago Splitter,86.42153,17.59055,ATL
22350,Tim Hardaway Jr.,83.32807,32.26842,ATL
22350,Dennis Schroder,67.18509,14.43489,ATL
22350,Ball,74.48505,24.71362,Ball
22350,Tyson Chandler,74.19579,24.54278,PHX
22350,Sonny Weems,61.05107,34.23409,PHX
22350,Lorenzo Brown,65.60924,14.94537,PHX
22350,Mirza Teletovic,85.36823,32.82498,PHX
22350,TJ Warren,84.24448,17.45495,PHX
22350,Kyle Korver,66.70354,33.06879,ATL
22350,Al Horford,87.13502,31.897660000000002,ATL
22350,Tiago Splitter,86.25912,17.73166,ATL
22350,Tim Hardaway Jr.,83.40927,32.21853,ATL
22350,Dennis Schroder,67.289,14.46444,ATL
22350,Ball,74.88033,24.74624,Ball
22350,Tyson Chandler,74.1932,24.54757,PHX
22350,Sonny Weems,61.04792,34.18985,PHX
22350,Lorenzo Brown,65.5747,14.9328,PHX
22350,Mirza Teletovic,85.36929,32.81111,PHX
22350,TJ Warren,84.20556,17.54986,PHX
22350,Kyle Korver,66.83681,32.9975,ATL
22350,Al Horford,87.11292,31.8124,ATL
22350,Tiago Splitter,86.0815,17.88745,ATL
22350,Tim Hardaway Jr.,83.49716,32.13071,ATL
22350,Dennis Schroder,67.38524,14.53848,ATL
22350,Ball,75.48503,24.63282,Ball
22350,Tyson Chandler,74.18548,24.55549,PHX
22350,Sonny Weems,61.04893,34.14032,PHX
22350,Lorenzo Brown,65.55957,14.93504,PHX
22350,Mirza Teletovic,85.36816,32.79651,PHX
22350,TJ Warren,84.16068,17.62887,PHX
22350,Kyle Korver,66.98973,32.92166,ATL
22350,Al Horford,87.05601,31.69095,ATL
22350,Tiago Splitter,85.8924,18.06566,ATL
22350,Tim Hardaway Jr.,83.60434,32.03438,ATL
22350,Dennis Schroder,67.50087,14.59876,ATL
22350,Ball,76.03748,24.67524,Ball
22350,Tyson Chandler,74.17627,24.55821,PHX
22350,Sonny Weems,61.04847,34.09233,PHX
22350,Lorenzo Brown,65.54229,14.91771,PHX
22350,Mirza Teletovic,85.3722,32.78414,PHX
22350,TJ Warren,84.10625,17.72378,PHX
22350,Kyle Korver,67.1715,32.84163,ATL
22350,Al Horford,87.00138,31.56181,ATL
22350,Tiago Splitter,85.70839,18.24198,ATL
22350,Tim Hardaway Jr.,83.67266,31.93315,ATL
22350,Dennis Schroder,67.63156,14.66339,ATL
22350,Ball,76.74934,24.64652,Ball
22350,Tyson Chandler,74.16504,24.55974,PHX
22350,Sonny Weems,61.04521,34.04317,PHX
22350,Lorenzo Brown,65.52795,14.90823,PHX
22350,Mirza Teletovic,85.38151,32.77301,PHX
22350,TJ Warren,84.05384,17.82436,PHX
22350,Kyle Korver,67.36789,32.74779,ATL
22350,Al Horford,86.97351,31.50916,ATL
22350,Tiago Splitter,85.57658,18.39069,ATL
22350,Tim Hardaway Jr.,83.75089,31.8269,ATL
22350,Dennis Schroder,67.75287,14.7284,ATL
22350,Ball,77.36592,24.53595,Ball
22350,Tyson Chandler,74.15451,24.55656,PHX
22350,Sonny Weems,61.04462,33.99371,PHX
22350,Lorenzo Brown,65.50909,14.89615,PHX
22350,Mirza Teletovic,85.39601,32.76628,PHX
22350,TJ Warren,83.99811,17.93721,PHX
22350,Kyle Korver,67.58675,32.64021,ATL
22350,Al Horford,86.96896,31.47559,ATL
22350,Tiago Splitter,85.4844,18.56229,ATL
22350,Tim Hardaway Jr.,83.81549,31.71712,ATL
22350,Dennis Schroder,67.89383,14.80202,ATL
22350,Ball,77.93293,24.8685,Ball
22350,Tyson Chandler,74.14043,24.55482,PHX
22350,Sonny Weems,61.04516,33.94825,PHX
22350,Lorenzo Brown,65.48986,14.86981,PHX
22350,Mirza Teletovic,85.40458,32.76191,PHX
22350,TJ Warren,83.94507,18.0464,PHX
22350,Kyle Korver,67.82517,32.5123,ATL
22350,Al Horford,86.93328,31.38948,ATL
22350,Tiago Splitter,85.40822,18.69281,ATL
22350,Tim Hardaway Jr.,83.8766,31.64129,ATL
22350,Dennis Schroder,68.03598,14.88148,ATL
22350,Ball,78.45848,25.02179,Ball
22350,Tyson Chandler,74.12522,24.54909,PHX
22350,Sonny Weems,61.04526,33.90371,PHX
22350,Lorenzo Brown,65.4703,14.84492,PHX
22350,Mirza Teletovic,85.41564,32.75106,PHX
22350,TJ Warren,83.89954,18.14968,PHX
22350,Kyle Korver,68.08722,32.38142,ATL
22350,Al Horford,86.90997,31.31485,ATL
22350,Tiago Splitter,85.32875,18.81738,ATL
22350,Tim Hardaway Jr.,83.91151,31.54647,ATL
22350,Dennis Schroder,68.19192,14.96652,ATL
22350,Ball,79.16801,24.81044,Ball
22350,Tyson Chandler,74.11025,24.54163,PHX
22350,Sonny Weems,61.04604,33.85451,PHX
22350,Lorenzo Brown,65.44745,14.82542,PHX
22350,Mirza Teletovic,85.42727,32.74194,PHX
22350,TJ Warren,83.84357,18.24815,PHX
22350,Kyle Korver,68.36736,32.23002,ATL
22350,Al Horford,86.90393,31.22165,ATL
22350,Tiago Splitter,85.25642,18.9315,ATL
22350,Tim Hardaway Jr.,83.9171,31.42702,ATL
22350,Dennis Schroder,68.35788,15.04175,ATL
22350,Ball,79.76076,24.89591,Ball
22350,Tyson Chandler,74.0946,24.5347,PHX
22350,Sonny Weems,61.05077,33.80518,PHX
22350,Lorenzo Brown,65.43508,14.8035,PHX
22350,Mirza Teletovic,85.43731,32.7302,PHX
22350,TJ Warren,83.83684,18.34953,PHX
22350,Kyle Korver,68.65053,32.07637,ATL
22350,Al Horford,86.87268,31.19644,ATL
22350,Tiago Splitter,85.1279,19.04442,ATL
22350,Tim Hardaway Jr.,83.93761,31.38446,ATL
22350,Dennis Schroder,68.5429,15.11514,ATL
22350,Ball,80.36303,24.49353,Ball
22350,Tyson Chandler,74.07945,24.53024,PHX
22350,Sonny Weems,61.05202,33.75739,PHX
22350,Lorenzo Brown,65.42626,14.78678,PHX
22350,Mirza Teletovic,85.44725,32.71582,PHX
22350,TJ Warren,83.82314,18.48161,PHX
22350,Kyle Korver,68.9597,31.91374,ATL
22350,Al Horford,86.81741,31.13759,ATL
22350,Tiago Splitter,85.01868,19.1339,ATL
22350,Tim Hardaway Jr.,83.958,31.28351,ATL
22350,Dennis Schroder,68.74486,15.1917,ATL
22350,Ball,81.38202,24.61833,Ball
22350,Tyson Chandler,74.06607,24.52872,PHX
22350,Sonny Weems,61.05407,33.70966,PHX
22350,Lorenzo Brown,65.41728,14.77338,PHX
22350,Mirza Teletovic,85.46267,32.68352,PHX
22350,TJ Warren,83.85721,18.5774,PHX
22350,Kyle Korver,69.27268,31.73953,ATL
22350,Al Horford,86.74713,31.08685,ATL
22350,Tiago Splitter,84.93981,19.22783,ATL
22350,Tim Hardaway Jr.,83.96276,31.18897,ATL
22350,Dennis Schroder,68.95037,15.27257,ATL
22350,Ball,81.74204,24.90717,Ball
22350,Tyson Chandler,74.05387,24.52693,PHX
22350,Sonny Weems,61.05527,33.66319,PHX
22350,Lorenzo Brown,65.4294,14.75693,PHX
22350,Mirza Teletovic,85.46794,32.65433,PHX
22350,TJ Warren,83.89556,18.6721,PHX
22350,Kyle Korver,69.60448,31.56136,ATL
22350,Al Horford,86.6739,31.02064,ATL
22350,Tiago Splitter,84.86194,19.28411,ATL
22350,Tim Hardaway Jr.,83.96207,31.08016,ATL
22350,Dennis Schroder,69.15994,15.36053,ATL
22350,Ball,82.27321,24.82562,Ball
22350,Tyson Chandler,74.04025,24.52844,PHX
22350,Sonny Weems,61.05513,33.61885,PHX
22350,Lorenzo Brown,65.45623,14.75289,PHX
22350,Mirza Teletovic,85.4672,32.61442,PHX
22350,TJ Warren,83.92543,18.74487,PHX
22350,Kyle Korver,69.94184,31.38114,ATL
22350,Al Horford,86.56916,31.00655,ATL
22350,Tiago Splitter,84.77107,19.33419,ATL
22350,Tim Hardaway Jr.,83.96531,30.94726,ATL
22350,Dennis Schroder,69.43248,15.46754,ATL
22350,Ball,82.85915,24.73484,Ball
22350,Tyson Chandler,74.02297,24.52642,PHX
22350,Sonny Weems,61.05394,33.57665,PHX
22350,Lorenzo Brown,65.48701,14.75249,PHX
22350,Mirza Teletovic,85.46058,32.57624,PHX
22350,TJ Warren,83.94527,18.86274,PHX
22350,Kyle Korver,70.27782,31.17666,ATL
22350,Al Horford,86.44632,30.99551,ATL
22350,Tiago Splitter,84.69752,19.41077,ATL
22350,Tim Hardaway Jr.,83.96962,30.81182,ATL
22350,Dennis Schroder,69.67553,15.57154,ATL
22350,Ball,83.39749,24.92803,Ball
22350,Tyson Chandler,74.01574,24.52438,PHX
22350,Sonny Weems,61.04871,33.5399,PHX
22350,Lorenzo Brown,65.51166,14.76922,PHX
22350,Mirza Teletovic,85.45259,32.54934,PHX
22350,TJ Warren,83.90754,19.01885,PHX
22350,Kyle Korver,70.65233,30.9314,ATL
22350,Al Horford,86.33681,30.96069,ATL
22350,Tiago Splitter,84.57961,19.43826,ATL
22350,Tim Hardaway Jr.,83.95205,30.67289,ATL
22350,Dennis Schroder,69.92413,15.68058,ATL
22350,Ball,83.91455,24.92748,Ball
22350,Tyson Chandler,74.01049,24.52144,PHX
22350,Sonny Weems,61.04619,33.50159,PHX
22350,Lorenzo Brown,65.54371,14.78795,PHX
22350,Mirza Teletovic,85.43395,32.52414,PHX
22350,TJ Warren,83.84103,19.15468,PHX
22350,Kyle Korver,71.00809,30.72365,ATL
22350,Al Horford,86.21393,30.94399,ATL
22350,Tiago Splitter,84.53299,19.45726,ATL
22350,Tim Hardaway Jr.,83.93225,30.52882,ATL
22350,Dennis Schroder,70.16677,15.79184,ATL
22350,Ball,84.51181,24.90435,Ball
22350,Tyson Chandler,74.01309,24.51617,PHX
22350,Sonny Weems,61.03969,33.47239,PHX
22350,Lorenzo Brown,65.58881,14.81015,PHX
22350,Mirza Teletovic,85.4092,32.49435,PHX
22350,TJ Warren,83.78153,19.23804,PHX
22350,Kyle Korver,71.35834,30.49125,ATL
22350,Al Horford,86.09561,30.89726,ATL
22350,Tiago Splitter,84.47832,19.51439,ATL
22350,Tim Hardaway Jr.,83.89623,30.38277,ATL
22350,Dennis Schroder,70.39937,15.89375,ATL
22350,Ball,85.04302,24.8994,Ball
22350,Tyson Chandler,74.0128,24.51835,PHX
22350,Sonny Weems,61.03119,33.44129,PHX
22350,Lorenzo Brown,65.64359,14.84381,PHX
22350,Mirza Teletovic,85.37939,32.46644,PHX
22350,TJ Warren,83.71356,19.38558,PHX
22350,Kyle Korver,71.71062,30.2536,ATL
22350,Al Horford,85.98515,30.89226,ATL
22350,Tiago Splitter,84.4213,19.51547,ATL
22350,Tim Hardaway Jr.,83.90045,30.20262,ATL
22350,Dennis Schroder,70.63363,15.99265,ATL
22350,Ball,85.69886,24.84157,Ball
22350,Tyson Chandler,74.00755,24.51799,PHX
22350,Sonny Weems,61.0221,33.41217,PHX
22350,Lorenzo Brown,65.70231,14.8871,PHX
22350,Mirza Teletovic,85.34138,32.43819,PHX
22350,TJ Warren,83.64374,19.55061,PHX
22350,Kyle Korver,72.05734,30.00835,ATL
22350,Al Horford,85.8477,30.91128,ATL
22350,Tiago Splitter,84.30409,19.53246,ATL
22350,Tim Hardaway Jr.,83.84427,30.0529,ATL
22350,Dennis Schroder,70.88221,16.08517,ATL
22350,Ball,86.22975,24.38694,Ball
22350,Tyson Chandler,74.00979,24.52154,PHX
22350,Sonny Weems,61.01033,33.38922,PHX
22350,Lorenzo Brown,65.77213,14.93166,PHX
22350,Mirza Teletovic,85.29176,32.40969,PHX
22350,TJ Warren,83.57173,19.69059,PHX
22350,Kyle Korver,72.40691,29.76167,ATL
22350,Al Horford,85.73991,30.92998,ATL
22350,Tiago Splitter,84.21481,19.49877,ATL
22350,Tim Hardaway Jr.,83.7801,29.87786,ATL
22350,Dennis Schroder,71.1253,16.17402,ATL
22350,Ball,86.79291,24.38946,Ball
22350,Tyson Chandler,74.01225,24.51897,PHX
22350,Sonny Weems,60.99396,33.36497,PHX
22350,Lorenzo Brown,65.85209,14.99295,PHX
22350,Mirza Teletovic,85.23407,32.37864,PHX
22350,TJ Warren,83.48467,19.81274,PHX
22350,Kyle Korver,72.75839,29.51418,ATL
22350,Al Horford,85.62465,30.97628,ATL
22350,Tiago Splitter,84.11589,19.51603,ATL
22350,Tim Hardaway Jr.,83.71899,29.7129,ATL
22350,Dennis Schroder,71.38885,16.25596,ATL
22350,Ball,87.37503,24.40713,Ball
22350,Tyson Chandler,74.00642,24.52248,PHX
22350,Sonny Weems,60.97757,33.34523,PHX
22350,Lorenzo Brown,65.94011,15.05774,PHX
22350,Mirza Teletovic,85.16414,32.35399,PHX
22350,TJ Warren,83.37889,19.93235,PHX
22350,Kyle Korver,73.1079,29.24908,ATL
22350,Al Horford,85.49026,31.01095,ATL
22350,Tiago Splitter,84.0264,19.54551,ATL
22350,Tim Hardaway Jr.,83.67501,29.50836,ATL
22350,Dennis Schroder,71.65067,16.33384,ATL
22350,Ball,87.98031,24.45508,Ball
22350,Tyson Chandler,74.00258,24.52323,PHX
22350,Sonny Weems,60.95958,33.32804,PHX
22350,Lorenzo Brown,66.03819,15.12511,PHX
22350,Mirza Teletovic,85.08946,32.33234,PHX
22350,TJ Warren,83.28473,20.07016,PHX
22350,Kyle Korver,73.45376,28.99888,ATL
22350,Al Horford,85.35745,31.02109,ATL
22350,Tiago Splitter,83.91337,19.55971,ATL
22350,Tim Hardaway Jr.,83.61131,29.31409,ATL
22350,Dennis Schroder,71.92772,16.40602,ATL
22350,Ball,88.61297,24.54845,Ball
22350,Tyson Chandler,73.99516,24.52558,PHX
22350,Sonny Weems,60.93937,33.31567,PHX
22350,Lorenzo Brown,66.14682,15.18548,PHX
22350,Mirza Teletovic,85.00727,32.31419,PHX
22350,TJ Warren,83.13009,20.16081,PHX
22350,Kyle Korver,73.80144,28.73762,ATL
22350,Al Horford,85.25205,31.0115,ATL
22350,Tiago Splitter,83.85246,19.60274,ATL
22350,Tim Hardaway Jr.,83.54739000000001,29.07465,ATL
22350,Dennis Schroder,72.20637,16.47877,ATL
22350,Ball,89.20569,24.66047,Ball
22350,Tyson Chandler,73.98983,24.52611,PHX
22350,Sonny Weems,60.91661,33.30266,PHX
22350,Lorenzo Brown,66.26526,15.25577,PHX
22350,Mirza Teletovic,84.91715,32.29894,PHX
22350,TJ Warren,82.96701,20.23962,PHX
22350,Kyle Korver,74.13875,28.4743,ATL
22350,Al Horford,85.16884,31.05904,ATL
22350,Tiago Splitter,83.79821,19.65178,ATL
22350,Tim Hardaway Jr.,83.46821,28.88474,ATL
22350,Dennis Schroder,72.47579,16.55045,ATL
22350,Ball,89.2141,24.93954,Ball
22350,Tyson Chandler,73.98287,24.52932,PHX
22350,Sonny Weems,60.89143,33.29718,PHX
22350,Lorenzo Brown,66.39214,15.32545,PHX
22350,Mirza Teletovic,84.813,32.28645,PHX
22350,TJ Warren,82.75511,20.32076,PHX
22350,Kyle Korver,74.47911,28.20831,ATL
22350,Al Horford,85.12131,31.06961,ATL
22350,Tiago Splitter,83.70093,19.70849,ATL
22350,Tim Hardaway Jr.,83.39164,28.70304,ATL
22350,Dennis Schroder,72.75843,16.6215,ATL
22350,Ball,89.23779,25.17967,Ball
22350,Tyson Chandler,73.97675,24.52711,PHX
22350,Sonny Weems,60.86313,33.28677,PHX
22350,Lorenzo Brown,66.52777,15.39579,PHX
22350,Mirza Teletovic,84.70698,32.27428,PHX
22350,TJ Warren,82.5322,20.41432,PHX
22350,Kyle Korver,74.80773,27.94143,ATL
22350,Al Horford,85.09676,31.09084,ATL
22350,Tiago Splitter,83.59975,19.78471,ATL
22350,Tim Hardaway Jr.,83.32545,28.54852,ATL
22350,Dennis Schroder,73.05133,16.68373,ATL
22350,Ball,89.27445,25.38359,Ball
22350,Tyson Chandler,73.97105,24.53524,PHX
22350,Sonny Weems,60.8334,33.27847,PHX
22350,Lorenzo Brown,66.67387,15.46063,PHX
22350,Mirza Teletovic,84.5936,32.2695,PHX
22350,TJ Warren,82.30975,20.51332,PHX
22350,Kyle Korver,75.12152,27.67274,ATL
22350,Al Horford,85.09108,31.05626,ATL
22350,Tiago Splitter,83.50302,19.88049,ATL
22350,Tim Hardaway Jr.,83.24686,28.41535,ATL
22350,Dennis Schroder,73.35059,16.73936,ATL
22350,Ball,89.32176,25.55405,Ball
22350,Tyson Chandler,73.96507,24.53532,PHX
22350,Sonny Weems,60.80063,33.26817,PHX
22350,Lorenzo Brown,66.83609,15.52013,PHX
22350,Mirza Teletovic,84.4747,32.25849,PHX
22350,TJ Warren,82.0725,20.56538,PHX
22350,Kyle Korver,75.40948,27.41225,ATL
22350,Al Horford,85.08932,31.01662,ATL
22350,Tiago Splitter,83.41813,19.9666,ATL
22350,Tim Hardaway Jr.,83.14576,28.28576,ATL
22350,Dennis Schroder,73.66108,16.77852,ATL
22350,Ball,89.43103,25.68237,Ball
22350,Tyson Chandler,73.94993,24.53822,PHX
22350,Sonny Weems,60.76718,33.26279,PHX
22350,Lorenzo Brown,67.01238,15.57183,PHX
22350,Mirza Teletovic,84.35083,32.25212,PHX
22350,TJ Warren,81.90228,20.56225,PHX
22350,Kyle Korver,75.63568,27.21442,ATL
22350,Al Horford,85.07816,30.9887,ATL
22350,Tiago Splitter,83.32666,20.087040000000002,ATL
22350,Tim Hardaway Jr.,83.0534,28.15001,ATL
22350,Dennis Schroder,73.97243,16.81191,ATL
22350,Ball,89.3849,25.76282,Ball
22350,Tyson Chandler,73.92979,24.54264,PHX
22350,Sonny Weems,60.72842,33.26063,PHX
22350,Lorenzo Brown,67.19413,15.62296,PHX
22350,Mirza Teletovic,84.21114,32.24176,PHX
22350,TJ Warren,81.73579,20.58126,PHX
22350,Kyle Korver,75.85589,27.00006,ATL
22350,Al Horford,85.07427,30.95969,ATL
22350,Tiago Splitter,83.21058,20.18973,ATL
22350,Tim Hardaway Jr.,82.96443,28.02615,ATL
22350,Dennis Schroder,74.29193,16.84392,ATL
22350,Ball,89.46478,25.97753,Ball
22350,Tyson Chandler,73.90611,24.54436,PHX
22350,Sonny Weems,60.68865,33.25828,PHX
22350,Lorenzo Brown,67.38489,15.67101,PHX
22350,Mirza Teletovic,84.06463,32.24254,PHX
22350,TJ Warren,81.53259,20.65778,PHX
22350,Kyle Korver,76.07159,26.81402,ATL
22350,Al Horford,85.08441,30.94643,ATL
22350,Tiago Splitter,83.05838,20.24529,ATL
22350,Tim Hardaway Jr.,82.88744,27.9038,ATL
22350,Dennis Schroder,74.59906,16.87335,ATL
22350,Ball,89.50011,26.20505,Ball
22350,Tyson Chandler,73.88169,24.53911,PHX
22350,Sonny Weems,60.65104,33.25747,PHX
22350,Lorenzo Brown,67.58036,15.72054,PHX
22350,Mirza Teletovic,83.89703,32.24098,PHX
22350,TJ Warren,81.33083,20.66076,PHX
22350,Kyle Korver,76.26085,26.6528,ATL
22350,Al Horford,85.10339,30.89974,ATL
22350,Tiago Splitter,82.89182,20.3468,ATL
22350,Tim Hardaway Jr.,82.77568,27.8061,ATL
22350,Dennis Schroder,74.91015,16.899,ATL
22350,Ball,89.52731,26.3323,Ball
22350,Tyson Chandler,73.86065,24.53618,PHX
22350,Sonny Weems,60.61035,33.26196,PHX
22350,Lorenzo Brown,67.78438,15.75803,PHX
22350,Mirza Teletovic,83.70896,32.23482,PHX
22350,TJ Warren,81.0981,20.65402,PHX
22350,Kyle Korver,76.42663,26.52139,ATL
22350,Al Horford,85.14411,30.82614,ATL
22350,Tiago Splitter,82.74246,20.47033,ATL
22350,Tim Hardaway Jr.,82.7099,27.69022,ATL
22350,Dennis Schroder,75.24038,16.92312,ATL
22350,Ball,89.49739,26.47645,Ball
22350,Tyson Chandler,73.8307,24.53123,PHX
22350,Sonny Weems,60.56621,33.26269,PHX
22350,Lorenzo Brown,67.99881,15.79775,PHX
22350,Mirza Teletovic,83.50516,32.23525,PHX
22350,TJ Warren,80.8578,20.65329,PHX
22350,Kyle Korver,76.58476,26.4039,ATL
22350,Al Horford,85.17038,30.76567,ATL
22350,Tiago Splitter,82.59015,20.58805,ATL
22350,Tim Hardaway Jr.,82.64965,27.60438,ATL
22350,Dennis Schroder,75.57287,16.94508,ATL
22350,Ball,89.84295,26.75951,Ball
22350,Tyson Chandler,73.79846,24.5331,PHX
22350,Sonny Weems,60.52027,33.2649,PHX
22350,Lorenzo Brown,68.21819,15.83093,PHX
22350,Mirza Teletovic,83.29778,32.23794,PHX
22350,TJ Warren,80.6412,20.70029,PHX
22350,Kyle Korver,76.71664,26.31422,ATL
22350,Al Horford,85.21007,30.67721,ATL
22350,Tiago Splitter,82.46536,20.68122,ATL
22350,Tim Hardaway Jr.,82.57464,27.5181,ATL
22350,Dennis Schroder,75.92643,16.95728,ATL
22350,Ball,89.68702,27.05152,Ball
22350,Tyson Chandler,73.7711,24.52936,PHX
22350,Sonny Weems,60.47292,33.26592,PHX
22350,Lorenzo Brown,68.44989,15.85974,PHX
22350,Mirza Teletovic,83.05849,32.23702,PHX
22350,TJ Warren,80.4065,20.76183,PHX
22350,Kyle Korver,76.82209,26.25401,ATL
22350,Al Horford,85.26015,30.57318,ATL
22350,Tiago Splitter,82.32517,20.76781,ATL
22350,Tim Hardaway Jr.,82.4865,27.44584,ATL
22350,Dennis Schroder,76.2718,16.97589,ATL
22350,Ball,89.53109,27.22803,Ball
22350,Tyson Chandler,73.73599,24.52146,PHX
22350,Sonny Weems,60.42313,33.26733,PHX
22350,Lorenzo Brown,68.69243,15.88195,PHX
22350,Mirza Teletovic,82.82732,32.23524,PHX
22350,TJ Warren,80.17599,20.80501,PHX
22350,Kyle Korver,76.89553,26.21272,ATL
22350,Al Horford,85.31357,30.48644,ATL
22350,Tiago Splitter,82.20632,20.87074,ATL
22350,Tim Hardaway Jr.,82.39891,27.39648,ATL
22350,Dennis Schroder,76.62309,16.99159,ATL
22350,Ball,89.68746,27.2445,Ball
22350,Tyson Chandler,73.70044,24.52086,PHX
22350,Sonny Weems,60.37408,33.26019,PHX
22350,Lorenzo Brown,68.94809,15.9089,PHX
22350,Mirza Teletovic,82.57657,32.23289,PHX
22350,TJ Warren,79.9654,20.86162,PHX
22350,Kyle Korver,76.94794,26.1981,ATL
22350,Al Horford,85.375,30.42029,ATL
22350,Tiago Splitter,82.0738,20.96291,ATL
22350,Tim Hardaway Jr.,82.3056,27.35901,ATL
22350,Dennis Schroder,76.9797,16.99948,ATL
22350,Ball,89.71227,27.36635,Ball
22350,Tyson Chandler,73.65763,24.52433,PHX
22350,Sonny Weems,60.32248,33.25246,PHX
22350,Lorenzo Brown,69.20628,15.93032,PHX
22350,Mirza Teletovic,82.31557,32.22297,PHX
22350,TJ Warren,79.72891,20.91655,PHX
22350,Kyle Korver,76.98164,26.21109,ATL
22350,Al Horford,85.45399,30.34825,ATL
22350,Tiago Splitter,81.93173,21.05341,ATL
22350,Tim Hardaway Jr.,82.20478,27.31994,ATL
22350,Dennis Schroder,77.34481,17.00563,ATL
22350,Ball,89.67804,27.43216,Ball
22350,Tyson Chandler,73.60129,24.51599,PHX
22350,Sonny Weems,60.26908,33.23799,PHX
22350,Lorenzo Brown,69.46782,15.9511,PHX
22350,Mirza Teletovic,82.03967,32.21167,PHX
22350,TJ Warren,79.43899,20.97455,PHX
22350,Kyle Korver,76.97746,26.26074,ATL
22350,Al Horford,85.53337,30.3125,ATL
22350,Tiago Splitter,81.77482,21.12983,ATL
22350,Tim Hardaway Jr.,82.07667,27.29864,ATL
22350,Dennis Schroder,77.70565,17.0095,ATL
22350,Ball,89.58132,27.48626,Ball
22350,Tyson Chandler,73.53191,24.5113,PHX
22350,Sonny Weems,60.20862,33.22919,PHX
22350,Lorenzo Brown,69.74334,15.96522,PHX
22350,Mirza Teletovic,81.75343,32.19965,PHX
22350,TJ Warren,79.19836,21.04194,PHX
22350,Kyle Korver,76.95249,26.3303,ATL
22350,Al Horford,85.6136,30.29887,ATL
22350,Tiago Splitter,81.60462,21.19949,ATL
22350,Tim Hardaway Jr.,81.92824,27.27079,ATL
22350,Dennis Schroder,78.06521,17.01569,ATL
22350,Ball,89.4775,27.54913,Ball
22350,Tyson Chandler,73.44727,24.50002,PHX
22350,Sonny Weems,60.14563,33.21256,PHX
22350,Lorenzo Brown,70.016,15.98895,PHX
22350,Mirza Teletovic,81.45058,32.18353,PHX
22350,TJ Warren,78.90608,21.10548,PHX
22350,Kyle Korver,76.89934,26.43283,ATL
22350,Al Horford,85.714,30.30052,ATL
22350,Tiago Splitter,81.42017,21.2587,ATL
22350,Tim Hardaway Jr.,81.76119,27.25544,ATL
22350,Dennis Schroder,78.42784,17.02064,ATL
22350,Ball,89.43647,27.66782,Ball
22350,Tyson Chandler,73.35335,24.49105,PHX
22350,Sonny Weems,60.07745,33.18938,PHX
22350,Lorenzo Brown,70.29166,16.01298,PHX
22350,Mirza Teletovic,81.14227,32.16647,PHX
22350,TJ Warren,78.55397,21.18309,PHX
22350,Kyle Korver,76.83934,26.55684,ATL
22350,Al Horford,85.84251,30.3093,ATL
22350,Tiago Splitter,81.20702,21.28392,ATL
22350,Tim Hardaway Jr.,81.59544,27.25793,ATL
22350,Dennis Schroder,78.76644,17.04906,ATL
22350,Ball,89.40798,27.8248,Ball
22350,Tyson Chandler,73.24256,24.47664,PHX
22350,Sonny Weems,60.00232,33.16109,PHX
22350,Lorenzo Brown,70.56919,16.03582,PHX
22350,Mirza Teletovic,80.82647,32.14263,PHX
22350,TJ Warren,78.19613,21.27219,PHX
22350,Kyle Korver,76.75685,26.68137,ATL
22350,Al Horford,85.98681,30.32328,ATL
22350,Tiago Splitter,81.01308,21.33047,ATL
22350,Tim Hardaway Jr.,81.416,27.27608,ATL
22350,Dennis Schroder,79.11606,17.06672,ATL
22350,Ball,89.34609,27.96113,Ball
22350,Tyson Chandler,73.12088,24.46039,PHX
22350,Sonny Weems,59.92695,33.13255,PHX
22350,Lorenzo Brown,70.84841,16.06382,PHX
22350,Mirza Teletovic,80.51554,32.11768,PHX
22350,TJ Warren,77.83048,21.35506,PHX
22350,Kyle Korver,76.66767,26.8113,ATL
22350,Al Horford,86.14595,30.34311,ATL
22350,Tiago Splitter,80.80523,21.36783,ATL
22350,Tim Hardaway Jr.,81.2178,27.30384,ATL
22350,Dennis Schroder,79.46923,17.0892,ATL
22350,Ball,88.83287,28.0527,Ball
22350,Tyson Chandler,72.98572,24.43771,PHX
22350,Sonny Weems,59.84185,33.09905,PHX
22350,Lorenzo Brown,71.13425,16.09486,PHX
22350,Mirza Teletovic,80.1938,32.08882,PHX
22350,TJ Warren,77.462,21.43187,PHX
22350,Kyle Korver,76.55886,26.95431,ATL
22350,Al Horford,86.30664,30.37128,ATL
22350,Tiago Splitter,80.63273,21.39474,ATL
22350,Tim Hardaway Jr.,80.99926,27.35149,ATL
22350,Dennis Schroder,79.8345,17.11172,ATL
22350,Ball,88.80367,28.28927,Ball
22350,Tyson Chandler,72.81192,24.44013,PHX
22350,Sonny Weems,59.74955,33.06391,PHX
22350,Lorenzo Brown,71.43289,16.12281,PHX
22350,Mirza Teletovic,79.87166,32.0661,PHX
22350,TJ Warren,77.11774,21.5062,PHX
22350,Kyle Korver,76.44413,27.10272,ATL
22350,Al Horford,86.47749,30.40064,ATL
22350,Tiago Splitter,80.45969,21.43402,ATL
22350,Tim Hardaway Jr.,80.74982,27.41879,ATL
22350,Dennis Schroder,80.19749,17.13959,ATL
22350,Ball,88.77251,28.51676,Ball
22350,Tyson Chandler,72.62111,24.42599,PHX
22350,Sonny Weems,59.64993,33.0177,PHX
22350,Lorenzo Brown,71.74211,16.15706,PHX
22350,Mirza Teletovic,79.55181,32.04682,PHX
22350,TJ Warren,76.79658,21.57806,PHX
22350,Kyle Korver,76.30641,27.26254,ATL
22350,Al Horford,86.66081,30.42264,ATL
22350,Tiago Splitter,80.26509,21.4534,ATL
22350,Tim Hardaway Jr.,80.50831,27.48681,ATL
22350,Dennis Schroder,80.54823,17.18438,ATL
22350,Ball,88.70969,28.63829,Ball
22350,Tyson Chandler,72.41751,24.40983,PHX
22350,Sonny Weems,59.54957,32.96797,PHX
22350,Lorenzo Brown,72.0463,16.20196,PHX
22350,Mirza Teletovic,79.23227,32.01761,PHX
22350,TJ Warren,76.48469,21.64093,PHX
22350,Kyle Korver,76.14553,27.43675,ATL
22350,Al Horford,86.85552,30.43437,ATL
22350,Tiago Splitter,80.05698,21.47872,ATL
22350,Tim Hardaway Jr.,80.25552,27.56103,ATL
22350,Dennis Schroder,80.9021,17.24303,ATL
22350,Ball,88.56333,28.80612,Ball
22350,Tyson Chandler,72.19564,24.38882,PHX
22350,Sonny Weems,59.44163,32.9114,PHX
22350,Lorenzo Brown,72.3615,16.2397,PHX
22350,Mirza Teletovic,78.90493,31.98943,PHX
22350,TJ Warren,76.15097,21.6827,PHX
22350,Kyle Korver,75.9754,27.61556,ATL
22350,Al Horford,87.0701,30.43706,ATL
22350,Tiago Splitter,79.79047,21.51747,ATL
22350,Tim Hardaway Jr.,79.9905,27.63532,ATL
22350,Dennis Schroder,81.23388,17.32269,ATL
22350,Ball,88.67328,28.81362,Ball
22350,Tyson Chandler,71.98094,24.33438,PHX
22350,Sonny Weems,59.33246,32.84773,PHX
22350,Lorenzo Brown,72.67942,16.27625,PHX
22350,Mirza Teletovic,78.60247,31.96013,PHX
22350,TJ Warren,75.82503,21.69577,PHX
22350,Kyle Korver,75.82937,27.8044,ATL
22350,Al Horford,87.29209,30.44026,ATL
22350,Tiago Splitter,79.51215,21.55055,ATL
22350,Tim Hardaway Jr.,79.72863,27.6754,ATL
22350,Dennis Schroder,81.57543,17.40841,ATL
22350,Ball,88.87749,28.81655,Ball
22350,Tyson Chandler,71.74199,24.29742,PHX
22350,Sonny Weems,59.21909,32.7774,PHX
22350,Lorenzo Brown,73.01332,16.31776,PHX
22350,Mirza Teletovic,78.27346,31.93787,PHX
22350,TJ Warren,75.42018,21.75621,PHX
22350,Kyle Korver,75.64923,27.97921,ATL
22350,Al Horford,87.52885,30.43572,ATL
22350,Tiago Splitter,79.2072,21.57948,ATL
22350,Tim Hardaway Jr.,79.46231,27.75385,ATL
22350,Dennis Schroder,81.90738,17.5068,ATL
22350,Ball,88.98745,28.82195,Ball
22350,Tyson Chandler,71.49046,24.24565,PHX
22350,Sonny Weems,59.0916,32.71578,PHX
22350,Lorenzo Brown,73.33417,16.36683,PHX
22350,Mirza Teletovic,77.94949,31.91927,PHX
22350,TJ Warren,74.99066,21.81143,PHX
22350,Kyle Korver,75.47432,28.15405,ATL
22350,Al Horford,87.77668,30.42416,ATL
22350,Tiago Splitter,78.87788,21.59714,ATL
22350,Tim Hardaway Jr.,79.17764,27.85125,ATL
22350,Dennis Schroder,82.22954,17.61874,ATL
22350,Ball,88.62242,28.84,Ball
22350,Tyson Chandler,71.22694,24.18846,PHX
22350,Sonny Weems,58.96098,32.65545,PHX
22350,Lorenzo Brown,73.6638,16.41627,PHX
22350,Mirza Teletovic,77.60781,31.90053,PHX
22350,TJ Warren,74.56376,21.87212,PHX
22350,Kyle Korver,75.24637,28.33895,ATL
22350,Al Horford,88.02835,30.39746,ATL
22350,Tiago Splitter,78.53945,21.60845,ATL
22350,Tim Hardaway Jr.,78.90586,27.94851,ATL
22350,Dennis Schroder,82.54855,17.7421,ATL
22350,Ball,89.31659,29.05556,Ball
22350,Tyson Chandler,70.95052,24.12749,PHX
22350,Sonny Weems,58.80848,32.59396,PHX
22350,Lorenzo Brown,73.99984,16.48438,PHX
22350,Mirza Teletovic,77.2785,31.88926,PHX
22350,TJ Warren,74.17578,21.93543,PHX
22350,Kyle Korver,75.00923,28.51294,ATL
22350,Al Horford,88.28359,30.36709,ATL
22350,Tiago Splitter,78.19503,21.62542,ATL
22350,Tim Hardaway Jr.,78.64141,28.03949,ATL
22350,Dennis Schroder,82.86642,17.87404,ATL
22350,Ball,89.4836,29.05335,Ball
22350,Tyson Chandler,70.66367,24.06304,PHX
22350,Sonny Weems,58.65172,32.53401,PHX
22350,Lorenzo Brown,74.33732,16.56585,PHX
22350,Mirza Teletovic,76.94706,31.88518,PHX
22350,TJ Warren,73.70615,21.98236,PHX
22350,Kyle Korver,74.77972,28.6919,ATL
22350,Al Horford,88.52961,30.32555,ATL
22350,Tiago Splitter,77.84502,21.64199,ATL
22350,Tim Hardaway Jr.,78.36684,28.14094,ATL
22350,Dennis Schroder,83.18012,18.00638,ATL
22350,Ball,89.60185,29.05917,Ball
22350,Tyson Chandler,70.36796,24.00682,PHX
22350,Sonny Weems,58.48737,32.48082,PHX
22350,Lorenzo Brown,74.66657000000001,16.66085,PHX
22350,Mirza Teletovic,76.60058,31.90408,PHX
22350,TJ Warren,73.26803,22.03728,PHX
22350,Kyle Korver,74.51132,28.89452,ATL
22350,Al Horford,88.78579,30.27441,ATL
22350,Tiago Splitter,77.47622,21.64096,ATL
22350,Tim Hardaway Jr.,78.09862,28.23329,ATL
22350,Dennis Schroder,83.48483,18.15358,ATL
22350,Ball,89.71758,29.07653,Ball
22350,Tyson Chandler,70.03816,23.94729,PHX
22350,Sonny Weems,58.31955,32.4368,PHX
22350,Lorenzo Brown,74.98927,16.775570000000002,PHX
22350,Mirza Teletovic,76.25309,31.92803,PHX
22350,TJ Warren,72.86744,22.0709,PHX
22350,Kyle Korver,74.24784,29.0847,ATL
22350,Al Horford,89.04372,30.21854,ATL
22350,Tiago Splitter,77.10953,21.64744,ATL
22350,Tim Hardaway Jr.,77.83984,28.31617,ATL
22350,Dennis Schroder,83.78754,18.30178,ATL
22350,Ball,89.82845,29.10524,Ball
22350,Tyson Chandler,69.72456,23.89919,PHX
22350,Sonny Weems,58.14729,32.39275,PHX
22350,Lorenzo Brown,75.31977,16.90199,PHX
22350,Mirza Teletovic,75.90075,31.96337,PHX
22350,TJ Warren,72.43722,22.09722,PHX
22350,Kyle Korver,73.97432,29.28684,ATL
22350,Al Horford,89.30147,30.16146,ATL
22350,Tiago Splitter,76.74238,21.6457,ATL
22350,Tim Hardaway Jr.,77.57793,28.38844,ATL
22350,Dennis Schroder,84.07563,18.472,ATL
22350,Ball,89.93212,29.14512,Ball
22350,Tyson Chandler,69.39223,23.85144,PHX
22350,Sonny Weems,57.96512,32.35178,PHX
22350,Lorenzo Brown,75.6571,17.04141,PHX
22350,Mirza Teletovic,75.53482,32.00716,PHX
22350,TJ Warren,72.01084,22.11624,PHX
22350,Kyle Korver,73.69028,29.51221,ATL
22350,Al Horford,89.56155,30.10193,ATL
22350,Tiago Splitter,76.3195,21.6427,ATL
22350,Tim Hardaway Jr.,77.30826,28.45399,ATL
22350,Dennis Schroder,84.34883,18.65227,ATL
22350,Ball,90.02625,29.19599,Ball
22350,Tyson Chandler,69.04059,23.81218,PHX
22350,Sonny Weems,57.77991,32.32328,PHX
22350,Lorenzo Brown,75.99128,17.19161,PHX
22350,Mirza Teletovic,75.15976,32.0485,PHX
22350,TJ Warren,71.58582,22.13112,PHX
22350,Kyle Korver,73.39282,29.73955,ATL
22350,Al Horford,89.82724,30.04087,ATL
22350,Tiago Splitter,75.8887,21.64253,ATL
22350,Tim Hardaway Jr.,77.02688,28.49803,ATL
22350,Dennis Schroder,84.60863,18.85132,ATL
22350,Ball,90.10852,29.25766,Ball
22350,Tyson Chandler,68.69469,23.74481,PHX
22350,Sonny Weems,57.58977,32.29516,PHX
22350,Lorenzo Brown,76.31755,17.34964,PHX
22350,Mirza Teletovic,74.79388,32.09093,PHX
22350,TJ Warren,71.11759,22.14935,PHX
22350,Kyle Korver,73.07664,29.96187,ATL
22350,Al Horford,90.0988,29.98043,ATL
22350,Tiago Splitter,75.49423,21.62499,ATL
22350,Tim Hardaway Jr.,76.75354,28.51516,ATL
22350,Dennis Schroder,84.86531,19.06264,ATL
22350,Ball,90.17657,29.32995,Ball
22350,Tyson Chandler,68.32794,23.69438,PHX
22350,Sonny Weems,57.39876,32.27659,PHX
22350,Lorenzo Brown,76.63382,17.52258,PHX
22350,Mirza Teletovic,74.42198,32.14393,PHX
22350,TJ Warren,70.62197,22.15092,PHX
22350,Kyle Korver,72.76314,30.17504,ATL
22350,Al Horford,90.36536,29.92704,ATL
22350,Tiago Splitter,75.06696,21.60608,ATL
22350,Tim Hardaway Jr.,76.45863,28.51637,ATL
22350,Dennis Schroder,85.11886,19.27907,ATL
22350,Ball,90.22807,29.41269,Ball
22350,Tyson Chandler,67.93889,23.64009,PHX
22350,Sonny Weems,57.20214,32.26349,PHX
22350,Lorenzo Brown,76.9522,17.69354,PHX
22350,Mirza Teletovic,74.05844,32.19363,PHX
22350,TJ Warren,70.10313,22.15366,PHX
22350,Kyle Korver,72.41448,30.37855,ATL
22350,Al Horford,90.62884,29.88791,ATL
22350,Tiago Splitter,74.6358,21.58713,ATL
22350,Tim Hardaway Jr.,76.16338,28.49191,ATL
22350,Dennis Schroder,85.36272,19.50412,ATL
22350,Ball,90.26068,29.50568,Ball
22350,Tyson Chandler,67.54675,23.58367,PHX
22350,Sonny Weems,57.00334,32.25961,PHX
22350,Lorenzo Brown,77.26205,17.88974,PHX
22350,Mirza Teletovic,73.69665,32.23254,PHX
22350,TJ Warren,69.5851,22.14611,PHX
22350,Kyle Korver,72.07752,30.56042,ATL
22350,Al Horford,90.86762,29.86262,ATL
22350,Tiago Splitter,74.19915,21.57238,ATL
22350,Tim Hardaway Jr.,75.87365,28.45677,ATL
22350,Dennis Schroder,85.60735,19.73193,ATL
22350,Ball,90.27207,29.60875,Ball
22350,Tyson Chandler,67.12526,23.56203,PHX
22350,Sonny Weems,56.79582,32.26215,PHX
22350,Lorenzo Brown,77.56091,18.10933,PHX
22350,Mirza Teletovic,73.32958,32.26943,PHX
22350,TJ Warren,69.05678,22.16007,PHX
22350,Kyle Korver,71.689,30.751170000000002,ATL
22350,Al Horford,91.10347,29.84984,ATL
22350,Tiago Splitter,73.74915,21.54785,ATL
22350,Tim Hardaway Jr.,75.57628,28.44237,ATL
22350,Dennis Schroder,85.84443,19.96735,ATL
22350,Ball,90.39652,29.761870000000002,Ball
22350,Tyson Chandler,66.70651,23.52416,PHX
22350,Sonny Weems,56.58407,32.27326,PHX
22350,Lorenzo Brown,77.84088,18.34184,PHX
22350,Mirza Teletovic,72.96765,32.31817,PHX
22350,TJ Warren,68.57153,22.11578,PHX
22350,Kyle Korver,71.32722,30.96342,ATL
22350,Al Horford,91.34373,29.83813,ATL
22350,Tiago Splitter,73.30209,21.51643,ATL
22350,Tim Hardaway Jr.,75.26769,28.36758,ATL
22350,Dennis Schroder,86.06955,20.20488,ATL
22350,Ball,90.57044,29.88948,Ball
22350,Tyson Chandler,66.27026,23.48922,PHX
22350,Sonny Weems,56.37816,32.27778,PHX
22350,Lorenzo Brown,78.12798,18.58167,PHX
22350,Mirza Teletovic,72.61398,32.37601,PHX
22350,TJ Warren,68.08535,22.06725,PHX
22350,Kyle Korver,70.9316,31.15846,ATL
22350,Al Horford,91.58158,29.82274,ATL
22350,Tiago Splitter,72.85216,21.50008,ATL
22350,Tim Hardaway Jr.,74.95994,28.25839,ATL
22350,Dennis Schroder,86.2956,20.43614,ATL
22350,Ball,90.78337,29.99081,Ball
22350,Tyson Chandler,65.81564,23.46036,PHX
22350,Sonny Weems,56.16881,32.28257,PHX
22350,Lorenzo Brown,78.40405,18.83345,PHX
22350,Mirza Teletovic,72.25112,32.4621,PHX
22350,TJ Warren,67.59606,22.0365,PHX
22350,Kyle Korver,70.54421,31.35398,ATL
22350,Al Horford,91.81476,29.81587,ATL
22350,Tiago Splitter,72.38562,21.46371,ATL
22350,Tim Hardaway Jr.,74.63454,28.13621,ATL
22350,Dennis Schroder,86.51846,20.65955,ATL
22350,Ball,91.02483,30.06505,Ball
22350,Tyson Chandler,65.37743,23.44786,PHX
22350,Sonny Weems,55.97039,32.28874,PHX
22350,Lorenzo Brown,78.6739,19.08336,PHX
22350,Mirza Teletovic,71.90321,32.5454,PHX
22350,TJ Warren,67.09262,21.99144,PHX
22350,Kyle Korver,70.162,31.55905,ATL
22350,Al Horford,92.03646,29.80809,ATL
22350,Tiago Splitter,71.90673,21.42857,ATL
22350,Tim Hardaway Jr.,74.30492,27.99537,ATL
22350,Dennis Schroder,86.73759,20.87435,ATL
22350,Ball,91.28434,30.11141,Ball
22350,Tyson Chandler,64.93451,23.43332,PHX
22350,Sonny Weems,55.77572,32.28933,PHX
22350,Lorenzo Brown,78.9362,19.33693,PHX
22350,Mirza Teletovic,71.55109,32.63479,PHX
22350,TJ Warren,66.60784,21.94133,PHX
22350,Kyle Korver,69.74573,31.76086,ATL
22350,Al Horford,92.26545,29.79346,ATL
22350,Tiago Splitter,71.42592,21.38704,ATL
22350,Tim Hardaway Jr.,73.98164,27.82832,ATL
22350,Dennis Schroder,86.95407,21.08934,ATL
22350,Ball,91.61429,30.13385,Ball
22350,Tyson Chandler,64.48972,23.40998,PHX
22350,Sonny Weems,55.58262,32.28473,PHX
22350,Lorenzo Brown,79.20094,19.59022,PHX
22350,Mirza Teletovic,71.21557,32.70943,PHX
22350,TJ Warren,66.1168,21.87743,PHX
22350,Kyle Korver,69.34884,31.94635,ATL
22350,Al Horford,92.47876,29.79411,ATL
22350,Tiago Splitter,70.94376,21.368290000000002,ATL
22350,Tim Hardaway Jr.,73.64305,27.64063,ATL
22350,Dennis Schroder,87.1681,21.28728,ATL
22350,Ball,91.8207,30.13706,Ball
22350,Tyson Chandler,64.03419,23.3869,PHX
22350,Sonny Weems,55.38693,32.28031,PHX
22350,Lorenzo Brown,79.46192,19.84416,PHX
22350,Mirza Teletovic,70.87729,32.79737,PHX
22350,TJ Warren,65.61675,21.81033,PHX
22350,Kyle Korver,68.92517,32.15068,ATL
22350,Al Horford,92.69321,29.79051,ATL
22350,Tiago Splitter,70.43874,21.33921,ATL
22350,Tim Hardaway Jr.,73.28976,27.4439,ATL
22350,Dennis Schroder,87.37835,21.46461,ATL
22350,Ball,91.91757,29.55087,Ball
22350,Tyson Chandler,63.56759,23.35384,PHX
22350,Sonny Weems,55.19129,32.27402,PHX
22350,Lorenzo Brown,79.71048,20.09843,PHX
22350,Mirza Teletovic,70.5375,32.89033,PHX
22350,TJ Warren,65.14006,21.74706,PHX
22350,Kyle Korver,68.50272,32.35185,ATL
22350,Al Horford,92.90359,29.78822,ATL
22350,Tiago Splitter,69.92594,21.2995,ATL
22350,Tim Hardaway Jr.,72.93258,27.23562,ATL
22350,Dennis Schroder,87.58817,21.61232,ATL
22350,Ball,92.13267,29.28294,Ball
22350,Tyson Chandler,63.09252,23.3079,PHX
22350,Sonny Weems,55.00124,32.26207,PHX
22350,Lorenzo Brown,79.94747,20.34985,PHX
22350,Mirza Teletovic,70.1979,32.98639,PHX
22350,TJ Warren,64.66406,21.6757,PHX
22350,Kyle Korver,68.06228,32.53518,ATL
22350,Al Horford,93.09242,29.8019,ATL
22350,Tiago Splitter,69.44867,21.25431,ATL
22350,Tim Hardaway Jr.,72.58088,27.01238,ATL
22350,Dennis Schroder,87.80602,21.74166,ATL
22350,Ball,92.45768,28.9793,Ball
22350,Tyson Chandler,62.60926,23.26186,PHX
22350,Sonny Weems,54.81371,32.24527,PHX
22350,Lorenzo Brown,80.17558,20.59299,PHX
22350,Mirza Teletovic,69.87009,33.08697,PHX
22350,TJ Warren,64.19088,21.6185,PHX
22350,Kyle Korver,67.60546,32.72027,ATL
22350,Al Horford,93.26497,29.81905,ATL
22350,Tiago Splitter,68.97162,21.18996,ATL
22350,Tim Hardaway Jr.,72.22438,26.77421,ATL
22350,Dennis Schroder,88.02442,21.84175,ATL
22350,Ball,92.81134,28.64955,Ball
22350,Tyson Chandler,62.13049,23.2193,PHX
22350,Sonny Weems,54.63162,32.23219,PHX
22350,Lorenzo Brown,80.3967,20.84286,PHX
22350,Mirza Teletovic,69.53154,33.18293,PHX
22350,TJ Warren,63.71813,21.54946,PHX
22350,Kyle Korver,67.14777,32.9137,ATL
22350,Al Horford,93.42719,29.83535,ATL
22350,Tiago Splitter,68.44284,21.13262,ATL
22350,Tim Hardaway Jr.,71.86239,26.52003,ATL
22350,Dennis Schroder,88.21925,21.90176,ATL
22350,Ball,92.9773,28.2934,Ball
22350,Tyson Chandler,61.6425,23.2058,PHX
22350,Sonny Weems,54.45175,32.22873,PHX
22350,Lorenzo Brown,80.61548,21.09073,PHX
22350,Mirza Teletovic,69.19574,33.28033,PHX
22350,TJ Warren,63.25784,21.48602,PHX
22350,Kyle Korver,66.68118,33.09986,ATL
22350,Al Horford,93.57076,29.86088,ATL
22350,Tiago Splitter,67.93328,21.08406,ATL
22350,Tim Hardaway Jr.,71.49673,26.26108,ATL
22350,Dennis Schroder,88.40988,21.92752,ATL
22350,Ball,92.88649,27.88932,Ball
22350,Tyson Chandler,61.14899,23.17224,PHX
22350,Sonny Weems,54.27551,32.22587,PHX
22350,Lorenzo Brown,80.82243,21.34653,PHX
22350,Mirza Teletovic,68.84907,33.38072,PHX
22350,TJ Warren,62.78564,21.39714,PHX
22350,Kyle Korver,66.2274,33.31627,ATL
22350,Al Horford,93.69887,29.88794,ATL
22350,Tiago Splitter,67.41308,21.0275,ATL
22350,Tim Hardaway Jr.,71.13088,25.99482,ATL
22350,Dennis Schroder,88.60078,21.93759,ATL
22350,Ball,92.33953,27.51266,Ball
22350,Tyson Chandler,60.65109,23.13987,PHX
22350,Sonny Weems,54.09371,32.22394,PHX
22350,Lorenzo Brown,81.01496,21.59914,PHX
22350,Mirza Teletovic,68.50915,33.48822,PHX
22350,TJ Warren,62.29492,21.29582,PHX
22350,Kyle Korver,65.73805,33.56143,ATL
22350,Al Horford,93.82483,29.91112,ATL
22350,Tiago Splitter,66.88285,20.96994,ATL
22350,Tim Hardaway Jr.,70.76126,25.71104,ATL
22350,Dennis Schroder,88.77835,21.92442,ATL
22350,Ball,92.21552,26.79863,Ball
22350,Tyson Chandler,60.19471,23.09649,PHX
22350,Sonny Weems,53.90061,32.23217,PHX
22350,Lorenzo Brown,81.20505,21.84179,PHX
22350,Mirza Teletovic,68.16624,33.60079,PHX
22350,TJ Warren,61.79792,21.1962,PHX
22350,Kyle Korver,65.25611,33.79799,ATL
22350,Al Horford,93.9305,29.93088,ATL
22350,Tiago Splitter,66.37574,20.88352,ATL
22350,Tim Hardaway Jr.,70.39274,25.41508,ATL
22350,Dennis Schroder,88.96001,21.87189,ATL
22350,Ball,92.00555,26.20125,Ball
22350,Tyson Chandler,59.7325,23.05933,PHX
22350,Sonny Weems,53.69977,32.25195,PHX
22350,Lorenzo Brown,81.38756,22.06984,PHX
22350,Mirza Teletovic,67.81885,33.69685,PHX
22350,TJ Warren,61.29956,21.0991,PHX
22350,Kyle Korver,64.76278,34.03155,ATL
22350,Al Horford,93.99981,29.96166,ATL
22350,Tiago Splitter,65.85436,20.79855,ATL
22350,Tim Hardaway Jr.,70.02903,25.11746,ATL
22350,Dennis Schroder,89.1395,21.79601,ATL
22350,Ball,91.77407,25.57341,Ball
22350,Tyson Chandler,59.27112,23.02371,PHX
22350,Sonny Weems,53.49191,32.28545,PHX
22350,Lorenzo Brown,81.55507,22.27534,PHX
22350,Mirza Teletovic,67.4649,33.78158,PHX
22350,TJ Warren,60.80085,20.99959,PHX
22350,Kyle Korver,64.26858,34.28811,ATL
22350,Al Horford,94.06107,30.01603,ATL
22350,Tiago Splitter,65.334,20.7117,ATL
22350,Tim Hardaway Jr.,69.67022,24.81923,ATL
22350,Dennis Schroder,89.30482,21.70798,ATL
22350,Ball,91.53278,24.92988,Ball
22350,Tyson Chandler,58.81115,22.98278,PHX
22350,Sonny Weems,53.28255,32.33237,PHX
22350,Lorenzo Brown,81.70873,22.44633,PHX
22350,Mirza Teletovic,67.13425,33.85091,PHX
22350,TJ Warren,60.30808,20.88572,PHX
22350,Kyle Korver,63.78826,34.54166,ATL
22350,Al Horford,94.09813,30.06194,ATL
22350,Tiago Splitter,64.80843,20.64263,ATL
22350,Tim Hardaway Jr.,69.30823,24.51593,ATL
22350,Dennis Schroder,89.45549,21.60497,ATL
22350,Ball,91.30312,24.29124,Ball
22350,Tyson Chandler,58.3055,22.92999,PHX
22350,Sonny Weems,53.07087,32.39423,PHX
22350,Lorenzo Brown,81.84326,22.58533,PHX
22350,Mirza Teletovic,66.7864,33.91738,PHX
22350,TJ Warren,59.83111,20.78471,PHX
22350,Kyle Korver,63.29291,34.79036,ATL
22350,Al Horford,94.11926,30.10653,ATL
22350,Tiago Splitter,64.29007,20.56861,ATL
22350,Tim Hardaway Jr.,68.94386,24.19465,ATL
22350,Dennis Schroder,89.59478,21.49571,ATL
22350,Ball,91.09739,23.66701,Ball
22350,Tyson Chandler,57.79112,22.87819,PHX
22350,Sonny Weems,52.85128,32.46574,PHX
22350,Lorenzo Brown,81.95971,22.70594,PHX
22350,Mirza Teletovic,66.43992,33.97411,PHX
22350,TJ Warren,59.34658,20.68732,PHX
22350,Kyle Korver,62.80433,35.04865,ATL
22350,Al Horford,94.12955,30.15815,ATL
22350,Tiago Splitter,63.75605,20.49954,ATL
22350,Tim Hardaway Jr.,68.57139,23.85981,ATL
22350,Dennis Schroder,89.7169,21.35695,ATL
22350,Ball,90.94271,23.11278,Ball
22350,Tyson Chandler,57.27309,22.82247,PHX
22350,Sonny Weems,52.62394,32.54944,PHX
22350,Lorenzo Brown,82.06545,22.797,PHX
22350,Mirza Teletovic,66.09043,34.03375,PHX
22350,TJ Warren,58.87374,20.60581,PHX
22350,Kyle Korver,62.31769,35.3032,ATL
22350,Al Horford,94.13526,30.19711,ATL
22350,Tiago Splitter,63.22952,20.39557,ATL
22350,Tim Hardaway Jr.,68.20152,23.53154,ATL
22350,Dennis Schroder,89.82642,21.20877,ATL
22350,Ball,90.67594,22.61408,Ball
22350,Tyson Chandler,56.7866,22.77336,PHX
22350,Sonny Weems,52.39474,32.62491,PHX
22350,Lorenzo Brown,82.15921,22.85951,PHX
22350,Mirza Teletovic,65.73504,34.07807,PHX
22350,TJ Warren,58.38258,20.55253,PHX
22350,Kyle Korver,61.82395,35.55695,ATL
22350,Al Horford,94.11555,30.23893,ATL
22350,Tiago Splitter,62.70297,20.30168,ATL
22350,Tim Hardaway Jr.,67.83318,23.17737,ATL
22350,Dennis Schroder,89.92356,21.05619,ATL
22350,Ball,90.59434,22.10112,Ball
22350,Tyson Chandler,56.27584,22.72147,PHX
22350,Sonny Weems,52.16187,32.70029,PHX
22350,Lorenzo Brown,82.2289,22.88013,PHX
22350,Mirza Teletovic,65.38294,34.11082,PHX
22350,TJ Warren,57.92385,20.49638,PHX
22350,Kyle Korver,61.32566,35.80933,ATL
22350,Al Horford,94.07651,30.28677,ATL
22350,Tiago Splitter,62.17552,20.20413,ATL
22350,Tim Hardaway Jr.,67.46501,22.81202,ATL
22350,Dennis Schroder,89.99876,20.89577,ATL
22350,Ball,90.52847,21.7825,Ball
22350,Tyson Chandler,55.7731,22.67862,PHX
22350,Sonny Weems,51.92405,32.78423,PHX
22350,Lorenzo Brown,82.29034,22.87899,PHX
22350,Mirza Teletovic,65.03897,34.13924,PHX
22350,TJ Warren,57.44098,20.43656,PHX
22350,Kyle Korver,60.82508,36.06198,ATL
22350,Al Horford,94.03213,30.31125,ATL
22350,Tiago Splitter,61.64196,20.11214,ATL
22350,Tim Hardaway Jr.,67.08515,22.43936,ATL
22350,Dennis Schroder,90.04889,20.71359,ATL
22350,Ball,90.47062,21.53342,Ball
22350,Tyson Chandler,55.28073,22.63771,PHX
22350,Sonny Weems,51.68661,32.87216,PHX
22350,Lorenzo Brown,82.33788,22.85042,PHX
22350,Mirza Teletovic,64.68065,34.16736,PHX
22350,TJ Warren,56.93435,20.34768,PHX
22350,Kyle Korver,60.33147,36.31184,ATL
22350,Al Horford,93.95377,30.32364,ATL
22350,Tiago Splitter,61.10307,20.03337,ATL
22350,Tim Hardaway Jr.,66.71328,22.06842,ATL
22350,Dennis Schroder,90.07493,20.51951,ATL
22350,Ball,90.4157,21.31782,Ball
22350,Tyson Chandler,54.78682,22.59559,PHX
22350,Sonny Weems,51.43982,32.96182,PHX
22350,Lorenzo Brown,82.37039,22.78935,PHX
22350,Mirza Teletovic,64.32944,34.18799,PHX
22350,TJ Warren,56.45486,20.2946,PHX
22350,Kyle Korver,59.83042,36.56344,ATL
22350,Al Horford,93.85266,30.33255,ATL
22350,Tiago Splitter,60.55642,19.94571,ATL
22350,Tim Hardaway Jr.,66.34539,21.70042,ATL
22350,Dennis Schroder,90.09983,20.32593,ATL
22350,Ball,90.3586,21.09967,Ball
22350,Tyson Chandler,54.31258,22.52107,PHX
22350,Sonny Weems,51.19134,33.04615,PHX
22350,Lorenzo Brown,82.38915,22.69819,PHX
22350,Mirza Teletovic,63.96478,34.20165,PHX
22350,TJ Warren,55.96298,20.24949,PHX
22350,Kyle Korver,59.31564,36.82262,ATL
22350,Al Horford,93.75096,30.32715,ATL
22350,Tiago Splitter,60.02294,19.83836,ATL
22350,Tim Hardaway Jr.,65.97416,21.3273,ATL
22350,Dennis Schroder,90.11031,20.13304,ATL
22350,Ball,90.29423,20.84291,Ball
22350,Tyson Chandler,53.84513,22.47644,PHX
22350,Sonny Weems,50.9325,33.13532,PHX
22350,Lorenzo Brown,82.40206,22.57934,PHX
22350,Mirza Teletovic,63.60084,34.21875,PHX
22350,TJ Warren,55.48039,20.20122,PHX
22350,Kyle Korver,58.78477,37.06743,ATL
22350,Al Horford,93.6294,30.31665,ATL
22350,Tiago Splitter,59.48428,19.72776,ATL
22350,Tim Hardaway Jr.,65.59129,20.94518,ATL
22350,Dennis Schroder,90.10907,19.91018,ATL
22350,Ball,89.22668,19.59069,Ball
22350,Tyson Chandler,51.86508,22.30827,PHX
22350,Sonny Weems,49.87953,33.50029,PHX
22350,Lorenzo Brown,82.36377,21.83694,PHX
22350,Mirza Teletovic,62.08309,34.24419,PHX
22350,TJ Warren,53.59004,20.0221,PHX
22350,Kyle Korver,56.65961,38.05148,ATL
22350,Al Horford,93.0175,30.20488,ATL
22350,Tiago Splitter,57.2753,19.27641,ATL
22350,Tim Hardaway Jr.,63.97086,19.38229,ATL
22350,Dennis Schroder,89.97459,18.98623,ATL
22360,Ball,87.59551,15.75879,Ball
22360,Tyson Chandler,47.10309,21.97046,PHX
22360,Sonny Weems,46.63487,34.63167,PHX
22360,Lorenzo Brown,81.47313,19.12383,PHX
22360,Mirza Teletovic,58.27751,33.85922,PHX
22360,TJ Warren,49.05062,19.18414,PHX
22360,Kyle Korver,51.12246,40.33101,ATL
22360,Al Horford,90.46675,29.85988,ATL
22360,Tiago Splitter,51.73585,18.20634,ATL
22360,Tim Hardaway Jr.,59.69987,15.34673,ATL
22360,Dennis Schroder,88.86792,16.46468,ATL
22370,Ball,86.66567,13.03973,Ball
22370,Tyson Chandler,42.37691,21.65161,PHX
22370,Sonny Weems,42.61464,36.21653,PHX
22370,Lorenzo Brown,79.79573,16.12088,PHX
22370,Mirza Teletovic,54.46964,33.27565,PHX
22370,TJ Warren,44.56042,17.50939,PHX
22370,Kyle Korver,45.48776,42.27032,ATL
22370,Al Horford,86.89714,29.43513,ATL
22370,Tiago Splitter,46.34276,17.70921,ATL
22370,Tim Hardaway Jr.,55.0614,11.68226,ATL
22370,Dennis Schroder,86.67818,14.13199,ATL
22380,Ball,82.61573,11.08558,Ball
22380,Tyson Chandler,37.89855,21.30365,PHX
22380,Sonny Weems,38.14704,37.57009,PHX
22380,Lorenzo Brown,77.26025,13.24993,PHX
22380,Mirza Teletovic,50.63328,32.55125,PHX
22380,TJ Warren,40.09317,15.35384,PHX
22380,Kyle Korver,39.89023,43.86368,ATL
22380,Al Horford,82.82347,28.63647,ATL
22380,Tiago Splitter,41.23005,17.58205,ATL
22380,Tim Hardaway Jr.,49.94964,8.74612,ATL
22380,Dennis Schroder,83.5842,12.12531,ATL
22390,Ball,79.62807,9.10567,Ball
22390,Tyson Chandler,33.64643,20.85528,PHX
22390,Sonny Weems,33.48545,38.73335,PHX
22390,Lorenzo Brown,74.14932,10.87516,PHX
22390,Mirza Teletovic,46.80423,31.88637,PHX
22390,TJ Warren,35.93037,13.09503,PHX
22390,Kyle Korver,34.19801,45.17539,ATL
22390,Al Horford,78.43083,27.96715,ATL
22390,Tiago Splitter,35.97437,17.57186,ATL
22390,Tim Hardaway Jr.,45.2654,6.3198,ATL
22390,Dennis Schroder,79.98152,10.35422,ATL
22400,Ball,76.5305,10.00033,Ball
22400,Tyson Chandler,29.81351,20.64975,PHX
22400,Sonny Weems,28.7884,39.58607,PHX
22400,Lorenzo Brown,71.76281,9.61099,PHX
22400,Mirza Teletovic,43.10255,31.25264,PHX
22400,TJ Warren,32.59556,10.92427,PHX
22400,Kyle Korver,28.90579,46.12365,ATL
22400,Al Horford,73.75624,27.28897,ATL
22400,Tiago Splitter,30.77511,17.56285,ATL
22400,Tim Hardaway Jr.,40.54308,4.44929,ATL
22400,Dennis Schroder,76.22639,9.72766,ATL
22410,Ball,74.03833,12.5374,Ball
22410,Tyson Chandler,26.07339,20.60512,PHX
22410,Sonny Weems,24.13874,40.20417,PHX
22410,Lorenzo Brown,69.65602,10.50093,PHX
22410,Mirza Teletovic,39.57979,30.40766,PHX
22410,TJ Warren,29.60172,8.80971,PHX
22410,Kyle Korver,24.03918,46.40892,ATL
22410,Al Horford,69.13114,26.80343,ATL
22410,Tiago Splitter,25.96427,17.51563,ATL
22410,Tim Hardaway Jr.,35.93973,3.30287,ATL
22410,Dennis Schroder,72.63327,11.22463,ATL
22420,Ball,68.49246,17.03152,Ball
22420,Tyson Chandler,22.67312,20.80097,PHX
22420,Sonny Weems,20.18777,40.73979,PHX
22420,Lorenzo Brown,66.32008,12.57735,PHX
22420,Mirza Teletovic,36.57885,29.53759,PHX
22420,TJ Warren,26.47068,7.28888,PHX
22420,Kyle Korver,20.20973,46.91414,ATL
22420,Al Horford,64.45086,26.32654,ATL
22420,Tiago Splitter,21.74326,17.55498,ATL
22420,Tim Hardaway Jr.,31.61696,2.7251700000000003,ATL
22420,Dennis Schroder,69.32077,14.96567,ATL
22430,Ball,66.47018,20.73469,Ball
22430,Tyson Chandler,19.91747,21.14573,PHX
22430,Sonny Weems,16.93533,41.59119,PHX
22430,Lorenzo Brown,61.97771,15.4079,PHX
22430,Mirza Teletovic,34.03583,28.57128,PHX
22430,TJ Warren,23.23871,6.93165,PHX
22430,Kyle Korver,17.16375,47.43098,ATL
22430,Al Horford,60.02462,25.87453,ATL
22430,Tiago Splitter,18.02055,17.56679,ATL
22430,Tim Hardaway Jr.,27.79515,2.56887,ATL
22430,Dennis Schroder,65.6649,19.67643,ATL
22440,Ball,60.27073,26.68698,Ball
22440,Tyson Chandler,17.7042,21.91238,PHX
22440,Sonny Weems,14.39304,41.97031,PHX
22440,Lorenzo Brown,57.00671,19.0239,PHX
22440,Mirza Teletovic,31.96243,27.59775,PHX
22440,TJ Warren,20.45083,7.21092,PHX
22440,Kyle Korver,14.76513,47.63266,ATL
22440,Al Horford,55.84621,25.55826,ATL
22440,Tiago Splitter,14.89949,17.85882,ATL
22440,Tim Hardaway Jr.,24.70215,2.48218,ATL
22440,Dennis Schroder,61.39912,24.71239,ATL
22450,Ball,54.89603,29.88932,Ball
22450,Tyson Chandler,15.65177,22.56743,PHX
22450,Sonny Weems,12.43521,42.0128,PHX
22450,Lorenzo Brown,50.70855,22.52657,PHX
22450,Mirza Teletovic,30.38217,26.52542,PHX
22450,TJ Warren,17.9989,7.52569,PHX
22450,Kyle Korver,13.18916,47.92148,ATL
22450,Al Horford,51.8462,25.43996,ATL
22450,Tiago Splitter,12.27871,18.35426,ATL
22450,Tim Hardaway Jr.,22.91692,2.61577,ATL
22450,Dennis Schroder,56.12563,29.83118,ATL
22460,Ball,49.05751,33.86825,Ball
22460,Tyson Chandler,13.845040000000001,22.94817,PHX
22460,Sonny Weems,10.89105,41.8657,PHX
22460,Lorenzo Brown,44.27397,26.34098,PHX
22460,Mirza Teletovic,28.90535,25.88383,PHX
22460,TJ Warren,16.07776,7.95798,PHX
22460,Kyle Korver,11.97247,48.01146,ATL
22460,Al Horford,48.1252,25.42684,ATL
22460,Tiago Splitter,10.11359,19.47271,ATL
22460,Tim Hardaway Jr.,22.62086,2.81771,ATL
22460,Dennis Schroder,50.22155,34.30615,ATL
22470,Ball,43.02998,38.61706,Ball
22470,Tyson Chandler,12.27565,23.59136,PHX
22470,Sonny Weems,10.11285,42.19854,PHX
22470,Lorenzo Brown,38.49071,30.62564,PHX
22470,Mirza Teletovic,27.92344,25.70885,PHX
22470,TJ Warren,15.40799,8.80033,PHX
22470,Kyle Korver,11.1433,47.808840000000004,ATL
22470,Al Horford,44.58838,25.49559,ATL
22470,Tiago Splitter,8.22267,21.10415,ATL
22470,Tim Hardaway Jr.,23.20054,3.13297,ATL
22470,Dennis Schroder,44.096,37.67779,ATL
22480,Ball,37.38613,38.17318,Ball
22480,Tyson Chandler,11.24385,24.3876,PHX
22480,Sonny Weems,10.13405,43.16511,PHX
22480,Lorenzo Brown,33.10517,34.12967,PHX
22480,Mirza Teletovic,27.8417,25.63673,PHX
22480,TJ Warren,16.27491,9.66146,PHX
22480,Kyle Korver,10.71786,47.55307,ATL
22480,Al Horford,41.12819,25.56082,ATL
22480,Tiago Splitter,6.8543,22.90203,ATL
22480,Tim Hardaway Jr.,24.07594,3.8376,ATL
22480,Dennis Schroder,37.9687,38.9826,ATL
22490,Ball,37.85039,28.34849,Ball
22490,Tyson Chandler,10.69015,25.82431,PHX
22490,Sonny Weems,9.70938,43.73238,PHX
22490,Lorenzo Brown,28.23351,35.61537,PHX
22490,Mirza Teletovic,28.64812,25.67241,PHX
22490,TJ Warren,18.01514,10.04567,PHX
22490,Kyle Korver,10.90324,47.06466,ATL
22490,Al Horford,38.09546,25.663710000000002,ATL
22490,Tiago Splitter,6.00742,25.23417,ATL
22490,Tim Hardaway Jr.,24.953,4.78964,ATL
22490,Dennis Schroder,32.0959,39.29931,ATL
22500,Ball,34.53086,26.12006,Ball
22500,Tyson Chandler,9.72819,26.78493,PHX
22500,Sonny Weems,10.20915,43.10583,PHX
22500,Lorenzo Brown,23.60683,35.39439,PHX
22500,Mirza Teletovic,28.62147,25.39961,PHX
22500,TJ Warren,20.22447,10.37052,PHX
22500,Kyle Korver,11.61127,46.27754,ATL
22500,Al Horford,35.35781,25.26081,ATL
22500,Tiago Splitter,5.39726,26.41664,ATL
22500,Tim Hardaway Jr.,26.36913,5.79106,ATL
22500,Dennis Schroder,26.26126,38.92597,ATL
22510,Ball,33.19238,19.22569,Ball
22510,Tyson Chandler,8.68132,27.46919,PHX
22510,Sonny Weems,12.26506,41.88754,PHX
22510,Lorenzo Brown,19.31003,34.31451,PHX
22510,Mirza Teletovic,27.15437,24.46121,PHX
22510,TJ Warren,22.57554,10.85851,PHX
22510,Kyle Korver,12.38991,45.31155,ATL
22510,Al Horford,33.33941,24.45099,ATL
22510,Tiago Splitter,5.22315,25.40935,ATL
22510,Tim Hardaway Jr.,28.81793,6.42137,ATL
22510,Dennis Schroder,21.7828,38.69917,ATL
22520,Ball,32.53734,7.30549,Ball
22520,Tyson Chandler,8.8643,26.43502,PHX
22520,Sonny Weems,14.59057,41.11104,PHX
22520,Lorenzo Brown,15.54313,33.73042,PHX
22520,Mirza Teletovic,25.481,23.86462,PHX
22520,TJ Warren,24.93452,11.03794,PHX
22520,Kyle Korver,13.87023,44.02804,ATL
22520,Al Horford,31.43114,24.75218,ATL
22520,Tiago Splitter,5.17951,22.81643,ATL
22520,Tim Hardaway Jr.,31.35486,6.52457,ATL
22520,Dennis Schroder,19.12306,39.27791,ATL
22530,Ball,33.11296,7.60106,Ball
22530,Tyson Chandler,9.12227,24.00128,PHX
22530,Sonny Weems,16.49465,40.12555,PHX
22530,Lorenzo Brown,12.88062,33.86368,PHX
22530,Mirza Teletovic,24.26104,24.1964,PHX
22530,TJ Warren,27.00771,10.16621,PHX
22530,Kyle Korver,15.13203,42.04652,ATL
22530,Al Horford,29.517,26.37161,ATL
22530,Tiago Splitter,5.90764,20.16814,ATL
22530,Tim Hardaway Jr.,32.71166,6.82143,ATL
22530,Dennis Schroder,18.2943,39.76224,ATL
22540,Ball,32.17089,7.74596,Ball
22540,Tyson Chandler,9.70626,21.90236,PHX
22540,Sonny Weems,16.81133,38.50472,PHX
22540,Lorenzo Brown,11.51532,34.15458,PHX
22540,Mirza Teletovic,23.04641,25.21607,PHX
22540,TJ Warren,27.80824,9.74677,PHX
22540,Kyle Korver,15.01625,39.41788,ATL
22540,Al Horford,27.87544,28.26619,ATL
22540,Tiago Splitter,7.4205,17.9433,ATL
22540,Tim Hardaway Jr.,32.98879,6.99849,ATL
22540,Dennis Schroder,19.90437,39.84123,ATL
22550,Ball,33.29225,7.43462,Ball
22550,Tyson Chandler,10.2255,20.05269,PHX
22550,Sonny Weems,16.64572,36.08542,PHX
22550,Lorenzo Brown,11.70273,34.1199,PHX
22550,Mirza Teletovic,21.62947,26.02233,PHX
22550,TJ Warren,28.36575,10.32935,PHX
22550,Kyle Korver,14.21545,36.95083,ATL
22550,Al Horford,26.64561,29.84162,ATL
22550,Tiago Splitter,9.20592,16.30474,ATL
22550,Tim Hardaway Jr.,33.12249,7.24372,ATL
22550,Dennis Schroder,24.11347,38.55808,ATL
22560,Ball,32.71582,15.52164,Ball
22560,Tyson Chandler,11.259,18.81878,PHX
22560,Sonny Weems,16.4055,33.18476,PHX
22560,Lorenzo Brown,13.3918,32.89031,PHX
22560,Mirza Teletovic,21.43253,26.51552,PHX
22560,TJ Warren,28.59581,11.21781,PHX
22560,Kyle Korver,14.809660000000001,34.7131,ATL
22560,Al Horford,25.69698,30.26119,ATL
22560,Tiago Splitter,11.0637,15.21051,ATL
22560,Tim Hardaway Jr.,32.96381,7.68884,ATL
22560,Dennis Schroder,28.1057,36.02634,ATL
22570,Ball,31.25582,30.19802,Ball
22570,Tyson Chandler,12.02963,18.19645,PHX
22570,Sonny Weems,16.85924,31.01332,PHX
22570,Lorenzo Brown,14.75794,31.18515,PHX
22570,Mirza Teletovic,22.25182,27.00065,PHX
22570,TJ Warren,27.14236,11.754950000000001,PHX
22570,Kyle Korver,15.7498,33.15507,ATL
22570,Al Horford,25.42289,30.2159,ATL
22570,Tiago Splitter,12.59577,14.4079,ATL
22570,Tim Hardaway Jr.,31.20736,7.14917,ATL
22570,Dennis Schroder,30.36725,34.00388,ATL
22580,Ball,29.49184,33.94122,Ball
22580,Tyson Chandler,12.10654,17.874,PHX
22580,Sonny Weems,17.68598,29.39885,PHX
22580,Lorenzo Brown,15.79392,30.47216,PHX
22580,Mirza Teletovic,23.20225,27.45713,PHX
22580,TJ Warren,24.70723,12.5233,PHX
22580,Kyle Korver,16.04284,32.50061,ATL
22580,Al Horford,25.43534,30.29498,ATL
22580,Tiago Splitter,14.07167,14.15013,ATL
22580,Tim Hardaway Jr.,28.73305,6.46089,ATL
22580,Dennis Schroder,30.3963,33.57208,ATL
22590,Ball,29.11601,33.83744,Ball
22590,Tyson Chandler,11.92726,18.04437,PHX
22590,Sonny Weems,18.1764,27.9302,PHX
22590,Lorenzo Brown,17.8993,30.83134,PHX
22590,Mirza Teletovic,24.22486,28.19731,PHX
22590,TJ Warren,22.07535,13.11787,PHX
22590,Kyle Korver,16.07807,32.33829,ATL
22590,Al Horford,25.61226,29.89661,ATL
22590,Tiago Splitter,15.83739,14.36703,ATL
22590,Tim Hardaway Jr.,26.24897,5.88791,ATL
22590,Dennis Schroder,29.68149,33.6093,ATL
22600,Ball,25.44471,32.234,Ball
22600,Tyson Chandler,11.61399,18.05475,PHX
22600,Sonny Weems,16.83679,27.52717,PHX
22600,Lorenzo Brown,21.82589,31.75527,PHX
22600,Mirza Teletovic,24.40717,28.40978,PHX
22600,TJ Warren,19.69385,13.68134,PHX
22600,Kyle Korver,15.22863,32.26252,ATL
22600,Al Horford,26.34263,29.83321,ATL
22600,Tiago Splitter,17.06701,14.70437,ATL
22600,Tim Hardaway Jr.,25.36223,5.83377,ATL
22600,Dennis Schroder,29.31705,33.54057,ATL
22610,Ball,18.59677,29.61463,Ball
22610,Tyson Chandler,11.72694,18.45288,PHX
22610,Sonny Weems,14.75945,28.63459,PHX
22610,Lorenzo Brown,25.88058,33.15308,PHX
22610,Mirza Teletovic,23.17992,28.12709,PHX
22610,TJ Warren,18.97755,13.61191,PHX
22610,Kyle Korver,14.15126,32.49143,ATL
22610,Al Horford,27.08123,29.56891,ATL
22610,Tiago Splitter,16.94133,15.29816,ATL
22610,Tim Hardaway Jr.,26.5333,6.3539,ATL
22610,Dennis Schroder,29.30498,33.80861,ATL
22620,Ball,12.06488,27.14736,Ball
22620,Tyson Chandler,11.67958,18.94788,PHX
22620,Sonny Weems,12.85396,30.55547,PHX
22620,Lorenzo Brown,28.84121,34.44626,PHX
22620,Mirza Teletovic,21.0595,27.40658,PHX
22620,TJ Warren,20.42931,13.2692,PHX
22620,Kyle Korver,14.87912,33.2652,ATL
22620,Al Horford,27.96455,29.65517,ATL
22620,Tiago Splitter,15.81361,17.43573,ATL
22620,Tim Hardaway Jr.,28.55284,7.60653,ATL
22620,Dennis Schroder,31.10269,34.61737,ATL
22630,Ball,5.69248,24.6236,Ball
22630,Tyson Chandler,11.04535,19.99805,PHX
22630,Sonny Weems,11.13423,30.68207,PHX
22630,Lorenzo Brown,29.65676,35.72932,PHX
22630,Mirza Teletovic,17.64218,26.83846,PHX
22630,TJ Warren,22.34649,13.20757,PHX
22630,Kyle Korver,16.93645,34.81727,ATL
22630,Al Horford,29.85618,29.677410000000002,ATL
22630,Tiago Splitter,14.19925,20.7553,ATL
22630,Tim Hardaway Jr.,31.04094,9.23836,ATL
22630,Dennis Schroder,33.55117,35.64008,ATL
22640,Ball,5.6277,25.39138,Ball
22640,Tyson Chandler,9.52642,21.72474,PHX
22640,Sonny Weems,9.26046,29.73076,PHX
22640,Lorenzo Brown,29.54363,36.96375,PHX
22640,Mirza Teletovic,14.4228,26.40178,PHX
22640,TJ Warren,24.67441,13.36485,PHX
22640,Kyle Korver,19.63119,36.57691,ATL
22640,Al Horford,31.66374,29.21404,ATL
22640,Tiago Splitter,11.87463,23.52877,ATL
22640,Tim Hardaway Jr.,33.97024,10.65387,ATL
22640,Dennis Schroder,36.55061,36.26866,ATL
22650,Ball,6.36552,23.98543,Ball
22650,Tyson Chandler,8.69056,23.17142,PHX
22650,Sonny Weems,6.46077,28.77402,PHX
22650,Lorenzo Brown,29.38562,38.55258,PHX
22650,Mirza Teletovic,12.36128,26.62802,PHX
22650,TJ Warren,26.95503,12.82642,PHX
22650,Kyle Korver,23.42441,37.63685,ATL
22650,Al Horford,33.91653,29.07277,ATL
22650,Tiago Splitter,9.95957,25.34037,ATL
22650,Tim Hardaway Jr.,37.22946,11.53628,ATL
22650,Dennis Schroder,40.28756,36.60084,ATL
22660,Ball,6.83166,24.06788,Ball
22660,Tyson Chandler,9.16948,23.3005,PHX
22660,Sonny Weems,3.5237600000000002,27.0565,PHX
22660,Lorenzo Brown,28.28624,40.10171,PHX
22660,Mirza Teletovic,11.86197,26.66525,PHX
22660,TJ Warren,29.25022,11.5811,PHX
22660,Kyle Korver,28.05875,37.73667,ATL
22660,Al Horford,37.26835,28.41931,ATL
22660,Tiago Splitter,10.39574,27.28271,ATL
22660,Tim Hardaway Jr.,40.79118,12.265,ATL
22660,Dennis Schroder,44.49097,36.85517,ATL
22670,Ball,5.57341,22.93094,Ball
22670,Tyson Chandler,10.45441,22.89541,PHX
22670,Sonny Weems,1.3688,24.78875,PHX
22670,Lorenzo Brown,26.66807,41.15281,PHX
22670,Mirza Teletovic,11.96864,26.74212,PHX
22670,TJ Warren,31.89352,9.90805,PHX
22670,Kyle Korver,33.07092,37.00841,ATL
22670,Al Horford,41.16126,27.53628,ATL
22670,Tiago Splitter,13.23287,29.3454,ATL
22670,Tim Hardaway Jr.,44.57474,12.65364,ATL
22670,Dennis Schroder,48.98565,37.15106,ATL
22680,Ball,3.21698,20.83914,Ball
22680,Tyson Chandler,12.14929,23.07078,PHX
22680,Sonny Weems,0.09785,22.39067,PHX
22680,Lorenzo Brown,24.83205,42.0203,PHX
22680,Mirza Teletovic,12.17004,27.24876,PHX
22680,TJ Warren,34.68394,7.58146,PHX
22680,Kyle Korver,38.19259,35.3919,ATL
22680,Al Horford,45.45112,26.98225,ATL
22680,Tiago Splitter,16.85782,30.078,ATL
22680,Tim Hardaway Jr.,48.28812,12.93329,ATL
22680,Dennis Schroder,53.38871,37.64982,ATL
22690,Ball,1.21132,18.9774,Ball
22690,Tyson Chandler,14.46662,23.0677,PHX
22690,Sonny Weems,-0.5701200000000001,20.34537,PHX
22690,Lorenzo Brown,22.80112,42.64025,PHX
22690,Mirza Teletovic,12.50974,27.45481,PHX
22690,TJ Warren,37.62257,5.41676,PHX
22690,Kyle Korver,42.96249,32.48,ATL
22690,Al Horford,49.47329,27.00854,ATL
22690,Tiago Splitter,21.41303,29.88332,ATL
22690,Tim Hardaway Jr.,51.72197,12.51361,ATL
22690,Dennis Schroder,57.19608,37.93501,ATL
22700,Ball,0.48343,18.12471,Ball
22700,Tyson Chandler,17.40913,22.86947,PHX
22700,Sonny Weems,-0.6793300000000001,18.80941,PHX
22700,Lorenzo Brown,20.9008,42.78455,PHX
22700,Mirza Teletovic,12.55085,27.40428,PHX
22700,TJ Warren,40.67445,4.13797,PHX
22700,Kyle Korver,47.17005,28.35526,ATL
22700,Al Horford,52.86157,27.54342,ATL
22700,Tiago Splitter,26.33077,29.2235,ATL
22700,Tim Hardaway Jr.,54.68924,12.11178,ATL
22700,Dennis Schroder,60.57872,37.53643,ATL
22710,Ball,0.7008800000000001,18.21736,Ball
22710,Tyson Chandler,21.04953,22.94697,PHX
22710,Sonny Weems,-0.25633,18.1871,PHX
22710,Lorenzo Brown,19.32063,42.73072,PHX
22710,Mirza Teletovic,12.1627,27.36431,PHX
22710,TJ Warren,43.46112,3.42422,PHX
22710,Kyle Korver,50.75778,23.39777,ATL
22710,Al Horford,55.40661,28.18754,ATL
22710,Tiago Splitter,31.2733,28.37531,ATL
22710,Tim Hardaway Jr.,57.61569,12.19882,ATL
22710,Dennis Schroder,63.22143,36.70945,ATL
22720,Ball,3.27157,19.81635,Ball
22720,Tyson Chandler,25.24258,23.24776,PHX
22720,Sonny Weems,0.35964,18.01753,PHX
22720,Lorenzo Brown,18.23219,42.59522,PHX
22720,Mirza Teletovic,11.90915,27.259900000000002,PHX
22720,TJ Warren,46.2997,3.06464,PHX
22720,Kyle Korver,53.91668,18.6077,ATL
22720,Al Horford,56.86455,28.85774,ATL
22720,Tiago Splitter,36.18495,27.57367,ATL
22720,Tim Hardaway Jr.,59.862610000000004,12.57274,ATL
22720,Dennis Schroder,65.17464,36.00825,ATL
22730,Ball,9.81205,23.99455,Ball
22730,Tyson Chandler,29.63406,23.85339,PHX
22730,Sonny Weems,1.85966,17.9763,PHX
22730,Lorenzo Brown,18.14791,42.476,PHX
22730,Mirza Teletovic,12.01924,27.18762,PHX
22730,TJ Warren,49.13956,2.78572,PHX
22730,Kyle Korver,57.02918,14.39391,ATL
22730,Al Horford,58.30667,28.984750000000002,ATL
22730,Tiago Splitter,40.99439,26.87713,ATL
22730,Tim Hardaway Jr.,61.55464,13.26078,ATL
22730,Dennis Schroder,67.17483,35.17573,ATL
22740,Ball,12.70152,25.73284,Ball
22740,Tyson Chandler,34.19221,24.49404,PHX
22740,Sonny Weems,4.77525,18.18498,PHX
22740,Lorenzo Brown,18.95553,42.12201,PHX
22740,Mirza Teletovic,12.56615,27.09075,PHX
22740,TJ Warren,51.79782,2.50213,PHX
22740,Kyle Korver,59.88729,10.94804,ATL
22740,Al Horford,59.3729,28.4673,ATL
22740,Tiago Splitter,45.64293,26.3044,ATL
22740,Tim Hardaway Jr.,62.92038,14.19274,ATL
22740,Dennis Schroder,68.74224,34.40255,ATL
22750,Ball,14.55757,21.39915,Ball
22750,Tyson Chandler,38.64922,25.06264,PHX
22750,Sonny Weems,8.92219,18.85537,PHX
22750,Lorenzo Brown,20.22773,41.45737,PHX
22750,Mirza Teletovic,13.65558,27.06541,PHX
22750,TJ Warren,54.4298,2.37457,PHX
22750,Kyle Korver,62.73619,8.71437,ATL
22750,Al Horford,60.39892,28.03615,ATL
22750,Tiago Splitter,50.2113,25.66678,ATL
22750,Tim Hardaway Jr.,63.89162,15.26241,ATL
22750,Dennis Schroder,69.97474,33.89581,ATL
22760,Ball,15.76815,18.97006,Ball
22760,Tyson Chandler,43.14756,25.65951,PHX
22760,Sonny Weems,13.849,19.92278,PHX
22760,Lorenzo Brown,21.7896,40.40154,PHX
22760,Mirza Teletovic,15.33555,26.88964,PHX
22760,TJ Warren,57.03487,2.29264,PHX
22760,Kyle Korver,65.3698,7.8151600000000006,ATL
22760,Al Horford,61.3775,27.92877,ATL
22760,Tiago Splitter,54.45733,25.09547,ATL
22760,Tim Hardaway Jr.,64.43254,16.76668,ATL
22760,Dennis Schroder,71.37045,33.46929,ATL
22770,Ball,20.18465,20.26243,Ball
22770,Tyson Chandler,47.75334,26.21205,PHX
22770,Sonny Weems,19.34627,21.30156,PHX
22770,Lorenzo Brown,23.84518,39.10091,PHX
22770,Mirza Teletovic,17.8811,26.61166,PHX
22770,TJ Warren,59.65764,1.9832400000000001,PHX
22770,Kyle Korver,67.81432,7.7405100000000004,ATL
22770,Al Horford,62.07144,27.52149,ATL
22770,Tiago Splitter,58.57556,24.83782,ATL
22770,Tim Hardaway Jr.,64.40602,18.60525,ATL
22770,Dennis Schroder,72.27944,33.18478,ATL
