60380,Ball,43.02619,12.86749,Ball
60380,Tayshaun Prince,79.87183,15.35526,MIN
60380,Gorgui Dieng,33.06896,27.27417,MIN
60380,Zach LaVine,42.60096,11.8402,MIN
60380,Andrew Wiggins,69.94222,43.80712,MIN
60380,Damjan Rudez,46.00426,36.1621,MIN
60380,Al Horford,65.63266,23.33532,ATL
60380,Thabo Sefolosha,74.13792,37.47449,ATL
60380,Mike Scott,57.10251,31.11532,ATL
60380,Jeff Teague,62.36621,18.92529,ATL
60380,Tim Hardaway Jr.,79.80452,12.6991,ATL
60390,Ball,48.74526,11.75919,Ball
60390,Tayshaun Prince,82.24303,19.95187,MIN
60390,Gorgui Dieng,38.64196,27.41881,MIN
60390,Zach LaVine,47.57027,10.795,MIN
60390,Andrew Wiggins,72.53953,42.66489,MIN
60390,Damjan Rudez,50.91571,35.41553,MIN
60390,Al Horford,68.80855,23.27342,ATL
60390,Thabo Sefolosha,76.23293,36.86323,ATL
60390,Mike Scott,60.5422,30.87696,ATL
60390,Jeff Teague,64.0754,18.24044,ATL
60390,Tim Hardaway Jr.,81.64415,15.45072,ATL
60400,Ball,50.76404,11.23419,Ball
60400,Tayshaun Prince,84.1467,24.67251,MIN
60400,Gorgui Dieng,44.08478,27.25612,MIN
60400,Zach LaVine,51.48677,10.38639,MIN
60400,Andrew Wiggins,74.67393,40.28621,MIN
60400,Damjan Rudez,55.89087,33.77234,MIN
60400,Al Horford,70.89121,23.46951,ATL
60400,Thabo Sefolosha,77.80587,35.99767,ATL
60400,Mike Scott,63.1915,30.75486,ATL
60400,Jeff Teague,65.57773,17.12372,ATL
60400,Tim Hardaway Jr.,83.56622,18.55341,ATL
60410,Ball,54.03354,13.00265,Ball
60410,Tayshaun Prince,85.66429,29.26112,MIN
60410,Gorgui Dieng,49.51121,26.44476,MIN
60410,Zach LaVine,54.07094,11.18278,MIN
60410,Andrew Wiggins,76.56011,36.90642,MIN
60410,Damjan Rudez,60.30666,30.87211,MIN
60410,Al Horford,72.57244,23.03419,ATL
60410,Thabo Sefolosha,78.85714,35.08499,ATL
60410,Mike Scott,64.95064,29.52576,ATL
60410,Jeff Teague,67.04844,16.42707,ATL
60410,Tim Hardaway Jr.,85.38019,22.13401,ATL
60420,Ball,54.42785,13.66254,Ball
60420,Tayshaun Prince,86.60661,33.72515,MIN
60420,Gorgui Dieng,54.8207,25.08248,MIN
60420,Zach LaVine,55.56233,12.91457,MIN
60420,Andrew Wiggins,78.39434,33.05249,MIN
60420,Damjan Rudez,63.89539,26.82778,MIN
60420,Al Horford,73.70923,23.38576,ATL
60420,Thabo Sefolosha,79.85165,33.71652,ATL
60420,Mike Scott,65.82873,27.83144,ATL
60420,Jeff Teague,67.49833,16.97667,ATL
60420,Tim Hardaway Jr.,86.5372,25.55273,ATL
60430,Ball,55.97398,16.13197,Ball
60430,Tayshaun Prince,86.9503,37.76803,MIN
60430,Gorgui Dieng,59.78395,24.25605,MIN
60430,Zach LaVine,56.34332,14.81169,MIN
60430,Andrew Wiggins,80.43183,28.85217,MIN
60430,Damjan Rudez,65.76271,23.148,MIN
60430,Al Horford,74.36847,23.73764,ATL
60430,Thabo Sefolosha,80.87473,31.44738,ATL
60430,Mike Scott,65.976,26.92526,ATL
60430,Jeff Teague,66.99851,17.76678,ATL
60430,Tim Hardaway Jr.,86.91465,28.94868,ATL
60440,Ball,55.81522,17.62038,Ball
60440,Tayshaun Prince,86.73991,41.22142,MIN
60440,Gorgui Dieng,64.55615,22.49516,MIN
60440,Zach LaVine,56.55015,16.74166,MIN
60440,Andrew Wiggins,82.63323,24.65637,MIN
60440,Damjan Rudez,65.78296,20.13639,MIN
60440,Al Horford,74.80603,23.50157,ATL
60440,Thabo Sefolosha,81.60212,29.01878,ATL
60440,Mike Scott,65.56398,26.3345,ATL
60440,Jeff Teague,65.54289,18.24816,ATL
60440,Tim Hardaway Jr.,86.40408,31.97393,ATL
60450,Ball,55.97219,19.74657,Ball
60450,Tayshaun Prince,86.64099,44.12859,MIN
60450,Gorgui Dieng,68.65447,20.72721,MIN
60450,Zach LaVine,55.96844,18.21192,MIN
60450,Andrew Wiggins,84.6808,20.39272,MIN
60450,Damjan Rudez,65.74679,18.48304,MIN
60450,Al Horford,75.08047,23.53595,ATL
60450,Thabo Sefolosha,82.39664,26.08422,ATL
60450,Mike Scott,64.90584,25.54333,ATL
60450,Jeff Teague,64.51495,18.01858,ATL
60450,Tim Hardaway Jr.,85.63193,34.3685,ATL
60460,Ball,53.91393,20.1405,Ball
60460,Tayshaun Prince,86.50799,46.22283,MIN
60460,Gorgui Dieng,72.87522,19.93996,MIN
60460,Zach LaVine,54.58101,19.076,MIN
60460,Andrew Wiggins,86.01594,16.12426,MIN
60460,Damjan Rudez,65.67612,17.32822,MIN
60460,Al Horford,75.64098,23.9763,ATL
60460,Thabo Sefolosha,83.02677,23.0854,ATL
60460,Mike Scott,64.82377,25.29089,ATL
60460,Jeff Teague,64.11439,17.23952,ATL
60460,Tim Hardaway Jr.,85.07421,35.9322,ATL
60470,Ball,54.04829,20.87491,Ball
60470,Tayshaun Prince,85.91068,47.58277,MIN
60470,Gorgui Dieng,76.73257,19.37308,MIN
60470,Zach LaVine,53.29121,19.70452,MIN
60470,Andrew Wiggins,86.96202,12.3613,MIN
60470,Damjan Rudez,65.52228,16.73934,MIN
60470,Al Horford,76.71652,23.68998,ATL
60470,Thabo Sefolosha,83.65136,20.62032,ATL
60470,Mike Scott,65.50577,23.70782,ATL
60470,Jeff Teague,65.99042,15.86643,ATL
60470,Tim Hardaway Jr.,84.45554,37.09971,ATL
60480,Ball,52.34293,21.09483,Ball
60480,Tayshaun Prince,85.42611,48.48309,MIN
60480,Gorgui Dieng,80.352,19.06636,MIN
60480,Zach LaVine,52.20244,19.91664,MIN
60480,Andrew Wiggins,87.09674,9.25177,MIN
60480,Damjan Rudez,66.16917,16.65314,MIN
60480,Al Horford,78.06794,23.58894,ATL
60480,Thabo Sefolosha,83.90137,18.15562,ATL
60480,Mike Scott,65.46248,23.13037,ATL
60480,Jeff Teague,67.21898,15.33544,ATL
60480,Tim Hardaway Jr.,84.30483,38.24672,ATL
60490,Ball,51.55339,21.00216,Ball
60490,Tayshaun Prince,85.40066,48.98261,MIN
60490,Gorgui Dieng,83.59855,19.31953,MIN
60490,Zach LaVine,51.63617,20.09086,MIN
60490,Andrew Wiggins,87.10027,6.6413,MIN
60490,Damjan Rudez,67.05393,17.08511,MIN
60490,Al Horford,79.56701,23.89714,ATL
60490,Thabo Sefolosha,83.86973,16.38099,ATL
60490,Mike Scott,65.66252,23.04377,ATL
60490,Jeff Teague,67.92705,15.51614,ATL
60490,Tim Hardaway Jr.,84.42101,38.9047,ATL
60490,Ball,51.32706,20.85347,Ball
60490,Tayshaun Prince,85.42151,49.008,MIN
60490,Gorgui Dieng,83.88311,19.40448,MIN
60490,Zach LaVine,51.62853,20.1157,MIN
60490,Andrew Wiggins,87.12351,6.4427200000000004,MIN
60490,Damjan Rudez,67.11583,17.1354,MIN
60490,Al Horford,79.72424,23.91246,ATL
60490,Thabo Sefolosha,83.86149,16.22633,ATL
60490,Mike Scott,65.68405,23.04671,ATL
60490,Jeff Teague,68.00141,15.55783,ATL
60490,Tim Hardaway Jr.,84.42301,38.91649,ATL
60500,Ball,51.28733,20.78481,Ball
60500,Tayshaun Prince,85.54596,49.23083,MIN
60500,Gorgui Dieng,86.00532,20.25975,MIN
60500,Zach LaVine,51.7167,19.86971,MIN
60500,Andrew Wiggins,87.42121,5.0527,MIN
60500,Damjan Rudez,67.41521,17.19072,MIN
60500,Al Horford,81.11126,23.77704,ATL
60500,Thabo Sefolosha,83.74984,14.80189,ATL
60500,Mike Scott,65.81098,23.0484,ATL
60500,Jeff Teague,68.81828,15.99643,ATL
60500,Tim Hardaway Jr.,84.33865,38.72666,ATL
60510,Ball,51.26477,20.89953,Ball
60510,Tayshaun Prince,85.55801,49.42022,MIN
60510,Gorgui Dieng,87.76974,21.30529,MIN
60510,Zach LaVine,51.59748,19.94277,MIN
60510,Andrew Wiggins,87.68874,4.01229,MIN
60510,Damjan Rudez,67.57846,15.87194,MIN
60510,Al Horford,82.44165,23.81072,ATL
60510,Thabo Sefolosha,83.40526,13.67453,ATL
60510,Mike Scott,65.83714,22.77792,ATL
60510,Jeff Teague,69.41811,16.89056,ATL
60510,Tim Hardaway Jr.,84.31442,38.57342,ATL
60520,Ball,51.91642,21.19525,Ball
60520,Tayshaun Prince,85.26836,49.49699,MIN
60520,Gorgui Dieng,88.89111,22.29666,MIN
60520,Zach LaVine,52.0805,20.22322,MIN
60520,Andrew Wiggins,88.06472,4.17852,MIN
60520,Damjan Rudez,68.16944,13.52778,MIN
60520,Al Horford,83.79923,24.25739,ATL
60520,Thabo Sefolosha,83.2546,13.01549,ATL
60520,Mike Scott,66.26767,21.29145,ATL
60520,Jeff Teague,69.83013,17.70199,ATL
60520,Tim Hardaway Jr.,84.39682,38.68887,ATL
60540,Ball,54.04056,22.05218,Ball
60540,Tayshaun Prince,84.38748,49.37926,MIN
60540,Gorgui Dieng,90.91979,22.20272,MIN
60540,Zach LaVine,54.10256,21.00765,MIN
60540,Andrew Wiggins,88.10686,2.58615,MIN
60540,Damjan Rudez,69.71436,8.5597,MIN
60540,Al Horford,86.07994,24.46573,ATL
60540,Thabo Sefolosha,83.5316,12.02307,ATL
60540,Mike Scott,68.65892,16.6544,ATL
60540,Jeff Teague,69.58148,19.6968,ATL
60540,Tim Hardaway Jr.,84.34424,38.67184,ATL
60540,Ball,54.25249,22.19976,Ball
60540,Tayshaun Prince,84.40202,49.36274,MIN
60540,Gorgui Dieng,91.0035,22.11121,MIN
60540,Zach LaVine,54.24051,21.10845,MIN
60540,Andrew Wiggins,88.12021,2.5755600000000003,MIN
60540,Damjan Rudez,69.81571,8.36639,MIN
60540,Al Horford,86.16992,24.5411,ATL
60540,Thabo Sefolosha,83.54507,12.03304,ATL
60540,Mike Scott,68.83161,16.42909,ATL
60540,Jeff Teague,69.46699,19.8506,ATL
60540,Tim Hardaway Jr.,84.31801,38.65592,ATL
60550,Ball,56.246,23.22085,Ball
60550,Tayshaun Prince,84.59776,49.18815,MIN
60550,Gorgui Dieng,91.60371,21.02916,MIN
60550,Zach LaVine,55.42846,22.04493,MIN
60550,Andrew Wiggins,88.11186,2.4848500000000002,MIN
60550,Damjan Rudez,70.91581,6.6775400000000005,MIN
60550,Al Horford,86.8457,25.14486,ATL
60550,Thabo Sefolosha,83.62807,12.15486,ATL
60550,Mike Scott,70.2091,15.01119,ATL
60550,Jeff Teague,68.47761,21.27193,ATL
60550,Tim Hardaway Jr.,83.93892,38.71991,ATL
60560,Ball,56.32581,24.31809,Ball
60560,Tayshaun Prince,84.66771,49.11186,MIN
60560,Gorgui Dieng,91.62414,19.53454,MIN
60560,Zach LaVine,56.24407,23.01066,MIN
60560,Andrew Wiggins,88.0161,2.7139100000000003,MIN
60560,Damjan Rudez,71.62419,6.17092,MIN
60560,Al Horford,87.2688,25.01114,ATL
60560,Thabo Sefolosha,83.67006,12.09535,ATL
60560,Mike Scott,71.42225,14.29069,ATL
60560,Jeff Teague,67.67611,22.97194,ATL
60560,Tim Hardaway Jr.,83.50004,38.9465,ATL
60570,Ball,57.09202,25.36874,Ball
60570,Tayshaun Prince,84.48165,49.14699,MIN
60570,Gorgui Dieng,91.1473,18.10168,MIN
60570,Zach LaVine,57.04669,24.20241,MIN
60570,Andrew Wiggins,87.78155,2.7101100000000002,MIN
60570,Damjan Rudez,71.28452,8.46281,MIN
60570,Al Horford,87.47061,24.26038,ATL
60570,Thabo Sefolosha,83.64737,12.10234,ATL
60570,Mike Scott,71.96521,14.02757,ATL
60570,Jeff Teague,67.08474,24.34089,ATL
60570,Tim Hardaway Jr.,83.47536,39.25515,ATL
60580,Ball,58.67718,25.04801,Ball
60580,Tayshaun Prince,84.314,49.22818,MIN
60580,Gorgui Dieng,90.8888,17.35507,MIN
60580,Zach LaVine,57.65325,24.38986,MIN
60580,Andrew Wiggins,87.80735,2.6571,MIN
60580,Damjan Rudez,70.56877,12.05483,MIN
60580,Al Horford,87.2905,23.49544,ATL
60580,Thabo Sefolosha,83.43294,12.05943,ATL
60580,Mike Scott,71.26884,15.15117,ATL
60580,Jeff Teague,66.84599,25.13674,ATL
60580,Tim Hardaway Jr.,83.55751,39.39791,ATL
60590,Ball,57.40933,22.607,Ball
60590,Tayshaun Prince,84.35598,49.24979,MIN
60590,Gorgui Dieng,90.60947,16.48386,MIN
60590,Zach LaVine,58.20948,22.93942,MIN
60590,Andrew Wiggins,87.60483,2.31199,MIN
60590,Damjan Rudez,70.33634,15.12973,MIN
60590,Al Horford,86.94225,22.757460000000002,ATL
60590,Thabo Sefolosha,83.09404,11.81059,ATL
60590,Mike Scott,70.79055,16.07749,ATL
60590,Jeff Teague,67.20628,25.15065,ATL
60590,Tim Hardaway Jr.,83.414,39.23133,ATL
60600,Ball,58.78897,19.07871,Ball
60600,Tayshaun Prince,84.76419,49.12743,MIN
60600,Gorgui Dieng,90.72287,16.76459,MIN
60600,Zach LaVine,59.29964,20.36163,MIN
60600,Andrew Wiggins,87.38016,2.54749,MIN
60600,Damjan Rudez,70.25774,16.30714,MIN
60600,Al Horford,86.77984000000001,21.98526,ATL
60600,Thabo Sefolosha,82.96427,10.77563,ATL
60600,Mike Scott,71.61264,18.52854,ATL
60600,Jeff Teague,68.18683,24.25563,ATL
60600,Tim Hardaway Jr.,83.3463,38.37836,ATL
60610,Ball,61.37968,18.64334,Ball
60610,Tayshaun Prince,85.2213,48.97828,MIN
60610,Gorgui Dieng,90.90917,17.64873,MIN
60610,Zach LaVine,60.97598,19.68175,MIN
60610,Andrew Wiggins,87.12772,2.55783,MIN
60610,Damjan Rudez,70.62121,17.64224,MIN
60610,Al Horford,86.7461,21.75035,ATL
60610,Thabo Sefolosha,83.13085,9.9807,ATL
60610,Mike Scott,72.83938,19.75052,ATL
60610,Jeff Teague,68.99201,23.10805,ATL
60610,Tim Hardaway Jr.,83.0835,37.03373,ATL
60620,Ball,63.85215,19.57448,Ball
60620,Tayshaun Prince,85.06823,48.84216,MIN
60620,Gorgui Dieng,90.30537,18.07562,MIN
60620,Zach LaVine,62.81013,22.65014,MIN
60620,Andrew Wiggins,86.87057,2.4931,MIN
60620,Damjan Rudez,70.9144,18.23472,MIN
60620,Al Horford,86.91215,22.41782,ATL
60620,Thabo Sefolosha,83.43903,9.77449,ATL
60620,Mike Scott,74.04953,19.77689,ATL
60620,Jeff Teague,68.89959,22.27056,ATL
60620,Tim Hardaway Jr.,82.81145,36.08108,ATL
60630,Ball,72.43784,21.14223,Ball
60630,Tayshaun Prince,84.24823,48.34037,MIN
60630,Gorgui Dieng,89.18254,18.89278,MIN
60630,Zach LaVine,62.86897,20.89212,MIN
60630,Andrew Wiggins,85.80188,2.34866,MIN
60630,Damjan Rudez,70.20091,17.66005,MIN
60630,Al Horford,87.35615,22.73668,ATL
60630,Thabo Sefolosha,83.66507,11.00846,ATL
60630,Mike Scott,74.62538,19.26796,ATL
60630,Jeff Teague,68.80718,22.343,ATL
60630,Tim Hardaway Jr.,83.18761,35.143,ATL
60640,Ball,80.74426,23.1354,Ball
60640,Tayshaun Prince,83.14872,47.67071,MIN
60640,Gorgui Dieng,87.63217,20.35559,MIN
60640,Zach LaVine,62.13612,19.80695,MIN
60640,Andrew Wiggins,84.84638,3.56894,MIN
60640,Damjan Rudez,68.30525,16.81744,MIN
60640,Al Horford,87.26758,22.31087,ATL
60640,Thabo Sefolosha,83.2582,13.24963,ATL
60640,Mike Scott,76.1361,19.44108,ATL
60640,Jeff Teague,69.19716,22.71649,ATL
60640,Tim Hardaway Jr.,83.81626,34.63034,ATL
60650,Ball,88.37878,24.90002,Ball
60650,Tayshaun Prince,81.8803,46.67709,MIN
60650,Gorgui Dieng,86.13917000000001,20.84919,MIN
60650,Zach LaVine,61.18314,19.48118,MIN
60650,Andrew Wiggins,83.67284,4.63295,MIN
60650,Damjan Rudez,66.25787,16.04874,MIN
60650,Al Horford,86.8478,22.59725,ATL
60650,Thabo Sefolosha,82.64423,15.79127,ATL
60650,Mike Scott,78.02577,20.34981,ATL
60650,Jeff Teague,69.95828,23.48477,ATL
60650,Tim Hardaway Jr.,84.35748,34.26194,ATL
60660,Ball,87.24985,25.23906,Ball
60660,Tayshaun Prince,80.09321,45.4178,MIN
60660,Gorgui Dieng,84.71485,20.09688,MIN
60660,Zach LaVine,59.16266,19.43,MIN
60660,Andrew Wiggins,81.96661,5.81128,MIN
60660,Damjan Rudez,63.37255,15.7469,MIN
60660,Al Horford,86.03002,23.02505,ATL
60660,Thabo Sefolosha,81.37169,17.79786,ATL
60660,Mike Scott,79.36801,22.12965,ATL
60660,Jeff Teague,70.69186,24.72785,ATL
60660,Tim Hardaway Jr.,83.83164,34.29242,ATL
60670,Ball,84.59526,25.74466,Ball
60670,Tayshaun Prince,78.22451,44.13841,MIN
60670,Gorgui Dieng,82.70835,20.28558,MIN
60670,Zach LaVine,57.73509,19.7938,MIN
60670,Andrew Wiggins,79.98625,6.89903,MIN
60670,Damjan Rudez,60.50444,15.75285,MIN
60670,Al Horford,85.37177,23.97464,ATL
60670,Thabo Sefolosha,79.01611,18.72604,ATL
60670,Mike Scott,80.51595,23.78849,ATL
60670,Jeff Teague,71.31411,26.20765,ATL
60670,Tim Hardaway Jr.,83.10267,34.50376,ATL
60680,Ball,85.71435,27.03175,Ball
60680,Tayshaun Prince,75.57015,42.4828,MIN
60680,Gorgui Dieng,80.0278,20.6919,MIN
60680,Zach LaVine,57.02804,19.97909,MIN
60680,Andrew Wiggins,77.33709,8.82562,MIN
60680,Damjan Rudez,56.75944,16.63817,MIN
60680,Al Horford,85.27238,26.2712,ATL
60680,Thabo Sefolosha,75.95693,19.01534,ATL
60680,Mike Scott,81.63274,26.67771,ATL
60680,Jeff Teague,72.21144,27.98965,ATL
60680,Tim Hardaway Jr.,81.78125,35.37658,ATL
60690,Ball,85.47071,28.75136,Ball
60690,Tayshaun Prince,72.52331,41.34411,MIN
60690,Gorgui Dieng,77.43897,20.8835,MIN
60690,Zach LaVine,55.68015,20.46775,MIN
60690,Andrew Wiggins,74.06563,10.58059,MIN
60690,Damjan Rudez,53.56874,17.99163,MIN
60690,Al Horford,85.48287,27.958190000000002,ATL
60690,Thabo Sefolosha,72.03714,18.62615,ATL
60690,Mike Scott,80.7517,28.84548,ATL
60690,Jeff Teague,72.62771,29.11839,ATL
60690,Tim Hardaway Jr.,79.7506,36.95083,ATL
60690,Ball,85.29073,28.99366,Ball
60690,Tayshaun Prince,72.14374,41.2366,MIN
60690,Gorgui Dieng,77.10684,20.90896,MIN
60690,Zach LaVine,55.45517,20.56849,MIN
60690,Andrew Wiggins,73.63751,10.78081,MIN
60690,Damjan Rudez,53.20859,18.18499,MIN
60690,Al Horford,85.51471,28.08685,ATL
60690,Thabo Sefolosha,71.5131,18.53287,ATL
60690,Mike Scott,80.53461,29.07467,ATL
60690,Jeff Teague,72.67703,29.19786,ATL
60690,Tim Hardaway Jr.,79.48576,37.16526,ATL
60700,Ball,84.87914,29.02855,Ball
60700,Tayshaun Prince,68.35996,40.51721,MIN
60700,Gorgui Dieng,73.59411,21.11517,MIN
60700,Zach LaVine,53.12412,21.7522,MIN
60700,Andrew Wiggins,69.39165,12.56102,MIN
60700,Damjan Rudez,50.0607,19.76192,MIN
60700,Al Horford,85.5461,28.76362,ATL
60700,Thabo Sefolosha,66.58165,17.06681,ATL
60700,Mike Scott,77.89682,31.16718,ATL
60700,Jeff Teague,72.90162,29.58271,ATL
60700,Tim Hardaway Jr.,76.66125,39.34107,ATL
60710,Ball,80.47188,29.04399,Ball
60710,Tayshaun Prince,63.3598,40.21002,MIN
60710,Gorgui Dieng,69.17304,21.32381,MIN
60710,Zach LaVine,49.79708,23.10461,MIN
60710,Andrew Wiggins,64.31898,13.89052,MIN
60710,Damjan Rudez,47.73897,22.00887,MIN
60710,Al Horford,84.63068,28.74267,ATL
60710,Thabo Sefolosha,60.88203,15.17754,ATL
60710,Mike Scott,73.49893,32.72647,ATL
60710,Jeff Teague,72.52678,30.10358,ATL
60710,Tim Hardaway Jr.,72.87979,41.76522,ATL
60720,Ball,71.90688,29.91111,Ball
60720,Tayshaun Prince,58.05352,40.15663,MIN
60720,Gorgui Dieng,64.1932,21.49529,MIN
60720,Zach LaVine,46.76009,24.09968,MIN
60720,Andrew Wiggins,58.43276,14.81987,MIN
60720,Damjan Rudez,44.06276,24.57298,MIN
60720,Al Horford,82.94853,28.1379,ATL
60720,Thabo Sefolosha,55.01076,12.05722,ATL
60720,Mike Scott,67.96959,32.98597,ATL
60720,Jeff Teague,70.85416,30.68237,ATL
60720,Tim Hardaway Jr.,68.0694,43.76244,ATL
60730,Ball,66.95541,30.37194,Ball
60730,Tayshaun Prince,51.82871,40.22784,MIN
60730,Gorgui Dieng,58.61283,21.46931,MIN
60730,Zach LaVine,43.95402,24.65643,MIN
60730,Andrew Wiggins,51.35311,14.95208,MIN
60730,Damjan Rudez,38.51237,26.57688,MIN
60730,Al Horford,79.82065,26.94396,ATL
60730,Thabo Sefolosha,47.942660000000004,9.32227,ATL
60730,Mike Scott,61.37039,32.4344,ATL
60730,Jeff Teague,67.24476,31.27155,ATL
60730,Tim Hardaway Jr.,61.67172,45.27256,ATL
60740,Ball,62.39697,30.48115,Ball
60740,Tayshaun Prince,46.45439,40.27634,MIN
60740,Gorgui Dieng,53.75777,21.34893,MIN
60740,Zach LaVine,41.59246,24.93901,MIN
60740,Andrew Wiggins,45.35085,14.6059,MIN
60740,Damjan Rudez,34.62468,27.72603,MIN
60740,Al Horford,75.95256,26.16599,ATL
60740,Thabo Sefolosha,42.19676,7.53933,ATL
60740,Mike Scott,55.59527,32.23889,ATL
60740,Jeff Teague,63.24153,31.94265,ATL
60740,Tim Hardaway Jr.,55.03512,46.69177,ATL
60740,Ball,62.31042,30.4509,Ball
60740,Tayshaun Prince,45.85948,40.29546,MIN
60740,Gorgui Dieng,53.21129,21.32346,MIN
60740,Zach LaVine,41.32726,24.96767,MIN
60740,Andrew Wiggins,44.6809,14.55543,MIN
60740,Damjan Rudez,34.20106,27.84567,MIN
60740,Al Horford,75.48414,26.09062,ATL
60740,Thabo Sefolosha,41.55513,7.39105,ATL
60740,Mike Scott,54.9496,32.17836,ATL
60740,Jeff Teague,62.74889,31.98759,ATL
60740,Tim Hardaway Jr.,54.24137,46.84619,ATL
60750,Ball,56.34592,31.08317,Ball
60750,Tayshaun Prince,40.56326,40.44054,MIN
60750,Gorgui Dieng,48.05507,20.97572,MIN
60750,Zach LaVine,38.54767,25.37254,MIN
60750,Andrew Wiggins,38.70768,14.20646,MIN
60750,Damjan Rudez,30.78788,28.606,MIN
60750,Al Horford,71.04895,25.44782,ATL
60750,Thabo Sefolosha,36.11169,6.12847,ATL
60750,Mike Scott,49.04717,31.560200000000002,ATL
60750,Jeff Teague,57.9326,32.3907,ATL
60750,Tim Hardaway Jr.,47.29737,47.81026,ATL
60760,Ball,50.79918,31.35995,Ball
60760,Tayshaun Prince,34.77183,40.54567,MIN
60760,Gorgui Dieng,42.12278,20.65957,MIN
60760,Zach LaVine,35.14803,26.25852,MIN
60760,Andrew Wiggins,32.66306,13.94396,MIN
60760,Damjan Rudez,27.54039,29.16942,MIN
60760,Al Horford,65.61917,24.75563,ATL
60760,Thabo Sefolosha,30.62424,5.08898,ATL
60760,Mike Scott,42.54957,30.89668,ATL
60760,Jeff Teague,52.04763,32.8824,ATL
60760,Tim Hardaway Jr.,39.49784,48.45969,ATL
60770,Ball,44.53521,31.8506,Ball
60770,Tayshaun Prince,29.1288,40.33526,MIN
60770,Gorgui Dieng,36.67172,20.34476,MIN
60770,Zach LaVine,32.03621,27.28437,MIN
60770,Andrew Wiggins,27.22531,13.79101,MIN
60770,Damjan Rudez,25.27197,29.77734,MIN
60770,Al Horford,59.93104,24.3444,ATL
60770,Thabo Sefolosha,25.80668,4.44707,ATL
60770,Mike Scott,35.97096,30.40945,ATL
60770,Jeff Teague,46.23756,33.28696,ATL
60770,Tim Hardaway Jr.,31.5276,48.94996,ATL
60780,Ball,39.56767,32.12697,Ball
60780,Tayshaun Prince,23.52849,39.79674,MIN
60780,Gorgui Dieng,30.99348,20.54031,MIN
60780,Zach LaVine,28.44697,28.483530000000002,MIN
60780,Andrew Wiggins,22.29485,14.0448,MIN
60780,Damjan Rudez,23.61502,30.05047,MIN
60780,Al Horford,53.78615,23.69063,ATL
60780,Thabo Sefolosha,21.34142,3.8299700000000003,ATL
60780,Mike Scott,29.21615,30.42597,ATL
60780,Jeff Teague,40.12782,33.90849,ATL
60780,Tim Hardaway Jr.,23.0812,48.95267,ATL
60790,Ball,35.11018,34.71699,Ball
60790,Tayshaun Prince,19.17625,39.48495,MIN
60790,Gorgui Dieng,27.02523,21.10806,MIN
60790,Zach LaVine,26.18653,29.7264,MIN
60790,Andrew Wiggins,19.34779,14.0171,MIN
60790,Damjan Rudez,22.12992,30.33439,MIN
60790,Al Horford,48.86887,23.53329,ATL
60790,Thabo Sefolosha,21.17529,1.93673,ATL
60790,Mike Scott,24.41189,31.16351,ATL
60790,Jeff Teague,35.58107,34.73958,ATL
60790,Tim Hardaway Jr.,16.755020000000002,48.72177,ATL
60790,Ball,34.8025,35.16274,Ball
60790,Tayshaun Prince,18.69387,39.45598,MIN
60790,Gorgui Dieng,26.63223,21.19614,MIN
60790,Zach LaVine,26.02239,29.87088,MIN
60790,Andrew Wiggins,19.07092,14.016,MIN
60790,Damjan Rudez,21.88112,30.39692,MIN
60790,Al Horford,48.34184,23.51443,ATL
60790,Thabo Sefolosha,21.39069,1.65705,ATL
60790,Mike Scott,23.95961,31.23729,ATL
60790,Jeff Teague,35.12799,34.83981,ATL
60790,Tim Hardaway Jr.,16.12548,48.68178,ATL
60800,Ball,29.82342,36.23976,Ball
60800,Tayshaun Prince,14.83705,39.26557,MIN
60800,Gorgui Dieng,23.71486,22.13275,MIN
60800,Zach LaVine,24.65295,31.35999,MIN
60800,Andrew Wiggins,16.78235,14.03372,MIN
60800,Damjan Rudez,18.84266,30.85828,MIN
60800,Al Horford,43.56221,23.2864,ATL
60800,Thabo Sefolosha,23.72705,-0.49425,ATL
60800,Mike Scott,20.40372,31.931350000000002,ATL
60800,Jeff Teague,31.43048,35.890390000000004,ATL
60800,Tim Hardaway Jr.,11.006,48.16844,ATL
60810,Ball,27.37326,37.50988,Ball
60810,Tayshaun Prince,10.93903,39.45472,MIN
60810,Gorgui Dieng,21.41698,22.92024,MIN
60810,Zach LaVine,22.8674,32.99733,MIN
60810,Andrew Wiggins,14.34008,13.947940000000001,MIN
60810,Damjan Rudez,15.10231,30.73165,MIN
60810,Al Horford,37.8095,23.23504,ATL
60810,Thabo Sefolosha,23.72067,-0.6732800000000001,ATL
60810,Mike Scott,16.84329,32.01535,ATL
60810,Jeff Teague,28.23822,36.93951,ATL
60810,Tim Hardaway Jr.,6.40304,48.20608,ATL
60820,Ball,28.85413,31.88147,Ball
60820,Tayshaun Prince,9.31661,39.962650000000004,MIN
60820,Gorgui Dieng,21.45616,23.13596,MIN
60820,Zach LaVine,22.83244,33.10342,MIN
60820,Andrew Wiggins,12.95732,13.50011,MIN
60820,Damjan Rudez,13.78135,30.18386,MIN
60820,Al Horford,34.57891,23.47578,ATL
60820,Thabo Sefolosha,23.71768,-0.6689900000000001,ATL
60820,Mike Scott,14.77571,31.78353,ATL
60820,Jeff Teague,27.6842,36.84571,ATL
60820,Tim Hardaway Jr.,5.33461,48.28736,ATL
60830,Ball,30.40611,23.79701,Ball
60830,Tayshaun Prince,8.24292,39.86752,MIN
60830,Gorgui Dieng,21.86261,23.33045,MIN
60830,Zach LaVine,22.29531,33.36826,MIN
60830,Andrew Wiggins,12.00006,12.86017,MIN
60830,Damjan Rudez,12.72934,29.35529,MIN
60830,Al Horford,31.34023,23.51137,ATL
60830,Thabo Sefolosha,23.64155,-0.71006,ATL
60830,Mike Scott,12.96298,31.16485,ATL
60830,Jeff Teague,26.02681,37.22795,ATL
60830,Tim Hardaway Jr.,5.3514100000000004,48.04121,ATL
60840,Ball,29.11011,22.23382,Ball
60840,Tayshaun Prince,8.20049,39.47039,MIN
60840,Gorgui Dieng,21.56499,23.48588,MIN
60840,Zach LaVine,21.11138,33.24526,MIN
60840,Andrew Wiggins,12.61632,11.93062,MIN
60840,Damjan Rudez,12.27532,28.30323,MIN
60840,Al Horford,29.83625,22.89546,ATL
60840,Thabo Sefolosha,23.62617,-0.7476200000000001,ATL
60840,Mike Scott,12.44752,29.94745,ATL
60840,Jeff Teague,24.18421,37.17384,ATL
60840,Tim Hardaway Jr.,6.9518,47.45532,ATL
60840,Ball,29.06845,21.75842,Ball
60840,Tayshaun Prince,8.22748,39.45371,MIN
60840,Gorgui Dieng,21.51991,23.46389,MIN
60840,Zach LaVine,20.95159,33.21219,MIN
60840,Andrew Wiggins,12.75973,11.80284,MIN
60840,Damjan Rudez,12.2446,28.18991,MIN
60840,Al Horford,29.7146,22.80278,ATL
60840,Thabo Sefolosha,23.62374,-0.7489600000000001,ATL
60840,Mike Scott,12.39684,29.70344,ATL
60840,Jeff Teague,23.98763,37.1243,ATL
60840,Tim Hardaway Jr.,7.23127,47.35481,ATL
60850,Ball,24.61142,12.43131,Ball
60850,Tayshaun Prince,8.84153,39.54732,MIN
60850,Gorgui Dieng,21.54471,23.43085,MIN
60850,Zach LaVine,19.49681,32.91749,MIN
60850,Andrew Wiggins,14.58363,10.76233,MIN
60850,Damjan Rudez,12.24715,27.06122,MIN
60850,Al Horford,28.92021,22.43151,ATL
60850,Thabo Sefolosha,23.65101,-0.7582,ATL
60850,Mike Scott,11.99082,27.7462,ATL
60850,Jeff Teague,22.14455,36.79988,ATL
60850,Tim Hardaway Jr.,10.51808,45.93941,ATL
60860,Ball,21.44935,3.69528,Ball
60860,Tayshaun Prince,10.93131,38.79701,MIN
60860,Gorgui Dieng,21.635930000000002,23.59071,MIN
60860,Zach LaVine,18.302880000000002,32.19673,MIN
60860,Andrew Wiggins,16.53895,9.9852,MIN
60860,Damjan Rudez,11.98996,24.91914,MIN
60860,Al Horford,28.17207,23.45816,ATL
60860,Thabo Sefolosha,23.13151,0.191,ATL
60860,Mike Scott,11.5306,25.78754,ATL
60860,Jeff Teague,19.94882,36.85115,ATL
60860,Tim Hardaway Jr.,15.30207,43.39461,ATL
60870,Ball,23.44628,4.7706800000000005,Ball
60870,Tayshaun Prince,14.18525,36.22224,MIN
60870,Gorgui Dieng,21.47906,24.07395,MIN
60870,Zach LaVine,17.05624,31.63789,MIN
60870,Andrew Wiggins,17.88892,9.05978,MIN
60870,Damjan Rudez,11.16388,22.33875,MIN
60870,Al Horford,26.79917,25.27122,ATL
60870,Thabo Sefolosha,22.68522,3.64956,ATL
60870,Mike Scott,11.41066,23.91746,ATL
60870,Jeff Teague,18.47443,37.52893,ATL
60870,Tim Hardaway Jr.,20.56822,39.72842,ATL
60880,Ball,24.35698,5.58098,Ball
60880,Tayshaun Prince,18.41987,32.47832,MIN
60880,Gorgui Dieng,20.39371,24.37863,MIN
60880,Zach LaVine,16.14854,31.97633,MIN
60880,Andrew Wiggins,19.41742,9.10104,MIN
60880,Damjan Rudez,10.87687,20.29485,MIN
60880,Al Horford,25.39323,26.73904,ATL
60880,Thabo Sefolosha,23.67071,5.06006,ATL
60880,Mike Scott,11.74055,21.53972,ATL
60880,Jeff Teague,18.20378,39.27839,ATL
60880,Tim Hardaway Jr.,25.90323,34.73586,ATL
60890,Ball,24.73188,8.58984,Ball
60890,Tayshaun Prince,21.10136,28.42083,MIN
60890,Gorgui Dieng,18.95803,24.85168,MIN
60890,Zach LaVine,16.60238,32.88327,MIN
60890,Andrew Wiggins,19.85596,9.23334,MIN
60890,Damjan Rudez,10.6032,18.63287,MIN
60890,Al Horford,24.591920000000002,27.39096,ATL
60890,Thabo Sefolosha,23.83136,5.55714,ATL
60890,Mike Scott,12.20251,19.64729,ATL
60890,Jeff Teague,18.4532,40.86715,ATL
60890,Tim Hardaway Jr.,28.80923,29.96691,ATL
60890,Ball,25.29174,10.2258,Ball
60890,Tayshaun Prince,21.35199,27.98083,MIN
60890,Gorgui Dieng,18.77736,24.90704,MIN
60890,Zach LaVine,16.70911,33.01744,MIN
60890,Andrew Wiggins,19.86592,9.229800000000001,MIN
60890,Damjan Rudez,10.53134,18.46351,MIN
60890,Al Horford,24.51026,27.40167,ATL
60890,Thabo Sefolosha,23.8603,5.6195,ATL
60890,Mike Scott,12.28792,19.44629,ATL
60890,Jeff Teague,18.47825,41.03441,ATL
60890,Tim Hardaway Jr.,28.9919,29.48523,ATL
60900,Ball,29.48931,23.32317,Ball
60900,Tayshaun Prince,23.20203,24.76398,MIN
60900,Gorgui Dieng,17.4635,25.25775,MIN
60900,Zach LaVine,17.64885,34.13931,MIN
60900,Andrew Wiggins,19.90158,9.37724,MIN
60900,Damjan Rudez,10.56581,17.73381,MIN
60900,Al Horford,23.48916,27.36632,ATL
60900,Thabo Sefolosha,24.15329,5.99931,ATL
60900,Mike Scott,12.88906,18.17126,ATL
60900,Jeff Teague,18.62248,42.39107,ATL
60900,Tim Hardaway Jr.,29.91976,25.96418,ATL
60910,Ball,30.04843,24.00991,Ball
60910,Tayshaun Prince,25.19351,23.19164,MIN
60910,Gorgui Dieng,16.92761,25.32329,MIN
60910,Zach LaVine,18.08147,34.63965,MIN
60910,Andrew Wiggins,19.47551,9.93856,MIN
60910,Damjan Rudez,11.44571,18.12914,MIN
60910,Al Horford,22.954720000000002,27.11967,ATL
60910,Thabo Sefolosha,23.58658,6.5334900000000005,ATL
60910,Mike Scott,14.16258,17.24402,ATL
60910,Jeff Teague,18.93252,43.87198,ATL
60910,Tim Hardaway Jr.,30.36844,23.94073,ATL
60920,Ball,30.19118,23.77405,Ball
60920,Tayshaun Prince,26.84876,23.0681,MIN
60920,Gorgui Dieng,17.14078,26.11323,MIN
60920,Zach LaVine,18.228,35.258070000000004,MIN
60920,Andrew Wiggins,18.70537,10.69605,MIN
60920,Damjan Rudez,12.78551,18.64675,MIN
60920,Al Horford,23.50132,27.02709,ATL
60920,Thabo Sefolosha,21.20564,6.9593300000000005,ATL
60920,Mike Scott,15.92792,16.91715,ATL
60920,Jeff Teague,19.21427,45.09819,ATL
60920,Tim Hardaway Jr.,30.08922,23.26049,ATL
60930,Ball,24.26951,18.20717,Ball
60930,Tayshaun Prince,26.83578,22.55913,MIN
60930,Gorgui Dieng,18.05607,27.05615,MIN
60930,Zach LaVine,18.49461,36.80558,MIN
60930,Andrew Wiggins,16.76719,11.92787,MIN
60930,Damjan Rudez,14.66929,18.88495,MIN
60930,Al Horford,24.248,27.49674,ATL
60930,Thabo Sefolosha,17.61249,6.95646,ATL
60930,Mike Scott,17.80324,16.7572,ATL
60930,Jeff Teague,19.01685,45.9048,ATL
60930,Tim Hardaway Jr.,29.99626,23.12676,ATL
60940,Ball,20.55159,14.93593,Ball
60940,Tayshaun Prince,25.97779,22.67189,MIN
60940,Gorgui Dieng,19.06097,27.44625,MIN
60940,Zach LaVine,18.55016,37.62992,MIN
60940,Andrew Wiggins,14.77532,12.752040000000001,MIN
60940,Damjan Rudez,16.53368,18.31589,MIN
60940,Al Horford,24.62371,28.86301,ATL
60940,Thabo Sefolosha,14.95711,5.76069,ATL
60940,Mike Scott,19.47941,15.80796,ATL
60940,Jeff Teague,19.03492,46.26284,ATL
60940,Tim Hardaway Jr.,29.63744,24.67973,ATL
60940,Ball,20.59399,15.00449,Ball
60940,Tayshaun Prince,25.85054,22.78133,MIN
60940,Gorgui Dieng,19.11487,27.49712,MIN
60940,Zach LaVine,18.52764,37.6674,MIN
60940,Andrew Wiggins,14.60137,12.84753,MIN
60940,Damjan Rudez,16.72157,18.22649,MIN
60940,Al Horford,24.63065,29.08528,ATL
60940,Thabo Sefolosha,14.72376,5.57069,ATL
60940,Mike Scott,19.64464,15.66997,ATL
60940,Jeff Teague,19.05722,46.28145,ATL
60940,Tim Hardaway Jr.,29.4599,24.91873,ATL
60950,Ball,21.29396,15.37933,Ball
60950,Tayshaun Prince,24.36979,24.44906,MIN
60950,Gorgui Dieng,18.97747,27.98119,MIN
60950,Zach LaVine,18.48655,37.72433,MIN
60950,Andrew Wiggins,12.975,12.97442,MIN
60950,Damjan Rudez,17.89092,17.24963,MIN
60950,Al Horford,24.19105,30.81436,ATL
60950,Thabo Sefolosha,12.72018,4.23344,ATL
60950,Mike Scott,20.61778,14.52873,ATL
60950,Jeff Teague,19.5126,46.26781,ATL
60950,Tim Hardaway Jr.,27.45316,28.37393,ATL
60960,Ball,21.70643,12.521,Ball
60960,Tayshaun Prince,21.63534,26.97876,MIN
60960,Gorgui Dieng,18.44071,28.2811,MIN
60960,Zach LaVine,19.483530000000002,37.53777,MIN
60960,Andrew Wiggins,11.75859,12.39343,MIN
60960,Damjan Rudez,18.5087,16.23914,MIN
60960,Al Horford,22.39807,32.58462,ATL
60960,Thabo Sefolosha,10.38038,2.95036,ATL
60960,Mike Scott,21.10183,13.34586,ATL
60960,Jeff Teague,20.42078,45.57757,ATL
60960,Tim Hardaway Jr.,25.07495,32.14131,ATL
60970,Ball,20.88921,10.32281,Ball
60970,Tayshaun Prince,18.75229,29.9239,MIN
60970,Gorgui Dieng,16.896630000000002,28.46804,MIN
60970,Zach LaVine,22.08878,37.51828,MIN
60970,Andrew Wiggins,10.53406,11.18296,MIN
60970,Damjan Rudez,17.80453,15.63843,MIN
60970,Al Horford,19.6646,34.15292,ATL
60970,Thabo Sefolosha,8.42266,1.3687200000000002,ATL
60970,Mike Scott,20.57057,11.41761,ATL
60970,Jeff Teague,22.03437,44.1339,ATL
60970,Tim Hardaway Jr.,23.39707,34.85914,ATL
60980,Ball,19.75036,7.99641,Ball
60980,Tayshaun Prince,15.64712,32.15363,MIN
60980,Gorgui Dieng,15.02683,28.26798,MIN
60980,Zach LaVine,23.81894,37.65527,MIN
60980,Andrew Wiggins,9.02789,9.41773,MIN
60980,Damjan Rudez,16.4774,15.20742,MIN
60980,Al Horford,15.83796,35.32321,ATL
60980,Thabo Sefolosha,8.58445,1.47107,ATL
60980,Mike Scott,18.31094,9.88325,ATL
60980,Jeff Teague,23.55581,42.70113,ATL
60980,Tim Hardaway Jr.,23.91351,36.45681,ATL
60990,Ball,17.29848,6.0132,Ball
60990,Tayshaun Prince,13.98293,33.36444,MIN
60990,Gorgui Dieng,13.81082,28.67082,MIN
60990,Zach LaVine,24.72095,37.86761,MIN
60990,Andrew Wiggins,8.72112,8.80585,MIN
60990,Damjan Rudez,15.26189,14.27132,MIN
60990,Al Horford,13.07906,35.64907,ATL
60990,Thabo Sefolosha,11.15731,2.78765,ATL
60990,Mike Scott,16.29373,9.25947,ATL
60990,Jeff Teague,24.3676,41.38187,ATL
60990,Tim Hardaway Jr.,25.21005,36.48168,ATL
60990,Ball,16.95069,5.54962,Ball
60990,Tayshaun Prince,13.90839,33.46981,MIN
60990,Gorgui Dieng,13.66942,28.76634,MIN
60990,Zach LaVine,24.82573,37.88853,MIN
60990,Andrew Wiggins,8.74446,8.79118,MIN
60990,Damjan Rudez,15.22948,14.14767,MIN
60990,Al Horford,12.78787,35.67317,ATL
60990,Thabo Sefolosha,11.50806,2.92173,ATL
60990,Mike Scott,16.13833,9.21195,ATL
60990,Jeff Teague,24.4715,41.24868,ATL
60990,Tim Hardaway Jr.,25.34278,36.47836,ATL
