46610,Ball,40.24583,45.04345,Ball
46610,Zach Randolph,18.04448,38.69389,MEM
46610,Tony Allen,33.26395,15.13657,MEM
46610,Jeff Green,37.36207,7.39992,MEM
46610,Mike Conley,43.52267,42.57726,MEM
46610,Marc Gasol,52.43682,25.64216,MEM
46610,Marvin Williams,15.8521,32.69152,CHA
46610,Nicolas Batum,22.05906,15.69391,CHA
46610,Kemba Walker,28.94748,25.95625,CHA
46610,Cody Zeller,40.04001,26.51391,CHA
46610,PJ Hairston,42.17601,43.70223,CHA
46620,Ball,47.49951,42.41867,Ball
46620,Zach Randolph,21.21574,38.70438,MEM
46620,Tony Allen,37.06319,17.35199,MEM
46620,Jeff Green,43.01267,9.73453,MEM
46620,Mike Conley,50.59184,43.39361,MEM
46620,Marc Gasol,58.03914,25.41433,MEM
46620,Marvin Williams,17.98783,33.44751,CHA
46620,Nicolas Batum,26.51146,15.68932,CHA
46620,Kemba Walker,33.84792,28.59101,CHA
46620,Cody Zeller,45.96097,25.20973,CHA
46620,PJ Hairston,48.00052,43.24809,CHA
46630,Ball,51.64147,40.08932,Ball
46630,Zach Randolph,24.02054,38.19162,MEM
46630,Tony Allen,41.16378,19.6285,MEM
46630,Jeff Green,48.92342,12.2594,MEM
46630,Mike Conley,57.13846,41.91151,MEM
46630,Marc Gasol,63.55249,25.30651,MEM
46630,Marvin Williams,20.42423,33.32039,CHA
46630,Nicolas Batum,31.30426,15.21346,CHA
46630,Kemba Walker,39.04974,31.06961,CHA
46630,Cody Zeller,51.84245,24.10555,CHA
46630,PJ Hairston,52.3309,41.09352,CHA
46640,Ball,54.1906,39.34649,Ball
46640,Zach Randolph,26.68801,37.073,MEM
46640,Tony Allen,45.63963,22.2543,MEM
46640,Jeff Green,54.71291,14.57519,MEM
46640,Mike Conley,62.37387,38.84566,MEM
46640,Marc Gasol,68.85876,25.5581,MEM
46640,Marvin Williams,23.30022,33.23338,CHA
46640,Nicolas Batum,36.27501,14.40508,CHA
46640,Kemba Walker,44.15435,33.7116,CHA
46640,Cody Zeller,57.3081,22.80932,CHA
46640,PJ Hairston,55.03672,39.67201,CHA
46650,Ball,53.48051,38.46975,Ball
46650,Zach Randolph,29.43147,35.94436,MEM
46650,Tony Allen,50.12133,25.49317,MEM
46650,Jeff Green,59.62884,16.35217,MEM
46650,Mike Conley,66.09715,36.20833,MEM
46650,Marc Gasol,73.47061,25.65115,MEM
46650,Marvin Williams,26.6167,32.94649,CHA
46650,Nicolas Batum,41.36252,13.39672,CHA
46650,Kemba Walker,49.32802,36.72204,CHA
46650,Cody Zeller,62.59549,21.56185,CHA
46650,PJ Hairston,57.01704,39.36386,CHA
46660,Ball,55.3305,39.70012,Ball
46660,Zach Randolph,32.65378,34.70579,MEM
46660,Tony Allen,54.47557,28.4614,MEM
46660,Jeff Green,63.78603,17.37059,MEM
46660,Mike Conley,69.01809,35.768,MEM
46660,Marc Gasol,77.06836,25.60814,MEM
46660,Marvin Williams,30.4225,32.50654,CHA
46660,Nicolas Batum,46.21563,12.3429,CHA
46660,Kemba Walker,54.49192,39.72212,CHA
46660,Cody Zeller,67.53531,20.47267,CHA
46660,PJ Hairston,59.25301,40.25944,CHA
46670,Ball,60.13595,44.20349,Ball
46670,Zach Randolph,36.53171,33.61391,MEM
46670,Tony Allen,58.53581,30.89688,MEM
46670,Jeff Green,67.08158,18.57938,MEM
46670,Mike Conley,71.17856,36.56329,MEM
46670,Marc Gasol,79.97551,25.56479,MEM
46670,Marvin Williams,34.71776,31.48507,CHA
46670,Nicolas Batum,50.71192,11.39146,CHA
46670,Kemba Walker,58.66529,42.14012,CHA
46670,Cody Zeller,71.9308,19.65076,CHA
46670,PJ Hairston,62.57615,42.15141,CHA
46680,Ball,61.4165,45.14094,Ball
46680,Zach Randolph,41.24789,32.36663,MEM
46680,Tony Allen,62.54933,32.78801,MEM
46680,Jeff Green,69.71033,19.28176,MEM
46680,Mike Conley,72.33657,37.85358,MEM
46680,Marc Gasol,82.11292,25.21012,MEM
46680,Marvin Williams,39.33226,30.13041,CHA
46680,Nicolas Batum,54.83271,10.46068,CHA
46680,Kemba Walker,61.20883,43.60548,CHA
46680,Cody Zeller,75.83365,19.25525,CHA
46680,PJ Hairston,66.6102,44.06727,CHA
46690,Ball,61.11101,42.76537,Ball
46690,Zach Randolph,45.92699,30.89169,MEM
46690,Tony Allen,66.28693,34.56758,MEM
46690,Jeff Green,71.72071,19.28243,MEM
46690,Mike Conley,73.3369,38.8548,MEM
46690,Marc Gasol,83.52795,25.41177,MEM
46690,Marvin Williams,44.13126,28.6757,CHA
46690,Nicolas Batum,58.32976,9.71814,CHA
46690,Kemba Walker,62.14008,43.81979,CHA
46690,Cody Zeller,78.73633,19.07446,CHA
46690,PJ Hairston,70.92212,46.54474,CHA
46700,Ball,62.6467,42.6949,Ball
46700,Zach Randolph,50.48342,29.53264,MEM
46700,Tony Allen,68.93121,35.8905,MEM
46700,Jeff Green,73.19541,18.54398,MEM
46700,Mike Conley,73.7713,39.28043,MEM
46700,Marc Gasol,84.44325,25.08184,MEM
46700,Marvin Williams,48.94068,27.52725,CHA
46700,Nicolas Batum,60.97139,9.15596,CHA
46700,Kemba Walker,62.71056,43.72406,CHA
46700,Cody Zeller,81.44497,18.524,CHA
46700,PJ Hairston,75.26657,47.09893,CHA
46710,Ball,62.56994,42.36026,Ball
46710,Zach Randolph,54.80801,28.32762,MEM
46710,Tony Allen,69.80648,37.24388,MEM
46710,Jeff Green,73.87814,17.73255,MEM
46710,Mike Conley,75.18152,39.79231,MEM
46710,Marc Gasol,85.1014,24.56251,MEM
46710,Marvin Williams,53.9812,26.62155,CHA
46710,Nicolas Batum,62.11659,9.05768,CHA
46710,Kemba Walker,63.26844,43.63611,CHA
46710,Cody Zeller,83.74043,18.10576,CHA
46710,PJ Hairston,79.73902,47.55118,CHA
46720,Ball,62.53192,41.61996,Ball
46720,Zach Randolph,58.64708,27.74959,MEM
46720,Tony Allen,69.86547,38.3758,MEM
46720,Jeff Green,73.86622,17.26579,MEM
46720,Mike Conley,77.31008,40.18599,MEM
46720,Marc Gasol,85.53966,24.4206,MEM
46720,Marvin Williams,58.94713,26.25578,CHA
46720,Nicolas Batum,61.72168,9.67544,CHA
46720,Kemba Walker,63.30712,42.58582,CHA
46720,Cody Zeller,85.6949,17.08974,CHA
46720,PJ Hairston,83.61551,47.85853,CHA
46730,Ball,62.28833,40.77087,Ball
46730,Zach Randolph,62.04352,27.57461,MEM
46730,Tony Allen,69.50387,38.83476,MEM
46730,Jeff Green,72.91427,16.73745,MEM
46730,Mike Conley,79.58028,40.60815,MEM
46730,Marc Gasol,85.71617,24.61371,MEM
46730,Marvin Williams,63.16799,27.42401,CHA
46730,Nicolas Batum,60.42868,11.90865,CHA
46730,Kemba Walker,63.09098,41.19596,CHA
46730,Cody Zeller,87.10753,15.68195,CHA
46730,PJ Hairston,86.31851,48.04268,CHA
46740,Ball,60.86686,37.97911,Ball
46740,Zach Randolph,65.24658,27.62584,MEM
46740,Tony Allen,68.55492,37.95521,MEM
46740,Jeff Green,71.2982,16.80845,MEM
46740,Mike Conley,81.36862,40.90257,MEM
46740,Marc Gasol,85.77112,24.03417,MEM
46740,Marvin Williams,66.65552,28.71711,CHA
46740,Nicolas Batum,59.29382,15.20074,CHA
46740,Kemba Walker,62.60489,40.26488,CHA
46740,Cody Zeller,88.11695,14.02168,CHA
46740,PJ Hairston,88.20142,47.74093,CHA
46750,Ball,60.4354,25.18089,Ball
46750,Zach Randolph,67.66416,28.82327,MEM
46750,Tony Allen,67.65197,37.4747,MEM
46750,Jeff Green,69.26486,18.07491,MEM
46750,Mike Conley,82.94396,40.96405,MEM
46750,Marc Gasol,85.65356,22.89492,MEM
46750,Marvin Williams,69.42578,29.69993,CHA
46750,Nicolas Batum,59.34916,18.858,CHA
46750,Kemba Walker,62.00039,40.16066,CHA
46750,Cody Zeller,87.38099,12.39645,CHA
46750,PJ Hairston,88.96583,47.0237,CHA
46760,Ball,61.25929,24.85203,Ball
46760,Zach Randolph,69.40735,30.35604,MEM
46760,Tony Allen,67.10506,37.45746,MEM
46760,Jeff Green,67.35249,20.57758,MEM
46760,Mike Conley,84.31166,40.66799,MEM
46760,Marc Gasol,85.03173,21.7463,MEM
46760,Marvin Williams,70.30085,32.03602,CHA
46760,Nicolas Batum,61.02087,22.44625,CHA
46760,Kemba Walker,61.38907,40.87628,CHA
46760,Cody Zeller,84.57886,11.65634,CHA
46760,PJ Hairston,89.08388,45.49509,CHA
46770,Ball,61.82427,27.06069,Ball
46770,Zach Randolph,71.31335,31.50644,MEM
46770,Tony Allen,67.11252,37.18609,MEM
46770,Jeff Green,66.5769,22.95322,MEM
46770,Mike Conley,85.19092,39.9177,MEM
46770,Marc Gasol,84.2975,20.48904,MEM
46770,Marvin Williams,71.10207,33.85036,CHA
46770,Nicolas Batum,62.00708,25.08853,CHA
46770,Kemba Walker,60.75538,41.60362,CHA
46770,Cody Zeller,80.8222,11.66899,CHA
46770,PJ Hairston,89.47931,45.15019,CHA
46780,Ball,60.2835,28.30373,Ball
46780,Zach Randolph,72.829,32.57875,MEM
46780,Tony Allen,67.51117,37.05974,MEM
46780,Jeff Green,65.93787,24.38407,MEM
46780,Mike Conley,85.33108,38.84511,MEM
46780,Marc Gasol,83.29252,19.29616,MEM
46780,Marvin Williams,71.0784,33.65911,CHA
46780,Nicolas Batum,60.81734,26.49156,CHA
46780,Kemba Walker,61.48785,42.29583,CHA
46780,Cody Zeller,77.37417,12.17513,CHA
46780,PJ Hairston,89.62326,45.78616,CHA
46790,Ball,58.7805,28.70115,Ball
46790,Zach Randolph,73.05864,32.72642,MEM
46790,Tony Allen,67.51964,37.67068,MEM
46790,Jeff Green,65.35054,25.18045,MEM
46790,Mike Conley,85.58729,38.04402,MEM
46790,Marc Gasol,81.82841,18.67563,MEM
46790,Marvin Williams,69.82282000000001,31.86649,CHA
46790,Nicolas Batum,59.0087,27.44823,CHA
46790,Kemba Walker,64.25652,42.90129,CHA
46790,Cody Zeller,74.73089,13.70619,CHA
46790,PJ Hairston,89.476,47.315,CHA
46800,Ball,57.51349,29.14603,Ball
46800,Zach Randolph,72.10067,32.34241,MEM
46800,Tony Allen,67.91767,38.49841,MEM
46800,Jeff Green,64.37974,25.95195,MEM
46800,Mike Conley,85.82956,37.45941,MEM
46800,Marc Gasol,80.30994,18.21061,MEM
46800,Marvin Williams,68.36023,30.51398,CHA
46800,Nicolas Batum,57.90951,28.15005,CHA
46800,Kemba Walker,67.9754,43.05915,CHA
46800,Cody Zeller,72.58055,15.63084,CHA
46800,PJ Hairston,89.65197,48.09749,CHA
46810,Ball,58.04575,31.55402,Ball
46810,Zach Randolph,70.75512,32.21076,MEM
46810,Tony Allen,69.69115,38.60059,MEM
46810,Jeff Green,63.16954,27.15271,MEM
46810,Mike Conley,85.58687,36.92926,MEM
46810,Marc Gasol,79.11,18.29381,MEM
46810,Marvin Williams,66.78956,30.14188,CHA
46810,Nicolas Batum,58.19189,29.77188,CHA
46810,Kemba Walker,71.9596,42.989020000000004,CHA
46810,Cody Zeller,70.51711,17.72956,CHA
46810,PJ Hairston,89.69733,48.5378,CHA
46820,Ball,60.56317,34.56282,Ball
46820,Zach Randolph,70.22172,32.29423,MEM
46820,Tony Allen,72.10536,38.21853,MEM
46820,Jeff Green,62.28783,29.55473,MEM
46820,Mike Conley,85.45812,36.79823,MEM
46820,Marc Gasol,78.36808,19.06154,MEM
46820,Marvin Williams,64.85815,30.75237,CHA
46820,Nicolas Batum,60.36765,32.75744,CHA
46820,Kemba Walker,76.32675,42.85031,CHA
46820,Cody Zeller,68.8108,19.80047,CHA
46820,PJ Hairston,89.16867,48.41211,CHA
46830,Ball,64.12246,37.4442,Ball
46830,Zach Randolph,70.60968,32.39278,MEM
46830,Tony Allen,73.88655,37.53323,MEM
46830,Jeff Green,62.18496,32.74883,MEM
46830,Mike Conley,85.48765,37.16076,MEM
46830,Marc Gasol,78.11599,20.21286,MEM
46830,Marvin Williams,63.10744,32.12361,CHA
46830,Nicolas Batum,63.95393,35.99096,CHA
46830,Kemba Walker,80.42353,42.00968,CHA
46830,Cody Zeller,67.99713,21.82416,CHA
46830,PJ Hairston,88.13233,48.35258,CHA
46840,Ball,69.6282,38.77785,Ball
46840,Zach Randolph,72.17666,32.67382,MEM
46840,Tony Allen,75.11823,37.30855,MEM
46840,Jeff Green,63.39896,35.38648,MEM
46840,Mike Conley,85.16637,37.60283,MEM
46840,Marc Gasol,78.52207,21.4581,MEM
46840,Marvin Williams,61.61556,32.61979,CHA
46840,Nicolas Batum,68.37084,37.47975,CHA
46840,Kemba Walker,84.25203,40.30794,CHA
46840,Cody Zeller,68.41471,23.39555,CHA
46840,PJ Hairston,87.83397,48.3594,CHA
46850,Ball,70.70047,39.40787,Ball
46850,Zach Randolph,74.45245,33.95615,MEM
46850,Tony Allen,75.20001,37.17884,MEM
46850,Jeff Green,66.53706,36.5927,MEM
46850,Mike Conley,85.18796,37.67704,MEM
46850,Marc Gasol,79.31273,23.16985,MEM
46850,Marvin Williams,60.10628,31.96433,CHA
46850,Nicolas Batum,71.34229,38.46001,CHA
46850,Kemba Walker,88.0266,38.20818,CHA
46850,Cody Zeller,69.71196,24.90103,CHA
46850,PJ Hairston,88.1218,48.40378,CHA
46860,Ball,70.14805,39.77318,Ball
46860,Zach Randolph,76.23758,34.17115,MEM
46860,Tony Allen,73.72727,37.89387,MEM
46860,Jeff Green,70.17972,36.56603,MEM
46860,Mike Conley,86.42209,37.11068,MEM
46860,Marc Gasol,80.32761,24.28665,MEM
46860,Marvin Williams,59.67213,30.02748,CHA
46860,Nicolas Batum,71.10859,38.64667,CHA
46860,Kemba Walker,91.03647,35.43814,CHA
46860,Cody Zeller,71.0378,26.77034,CHA
46860,PJ Hairston,88.3296,48.23638,CHA
46870,Ball,63.82195,31.30634,Ball
46870,Zach Randolph,76.33292,33.00483,MEM
46870,Tony Allen,72.74617,39.39722,MEM
46870,Jeff Green,72.48215,36.4562,MEM
46870,Mike Conley,87.72231,35.35384,MEM
46870,Marc Gasol,81.42404,24.9839,MEM
46870,Marvin Williams,60.18717,27.33113,CHA
46870,Nicolas Batum,71.18703,38.45638,CHA
46870,Kemba Walker,92.44112,30.37215,CHA
46870,Cody Zeller,71.89293,26.96174,CHA
46870,PJ Hairston,88.09848,48.2319,CHA
46880,Ball,62.25099,25.3451,Ball
46880,Zach Randolph,74.8567,30.69994,MEM
46880,Tony Allen,73.2289,39.79975,MEM
46880,Jeff Green,72.963,35.70855,MEM
46880,Mike Conley,88.62361,32.62223,MEM
46880,Marc Gasol,82.08367,25.11069,MEM
46880,Marvin Williams,61.46298,24.67574,CHA
46880,Nicolas Batum,71.64358,38.593,CHA
46880,Kemba Walker,92.42546,24.29532,CHA
46880,Cody Zeller,72.56526,27.03266,CHA
46880,PJ Hairston,87.44546,48.32056,CHA
46890,Ball,64.46749,22.58036,Ball
46890,Zach Randolph,72.54808,28.59947,MEM
46890,Tony Allen,73.98863,40.30321,MEM
46890,Jeff Green,73.49374,34.9626,MEM
46890,Mike Conley,88.96734000000001,28.83144,MEM
46890,Marc Gasol,82.22092,24.79334,MEM
46890,Marvin Williams,63.05249,23.06604,CHA
46890,Nicolas Batum,70.9861,38.52194,CHA
46890,Kemba Walker,91.09519,19.28285,CHA
46890,Cody Zeller,72.20664,26.49959,CHA
46890,PJ Hairston,86.38134,47.92578,CHA
46900,Ball,65.99835,23.13232,Ball
46900,Zach Randolph,70.12384,26.89454,MEM
46900,Tony Allen,74.41672,41.04854,MEM
46900,Jeff Green,74.29457,34.02767,MEM
46900,Mike Conley,88.53634,24.40916,MEM
46900,Marc Gasol,82.06059,25.10383,MEM
46900,Marvin Williams,64.10649,22.71548,CHA
46900,Nicolas Batum,69.72446,38.64466,CHA
46900,Kemba Walker,88.39467,14.34577,CHA
46900,Cody Zeller,70.74181,25.00395,CHA
46900,PJ Hairston,85.30918,45.93872,CHA
46910,Ball,74.53899,23.84752,Ball
46910,Zach Randolph,67.18728,25.00892,MEM
46910,Tony Allen,74.11187,41.20609,MEM
46910,Jeff Green,74.95676,33.76619,MEM
46910,Mike Conley,87.12224,20.24259,MEM
46910,Marc Gasol,81.90784,25.74171,MEM
46910,Marvin Williams,64.45031,22.11749,CHA
46910,Nicolas Batum,67.92244,38.45627,CHA
46910,Kemba Walker,85.99925,11.36826,CHA
46910,Cody Zeller,69.11906,23.39841,CHA
46910,PJ Hairston,84.66789,42.48519,CHA
46920,Ball,82.83272,24.49028,Ball
46920,Zach Randolph,64.53959,24.30465,MEM
46920,Tony Allen,73.40937,42.37058,MEM
46920,Jeff Green,75.71684,32.63272,MEM
46920,Mike Conley,85.23779,16.79008,MEM
46920,Marc Gasol,82.12626,25.55911,MEM
46920,Marvin Williams,62.58853,21.07148,CHA
46920,Nicolas Batum,66.0414,38.00608,CHA
46920,Kemba Walker,83.53495,10.28951,CHA
46920,Cody Zeller,67.09225,22.14991,CHA
46920,PJ Hairston,84.81882,37.95429,CHA
46930,Ball,88.41245,25.25961,Ball
46930,Zach Randolph,61.9794,24.41066,MEM
46930,Tony Allen,72.3191,43.5028,MEM
46930,Jeff Green,76.32671,31.18538,MEM
46930,Mike Conley,82.99834,13.88101,MEM
46930,Marc Gasol,81.93059,24.62663,MEM
46930,Marvin Williams,59.43797,19.88323,CHA
46930,Nicolas Batum,63.95906,37.66724,CHA
46930,Kemba Walker,80.86715,10.27427,CHA
46930,Cody Zeller,64.61313,21.99104,CHA
46930,PJ Hairston,85.70043,32.55144,CHA
46940,Ball,88.43258,21.178,Ball
46940,Zach Randolph,59.01354,24.94296,MEM
46940,Tony Allen,71.08833,44.10317,MEM
46940,Jeff Green,76.68403,30.19695,MEM
46940,Mike Conley,80.75905,11.91151,MEM
46940,Marc Gasol,82.18215,23.85874,MEM
46940,Marvin Williams,55.70777,19.29366,CHA
46940,Nicolas Batum,61.97952,37.16709,CHA
46940,Kemba Walker,77.82932,11.22511,CHA
46940,Cody Zeller,61.70276,22.2404,CHA
46940,PJ Hairston,86.73333,27.93234,CHA
46950,Ball,88.25607,17.29734,Ball
46950,Zach Randolph,55.8853,25.70645,MEM
46950,Tony Allen,69.89563,45.08189,MEM
46950,Jeff Green,76.8426,30.13221,MEM
46950,Mike Conley,80.36705,11.7547,MEM
46950,Marc Gasol,82.79415,22.8689,MEM
46950,Marvin Williams,51.84439,18.66041,CHA
46950,Nicolas Batum,59.87122,36.66536,CHA
46950,Kemba Walker,74.76682,12.81014,CHA
46950,Cody Zeller,58.50071,22.01096,CHA
46950,PJ Hairston,87.66589,22.93503,CHA
46960,Ball,87.99543,14.06708,Ball
46960,Zach Randolph,52.65577,26.31084,MEM
46960,Tony Allen,68.35707,45.2729,MEM
46960,Jeff Green,77.00015,30.40103,MEM
46960,Mike Conley,82.84593,12.78211,MEM
46960,Marc Gasol,83.32902,22.9113,MEM
46960,Marvin Williams,47.96068,17.98402,CHA
46960,Nicolas Batum,58.01667,35.74516,CHA
46960,Kemba Walker,71.66719,13.15857,CHA
46960,Cody Zeller,56.3063,22.02309,CHA
46960,PJ Hairston,87.88211,16.22097,CHA
46970,Ball,87.44219,9.31536,Ball
46970,Zach Randolph,49.88493,26.47802,MEM
46970,Tony Allen,67.18193,45.2236,MEM
46970,Jeff Green,76.55785,30.18715,MEM
46970,Mike Conley,85.2976,12.13525,MEM
46970,Marc Gasol,83.56113,22.96835,MEM
46970,Marvin Williams,43.74608,17.91253,CHA
46970,Nicolas Batum,57.69421,33.8117,CHA
46970,Kemba Walker,69.38176,11.72132,CHA
46970,Cody Zeller,56.58725,22.12904,CHA
46970,PJ Hairston,86.60805,10.05986,CHA
46980,Ball,82.63468,5.03767,Ball
46980,Zach Randolph,48.13942,26.39586,MEM
46980,Tony Allen,66.72733,44.64343,MEM
46980,Jeff Green,76.08437,29.60279,MEM
46980,Mike Conley,85.8043,10.55079,MEM
46980,Marc Gasol,83.79888,23.18164,MEM
46980,Marvin Williams,39.50294,18.49144,CHA
46980,Nicolas Batum,58.86012,30.61666,CHA
46980,Kemba Walker,68.31308,10.0234,CHA
46980,Cody Zeller,59.68247,22.3904,CHA
46980,PJ Hairston,83.83903,6.12419,CHA
46990,Ball,75.83211,7.02888,Ball
46990,Zach Randolph,47.82345,26.19671,MEM
46990,Tony Allen,67.04813,43.03734,MEM
46990,Jeff Green,75.70098,28.4316,MEM
46990,Mike Conley,84.58939,9.1248,MEM
46990,Marc Gasol,84.02568,23.18497,MEM
46990,Marvin Williams,35.66692,19.39827,CHA
46990,Nicolas Batum,60.65913,27.302,CHA
46990,Kemba Walker,68.32222,9.22159,CHA
46990,Cody Zeller,64.19447,23.06261,CHA
46990,PJ Hairston,81.60155,3.78317,CHA
47000,Ball,69.90518,9.19949,Ball
47000,Zach Randolph,48.5514,25.85434,MEM
47000,Tony Allen,67.78526,41.01186,MEM
47000,Jeff Green,75.40502,26.67743,MEM
47000,Mike Conley,82.79315,8.55859,MEM
47000,Marc Gasol,83.95521,23.04755,MEM
47000,Marvin Williams,33.57651,20.0323,CHA
47000,Nicolas Batum,62.72958,24.2565,CHA
47000,Kemba Walker,69.21743,9.10425,CHA
47000,Cody Zeller,69.11707,24.07093,CHA
47000,PJ Hairston,80.20324,2.18641,CHA
47010,Ball,70.29357,9.81886,Ball
47010,Zach Randolph,49.6566,25.56933,MEM
47010,Tony Allen,69.29707,38.831360000000004,MEM
47010,Jeff Green,75.98797,25.10879,MEM
47010,Mike Conley,80.728,9.1168,MEM
47010,Marc Gasol,84.27358,23.59114,MEM
47010,Marvin Williams,33.17984,20.62175,CHA
47010,Nicolas Batum,65.2967,22.13593,CHA
47010,Kemba Walker,70.07626,9.37175,CHA
47010,Cody Zeller,73.7714,25.71746,CHA
47010,PJ Hairston,77.91848,1.66772,CHA
47020,Ball,73.54734,12.64529,Ball
47020,Zach Randolph,50.72512,25.08808,MEM
47020,Tony Allen,71.55122,36.59967,MEM
47020,Jeff Green,77.00812,24.48005,MEM
47020,Mike Conley,78.56562,10.90099,MEM
47020,Marc Gasol,84.60012,25.41193,MEM
47020,Marvin Williams,33.48623,21.34006,CHA
47020,Nicolas Batum,68.63291,20.37266,CHA
47020,Kemba Walker,70.51685,9.73662,CHA
47020,Cody Zeller,77.36856,27.73367,CHA
47020,PJ Hairston,74.36872,2.12718,CHA
47030,Ball,78.95396,17.14137,Ball
47030,Zach Randolph,51.79518,24.47805,MEM
47030,Tony Allen,74.30293,34.13192,MEM
47030,Jeff Green,77.72829,23.14152,MEM
47030,Mike Conley,77.16225,12.75517,MEM
47030,Marc Gasol,85.12996,26.58813,MEM
47030,Marvin Williams,33.71482,22.04046,CHA
47030,Nicolas Batum,73.06591,18.99273,CHA
47030,Kemba Walker,70.82652,9.92869,CHA
47030,Cody Zeller,80.60338,28.52818,CHA
47030,PJ Hairston,70.19468,3.07077,CHA
47040,Ball,84.11341,21.71169,Ball
47040,Zach Randolph,52.75765,24.06806,MEM
47040,Tony Allen,77.37751,31.96895,MEM
47040,Jeff Green,79.21619,20.76028,MEM
47040,Mike Conley,77.00408,14.14478,MEM
47040,Marc Gasol,85.2134,26.96311,MEM
47040,Marvin Williams,33.53956,22.7093,CHA
47040,Nicolas Batum,77.80754,18.48152,CHA
47040,Kemba Walker,70.8572,9.99186,CHA
47040,Cody Zeller,83.56136,28.45263,CHA
47040,PJ Hairston,65.37834,4.39703,CHA
47050,Ball,89.05425,25.7384,Ball
47050,Zach Randolph,53.32566,23.73673,MEM
47050,Tony Allen,80.49573,30.58276,MEM
47050,Jeff Green,81.80548,19.36383,MEM
47050,Mike Conley,77.6781,14.79583,MEM
47050,Marc Gasol,85.53855,26.80577,MEM
47050,Marvin Williams,33.26344,22.82075,CHA
47050,Nicolas Batum,81.4712,17.21011,CHA
47050,Kemba Walker,70.94419,9.96769,CHA
47050,Cody Zeller,84.58595,28.34458,CHA
47050,PJ Hairston,60.63012,5.59148,CHA
47060,Ball,91.02075,26.15226,Ball
47060,Zach Randolph,53.56455,23.42217,MEM
47060,Tony Allen,83.43259,30.17456,MEM
47060,Jeff Green,83.99092,18.274,MEM
47060,Mike Conley,78.33575,15.15114,MEM
47060,Marc Gasol,86.86444,26.2537,MEM
47060,Marvin Williams,33.06345,23.01865,CHA
47060,Nicolas Batum,83.244,15.63813,CHA
47060,Kemba Walker,70.9377,10.04094,CHA
47060,Cody Zeller,83.36905,28.42235,CHA
47060,PJ Hairston,57.48904,5.77786,CHA
47070,Ball,92.48438,26.27345,Ball
47070,Zach Randolph,53.76426,23.27215,MEM
47070,Tony Allen,85.42895,30.35893,MEM
47070,Jeff Green,85.68179,17.53388,MEM
47070,Mike Conley,78.81125,14.98131,MEM
47070,Marc Gasol,88.52237,26.21459,MEM
47070,Marvin Williams,32.75501,22.92947,CHA
47070,Nicolas Batum,82.4474,14.07647,CHA
47070,Kemba Walker,70.85624,10.097,CHA
47070,Cody Zeller,80.92526,28.39675,CHA
47070,PJ Hairston,62.26474,1.15463,CHA
47080,Ball,92.35251,24.95177,Ball
47080,Zach Randolph,54.07129,23.38147,MEM
47080,Tony Allen,86.53009,31.45636,MEM
47080,Jeff Green,87.07841,16.61885,MEM
47080,Mike Conley,79.17189,14.77642,MEM
47080,Marc Gasol,90.32478,26.25272,MEM
47080,Marvin Williams,32.11351,23.02081,CHA
47080,Nicolas Batum,79.83247,12.83358,CHA
47080,Kemba Walker,70.81525,10.03752,CHA
47080,Cody Zeller,77.17563,28.22382,CHA
47080,PJ Hairston,70.69494,0.6352,CHA
