11410,Ball,29.26485,30.76947,Ball
11410,Nikola Vucevic,15.43605,30.36899,ORL
11410,Shabazz Napier,17.97739,36.61846,ORL
11410,Evan Fournier,9.54789,15.56905,ORL
11410,Aaron Gordon,18.73906,22.55824,ORL
11410,Mario Hezonja,25.56699,35.49809,ORL
11410,Nick Young,29.22754,32.21466,LAL
11410,Roy Hibbert,24.50525,33.57689,LAL
11410,Lou Williams,12.45865,2.9032400000000003,LAL
11410,Julius Randle,22.26233,16.80683,LAL
11410,D'Angelo Russell,15.0618,48.18757,LAL
11420,Ball,27.09448,27.34335,Ball
11420,Nikola Vucevic,15.41348,29.16246,ORL
11420,Shabazz Napier,15.81096,36.41311,ORL
11420,Evan Fournier,9.57403,14.70039,ORL
11420,Aaron Gordon,19.03525,21.84124,ORL
11420,Mario Hezonja,25.52261,32.73132,ORL
11420,Nick Young,28.28033,29.35492,LAL
11420,Roy Hibbert,22.3622,34.33662,LAL
11420,Lou Williams,16.93985,3.7380500000000003,LAL
11420,Julius Randle,21.05388,15.57026,LAL
11420,D'Angelo Russell,15.42222,48.08506,LAL
11430,Ball,29.0343,27.97652,Ball
11430,Nikola Vucevic,14.92232,28.3882,ORL
11430,Shabazz Napier,14.62068,36.80086,ORL
11430,Evan Fournier,11.23404,14.585,ORL
11430,Aaron Gordon,18.87669,19.98783,ORL
11430,Mario Hezonja,24.4131,29.62097,ORL
11430,Nick Young,28.30879,28.71067,LAL
11430,Roy Hibbert,20.10111,34.30151,LAL
11430,Lou Williams,21.18874,5.47373,LAL
11430,Julius Randle,20.36963,15.0815,LAL
11430,D'Angelo Russell,17.07184,47.3157,LAL
11440,Ball,24.24646,37.07469,Ball
11440,Nikola Vucevic,14.12369,28.511870000000002,ORL
11440,Shabazz Napier,15.88202,38.92378,ORL
11440,Evan Fournier,13.93625,15.00563,ORL
11440,Aaron Gordon,18.2583,19.23333,ORL
11440,Mario Hezonja,24.72186,27.81026,ORL
11440,Nick Young,28.84163,29.31474,LAL
11440,Roy Hibbert,17.28418,33.39866,LAL
11440,Lou Williams,24.64792,7.32738,LAL
11440,Julius Randle,20.06265,14.62731,LAL
11440,D'Angelo Russell,19.6681,45.88757,LAL
11450,Ball,21.3922,43.73284,Ball
11450,Nikola Vucevic,13.08975,29.88439,ORL
11450,Shabazz Napier,17.92261,41.57431,ORL
11450,Evan Fournier,16.94778,16.0708,ORL
11450,Aaron Gordon,16.72938,19.35051,ORL
11450,Mario Hezonja,25.15033,27.33119,ORL
11450,Nick Young,29.80007,29.15577,LAL
11450,Roy Hibbert,14.10225,33.35174,LAL
11450,Lou Williams,26.87421,8.84492,LAL
11450,Julius Randle,19.81679,14.738620000000001,LAL
11450,D'Angelo Russell,20.82964,44.8807,LAL
11460,Ball,16.16316,40.15918,Ball
11460,Nikola Vucevic,12.46408,31.61796,ORL
11460,Shabazz Napier,18.85721,42.5219,ORL
11460,Evan Fournier,18.97559,17.40456,ORL
11460,Aaron Gordon,15.14719,19.0621,ORL
11460,Mario Hezonja,25.46185,27.1034,ORL
11460,Nick Young,30.78462,28.31142,LAL
11460,Roy Hibbert,12.0032,33.3277,LAL
11460,Lou Williams,28.26315,9.43649,LAL
11460,Julius Randle,19.12782,14.71913,LAL
11460,D'Angelo Russell,21.27512,44.32252,LAL
11470,Ball,9.42803,37.04276,Ball
11470,Nikola Vucevic,11.25834,33.30906,ORL
11470,Shabazz Napier,19.05185,41.80939,ORL
11470,Evan Fournier,19.76083,18.38775,ORL
11470,Aaron Gordon,13.58517,18.58718,ORL
11470,Mario Hezonja,24.65428,26.39081,ORL
11470,Nick Young,32.34836,27.37371,LAL
11470,Roy Hibbert,10.66239,34.98539,LAL
11470,Lou Williams,28.55685,9.7151,LAL
11470,Julius Randle,18.97646,14.3942,LAL
11470,D'Angelo Russell,21.10626,42.7572,LAL
11480,Ball,9.19433,38.57203,Ball
11480,Nikola Vucevic,9.59413,33.98928,ORL
11480,Shabazz Napier,18.10494,39.34465,ORL
11480,Evan Fournier,19.6971,18.43725,ORL
11480,Aaron Gordon,12.0757,18.43347,ORL
11480,Mario Hezonja,23.30387,25.92412,ORL
11480,Nick Young,33.45987,26.46251,LAL
11480,Roy Hibbert,9.07726,37.44231,LAL
11480,Lou Williams,26.85055,9.91724,LAL
11480,Julius Randle,19.26369,14.05978,LAL
11480,D'Angelo Russell,20.22911,38.74704,LAL
11490,Ball,8.98186,38.55589,Ball
11490,Nikola Vucevic,9.3011,34.16834,ORL
11490,Shabazz Napier,16.1593,35.39685,ORL
11490,Evan Fournier,19.38461,17.58244,ORL
11490,Aaron Gordon,10.61076,18.58663,ORL
11490,Mario Hezonja,22.15726,25.84604,ORL
11490,Nick Young,34.15888,26.19322,LAL
11490,Roy Hibbert,8.27783,37.39279,LAL
11490,Lou Williams,23.08722,10.26752,LAL
11490,Julius Randle,18.24618,15.30658,LAL
11490,D'Angelo Russell,17.5753,33.92445,LAL
11500,Ball,9.25479,38.03628,Ball
11500,Nikola Vucevic,9.64152,34.26633,ORL
11500,Shabazz Napier,13.39791,31.77644,ORL
11500,Evan Fournier,17.90106,17.50452,ORL
11500,Aaron Gordon,10.23684,19.12254,ORL
11500,Mario Hezonja,21.0151,26.50539,ORL
11500,Nick Young,34.7255,26.95054,LAL
11500,Roy Hibbert,8.40064,37.31415,LAL
11500,Lou Williams,19.13762,10.62392,LAL
11500,Julius Randle,16.07959,19.04225,LAL
11500,D'Angelo Russell,13.34115,29.981650000000002,LAL
11510,Ball,11.64779,35.21066,Ball
11510,Nikola Vucevic,9.73474,33.83953,ORL
11510,Shabazz Napier,10.17588,29.62288,ORL
11510,Evan Fournier,15.60815,17.0219,ORL
11510,Aaron Gordon,10.73158,21.9757,ORL
11510,Mario Hezonja,20.28807,27.43716,ORL
11510,Nick Young,34.89693,27.9831,LAL
11510,Roy Hibbert,9.2295,36.90509,LAL
11510,Lou Williams,15.83768,10.82063,LAL
11510,Julius Randle,14.09794,23.29301,LAL
11510,D'Angelo Russell,9.27992,26.30351,LAL
11520,Ball,14.4041,26.55859,Ball
11520,Nikola Vucevic,9.07877,33.24693,ORL
11520,Shabazz Napier,7.57231,27.49453,ORL
11520,Evan Fournier,13.07049,16.38732,ORL
11520,Aaron Gordon,11.00192,25.52176,ORL
11520,Mario Hezonja,20.26999,28.41756,ORL
11520,Nick Young,34.64105,28.63512,LAL
11520,Roy Hibbert,10.04583,36.70203,LAL
11520,Lou Williams,13.51906,10.39334,LAL
11520,Julius Randle,12.92047,26.2772,LAL
11520,D'Angelo Russell,5.80575,22.76985,LAL
11530,Ball,13.3805,27.12808,Ball
11530,Nikola Vucevic,8.7335,33.22939,ORL
11530,Shabazz Napier,5.90931,25.21336,ORL
11530,Evan Fournier,11.05353,16.3319,ORL
11530,Aaron Gordon,11.4066,27.19921,ORL
11530,Mario Hezonja,20.79463,29.20072,ORL
11530,Nick Young,34.65765,29.26347,LAL
11530,Roy Hibbert,10.73598,36.46483,LAL
11530,Lou Williams,13.272780000000001,9.20711,LAL
11530,Julius Randle,12.56729,27.82976,LAL
11530,D'Angelo Russell,4.51374,18.52685,LAL
11540,Ball,14.09074,26.46442,Ball
11540,Nikola Vucevic,9.03936,32.75661,ORL
11540,Shabazz Napier,6.13402,22.90026,ORL
11540,Evan Fournier,11.702210000000001,16.51746,ORL
11540,Aaron Gordon,10.9749,27.02346,ORL
11540,Mario Hezonja,20.69421,29.29962,ORL
11540,Nick Young,34.75809,29.31211,LAL
11540,Roy Hibbert,11.00899,35.76313,LAL
11540,Lou Williams,14.99658,8.03372,LAL
11540,Julius Randle,12.83659,26.64783,LAL
11540,D'Angelo Russell,4.90843,14.86117,LAL
11550,Ball,14.6409,23.85322,Ball
11550,Nikola Vucevic,9.40786,32.14158,ORL
11550,Shabazz Napier,6.23608,20.7201,ORL
11550,Evan Fournier,13.38981,16.71588,ORL
11550,Aaron Gordon,11.53744,25.41566,ORL
11550,Mario Hezonja,19.74531,28.4095,ORL
11550,Nick Young,34.9144,29.15104,LAL
11550,Roy Hibbert,11.4793,34.40847,LAL
11550,Lou Williams,18.07573,7.21841,LAL
11550,Julius Randle,13.98442,25.11762,LAL
11550,D'Angelo Russell,6.10461,11.23607,LAL
11560,Ball,16.74871,23.44725,Ball
11560,Nikola Vucevic,9.56118,31.06048,ORL
11560,Shabazz Napier,6.4762,18.67002,ORL
11560,Evan Fournier,15.09245,16.57652,ORL
11560,Aaron Gordon,13.09396,24.13918,ORL
11560,Mario Hezonja,18.0888,27.79114,ORL
11560,Nick Young,35.00761,29.30865,LAL
11560,Roy Hibbert,11.62001,31.48861,LAL
11560,Lou Williams,21.27339,7.35854,LAL
11560,Julius Randle,15.55544,24.02242,LAL
11560,D'Angelo Russell,7.54739,8.07997,LAL
11570,Ball,14.18774,23.88553,Ball
11570,Nikola Vucevic,9.56575,28.964010000000002,ORL
11570,Shabazz Napier,7.02395,17.41255,ORL
11570,Evan Fournier,16.99975,16.21014,ORL
11570,Aaron Gordon,14.76895,23.95645,ORL
11570,Mario Hezonja,16.26681,27.83426,ORL
11570,Nick Young,35.23813,29.5546,LAL
11570,Roy Hibbert,11.34968,28.4933,LAL
11570,Lou Williams,24.65982,7.67816,LAL
11570,Julius Randle,17.86099,23.37024,LAL
11570,D'Angelo Russell,9.35313,5.49904,LAL
11580,Ball,9.35917,24.3472,Ball
11580,Nikola Vucevic,9.3253,26.90783,ORL
11580,Shabazz Napier,7.23542,17.82038,ORL
11580,Evan Fournier,19.37225,16.18273,ORL
11580,Aaron Gordon,16.47258,23.59647,ORL
11580,Mario Hezonja,14.14734,28.21095,ORL
11580,Nick Young,36.10499,29.46251,LAL
11580,Roy Hibbert,10.72277,26.34781,LAL
11580,Lou Williams,28.024,7.79244,LAL
11580,Julius Randle,21.37341,22.41248,LAL
11580,D'Angelo Russell,10.98244,3.57545,LAL
11590,Ball,5.28913,24.92662,Ball
11590,Nikola Vucevic,8.62383,25.96872,ORL
11590,Shabazz Napier,7.02541,18.59289,ORL
11590,Evan Fournier,21.75012,15.67868,ORL
11590,Aaron Gordon,18.15569,22.6666,ORL
11590,Mario Hezonja,12.09809,28.45813,ORL
11590,Nick Young,37.42168,29.54955,LAL
11590,Roy Hibbert,9.3503,24.63644,LAL
11590,Lou Williams,31.66909,8.41527,LAL
11590,Julius Randle,25.34454,21.80423,LAL
11590,D'Angelo Russell,12.7057,2.14856,LAL
11610,Ball,5.1362,25.71282,Ball
11610,Nikola Vucevic,6.94657,26.08711,ORL
11610,Shabazz Napier,7.16008,18.84117,ORL
11610,Evan Fournier,27.28977,14.09531,ORL
11610,Aaron Gordon,19.54149,22.05761,ORL
11610,Mario Hezonja,10.54466,31.35617,ORL
11610,Nick Young,41.05001,30.03635,LAL
11610,Roy Hibbert,8.44097,23.00154,LAL
11610,Lou Williams,39.08829,10.0591,LAL
11610,Julius Randle,34.80171,20.72778,LAL
11610,D'Angelo Russell,16.0058,1.35629,LAL
11620,Ball,4.32198,25.26761,Ball
11620,Nikola Vucevic,5.28587,26.00392,ORL
11620,Shabazz Napier,6.85795,18.69211,ORL
11620,Evan Fournier,31.25103,12.9999,ORL
11620,Aaron Gordon,22.28004,22.51177,ORL
11620,Mario Hezonja,11.88378,33.79563,ORL
11620,Nick Young,43.70226,30.09822,LAL
11620,Roy Hibbert,10.09888,22.03212,LAL
11620,Lou Williams,43.2685,11.08765,LAL
11620,Julius Randle,40.52894,20.48189,LAL
11620,D'Angelo Russell,18.43162,2.85015,LAL
11630,Ball,2.00898,24.75355,Ball
11630,Nikola Vucevic,3.06532,25.32572,ORL
11630,Shabazz Napier,6.55125,18.67542,ORL
11630,Evan Fournier,35.61119,11.7901,ORL
11630,Aaron Gordon,26.7213,22.89918,ORL
11630,Mario Hezonja,14.52608,35.97612,ORL
11630,Nick Young,46.66906,29.88639,LAL
11630,Roy Hibbert,12.90643,21.84556,LAL
11630,Lou Williams,46.81976,12.50557,LAL
11630,Julius Randle,45.75581,20.52145,LAL
11630,D'Angelo Russell,20.86591,4.8321000000000005,LAL
11650,Ball,2.72752,23.23022,Ball
11650,Nikola Vucevic,-0.9942700000000001,25.07883,ORL
11650,Shabazz Napier,8.35649,20.03121,ORL
11650,Evan Fournier,46.48531,8.48908,ORL
11650,Aaron Gordon,38.61085,22.81216,ORL
11650,Mario Hezonja,23.1465,39.83486,ORL
11650,Nick Young,53.09703,27.61125,LAL
11650,Roy Hibbert,22.08679,22.21081,LAL
11650,Lou Williams,51.18933,19.33711,LAL
11650,Julius Randle,55.56983,21.09891,LAL
11650,D'Angelo Russell,26.02477,9.53522,LAL
11660,Ball,10.8113,23.12008,Ball
11660,Nikola Vucevic,-0.5896800000000001,24.23447,ORL
11660,Shabazz Napier,10.53248,21.75203,ORL
11660,Evan Fournier,52.50864,6.7956,ORL
11660,Aaron Gordon,45.40784,22.58577,ORL
11660,Mario Hezonja,28.59128,41.28408,ORL
11660,Nick Young,56.40335,24.43644,LAL
11660,Roy Hibbert,27.53847,22.89984,LAL
11660,Lou Williams,52.94106,23.37579,LAL
11660,Julius Randle,60.06512,21.39585,LAL
11660,D'Angelo Russell,28.99039,12.03075,LAL
11670,Ball,13.61977,24.73872,Ball
11670,Nikola Vucevic,2.05399,23.20671,ORL
11670,Shabazz Napier,13.45839,23.81938,ORL
11670,Evan Fournier,58.57879,5.50578,ORL
11670,Aaron Gordon,52.44486,22.53982,ORL
11670,Mario Hezonja,34.41567,42.25929,ORL
11670,Nick Young,60.38634,21.00515,LAL
11670,Roy Hibbert,33.09119,23.62811,LAL
11670,Lou Williams,55.10822,27.15794,LAL
11670,Julius Randle,64.32606,21.564,LAL
11670,D'Angelo Russell,32.25808,14.54082,LAL
11680,Ball,18.671030000000002,26.6372,Ball
11680,Nikola Vucevic,5.5830400000000004,22.8042,ORL
11680,Shabazz Napier,16.79916,25.50207,ORL
11680,Evan Fournier,64.54438,4.94861,ORL
11680,Aaron Gordon,59.69025,22.89982,ORL
11680,Mario Hezonja,40.53075,42.74405,ORL
11680,Nick Young,64.53104,17.48779,LAL
11680,Roy Hibbert,38.75141,24.28274,LAL
11680,Lou Williams,57.84472,30.47674,LAL
11680,Julius Randle,68.45034,21.63577,LAL
11680,D'Angelo Russell,35.71346,17.02306,LAL
11690,Ball,23.19872,27.7581,Ball
11690,Nikola Vucevic,9.69589,22.42294,ORL
11690,Shabazz Napier,20.67742,26.95036,ORL
11690,Evan Fournier,70.42887,5.63921,ORL
11690,Aaron Gordon,66.98549,23.56165,ORL
11690,Mario Hezonja,46.79289,42.4649,ORL
11690,Nick Young,69.16128,14.98021,LAL
11690,Roy Hibbert,44.2524,24.76605,LAL
11690,Lou Williams,60.9587,33.04019,LAL
11690,Julius Randle,71.82769,22.04471,LAL
11690,D'Angelo Russell,39.28582,19.27522,LAL
11700,Ball,27.23026,28.73346,Ball
11700,Nikola Vucevic,14.59067,22.28372,ORL
11700,Shabazz Napier,24.61102,28.32804,ORL
11700,Evan Fournier,76.11719,7.86324,ORL
11700,Aaron Gordon,73.91118,23.88064,ORL
11700,Mario Hezonja,52.90573,41.77495,ORL
11700,Nick Young,73.67588,13.51487,LAL
11700,Roy Hibbert,49.70117,25.10192,LAL
11700,Lou Williams,64.04676,34.67334,LAL
11700,Julius Randle,74.77092,22.73632,LAL
11700,D'Angelo Russell,42.84156,21.314329999999998,LAL
11710,Ball,30.85644,29.75857,Ball
11710,Nikola Vucevic,19.93654,21.99752,ORL
11710,Shabazz Napier,28.51479,29.63339,ORL
11710,Evan Fournier,81.03351,11.55295,ORL
11710,Aaron Gordon,80.08449,24.12208,ORL
11710,Mario Hezonja,58.70168,40.64167,ORL
11710,Nick Young,77.95252,13.64875,LAL
11710,Roy Hibbert,54.82126,25.01553,LAL
11710,Lou Williams,66.90465,35.55576,LAL
11710,Julius Randle,77.26256,22.98173,LAL
11710,D'Angelo Russell,46.28019,23.20351,LAL
11720,Ball,34.47098,30.46137,Ball
11720,Nikola Vucevic,25.50489,21.63803,ORL
11720,Shabazz Napier,32.59671,30.95847,ORL
11720,Evan Fournier,84.91956,16.17125,ORL
11720,Aaron Gordon,84.87981,22.98224,ORL
11720,Mario Hezonja,64.28567,39.51715,ORL
11720,Nick Young,81.44237,15.4869,LAL
11720,Roy Hibbert,59.67284,24.94878,LAL
11720,Lou Williams,69.69966,35.63545,LAL
11720,Julius Randle,79.90145,23.33376,LAL
11720,D'Angelo Russell,49.6504,25.10292,LAL
11730,Ball,38.21479,31.20406,Ball
11730,Nikola Vucevic,31.23895,21.32358,ORL
11730,Shabazz Napier,36.76236,32.09353,ORL
11730,Evan Fournier,87.46131,21.09488,ORL
11730,Aaron Gordon,88.76522,22.67284,ORL
11730,Mario Hezonja,69.62258,38.78164,ORL
11730,Nick Young,84.16264,18.51422,LAL
11730,Roy Hibbert,63.50672,25.07453,LAL
11730,Lou Williams,72.60095,35.36678,LAL
11730,Julius Randle,82.25717,23.38947,LAL
11730,D'Angelo Russell,52.89133,27.04814,LAL
11740,Ball,41.69077,32.38237,Ball
11740,Nikola Vucevic,36.80556,20.97294,ORL
11740,Shabazz Napier,40.73964,32.96522,ORL
11740,Evan Fournier,87.97076,25.61469,ORL
11740,Aaron Gordon,90.48071,22.32241,ORL
11740,Mario Hezonja,74.53036,38.16312,ORL
11740,Nick Young,85.40166,23.26111,LAL
11740,Roy Hibbert,66.57727,25.20945,LAL
11740,Lou Williams,75.15074,34.69226,LAL
11740,Julius Randle,84.44427,22.6851,LAL
11740,D'Angelo Russell,55.8162,28.91855,LAL
11750,Ball,45.1412,32.62941,Ball
11750,Nikola Vucevic,42.2036,20.73492,ORL
11750,Shabazz Napier,44.41831,33.67401,ORL
11750,Evan Fournier,87.60964,30.40894,ORL
11750,Aaron Gordon,90.52776,21.5066,ORL
11750,Mario Hezonja,78.56866,37.22261,ORL
11750,Nick Young,87.02657,26.63473,LAL
11750,Roy Hibbert,69.31976,24.93436,LAL
11750,Lou Williams,77.85166,34.09926,LAL
11750,Julius Randle,85.15666,22.70408,LAL
11750,D'Angelo Russell,58.0884,30.70559,LAL
11760,Ball,48.95974,33.31897,Ball
11760,Nikola Vucevic,47.23373,20.52836,ORL
11760,Shabazz Napier,47.95459,34.20237,ORL
11760,Evan Fournier,86.56301,35.45649,ORL
11760,Aaron Gordon,90.32688,21.63879,ORL
11760,Mario Hezonja,81.80145,36.06478,ORL
11760,Nick Young,86.71963,30.51152,LAL
11760,Roy Hibbert,71.45755,24.82272,LAL
11760,Lou Williams,80.34412,34.08819,LAL
11760,Julius Randle,86.39564,22.21683,LAL
11760,D'Angelo Russell,60.43615,32.15489,LAL
11770,Ball,51.30453,33.4225,Ball
11770,Nikola Vucevic,51.7566,20.40223,ORL
11770,Shabazz Napier,50.92439,34.57594,ORL
11770,Evan Fournier,83.66511,39.31284,ORL
11770,Aaron Gordon,89.76168,23.14117,ORL
11770,Mario Hezonja,83.92134,34.85366,ORL
11770,Nick Young,86.42655,34.11366,LAL
11770,Roy Hibbert,73.31194,24.57303,LAL
11770,Lou Williams,82.19183,33.90961,LAL
11770,Julius Randle,86.8185,21.40499,LAL
11770,D'Angelo Russell,62.54645,32.92332,LAL
11780,Ball,54.28703,33.88125,Ball
11780,Nikola Vucevic,55.7753,20.11951,ORL
11780,Shabazz Napier,53.31165,34.90864,ORL
11780,Evan Fournier,79.88348,41.9305,ORL
11780,Aaron Gordon,89.19481,24.20753,ORL
11780,Mario Hezonja,85.3186,33.55093,ORL
11780,Nick Young,84.96908,37.44473,LAL
11780,Roy Hibbert,74.73896,24.12137,LAL
11780,Lou Williams,83.57709,33.59062,LAL
11780,Julius Randle,86.70178,21.22912,LAL
11780,D'Angelo Russell,64.22833,33.35156,LAL
11790,Ball,55.15374,33.88591,Ball
11790,Nikola Vucevic,59.2528,19.92169,ORL
11790,Shabazz Napier,55.19636,35.28836,ORL
11790,Evan Fournier,77.08201,43.61211,ORL
11790,Aaron Gordon,88.99597,24.24059,ORL
11790,Mario Hezonja,85.49191,32.99653,ORL
11790,Nick Young,82.68633,39.98567,LAL
11790,Roy Hibbert,75.69153,23.96571,LAL
11790,Lou Williams,84.5072,33.11141,LAL
11790,Julius Randle,86.62708,21.32793,LAL
11790,D'Angelo Russell,65.60822,33.64431,LAL
11800,Ball,57.32564,34.34652,Ball
11800,Nikola Vucevic,62.63712,19.20893,ORL
11800,Shabazz Napier,56.83932,35.40815,ORL
11800,Evan Fournier,75.93645,44.26901,ORL
11800,Aaron Gordon,88.93027,22.82089,ORL
11800,Mario Hezonja,84.90004,33.00399,ORL
11800,Nick Young,80.38008,40.74091,LAL
11800,Roy Hibbert,76.68403,23.82111,LAL
11800,Lou Williams,85.01645,33.24249,LAL
11800,Julius Randle,86.40194,20.50747,LAL
11800,D'Angelo Russell,66.46727,33.30638,LAL
11810,Ball,58.05306,34.38336,Ball
11810,Nikola Vucevic,66.12366,17.69358,ORL
11810,Shabazz Napier,58.02458,35.64237,ORL
11810,Evan Fournier,76.4756,43.99555,ORL
11810,Aaron Gordon,88.64895,20.53836,ORL
11810,Mario Hezonja,84.26076,33.16583,ORL
11810,Nick Young,79.78209,41.06311,LAL
11810,Roy Hibbert,77.59713,23.71711,LAL
11810,Lou Williams,85.42544,34.03697,LAL
11810,Julius Randle,86.3349,19.82703,LAL
11810,D'Angelo Russell,66.98082,33.20154,LAL
11820,Ball,58.45508,34.26631,Ball
11820,Nikola Vucevic,69.16842,15.75501,ORL
11820,Shabazz Napier,58.84208,35.35582,ORL
11820,Evan Fournier,77.4762,42.78524,ORL
11820,Aaron Gordon,88.02711,18.4721,ORL
11820,Mario Hezonja,84.13572,33.36025,ORL
11820,Nick Young,79.7521,40.83255,LAL
11820,Roy Hibbert,78.337,23.35648,LAL
11820,Lou Williams,85.86934,34.04753,LAL
11820,Julius Randle,86.27142,18.40497,LAL
11820,D'Angelo Russell,67.36168,33.51077,LAL
11830,Ball,59.35384,33.75668,Ball
11830,Nikola Vucevic,71.97564,14.63783,ORL
11830,Shabazz Napier,59.20538,34.9845,ORL
11830,Evan Fournier,78.41866,41.14065,ORL
11830,Aaron Gordon,87.53703,18.35625,ORL
11830,Mario Hezonja,83.98871,33.598910000000004,ORL
11830,Nick Young,79.84895,39.52895,LAL
11830,Roy Hibbert,78.98547,22.29997,LAL
11830,Lou Williams,86.23989,33.64769,LAL
11830,Julius Randle,85.88933,17.9334,LAL
11830,D'Angelo Russell,67.59561,33.53265,LAL
11840,Ball,58.45895,33.68437,Ball
11840,Nikola Vucevic,74.31969,13.95732,ORL
11840,Shabazz Napier,59.15178,34.64042,ORL
11840,Evan Fournier,79.19267,39.81734,ORL
11840,Aaron Gordon,87.10964,19.83054,ORL
11840,Mario Hezonja,83.36609,34.04497,ORL
11840,Nick Young,80.50784,38.23538,LAL
11840,Roy Hibbert,79.59778,20.84155,LAL
11840,Lou Williams,86.08494,33.74963,LAL
11840,Julius Randle,85.13137,18.21819,LAL
11840,D'Angelo Russell,67.23279,32.78993,LAL
11850,Ball,59.16427,33.58821,Ball
11850,Nikola Vucevic,75.68226,12.02588,ORL
11850,Shabazz Napier,59.05824,34.58759,ORL
11850,Evan Fournier,79.88426,38.70809,ORL
11850,Aaron Gordon,86.46965,22.0836,ORL
11850,Mario Hezonja,82.8599,34.984140000000004,ORL
11850,Nick Young,80.84101,36.74757,LAL
11850,Roy Hibbert,80.52769,19.69038,LAL
11850,Lou Williams,85.66706,33.90927,LAL
11850,Julius Randle,84.99995,19.41323,LAL
11850,D'Angelo Russell,67.359,32.82878,LAL
11860,Ball,58.44851,33.53477,Ball
11860,Nikola Vucevic,76.62696,11.55319,ORL
11860,Shabazz Napier,58.81849,34.70497,ORL
11860,Evan Fournier,80.95006,37.98263,ORL
11860,Aaron Gordon,85.62773,23.73458,ORL
11860,Mario Hezonja,82.48674,35.04089,ORL
11860,Nick Young,80.46688,35.32407,LAL
11860,Roy Hibbert,80.75096,18.34715,LAL
11860,Lou Williams,85.02011,33.59905,LAL
11860,Julius Randle,84.76555,21.1111,LAL
11860,D'Angelo Russell,67.47939,33.07527,LAL
11870,Ball,57.59414,33.17028,Ball
11870,Nikola Vucevic,77.53383,11.67392,ORL
11870,Shabazz Napier,58.28996,34.23816,ORL
11870,Evan Fournier,82.75878,37.12061,ORL
11870,Aaron Gordon,85.0319,25.57116,ORL
11870,Mario Hezonja,82.80154,32.69773,ORL
11870,Nick Young,79.42881,34.28606,LAL
11870,Roy Hibbert,80.59887,17.01739,LAL
11870,Lou Williams,84.7908,33.0823,LAL
11870,Julius Randle,84.28571,22.22586,LAL
11870,D'Angelo Russell,67.35608,32.63575,LAL
11880,Ball,58.27543,32.25195,Ball
11880,Nikola Vucevic,78.26496,11.45335,ORL
11880,Shabazz Napier,58.10186,33.61283,ORL
11880,Evan Fournier,84.22258,36.12271,ORL
11880,Aaron Gordon,84.76613,26.24911,ORL
11880,Mario Hezonja,84.84264,29.90544,ORL
11880,Nick Young,78.66663,32.94232,LAL
11880,Roy Hibbert,80.22079,16.07855,LAL
11880,Lou Williams,84.63154,31.2047,LAL
11880,Julius Randle,84.53805,22.7192,LAL
11880,D'Angelo Russell,67.11347,31.82206,LAL
11890,Ball,57.28188,32.14288,Ball
11890,Nikola Vucevic,78.28539,11.47066,ORL
11890,Shabazz Napier,58.06015,33.16935,ORL
11890,Evan Fournier,85.45706,35.86295,ORL
11890,Aaron Gordon,85.05902,26.80711,ORL
11890,Mario Hezonja,87.59829,25.49954,ORL
11890,Nick Young,78.67718,33.1587,LAL
11890,Roy Hibbert,80.24425,15.29771,LAL
11890,Lou Williams,83.475,28.7243,LAL
11890,Julius Randle,84.56796,23.27677,LAL
11890,D'Angelo Russell,67.10731,31.52272,LAL
11900,Ball,57.43955,30.94867,Ball
11900,Nikola Vucevic,77.51301,12.32484,ORL
11900,Shabazz Napier,58.18978,32.04809,ORL
11900,Evan Fournier,86.18829,36.67667,ORL
11900,Aaron Gordon,85.9768,27.40302,ORL
11900,Mario Hezonja,88.38912,19.42644,ORL
11900,Nick Young,79.25913,33.59528,LAL
11900,Roy Hibbert,80.10818,15.16186,LAL
11900,Lou Williams,81.02957,25.10202,LAL
11900,Julius Randle,83.91337,23.62136,LAL
11900,D'Angelo Russell,67.079,30.92127,LAL
11910,Ball,57.85815,27.75983,Ball
11910,Nikola Vucevic,76.35541,13.06179,ORL
11910,Shabazz Napier,58.76488,29.39597,ORL
11910,Evan Fournier,86.79647,38.30016,ORL
11910,Aaron Gordon,87.60725,27.24098,ORL
11910,Mario Hezonja,86.32408,13.81854,ORL
11910,Nick Young,80.5362,34.05072,LAL
11910,Roy Hibbert,80.12423,15.58706,LAL
11910,Lou Williams,78.36933,20.72563,LAL
11910,Julius Randle,84.15042,24.18903,LAL
11910,D'Angelo Russell,67.24084,28.88315,LAL
11920,Ball,60.30607,24.54547,Ball
11920,Nikola Vucevic,75.71763,13.51829,ORL
11920,Shabazz Napier,59.93645,25.68297,ORL
11920,Evan Fournier,87.13166,40.35738,ORL
11920,Aaron Gordon,88.68707,24.90267,ORL
11920,Mario Hezonja,84.53106,9.28824,ORL
11920,Nick Young,82.01078,34.99259,LAL
11920,Roy Hibbert,79.93302,16.01723,LAL
11920,Lou Williams,77.49017,15.80776,LAL
11920,Julius Randle,85.22206,24.55292,LAL
11920,D'Angelo Russell,67.27606,26.17125,LAL
11930,Ball,70.8841,17.80754,Ball
11930,Nikola Vucevic,76.1495,12.97363,ORL
11930,Shabazz Napier,61.67728,22.2643,ORL
11930,Evan Fournier,86.72578,42.45301,ORL
11930,Aaron Gordon,88.70181,21.51999,ORL
11930,Mario Hezonja,85.05269,5.88207,ORL
11930,Nick Young,83.00083,36.33486,LAL
11930,Roy Hibbert,79.83907,16.21951,LAL
11930,Lou Williams,78.95824,12.06977,LAL
11930,Julius Randle,86.59033,24.35054,LAL
11930,D'Angelo Russell,68.1269,23.87975,LAL
11940,Ball,81.30263,11.19735,Ball
11940,Nikola Vucevic,76.2243,12.68228,ORL
11940,Shabazz Napier,62.73265,19.06177,ORL
11940,Evan Fournier,86.0549,44.3149,ORL
11940,Aaron Gordon,88.12778,19.11978,ORL
11940,Mario Hezonja,86.90587,4.99537,ORL
11940,Nick Young,83.63028,37.35426,LAL
11940,Roy Hibbert,79.79936000000001,16.08304,LAL
11940,Lou Williams,81.21279,10.15647,LAL
11940,Julius Randle,87.0565,23.12895,LAL
11940,D'Angelo Russell,69.77969,22.74999,LAL
11950,Ball,89.09808,7.9213000000000005,Ball
11950,Nikola Vucevic,76.10882,12.30006,ORL
11950,Shabazz Napier,62.41494,17.26626,ORL
11950,Evan Fournier,85.72901,46.12571,ORL
11950,Aaron Gordon,87.09722,18.31268,ORL
11950,Mario Hezonja,89.04293,6.95916,ORL
11950,Nick Young,84.4523,37.9439,LAL
11950,Roy Hibbert,79.67039,15.99086,LAL
11950,Lou Williams,84.65314,9.46436,LAL
11950,Julius Randle,87.59356,21.23989,LAL
11950,D'Angelo Russell,71.58802,22.42271,LAL
11960,Ball,91.08987,9.2939,Ball
11960,Nikola Vucevic,75.67375,11.36488,ORL
11960,Shabazz Napier,61.79715,17.58707,ORL
11960,Evan Fournier,86.70494,47.31828,ORL
11960,Aaron Gordon,86.73177,18.19638,ORL
11960,Mario Hezonja,90.40595,10.64268,ORL
11960,Nick Young,85.43245,37.82657,LAL
11960,Roy Hibbert,78.94375,16.15891,LAL
11960,Lou Williams,88.07914,10.80616,LAL
11960,Julius Randle,88.15434,19.76196,LAL
11960,D'Angelo Russell,72.58621,22.24116,LAL
11970,Ball,91.86672,10.37064,Ball
11970,Nikola Vucevic,75.27393000000001,10.81565,ORL
11970,Shabazz Napier,61.346940000000004,19.24117,ORL
11970,Evan Fournier,88.5436,47.98837,ORL
11970,Aaron Gordon,86.69043,18.38007,ORL
11970,Mario Hezonja,90.91074,12.54189,ORL
11970,Nick Young,86.23925,37.71666,LAL
11970,Roy Hibbert,78.62728,16.32618,LAL
11970,Lou Williams,89.12006,12.46738,LAL
11970,Julius Randle,88.59681,19.6054,LAL
11970,D'Angelo Russell,73.13649,22.74289,LAL
11980,Ball,92.75691,10.25853,Ball
11980,Nikola Vucevic,75.21159,9.41989,ORL
11980,Shabazz Napier,61.34301,20.96766,ORL
11980,Evan Fournier,90.07594,48.38945,ORL
11980,Aaron Gordon,86.15654,18.47542,ORL
11980,Mario Hezonja,90.41811,11.18824,ORL
11980,Nick Young,87.34838,38.26995,LAL
11980,Roy Hibbert,78.91923,16.12604,LAL
11980,Lou Williams,89.1046,13.05737,LAL
11980,Julius Randle,88.21256,19.57805,LAL
11980,D'Angelo Russell,73.05642,23.08855,LAL
11990,Ball,88.58418,7.75763,Ball
11990,Nikola Vucevic,74.7304,8.49286,ORL
11990,Shabazz Napier,60.98867,22.99509,ORL
11990,Evan Fournier,90.29205,48.65881,ORL
11990,Aaron Gordon,86.29247,18.19961,ORL
11990,Mario Hezonja,88.81547,9.54655,ORL
11990,Nick Young,88.35577,38.55709,LAL
11990,Roy Hibbert,79.09935,15.34595,LAL
11990,Lou Williams,88.2875,12.66263,LAL
11990,Julius Randle,87.71411,19.2052,LAL
11990,D'Angelo Russell,72.83187,23.32489,LAL
12000,Ball,85.83081,7.517,Ball
12000,Nikola Vucevic,74.11317,8.1672,ORL
12000,Shabazz Napier,59.9333,24.82281,ORL
12000,Evan Fournier,89.09529,48.76057,ORL
12000,Aaron Gordon,86.53386,17.39388,ORL
12000,Mario Hezonja,86.95097,8.906130000000001,ORL
12000,Nick Young,87.92684,38.27413,LAL
12000,Roy Hibbert,79.09779,14.8311,LAL
12000,Lou Williams,86.98747,12.24569,LAL
12000,Julius Randle,87.68781,19.23162,LAL
12000,D'Angelo Russell,72.59299,24.04605,LAL
12010,Ball,84.34868,7.54711,Ball
12010,Nikola Vucevic,73.93381,7.62975,ORL
12010,Shabazz Napier,58.81639,26.52761,ORL
12010,Evan Fournier,87.36483,48.61284,ORL
12010,Aaron Gordon,87.09698,15.73845,ORL
12010,Mario Hezonja,85.39817,9.20782,ORL
12010,Nick Young,87.64551,37.5261,LAL
12010,Roy Hibbert,79.07045,15.06607,LAL
12010,Lou Williams,85.95101,12.2255,LAL
12010,Julius Randle,87.42138,18.47277,LAL
12010,D'Angelo Russell,71.72858,24.91508,LAL
12020,Ball,80.98713,7.76189,Ball
12020,Nikola Vucevic,73.8031,7.775,ORL
12020,Shabazz Napier,57.80646,28.16857,ORL
12020,Evan Fournier,85.32483,48.47577,ORL
12020,Aaron Gordon,87.09125,14.83493,ORL
12020,Mario Hezonja,84.14956,8.38304,ORL
12020,Nick Young,87.38763,36.77158,LAL
12020,Roy Hibbert,79.02351,15.34838,LAL
12020,Lou Williams,85.19006,12.45344,LAL
12020,Julius Randle,87.07376,17.50115,LAL
12020,D'Angelo Russell,71.23965,25.54773,LAL
12030,Ball,74.15683,8.79147,Ball
12030,Nikola Vucevic,73.28039,9.03204,ORL
12030,Shabazz Napier,57.06035,29.53281,ORL
12030,Evan Fournier,83.29865,48.47579,ORL
12030,Aaron Gordon,86.02158,15.12017,ORL
12030,Mario Hezonja,84.12306,7.00013,ORL
12030,Nick Young,86.27888,36.6025,LAL
12030,Roy Hibbert,78.87122,15.39536,LAL
12030,Lou Williams,85.51606,12.23255,LAL
12030,Julius Randle,87.31729,17.19465,LAL
12030,D'Angelo Russell,70.65602,26.1864,LAL
12040,Ball,73.64313,10.52284,Ball
12040,Nikola Vucevic,72.81346,10.31367,ORL
12040,Shabazz Napier,56.90364,30.34583,ORL
12040,Evan Fournier,81.48734,48.11025,ORL
12040,Aaron Gordon,85.87646,15.37849,ORL
12040,Mario Hezonja,84.47342,5.28642,ORL
12040,Nick Young,84.59104,36.84702,LAL
12040,Roy Hibbert,78.3344,15.69143,LAL
12040,Lou Williams,85.67339,11.41074,LAL
12040,Julius Randle,87.20295,17.19827,LAL
12040,D'Angelo Russell,69.07041,26.40283,LAL
12050,Ball,72.607,10.75742,Ball
12050,Nikola Vucevic,72.85688,11.44692,ORL
12050,Shabazz Napier,56.7883,30.36975,ORL
12050,Evan Fournier,79.74701,47.73357,ORL
12050,Aaron Gordon,86.01155,14.48384,ORL
12050,Mario Hezonja,84.29689,3.50988,ORL
12050,Nick Young,82.88592,38.03354,LAL
12050,Roy Hibbert,78.11805,16.16572,LAL
12050,Lou Williams,85.89811,10.84716,LAL
12050,Julius Randle,86.83206,17.75857,LAL
12050,D'Angelo Russell,67.56449,26.09615,LAL
12060,Ball,70.87967,12.602640000000001,Ball
12060,Nikola Vucevic,72.33823,11.96933,ORL
12060,Shabazz Napier,56.2937,29.59482,ORL
12060,Evan Fournier,78.19017,47.53433,ORL
12060,Aaron Gordon,86.04922,12.69932,ORL
12060,Mario Hezonja,84.35384,2.30104,ORL
12060,Nick Young,81.21326,38.99062,LAL
12060,Roy Hibbert,78.0649,16.81098,LAL
12060,Lou Williams,85.69257,10.15901,LAL
12060,Julius Randle,87.16144,17.75695,LAL
12060,D'Angelo Russell,66.05625,25.77097,LAL
12070,Ball,69.04936,13.79215,Ball
12070,Nikola Vucevic,70.9966,13.22487,ORL
12070,Shabazz Napier,55.47167,28.60346,ORL
12070,Evan Fournier,77.8017,47.31526,ORL
12070,Aaron Gordon,86.06785,11.25102,ORL
12070,Mario Hezonja,83.97463,1.81764,ORL
12070,Nick Young,79.53911,40.02881,LAL
12070,Roy Hibbert,77.63393,17.1482,LAL
12070,Lou Williams,85.25443,9.30893,LAL
12070,Julius Randle,87.57144,17.23599,LAL
12070,D'Angelo Russell,64.61856,25.44176,LAL
12080,Ball,67.50351,14.98777,Ball
12080,Nikola Vucevic,69.66383,15.88886,ORL
12080,Shabazz Napier,54.28152,26.92726,ORL
12080,Evan Fournier,77.38215,47.23444,ORL
12080,Aaron Gordon,85.66567,10.32242,ORL
12080,Mario Hezonja,82.95182,1.86158,ORL
12080,Nick Young,78.84228,40.80053,LAL
12080,Roy Hibbert,76.9769,17.95918,LAL
12080,Lou Williams,84.83453,8.54595,LAL
12080,Julius Randle,87.5444,17.23429,LAL
12080,D'Angelo Russell,63.75731,25.11785,LAL
12090,Ball,67.29201,20.9044,Ball
12090,Nikola Vucevic,68.60192,18.95795,ORL
12090,Shabazz Napier,53.62468,25.41932,ORL
12090,Evan Fournier,77.08217,47.11689,ORL
12090,Aaron Gordon,85.80431,10.27212,ORL
12090,Mario Hezonja,81.55289,2.19702,ORL
12090,Nick Young,78.00267,41.31059,LAL
12090,Roy Hibbert,75.39459,18.76002,LAL
12090,Lou Williams,84.45257,8.22582,LAL
12090,Julius Randle,87.28317,17.07801,LAL
12090,D'Angelo Russell,63.28036,24.3329,LAL
12100,Ball,69.3451,24.44978,Ball
12100,Nikola Vucevic,69.7816,22.8122,ORL
12100,Shabazz Napier,53.76527,25.26605,ORL
12100,Evan Fournier,77.60093,46.60722,ORL
12100,Aaron Gordon,86.3392,10.06264,ORL
12100,Mario Hezonja,79.70309,2.57912,ORL
12100,Nick Young,77.81416,41.60353,LAL
12100,Roy Hibbert,75.58296,20.94906,LAL
12100,Lou Williams,83.91025,7.92766,LAL
12100,Julius Randle,87.15207,16.31068,LAL
12100,D'Angelo Russell,63.27011,23.36057,LAL
12110,Ball,73.04001,28.57155,Ball
12110,Nikola Vucevic,73.34416,26.71538,ORL
12110,Shabazz Napier,54.38022,25.23699,ORL
12110,Evan Fournier,77.91614,45.95836,ORL
12110,Aaron Gordon,86.76753,11.26905,ORL
12110,Mario Hezonja,77.60393,2.80164,ORL
12110,Nick Young,78.69488,41.4353,LAL
12110,Roy Hibbert,77.55932,24.24801,LAL
12110,Lou Williams,82.38399,7.20957,LAL
12110,Julius Randle,87.45958,16.09081,LAL
12110,D'Angelo Russell,64.29681,23.05544,LAL
12120,Ball,78.3442,30.7685,Ball
12120,Nikola Vucevic,78.05972,29.23136,ORL
12120,Shabazz Napier,55.14912,24.83044,ORL
12120,Evan Fournier,77.03741,45.76426,ORL
12120,Aaron Gordon,86.4287,13.19084,ORL
12120,Mario Hezonja,75.91552,4.04928,ORL
12120,Nick Young,79.39711,40.80154,LAL
12120,Roy Hibbert,81.13625,27.05501,LAL
12120,Lou Williams,81.82166,8.52153,LAL
12120,Julius Randle,87.59453,16.51724,LAL
12120,D'Angelo Russell,65.96981,22.71659,LAL
12130,Ball,80.74363,31.12765,Ball
12130,Nikola Vucevic,81.55728,29.72313,ORL
12130,Shabazz Napier,55.87272,24.946,ORL
12130,Evan Fournier,75.49407,45.30282,ORL
12130,Aaron Gordon,85.80609,15.29477,ORL
12130,Mario Hezonja,74.72772,5.3587,ORL
12130,Nick Young,80.05222,40.12278,LAL
12130,Roy Hibbert,83.71352,28.62129,LAL
12130,Lou Williams,81.65454,10.62422,LAL
12130,Julius Randle,87.34128,17.2658,LAL
12130,D'Angelo Russell,68.46588,22.43119,LAL
12140,Ball,81.87,32.29283,Ball
12140,Nikola Vucevic,83.75281,30.33816,ORL
12140,Shabazz Napier,56.38732,25.00052,ORL
12140,Evan Fournier,73.6407,44.38202,ORL
12140,Aaron Gordon,85.27103,16.7223,ORL
12140,Mario Hezonja,73.35805,6.30802,ORL
12140,Nick Young,80.50218,39.26487,LAL
12140,Roy Hibbert,85.49735,29.32425,LAL
12140,Lou Williams,81.79467,12.79483,LAL
12140,Julius Randle,87.04985,18.87113,LAL
12140,D'Angelo Russell,71.50405,23.12729,LAL
12150,Ball,83.40308,33.67633,Ball
12150,Nikola Vucevic,84.34128,31.71039,ORL
12150,Shabazz Napier,56.86518,24.73307,ORL
12150,Evan Fournier,71.25797,43.13295,ORL
12150,Aaron Gordon,85.19414,17.56965,ORL
12150,Mario Hezonja,72.06627,7.33159,ORL
12150,Nick Young,80.403,38.04133,LAL
12150,Roy Hibbert,86.35851,29.56225,LAL
12150,Lou Williams,82.00487,14.67966,LAL
12150,Julius Randle,86.86265,19.91942,LAL
12150,D'Angelo Russell,74.31207,24.19702,LAL
