54430,Ball,27.6753,20.05604,Ball
54430,Jameer Nelson,51.43719,21.11017,DEN
54430,Darrell Arthur,32.03667,28.777,DEN
54430,Will Barton,26.55693,21.39096,DEN
54430,Nikola Jokic,55.55811,28.55895,DEN
54430,Emmanuel Mudiay,42.4427,46.23787,DEN
54430,Luol Deng,61.7069,33.78579,MIA
54430,Beno Udrih,56.21916,36.54173,MIA
54430,Hassan Whiteside,49.57448,29.92373,MIA
54430,Tyler Johnson,59.65464,19.65086,MIA
54430,Justise Winslow,40.54139,23.04944,MIA
54440,Ball,32.66184,18.12308,Ball
54440,Jameer Nelson,54.19019,24.9373,DEN
54440,Darrell Arthur,37.95296,27.99237,DEN
54440,Will Barton,32.68898,19.3539,DEN
54440,Nikola Jokic,62.41534,27.5456,DEN
54440,Emmanuel Mudiay,48.29849,45.81209,DEN
54440,Luol Deng,66.52111,32.07717,MIA
54440,Beno Udrih,60.26014,37.36016,MIA
54440,Hassan Whiteside,57.1597,28.58496,MIA
54440,Tyler Johnson,61.90805,21.33914,MIA
54440,Justise Winslow,45.92384,22.47395,MIA
54450,Ball,39.05561,15.13353,Ball
54450,Jameer Nelson,56.64936,28.90022,DEN
54450,Darrell Arthur,43.86089,27.56631,DEN
54450,Will Barton,38.79413,17.23068,DEN
54450,Nikola Jokic,67.87577,26.09634,DEN
54450,Emmanuel Mudiay,53.33143,45.34268,DEN
54450,Luol Deng,70.49644,30.69344,MIA
54450,Beno Udrih,64.19643,37.58328,MIA
54450,Hassan Whiteside,64.1666,27.69004,MIA
54450,Tyler Johnson,63.55588,23.53885,MIA
54450,Justise Winslow,51.17672,21.52577,MIA
54460,Ball,44.30259,13.95774,Ball
54460,Jameer Nelson,59.13221,32.86537,DEN
54460,Darrell Arthur,49.49886,27.10958,DEN
54460,Will Barton,44.63263,15.05225,DEN
54460,Nikola Jokic,71.94178,24.31287,DEN
54460,Emmanuel Mudiay,56.98029,43.82053,DEN
54460,Luol Deng,73.27808,29.45109,MIA
54460,Beno Udrih,67.66823,37.36132,MIA
54460,Hassan Whiteside,70.36148,27.2516,MIA
54460,Tyler Johnson,65.17664,25.96193,MIA
54460,Justise Winslow,55.99259,19.68755,MIA
54470,Ball,51.28901,11.83258,Ball
54470,Jameer Nelson,61.88969,36.50831,DEN
54470,Darrell Arthur,54.6609,26.30214,DEN
54470,Will Barton,50.13169,13.41452,DEN
54470,Nikola Jokic,75.05864,22.17956,DEN
54470,Emmanuel Mudiay,58.9684,41.31218,DEN
54470,Luol Deng,74.50519,28.52419,MIA
54470,Beno Udrih,69.48178,36.13873,MIA
54470,Hassan Whiteside,75.98389,25.77757,MIA
54470,Tyler Johnson,66.34553,28.09511,MIA
54470,Justise Winslow,60.13409,17.44835,MIA
54480,Ball,55.02433,10.710280000000001,Ball
54480,Jameer Nelson,65.01,39.71166,DEN
54480,Darrell Arthur,59.01955,25.01339,DEN
54480,Will Barton,55.32774,12.07846,DEN
54480,Nikola Jokic,77.8456,20.2883,DEN
54480,Emmanuel Mudiay,59.43155,38.42621,DEN
54480,Luol Deng,74.17096,27.26401,MIA
54480,Beno Udrih,69.52396,33.76527,MIA
54480,Hassan Whiteside,79.37358,23.74095,MIA
54480,Tyler Johnson,66.21297,29.1648,MIA
54480,Justise Winslow,63.62022,15.46621,MIA
54490,Ball,60.52582,13.25816,Ball
54490,Jameer Nelson,68.38157,42.35366,DEN
54490,Darrell Arthur,62.37113,23.63759,DEN
54490,Will Barton,59.49737,12.726890000000001,DEN
54490,Nikola Jokic,80.05053,18.09491,DEN
54490,Emmanuel Mudiay,58.99349,35.51414,DEN
54490,Luol Deng,73.50945,25.62513,MIA
54490,Beno Udrih,69.64873,31.65113,MIA
54490,Hassan Whiteside,82.09939,22.01756,MIA
54490,Tyler Johnson,65.56453,28.77625,MIA
54490,Justise Winslow,66.20526,14.58948,MIA
54500,Ball,60.69535,15.86466,Ball
54500,Jameer Nelson,71.68687,44.21733,DEN
54500,Darrell Arthur,65.44773,22.45155,DEN
54500,Will Barton,61.38062,15.29111,DEN
54500,Nikola Jokic,81.58541,15.963,DEN
54500,Emmanuel Mudiay,57.60192,32.84802,DEN
54500,Luol Deng,72.82325,24.60696,MIA
54500,Beno Udrih,71.41969,31.50891,MIA
54500,Hassan Whiteside,83.40383,20.15465,MIA
54500,Tyler Johnson,65.46224,28.18095,MIA
54500,Justise Winslow,68.05571,15.77325,MIA
54510,Ball,60.97923,19.06165,Ball
54510,Jameer Nelson,74.95493,45.63566,DEN
54510,Darrell Arthur,68.45194,21.56976,DEN
54510,Will Barton,62.29577,18.09779,DEN
54510,Nikola Jokic,82.55587,13.95239,DEN
54510,Emmanuel Mudiay,56.15011,30.47822,DEN
54510,Luol Deng,73.07814,23.56724,MIA
54510,Beno Udrih,73.52929,32.91971,MIA
54510,Hassan Whiteside,83.88436,18.79694,MIA
54510,Tyler Johnson,65.13665,27.24835,MIA
54510,Justise Winslow,68.36084,17.651510000000002,MIA
54520,Ball,55.7409,25.51916,Ball
54520,Jameer Nelson,77.69366,46.55468,DEN
54520,Darrell Arthur,69.75057,20.49213,DEN
54520,Will Barton,63.54924,19.05361,DEN
54520,Nikola Jokic,83.14663,12.98508,DEN
54520,Emmanuel Mudiay,54.86966,28.12603,DEN
54520,Luol Deng,74.21211,23.09722,MIA
54520,Beno Udrih,75.46475,34.66011,MIA
54520,Hassan Whiteside,84.31849,17.73324,MIA
54520,Tyler Johnson,63.82903,26.7239,MIA
54520,Justise Winslow,67.85576,19.96146,MIA
54530,Ball,53.91335,25.39506,Ball
54530,Jameer Nelson,80.01542,47.32541,DEN
54530,Darrell Arthur,70.12886,19.51401,DEN
54530,Will Barton,65.64481,17.97899,DEN
54530,Nikola Jokic,83.15992,13.79158,DEN
54530,Emmanuel Mudiay,53.94747,26.45092,DEN
54530,Luol Deng,74.91921,22.80684,MIA
54530,Beno Udrih,77.29169,36.55035,MIA
54530,Hassan Whiteside,84.7802,16.96896,MIA
54530,Tyler Johnson,62.31852,26.167,MIA
54530,Justise Winslow,68.02787,20.31726,MIA
54540,Ball,53.59345,25.53819,Ball
54540,Jameer Nelson,81.61546,47.82204,DEN
54540,Darrell Arthur,70.326,18.83001,DEN
54540,Will Barton,68.23523,16.38189,DEN
54540,Nikola Jokic,82.09471,15.49072,DEN
54540,Emmanuel Mudiay,53.54173,25.9936,DEN
54540,Luol Deng,74.95047,22.51217,MIA
54540,Beno Udrih,79.15135,37.93721,MIA
54540,Hassan Whiteside,84.77523,17.00307,MIA
54540,Tyler Johnson,61.35188,25.72553,MIA
54540,Justise Winslow,68.81547,18.38018,MIA
54550,Ball,53.64808,25.49347,Ball
54550,Jameer Nelson,82.94062,48.18627,DEN
54550,Darrell Arthur,71.01665,18.34478,DEN
54550,Will Barton,71.54393,13.75039,DEN
54550,Nikola Jokic,80.62859,18.35877,DEN
54550,Emmanuel Mudiay,53.43466,25.97091,DEN
54550,Luol Deng,74.67133,21.8755,MIA
54550,Beno Udrih,80.83315,38.93433,MIA
54550,Hassan Whiteside,84.42897,17.85715,MIA
54550,Tyler Johnson,60.17472,25.99656,MIA
54550,Justise Winslow,70.00165,16.78952,MIA
54560,Ball,53.90059,25.40909,Ball
54560,Jameer Nelson,83.37896,48.44967,DEN
54560,Darrell Arthur,71.74453,18.06889,DEN
54560,Will Barton,75.07649,11.7108,DEN
54560,Nikola Jokic,78.93495,22.34922,DEN
54560,Emmanuel Mudiay,53.50912,25.81564,DEN
54560,Luol Deng,74.19061,21.55539,MIA
54560,Beno Udrih,82.1117,39.88279,MIA
54560,Hassan Whiteside,83.48972,19.18288,MIA
54560,Tyler Johnson,59.11233,25.90016,MIA
54560,Justise Winslow,71.89253,15.214,MIA
54570,Ball,54.41895,25.60738,Ball
54570,Jameer Nelson,83.35321,48.54745,DEN
54570,Darrell Arthur,72.33363,17.42551,DEN
54570,Will Barton,78.38134,9.58315,DEN
54570,Nikola Jokic,76.7848,26.33517,DEN
54570,Emmanuel Mudiay,53.67912,25.92701,DEN
54570,Luol Deng,74.38053,20.9324,MIA
54570,Beno Udrih,83.08592,40.47236,MIA
54570,Hassan Whiteside,82.004,20.86328,MIA
54570,Tyler Johnson,57.97238,26.00235,MIA
54570,Justise Winslow,74.2587,13.9165,MIA
54580,Ball,58.22259,28.38441,Ball
54580,Jameer Nelson,83.36399,48.57819,DEN
54580,Darrell Arthur,72.42662,16.82235,DEN
54580,Will Barton,81.62843,7.57771,DEN
54580,Nikola Jokic,74.12573,29.58453,DEN
54580,Emmanuel Mudiay,54.35226,26.46895,DEN
54580,Luol Deng,74.81294,19.93044,MIA
54580,Beno Udrih,83.31016,40.59272,MIA
54580,Hassan Whiteside,80.59477,22.99364,MIA
54580,Tyler Johnson,57.64315,26.13532,MIA
54580,Justise Winslow,76.75425,13.13744,MIA
54590,Ball,67.43751,31.21917,Ball
54590,Jameer Nelson,83.21735,48.48149,DEN
54590,Darrell Arthur,72.25414,16.51481,DEN
54590,Will Barton,84.40062,5.78078,DEN
54590,Nikola Jokic,71.55463,32.06855,DEN
54590,Emmanuel Mudiay,56.11414,28.56659,DEN
54590,Luol Deng,74.92137,19.29978,MIA
54590,Beno Udrih,83.10977,40.79299,MIA
54590,Hassan Whiteside,79.16186,24.80892,MIA
54590,Tyler Johnson,57.97378,26.78984,MIA
54590,Justise Winslow,79.17256,12.90383,MIA
54600,Ball,68.62782,33.1002,Ball
54600,Jameer Nelson,82.26691,48.41663,DEN
54600,Darrell Arthur,72.48959,15.85884,DEN
54600,Will Barton,86.61777,4.50227,DEN
54600,Nikola Jokic,69.49204,33.29588,DEN
54600,Emmanuel Mudiay,59.32386,31.89567,DEN
54600,Luol Deng,75.71359,18.67516,MIA
54600,Beno Udrih,82.34141,41.43354,MIA
54600,Hassan Whiteside,78.15648,26.46991,MIA
54600,Tyler Johnson,60.21382,29.18353,MIA
54600,Justise Winslow,81.08062,13.74657,MIA
54610,Ball,68.26033,33.00961,Ball
54610,Jameer Nelson,80.45322,48.29751,DEN
54610,Darrell Arthur,73.36997,14.41255,DEN
54610,Will Barton,88.19256,3.311,DEN
54610,Nikola Jokic,68.61008,33.80616,DEN
54610,Emmanuel Mudiay,63.999,35.51562,DEN
54610,Luol Deng,76.67629,18.75787,MIA
54610,Beno Udrih,80.92666,42.04986,MIA
54610,Hassan Whiteside,78.07771,28.16033,MIA
54610,Tyler Johnson,64.20609,32.71849,MIA
54610,Justise Winslow,82.89938,14.84403,MIA
54620,Ball,68.77444,32.87274,Ball
54620,Jameer Nelson,78.3512,47.93567,DEN
54620,Darrell Arthur,74.80558,13.78564,DEN
54620,Will Barton,88.68346,2.78032,DEN
54620,Nikola Jokic,68.51853,34.24568,DEN
54620,Emmanuel Mudiay,69.53281,38.56621,DEN
54620,Luol Deng,77.62013,18.69795,MIA
54620,Beno Udrih,78.84299,42.72236,MIA
54620,Hassan Whiteside,78.59645,29.1919,MIA
54620,Tyler Johnson,69.31586,35.8637,MIA
54620,Justise Winslow,84.17545,15.46542,MIA
54630,Ball,68.6282,33.09979,Ball
54630,Jameer Nelson,76.37913,47.58007,DEN
54630,Darrell Arthur,77.32124,13.855360000000001,DEN
54630,Will Barton,88.58329,2.85914,DEN
54630,Nikola Jokic,68.74175,33.85245,DEN
54630,Emmanuel Mudiay,75.02079,40.82812,DEN
54630,Luol Deng,78.90584,18.18496,MIA
54630,Beno Udrih,76.6096,43.01253,MIA
54630,Hassan Whiteside,79.06257,29.45743,MIA
54630,Tyler Johnson,74.34544,37.1899,MIA
54630,Justise Winslow,84.17714,15.03164,MIA
54640,Ball,68.6791,29.93808,Ball
54640,Jameer Nelson,74.76696,47.1623,DEN
54640,Darrell Arthur,79.33935,13.80122,DEN
54640,Will Barton,87.37304,3.68507,DEN
54640,Nikola Jokic,68.98225,32.1164,DEN
54640,Emmanuel Mudiay,79.96255,42.9323,DEN
54640,Luol Deng,80.36755,17.89981,MIA
54640,Beno Udrih,74.81146,42.84724,MIA
54640,Hassan Whiteside,79.30717,29.62227,MIA
54640,Tyler Johnson,78.30915,38.12438,MIA
54640,Justise Winslow,83.70537,14.341380000000001,MIA
54650,Ball,68.5186,26.9231,Ball
54650,Jameer Nelson,73.28778,46.89928,DEN
54650,Darrell Arthur,80.46951,13.22923,DEN
54650,Will Barton,83.85157,5.4746,DEN
54650,Nikola Jokic,69.62616,28.79455,DEN
54650,Emmanuel Mudiay,84.07511,44.79674,DEN
54650,Luol Deng,81.76591,17.73443,MIA
54650,Beno Udrih,74.26078,41.67676,MIA
54650,Hassan Whiteside,79.54187,29.39526,MIA
54650,Tyler Johnson,80.95691,38.84034,MIA
54650,Justise Winslow,82.53916,12.40113,MIA
54660,Ball,69.52917,23.19283,Ball
54660,Jameer Nelson,72.04359,46.43874,DEN
54660,Darrell Arthur,81.08133,12.09877,DEN
54660,Will Barton,78.94905,8.31845,DEN
54660,Nikola Jokic,70.66506,24.95447,DEN
54660,Emmanuel Mudiay,86.88969,46.36451,DEN
54660,Luol Deng,82.44997,17.52863,MIA
54660,Beno Udrih,74.50298,39.64441,MIA
54660,Hassan Whiteside,79.84963,27.709,MIA
54660,Tyler Johnson,82.94781,38.975880000000004,MIA
54660,Justise Winslow,79.75379,10.75067,MIA
54670,Ball,71.19996,20.39442,Ball
54670,Jameer Nelson,71.12318,45.70848,DEN
54670,Darrell Arthur,81.55289,10.45031,DEN
54670,Will Barton,74.15756,12.60877,DEN
54670,Nikola Jokic,71.51952,22.02662,DEN
54670,Emmanuel Mudiay,88.4485,47.70094,DEN
54670,Luol Deng,83.23016,16.89774,MIA
54670,Beno Udrih,74.75366,37.17159,MIA
54670,Hassan Whiteside,79.88911,26.16082,MIA
54670,Tyler Johnson,84.11217,38.32063,MIA
54670,Justise Winslow,76.82521,11.42039,MIA
54680,Ball,70.97176,17.98371,Ball
54680,Jameer Nelson,70.37898,45.15737,DEN
54680,Darrell Arthur,80.99071,8.33464,DEN
54680,Will Barton,71.46534,17.37627,DEN
54680,Nikola Jokic,72.14267,20.50655,DEN
54680,Emmanuel Mudiay,88.84037000000001,48.50477,DEN
54680,Luol Deng,83.4474,15.99067,MIA
54680,Beno Udrih,74.28053,34.9723,MIA
54680,Hassan Whiteside,80.5374,24.64502,MIA
54680,Tyler Johnson,84.55469,37.6174,MIA
54680,Justise Winslow,74.3043,14.686630000000001,MIA
54690,Ball,70.65090000000001,23.72791,Ball
54690,Jameer Nelson,70.10904,44.93049,DEN
54690,Darrell Arthur,78.42653,6.63682,DEN
54690,Will Barton,70.52224,21.64113,DEN
54690,Nikola Jokic,73.21951,19.89827,DEN
54690,Emmanuel Mudiay,88.62426,48.90237,DEN
54690,Luol Deng,82.94531,14.61054,MIA
54690,Beno Udrih,73.66412,33.15436,MIA
54690,Hassan Whiteside,81.44694,23.75213,MIA
54690,Tyler Johnson,84.56666,37.39773,MIA
54690,Justise Winslow,74.60595,19.28839,MIA
54700,Ball,68.98774,25.72926,Ball
54700,Jameer Nelson,70.26981,44.90776,DEN
54700,Darrell Arthur,74.85204,6.19821,DEN
54700,Will Barton,69.13368,23.97972,DEN
54700,Nikola Jokic,74.35109,20.04656,DEN
54700,Emmanuel Mudiay,88.27383,48.72563,DEN
54700,Luol Deng,81.51632,13.561,MIA
54700,Beno Udrih,73.47709,32.00442,MIA
54700,Hassan Whiteside,81.87766,23.55458,MIA
54700,Tyler Johnson,84.61569,36.99112,MIA
54700,Justise Winslow,76.36451,22.67794,MIA
54710,Ball,68.76023,24.24947,Ball
54710,Jameer Nelson,70.31553,44.84795,DEN
54710,Darrell Arthur,71.53544,7.00423,DEN
54710,Will Barton,67.9187,24.4574,DEN
54710,Nikola Jokic,76.68814,20.34637,DEN
54710,Emmanuel Mudiay,87.98647,48.23354,DEN
54710,Luol Deng,79.11092,12.89008,MIA
54710,Beno Udrih,73.31704,32.82848,MIA
54710,Hassan Whiteside,81.83171,22.98052,MIA
54710,Tyler Johnson,84.72979,36.86746,MIA
54710,Justise Winslow,76.00623,25.11144,MIA
54720,Ball,68.42249,24.05899,Ball
54720,Jameer Nelson,69.88298,44.44874,DEN
54720,Darrell Arthur,69.30438,7.89519,DEN
54720,Will Barton,67.99668,24.51519,DEN
54720,Nikola Jokic,79.74341,21.59853,DEN
54720,Emmanuel Mudiay,87.10287,47.88107,DEN
54720,Luol Deng,76.03349,12.3305,MIA
54720,Beno Udrih,73.44438,33.96303,MIA
54720,Hassan Whiteside,82.22101,23.06386,MIA
54720,Tyler Johnson,84.94684,36.34922,MIA
54720,Justise Winslow,73.16158,25.94058,MIA
54730,Ball,74.64688,24.38415,Ball
54730,Jameer Nelson,68.17142,43.57243,DEN
54730,Darrell Arthur,67.57648,8.69561,DEN
54730,Will Barton,68.36514,24.406390000000002,DEN
54730,Nikola Jokic,82.13635,22.50104,DEN
54730,Emmanuel Mudiay,85.70487,46.74767,DEN
54730,Luol Deng,74.67903,12.51969,MIA
54730,Beno Udrih,74.11605,33.96212,MIA
54730,Hassan Whiteside,83.01993,22.75552,MIA
54730,Tyler Johnson,85.5765,35.03002,MIA
54730,Justise Winslow,69.53632,26.26022,MIA
54740,Ball,81.53129,24.58344,Ball
54740,Jameer Nelson,65.73424,42.37824,DEN
54740,Darrell Arthur,66.02413,9.85306,DEN
54740,Will Barton,66.7856,24.33387,DEN
54740,Nikola Jokic,84.04181,22.64385,DEN
54740,Emmanuel Mudiay,83.91036,45.06292,DEN
54740,Luol Deng,76.0228,14.06407,MIA
54740,Beno Udrih,75.11909,32.63628,MIA
54740,Hassan Whiteside,84.40721,22.30845,MIA
54740,Tyler Johnson,86.37207,33.31953,MIA
54740,Justise Winslow,65.13624,26.38111,MIA
54750,Ball,88.1872,24.88174,Ball
54750,Jameer Nelson,62.88688,41.00487,DEN
54750,Darrell Arthur,64.0458,11.15755,DEN
54750,Will Barton,63.4444,24.54075,DEN
54750,Nikola Jokic,86.34948,21.43749,DEN
54750,Emmanuel Mudiay,81.71868,43.36593,DEN
54750,Luol Deng,78.91475,16.18461,MIA
54750,Beno Udrih,75.90572,30.68314,MIA
54750,Hassan Whiteside,85.56278,22.5308,MIA
54750,Tyler Johnson,86.97089,31.3899,MIA
54750,Justise Winslow,61.04026,26.136,MIA
54760,Ball,90.65741,24.73557,Ball
54760,Jameer Nelson,59.91575,39.50823,DEN
54760,Darrell Arthur,61.4425,12.01017,DEN
54760,Will Barton,59.46853,23.99368,DEN
54760,Nikola Jokic,88.06825,21.46906,DEN
54760,Emmanuel Mudiay,79.07754,41.34172,DEN
54760,Luol Deng,81.78953,18.91546,MIA
54760,Beno Udrih,76.48099,28.21043,MIA
54760,Hassan Whiteside,86.39033,21.67025,MIA
54760,Tyler Johnson,87.90468,29.90165,MIA
54760,Justise Winslow,57.12061,25.49616,MIA
54770,Ball,91.85202,24.19667,Ball
54770,Jameer Nelson,56.8635,37.72154,DEN
54770,Darrell Arthur,58.36529,12.670960000000001,DEN
54770,Will Barton,54.42869,23.40315,DEN
54770,Nikola Jokic,88.12314,21.70914,DEN
54770,Emmanuel Mudiay,75.57321,39.289,DEN
54770,Luol Deng,82.92875,20.11742,MIA
54770,Beno Udrih,76.75019,25.54037,MIA
54770,Hassan Whiteside,86.63623,21.69235,MIA
54770,Tyler Johnson,89.64558,28.6816,MIA
54770,Justise Winslow,52.94192,24.47401,MIA
54780,Ball,90.84994,23.78666,Ball
54780,Jameer Nelson,53.78376,35.70277,DEN
54780,Darrell Arthur,54.89095,13.79589,DEN
54780,Will Barton,49.17556,22.46269,DEN
54780,Nikola Jokic,86.2338,19.99229,DEN
54780,Emmanuel Mudiay,71.311,37.49359,DEN
54780,Luol Deng,83.10207,20.57995,MIA
54780,Beno Udrih,76.86326,23.07706,MIA
54780,Hassan Whiteside,86.22138,22.13288,MIA
54780,Tyler Johnson,91.61572,26.34296,MIA
54780,Justise Winslow,48.92374,22.71076,MIA
54790,Ball,91.61888,23.1701,Ball
54790,Jameer Nelson,50.7716,33.58434,DEN
54790,Darrell Arthur,51.25844,15.3168,DEN
54790,Will Barton,44.25416,21.43822,DEN
54790,Nikola Jokic,82.86409,18.22042,DEN
54790,Emmanuel Mudiay,66.59949,36.05269,DEN
54790,Luol Deng,83.09216,20.66545,MIA
54790,Beno Udrih,76.76345,20.11697,MIA
54790,Hassan Whiteside,85.34374,22.51556,MIA
54790,Tyler Johnson,93.41477,24.08314,MIA
54790,Justise Winslow,43.80456,21.0099,MIA
54810,Ball,88.43014,17.04836,Ball
54810,Jameer Nelson,45.39124,30.13676,DEN
54810,Darrell Arthur,44.32984,17.76419,DEN
54810,Will Barton,35.10604,20.02692,DEN
54810,Nikola Jokic,74.30869,18.05236,DEN
54810,Emmanuel Mudiay,57.07538,33.02894,DEN
54810,Luol Deng,84.5132,19.99079,MIA
54810,Beno Udrih,77.39877,12.428,MIA
54810,Hassan Whiteside,81.62635,24.30828,MIA
54810,Tyler Johnson,94.92748,21.88982,MIA
54810,Justise Winslow,33.95296,16.27097,MIA
54820,Ball,79.38387,11.67128,Ball
54820,Jameer Nelson,43.00592,29.13332,DEN
54820,Darrell Arthur,41.21732,18.97065,DEN
54820,Will Barton,30.3422,18.73545,DEN
54820,Nikola Jokic,69.11725,18.3833,DEN
54820,Emmanuel Mudiay,52.68028,31.04715,DEN
54820,Luol Deng,85.07618,19.38898,MIA
54820,Beno Udrih,77.40748,9.08378,MIA
54820,Hassan Whiteside,78.84573,25.18071,MIA
54820,Tyler Johnson,93.47195,22.04454,MIA
54820,Justise Winslow,29.53494,13.82419,MIA
54830,Ball,75.86655,7.98328,Ball
54830,Jameer Nelson,40.76518,28.39131,DEN
54830,Darrell Arthur,38.3705,19.71472,DEN
54830,Will Barton,26.05,17.11265,DEN
54830,Nikola Jokic,63.63185,18.74613,DEN
54830,Emmanuel Mudiay,48.69397,28.66934,DEN
54830,Luol Deng,84.98312,19.17988,MIA
54830,Beno Udrih,75.91922,6.81189,MIA
54830,Hassan Whiteside,75.22217,25.92386,MIA
54830,Tyler Johnson,90.28299,23.04281,MIA
54830,Justise Winslow,25.32139,11.40006,MIA
54840,Ball,72.28268,6.06169,Ball
54840,Jameer Nelson,38.6719,27.99795,DEN
54840,Darrell Arthur,35.75738,20.07463,DEN
54840,Will Barton,22.08614,15.2106,DEN
54840,Nikola Jokic,58.04383,19.25572,DEN
54840,Emmanuel Mudiay,45.14292,26.00447,DEN
54840,Luol Deng,83.52856,19.37487,MIA
54840,Beno Udrih,73.44189,5.70703,MIA
54840,Hassan Whiteside,70.9217,26.50827,MIA
54840,Tyler Johnson,86.11813,24.66691,MIA
54840,Justise Winslow,21.38322,9.07386,MIA
54850,Ball,69.66577,4.73959,Ball
54850,Jameer Nelson,36.72024,27.76491,DEN
54850,Darrell Arthur,33.4709,20.17983,DEN
54850,Will Barton,18.57622,13.39662,DEN
54850,Nikola Jokic,52.45016,19.94224,DEN
54850,Emmanuel Mudiay,42.00827,23.25345,DEN
54850,Luol Deng,81.01671,19.88318,MIA
54850,Beno Udrih,70.37314,5.57476,MIA
54850,Hassan Whiteside,66.15978,26.99694,MIA
54850,Tyler Johnson,81.24787,26.43932,MIA
54850,Justise Winslow,17.82445,7.01764,MIA
54860,Ball,65.08346,6.7386,Ball
54860,Jameer Nelson,34.78265,28.02355,DEN
54860,Darrell Arthur,31.51744,20.40092,DEN
54860,Will Barton,15.4039,11.72455,DEN
54860,Nikola Jokic,46.93789,20.69561,DEN
54860,Emmanuel Mudiay,39.14202,20.72123,DEN
54860,Luol Deng,77.55546,20.51073,MIA
54860,Beno Udrih,67.00912,5.9243500000000004,MIA
54860,Hassan Whiteside,61.25705,27.63705,MIA
54860,Tyler Johnson,76.05042,28.39618,MIA
54860,Justise Winslow,15.07925,5.32595,MIA
54870,Ball,62.80183,7.9142600000000005,Ball
54870,Jameer Nelson,32.85418,28.60446,DEN
54870,Darrell Arthur,29.84767,20.65271,DEN
54870,Will Barton,13.09246,10.61959,DEN
54870,Nikola Jokic,41.71365,21.53852,DEN
54870,Emmanuel Mudiay,36.77238,18.48514,DEN
54870,Luol Deng,73.41234,21.03933,MIA
54870,Beno Udrih,63.26963,6.57524,MIA
54870,Hassan Whiteside,56.4067,28.16925,MIA
54870,Tyler Johnson,70.57393,30.40909,MIA
54870,Justise Winslow,12.44612,3.96096,MIA
54880,Ball,58.67369,8.45126,Ball
54880,Jameer Nelson,31.01708,29.31068,DEN
54880,Darrell Arthur,28.7126,20.80237,DEN
54880,Will Barton,11.14424,10.13514,DEN
54880,Nikola Jokic,36.71519,22.36889,DEN
54880,Emmanuel Mudiay,34.85354,16.71947,DEN
54880,Luol Deng,68.75654,21.92204,MIA
54880,Beno Udrih,59.52235,6.8855,MIA
54880,Hassan Whiteside,51.53968,28.926,MIA
54880,Tyler Johnson,64.95062,32.5019,MIA
54880,Justise Winslow,10.38099,3.57156,MIA
54890,Ball,55.41511,8.79944,Ball
54890,Jameer Nelson,29.27444,30.31036,DEN
54890,Darrell Arthur,28.00812,20.87728,DEN
54890,Will Barton,9.84377,10.72086,DEN
54890,Nikola Jokic,32.11044,23.23958,DEN
54890,Emmanuel Mudiay,33.53915,15.39988,DEN
54890,Luol Deng,63.83563,23.14975,MIA
54890,Beno Udrih,55.68477,7.33956,MIA
54890,Hassan Whiteside,46.52137,29.64713,MIA
54890,Tyler Johnson,59.39486,34.69077,MIA
54890,Justise Winslow,8.90614,3.08253,MIA
