15840,Ball,28.45276,41.52983,Ball
15840,Gary Neal,28.71301,40.51624,WAS
15840,Kris Humphries,8.71284,47.78581,WAS
15840,Garrett Temple,40.69775,34.66577,WAS
15840,Ramon Sessions,25.02237,3.7311,WAS
15840,Marcin Gortat,40.929,29.4114,WAS
15840,Zach Randolph,44.56303,27.66527,MEM
15840,Tony Allen,26.84917,26.96524,MEM
15840,Courtney Lee,16.41887,15.40772,MEM
15840,Mario Chalmers,22.42639,34.79503,MEM
15840,JaMychal Green,8.372160000000001,38.654560000000004,MEM
15850,Ball,27.83769,42.49157,Ball
15850,Gary Neal,28.34502,42.41667,WAS
15850,Kris Humphries,10.65957,46.01027,WAS
15850,Garrett Temple,36.59679,33.42868,WAS
15850,Ramon Sessions,22.53943,3.12846,WAS
15850,Marcin Gortat,33.77737,27.80175,WAS
15850,Zach Randolph,37.87548,27.18848,MEM
15850,Tony Allen,26.10241,28.57458,MEM
15850,Courtney Lee,14.65836,14.61471,MEM
15850,Mario Chalmers,22.38276,36.2426,MEM
15850,JaMychal Green,7.88303,39.08888,MEM
15860,Ball,26.11577,41.23246,Ball
15860,Gary Neal,28.46911,43.36344,WAS
15860,Kris Humphries,13.37136,43.97341,WAS
15860,Garrett Temple,34.87959,32.38544,WAS
15860,Ramon Sessions,20.5818,2.95173,WAS
15860,Marcin Gortat,26.46211,26.45388,WAS
15860,Zach Randolph,30.83629,26.72432,MEM
15860,Tony Allen,25.92454,29.01438,MEM
15860,Courtney Lee,13.1649,14.35715,MEM
15860,Mario Chalmers,22.8497,37.47927,MEM
15860,JaMychal Green,9.27736,39.46895,MEM
15870,Ball,19.46424,35.44821,Ball
15870,Gary Neal,28.76019,43.85054,WAS
15870,Kris Humphries,16.42311,42.13248,WAS
15870,Garrett Temple,34.80273,30.96593,WAS
15870,Ramon Sessions,19.1847,2.97519,WAS
15870,Marcin Gortat,19.46339,25.2701,WAS
15870,Zach Randolph,23.56236,26.5378,MEM
15870,Tony Allen,24.62406,30.21846,MEM
15870,Courtney Lee,11.44007,16.82105,MEM
15870,Mario Chalmers,23.00131,38.41544,MEM
15870,JaMychal Green,11.26172,39.20895,MEM
15880,Ball,13.16663,29.7592,Ball
15880,Gary Neal,29.3757,44.12574,WAS
15880,Kris Humphries,18.76878,40.09708,WAS
15880,Garrett Temple,35.20302,29.62846,WAS
15880,Ramon Sessions,18.06444,3.2855,WAS
15880,Marcin Gortat,12.83093,24.70634,WAS
15880,Zach Randolph,17.07288,26.74646,MEM
15880,Tony Allen,22.39572,31.44393,MEM
15880,Courtney Lee,9.11553,21.38627,MEM
15880,Mario Chalmers,22.9101,38.51301,MEM
15880,JaMychal Green,12.25062,37.76093,MEM
15890,Ball,8.04658,25.15273,Ball
15890,Gary Neal,29.71407,43.77427,WAS
15890,Kris Humphries,19.96642,37.96275,WAS
15890,Garrett Temple,35.65627,28.38678,WAS
15890,Ramon Sessions,17.19927,3.88367,WAS
15890,Marcin Gortat,7.10006,23.69495,WAS
15890,Zach Randolph,11.84146,26.70837,MEM
15890,Tony Allen,20.23499,32.19219,MEM
15890,Courtney Lee,5.83082,25.70616,MEM
15890,Mario Chalmers,23.08771,37.87467,MEM
15890,JaMychal Green,12.65987,36.45477,MEM
15900,Ball,5.08703,24.62444,Ball
15900,Gary Neal,30.27617,43.69554,WAS
15900,Kris Humphries,19.98581,36.04765,WAS
15900,Garrett Temple,36.11639,27.1704,WAS
15900,Ramon Sessions,16.51413,4.09634,WAS
15900,Marcin Gortat,3.52482,24.79215,WAS
15900,Zach Randolph,8.24434,26.30968,MEM
15900,Tony Allen,18.58259,32.12271,MEM
15900,Courtney Lee,2.47114,29.20735,MEM
15900,Mario Chalmers,23.65617,37.30684,MEM
15900,JaMychal Green,12.48705,35.47241,MEM
15910,Ball,5.77826,25.2856,Ball
15910,Gary Neal,31.32369,43.41936,WAS
15910,Kris Humphries,20.51435,34.15865,WAS
15910,Garrett Temple,37.09463,26.12823,WAS
15910,Ramon Sessions,16.43096,4.06699,WAS
15910,Marcin Gortat,1.5621,25.69386,WAS
15910,Zach Randolph,6.01491,24.97862,MEM
15910,Tony Allen,17.73805,31.43915,MEM
15910,Courtney Lee,1.27542,32.77104,MEM
15910,Mario Chalmers,24.18639,36.57299,MEM
15910,JaMychal Green,12.94113,34.69608,MEM
15920,Ball,4.4458,24.21446,Ball
15920,Gary Neal,33.91897,42.67048,WAS
15920,Kris Humphries,21.64011,32.38526,WAS
15920,Garrett Temple,38.47165,25.55331,WAS
15920,Ramon Sessions,17.37942,4.40149,WAS
15920,Marcin Gortat,0.9962700000000001,25.0852,WAS
15920,Zach Randolph,4.86989,24.04916,MEM
15920,Tony Allen,17.49598,31.05901,MEM
15920,Courtney Lee,2.36372,35.9923,MEM
15920,Mario Chalmers,24.21802,35.82575,MEM
15920,JaMychal Green,14.50095,33.86237,MEM
15930,Ball,3.64324,23.5752,Ball
15930,Gary Neal,37.48615,41.3913,WAS
15930,Kris Humphries,23.76979,30.78787,WAS
15930,Garrett Temple,40.06138,24.67795,WAS
15930,Ramon Sessions,19.01405,5.09068,WAS
15930,Marcin Gortat,1.06263,24.20878,WAS
15930,Zach Randolph,3.66236,23.49797,MEM
15930,Tony Allen,17.79805,30.57599,MEM
15930,Courtney Lee,4.22446,38.89598,MEM
15930,Mario Chalmers,23.55709,35.476,MEM
15930,JaMychal Green,16.90084,32.94395,MEM
15940,Ball,2.43504,22.3144,Ball
15940,Gary Neal,41.3311,39.47009,WAS
15940,Kris Humphries,26.86083,29.86281,WAS
15940,Garrett Temple,41.98871,24.25518,WAS
15940,Ramon Sessions,21.41695,6.21129,WAS
15940,Marcin Gortat,1.79973,21.93534,WAS
15940,Zach Randolph,2.50044,22.76521,MEM
15940,Tony Allen,18.67874,30.18729,MEM
15940,Courtney Lee,6.55006,41.36965,MEM
15940,Mario Chalmers,22.12917,35.51574,MEM
15940,JaMychal Green,20.5455,32.07598,MEM
15950,Ball,0.78376,21.22791,Ball
15950,Gary Neal,44.98804,37.19748,WAS
15950,Kris Humphries,30.50991,29.55333,WAS
15950,Garrett Temple,43.86376,24.57902,WAS
15950,Ramon Sessions,24.55701,7.40037,WAS
15950,Marcin Gortat,3.93432,20.02864,WAS
15950,Zach Randolph,0.8803300000000001,22.28193,MEM
15950,Tony Allen,19.74453,29.58923,MEM
15950,Courtney Lee,9.01408,43.03837,MEM
15950,Mario Chalmers,20.54686,35.49877,MEM
15950,JaMychal Green,24.5975,31.55975,MEM
15960,Ball,0.15280000000000002,21.37941,Ball
15960,Gary Neal,48.8553,35.26755,WAS
15960,Kris Humphries,34.71281,29.58899,WAS
15960,Garrett Temple,45.95195,24.73815,WAS
15960,Ramon Sessions,27.7595,8.83444,WAS
15960,Marcin Gortat,7.20522,19.1962,WAS
15960,Zach Randolph,-0.65829,22.31464,MEM
15960,Tony Allen,21.21997,29.29981,MEM
15960,Courtney Lee,12.11759,44.25658,MEM
15960,Mario Chalmers,18.75381,35.42574,MEM
15960,JaMychal Green,29.18468,30.97625,MEM
15970,Ball,2.4014800000000003,23.30903,Ball
15970,Gary Neal,52.55733,33.63564,WAS
15970,Kris Humphries,39.17932,29.89498,WAS
15970,Garrett Temple,47.94702,25.19646,WAS
15970,Ramon Sessions,31.35007,10.55315,WAS
15970,Marcin Gortat,11.34749,18.96007,WAS
15970,Zach Randolph,-1.01183,22.8311,MEM
15970,Tony Allen,23.04463,29.73453,MEM
15970,Courtney Lee,16.07872,45.38421,MEM
15970,Mario Chalmers,17.12509,35.57438,MEM
15970,JaMychal Green,34.0673,30.67417,MEM
15980,Ball,10.69519,29.69786,Ball
15980,Gary Neal,55.98035,31.96167,WAS
15980,Kris Humphries,43.92382,30.14355,WAS
15980,Garrett Temple,49.45936,25.51953,WAS
15980,Ramon Sessions,34.88349,12.75088,WAS
15980,Marcin Gortat,16.32907,19.49776,WAS
15980,Zach Randolph,0.11442000000000001,23.60809,MEM
15980,Tony Allen,25.11809,30.49004,MEM
15980,Courtney Lee,20.8292,46.30197,MEM
15980,Mario Chalmers,16.41866,35.80589,MEM
15980,JaMychal Green,38.8373,30.41475,MEM
15990,Ball,16.49869,33.7372,Ball
15990,Gary Neal,59.3195,30.5948,WAS
15990,Kris Humphries,48.9198,30.09011,WAS
15990,Garrett Temple,51.26152,25.74406,WAS
15990,Ramon Sessions,38.30651,15.252,WAS
15990,Marcin Gortat,21.8101,20.52752,WAS
15990,Zach Randolph,2.77318,24.38728,MEM
15990,Tony Allen,28.44549,30.60865,MEM
15990,Courtney Lee,26.42816,47.21426,MEM
15990,Mario Chalmers,16.88628,35.51383,MEM
15990,JaMychal Green,43.60741,30.09218,MEM
16000,Ball,18.79468,34.95,Ball
16000,Gary Neal,62.63512,29.68673,WAS
16000,Kris Humphries,53.90924,29.48542,WAS
16000,Garrett Temple,52.86354,26.24714,WAS
16000,Ramon Sessions,41.44305,17.95292,WAS
16000,Marcin Gortat,27.4757,21.74361,WAS
16000,Zach Randolph,6.06254,25.20293,MEM
16000,Tony Allen,32.62817,29.43557,MEM
16000,Courtney Lee,32.46238,47.96296,MEM
16000,Mario Chalmers,18.11252,35.1911,MEM
16000,JaMychal Green,48.30303,29.6138,MEM
16010,Ball,19.92881,33.55332,Ball
16010,Gary Neal,65.4504,29.36636,WAS
16010,Kris Humphries,58.64875,28.29402,WAS
16010,Garrett Temple,54.43886,26.65187,WAS
16010,Ramon Sessions,44.22327,20.37817,WAS
16010,Marcin Gortat,33.08718,23.2628,WAS
16010,Zach Randolph,10.18798,25.48517,MEM
16010,Tony Allen,37.19609,27.18366,MEM
16010,Courtney Lee,38.47378,48.46463,MEM
16010,Mario Chalmers,19.5542,34.26665,MEM
16010,JaMychal Green,52.79557,29.27243,MEM
16020,Ball,22.01673,32.12614,Ball
16020,Gary Neal,67.7745,29.40988,WAS
16020,Kris Humphries,62.95687,27.31889,WAS
16020,Garrett Temple,56.01982,27.38973,WAS
16020,Ramon Sessions,46.61519,22.29866,WAS
16020,Marcin Gortat,38.46811,24.67637,WAS
16020,Zach Randolph,14.70087,25.3934,MEM
16020,Tony Allen,41.87999,24.29498,MEM
16020,Courtney Lee,44.42192,48.76726,MEM
16020,Mario Chalmers,21.30463,33.34232,MEM
16020,JaMychal Green,56.81017,29.25388,MEM
16030,Ball,22.73366,31.08079,Ball
16030,Gary Neal,69.44661,29.03673,WAS
16030,Kris Humphries,66.55809,26.2409,WAS
16030,Garrett Temple,57.7282,29.08157,WAS
16030,Ramon Sessions,48.73079,23.22438,WAS
16030,Marcin Gortat,43.93529,25.89689,WAS
16030,Zach Randolph,19.31125,25.49379,MEM
16030,Tony Allen,46.5147,21.21631,MEM
16030,Courtney Lee,50.22243,48.59383,MEM
16030,Mario Chalmers,23.23439,32.4097,MEM
16030,JaMychal Green,60.79186,28.68676,MEM
16040,Ball,25.22456,30.15549,Ball
16040,Gary Neal,70.24961,28.58525,WAS
16040,Kris Humphries,69.3726,25.20229,WAS
16040,Garrett Temple,59.68873,31.53026,WAS
16040,Ramon Sessions,50.53457,23.67818,WAS
16040,Marcin Gortat,49.18888,26.64641,WAS
16040,Zach Randolph,23.98711,25.67346,MEM
16040,Tony Allen,51.1731,17.89322,MEM
16040,Courtney Lee,55.59546,48.3452,MEM
16040,Mario Chalmers,25.11723,31.12032,MEM
16040,JaMychal Green,63.87383,27.55106,MEM
16050,Ball,28.04563,29.21933,Ball
16050,Gary Neal,71.56275,27.9411,WAS
16050,Kris Humphries,71.82459,24.33923,WAS
16050,Garrett Temple,62.3156,33.44864,WAS
16050,Ramon Sessions,52.21668,24.06574,WAS
16050,Marcin Gortat,54.02832,26.97993,WAS
16050,Zach Randolph,28.83003,26.03783,MEM
16050,Tony Allen,55.89223,14.77905,MEM
16050,Courtney Lee,60.38529,48.00982,MEM
16050,Mario Chalmers,27.23194,30.42021,MEM
16050,JaMychal Green,65.62937,26.07166,MEM
16060,Ball,29.35385,28.5406,Ball
16060,Gary Neal,72.73285,25.67476,WAS
16060,Kris Humphries,73.78446,23.64976,WAS
16060,Garrett Temple,64.88731,34.87401,WAS
16060,Ramon Sessions,53.51786,24.20066,WAS
16060,Marcin Gortat,58.37686,27.03919,WAS
16060,Zach Randolph,33.60255,26.64459,MEM
16060,Tony Allen,60.58893,11.97605,MEM
16060,Courtney Lee,64.82872,47.59514,MEM
16060,Mario Chalmers,29.48469,29.42968,MEM
16060,JaMychal Green,67.30273,24.00965,MEM
16070,Ball,32.674080000000004,27.90857,Ball
16070,Gary Neal,73.40829,22.25044,WAS
16070,Kris Humphries,75.67722,23.04619,WAS
16070,Garrett Temple,67.36921,35.973910000000004,WAS
16070,Ramon Sessions,54.94193,24.08128,WAS
16070,Marcin Gortat,61.95541,27.05317,WAS
16070,Zach Randolph,38.33951,27.35919,MEM
16070,Tony Allen,65.21696,9.42868,MEM
16070,Courtney Lee,68.78109,47.26393,MEM
16070,Mario Chalmers,31.79741,28.80698,MEM
16070,JaMychal Green,68.67726,21.89784,MEM
16080,Ball,34.43605,27.18284,Ball
16080,Gary Neal,74.52273,18.63001,WAS
16080,Kris Humphries,76.78291,22.24931,WAS
16080,Garrett Temple,69.93622,36.80596,WAS
16080,Ramon Sessions,55.88925,24.35634,WAS
16080,Marcin Gortat,65.33416,27.25887,WAS
16080,Zach Randolph,42.91294,28.25433,MEM
16080,Tony Allen,69.47015,7.3469,MEM
16080,Courtney Lee,72.04403,46.982730000000004,MEM
16080,Mario Chalmers,34.05116,28.20573,MEM
16080,JaMychal Green,69.12945,19.95752,MEM
16090,Ball,37.21919,26.75341,Ball
16090,Gary Neal,75.68825,15.28941,WAS
16090,Kris Humphries,77.38567,21.44985,WAS
16090,Garrett Temple,72.27949,37.39248,WAS
16090,Ramon Sessions,56.64141,24.58195,WAS
16090,Marcin Gortat,67.5205,27.0688,WAS
16090,Zach Randolph,47.37321,29.10269,MEM
16090,Tony Allen,73.38245,5.78031,MEM
16090,Courtney Lee,74.8251,46.94453,MEM
16090,Mario Chalmers,36.64574,27.45238,MEM
16090,JaMychal Green,69.44006,18.50581,MEM
16100,Ball,40.29533,26.07981,Ball
16100,Gary Neal,77.18253,12.64754,WAS
16100,Kris Humphries,77.06635,20.51664,WAS
16100,Garrett Temple,74.10612,37.7535,WAS
16100,Ramon Sessions,57.17464,24.58792,WAS
16100,Marcin Gortat,69.54343,27.33269,WAS
16100,Zach Randolph,51.48316,30.24976,MEM
16100,Tony Allen,77.0605,4.72943,MEM
16100,Courtney Lee,76.78376,47.42166,MEM
16100,Mario Chalmers,39.21832,27.23155,MEM
16100,JaMychal Green,70.09803,17.28555,MEM
16110,Ball,41.9798,25.46792,Ball
16110,Gary Neal,79.07127,10.83864,WAS
16110,Kris Humphries,76.14325,19.75543,WAS
16110,Garrett Temple,76.0601,38.03391,WAS
16110,Ramon Sessions,57.65671,24.7703,WAS
16110,Marcin Gortat,71.73777,27.63968,WAS
16110,Zach Randolph,55.34285,31.25301,MEM
16110,Tony Allen,80.34573,4.3068,MEM
16110,Courtney Lee,78.67509,47.77992,MEM
16110,Mario Chalmers,41.72037,26.65414,MEM
16110,JaMychal Green,70.26509,16.55247,MEM
16120,Ball,45.64841,25.33722,Ball
16120,Gary Neal,81.17265,10.11807,WAS
16120,Kris Humphries,74.90262,19.09394,WAS
16120,Garrett Temple,77.71451,38.69623,WAS
16120,Ramon Sessions,57.86792,25.3185,WAS
16120,Marcin Gortat,73.13694,28.00673,WAS
16120,Zach Randolph,58.5701,32.29249,MEM
16120,Tony Allen,83.01869,4.85572,MEM
16120,Courtney Lee,80.42498,47.98595,MEM
16120,Mario Chalmers,44.46735,26.30898,MEM
16120,JaMychal Green,69.59081,16.13181,MEM
16130,Ball,46.98443,24.52976,Ball
16130,Gary Neal,83.12167,10.43802,WAS
16130,Kris Humphries,73.34736,18.23276,WAS
16130,Garrett Temple,79.1855,39.0658,WAS
16130,Ramon Sessions,57.9205,25.4259,WAS
16130,Marcin Gortat,74.45931,28.72169,WAS
16130,Zach Randolph,61.64141,32.90416,MEM
16130,Tony Allen,85.14369,5.93859,MEM
16130,Courtney Lee,82.08633,48.20963,MEM
16130,Mario Chalmers,47.06607,26.00127,MEM
16130,JaMychal Green,69.19801,16.03482,MEM
16140,Ball,50.772,25.65798,Ball
16140,Gary Neal,84.6596,11.00779,WAS
16140,Kris Humphries,71.70981,17.5386,WAS
16140,Garrett Temple,80.71216,39.40755,WAS
16140,Ramon Sessions,58.09216,25.63792,WAS
16140,Marcin Gortat,75.5769,28.99496,WAS
16140,Zach Randolph,64.12737,33.45308,MEM
16140,Tony Allen,86.88294,7.59295,MEM
16140,Courtney Lee,83.87831,48.31186,MEM
16140,Mario Chalmers,49.50116,25.8431,MEM
16140,JaMychal Green,69.30284,16.2259,MEM
16150,Ball,52.40606,27.43925,Ball
16150,Gary Neal,86.41803,11.70023,WAS
16150,Kris Humphries,70.73597,17.0641,WAS
16150,Garrett Temple,81.9278,39.75708,WAS
16150,Ramon Sessions,58.80003,26.3814,WAS
16150,Marcin Gortat,76.40535,28.918590000000002,WAS
16150,Zach Randolph,66.22968,33.6576,MEM
16150,Tony Allen,88.01305,9.30207,MEM
16150,Courtney Lee,85.15873,48.49097,MEM
16150,Mario Chalmers,51.42496,26.4118,MEM
16150,JaMychal Green,69.15912,16.0774,MEM
16160,Ball,52.85584,28.01245,Ball
16160,Gary Neal,87.45266,12.73073,WAS
16160,Kris Humphries,70.22886,17.02045,WAS
16160,Garrett Temple,83.12696,39.81967,WAS
16160,Ramon Sessions,59.46743,27.104,WAS
16160,Marcin Gortat,76.60798,28.94866,WAS
16160,Zach Randolph,67.98016,33.89104,MEM
16160,Tony Allen,89.17149,11.09749,MEM
16160,Courtney Lee,86.31272,48.64862,MEM
16160,Mario Chalmers,52.46979,26.81795,MEM
16160,JaMychal Green,68.86837,15.948550000000001,MEM
16170,Ball,51.84111,26.30772,Ball
16170,Gary Neal,88.07599,13.86766,WAS
16170,Kris Humphries,70.1216,17.05534,WAS
16170,Garrett Temple,84.3389,39.7906,WAS
16170,Ramon Sessions,59.63687,27.49615,WAS
16170,Marcin Gortat,76.37369,29.50166,WAS
16170,Zach Randolph,69.60248,33.92045,MEM
16170,Tony Allen,90.0762,13.23159,MEM
16170,Courtney Lee,87.45522,48.43362,MEM
16170,Mario Chalmers,52.39372,27.05306,MEM
16170,JaMychal Green,68.8165,16.02329,MEM
16180,Ball,51.96292,25.34002,Ball
16180,Gary Neal,88.35849,15.10312,WAS
16180,Kris Humphries,70.25549,16.96744,WAS
16180,Garrett Temple,85.20438,39.90067,WAS
16180,Ramon Sessions,59.26362,28.10594,WAS
16180,Marcin Gortat,75.63969,30.1621,WAS
16180,Zach Randolph,70.81064,33.98528,MEM
16180,Tony Allen,90.8251,14.80383,MEM
16180,Courtney Lee,88.02328,48.36571,MEM
16180,Mario Chalmers,52.60224,26.75944,MEM
16180,JaMychal Green,69.36268,16.46542,MEM
16190,Ball,53.81298,25.26311,Ball
16190,Gary Neal,88.89229,16.25482,WAS
16190,Kris Humphries,70.78813,16.75889,WAS
16190,Garrett Temple,86.05466,40.07023,WAS
16190,Ramon Sessions,58.48208,28.18997,WAS
16190,Marcin Gortat,74.93961,30.04811,WAS
16190,Zach Randolph,71.83196,34.67457,MEM
16190,Tony Allen,91.72739,16.18252,MEM
16190,Courtney Lee,87.84578,48.48849,MEM
16190,Mario Chalmers,53.44347,26.49387,MEM
16190,JaMychal Green,69.02803,16.46979,MEM
16200,Ball,53.67139,24.22062,Ball
16200,Gary Neal,89.01665,17.15354,WAS
16200,Kris Humphries,70.81534,16.67052,WAS
16200,Garrett Temple,86.59345,39.81115,WAS
16200,Ramon Sessions,58.33507,27.52402,WAS
16200,Marcin Gortat,74.34028,29.71495,WAS
16200,Zach Randolph,72.03862,35.70634,MEM
16200,Tony Allen,92.21335,17.24995,MEM
16200,Courtney Lee,87.79677,48.52087,MEM
16200,Mario Chalmers,54.5722,25.53339,MEM
16200,JaMychal Green,68.4505,16.56235,MEM
16210,Ball,56.58317,21.74145,Ball
16210,Gary Neal,88.65058,17.74617,WAS
16210,Kris Humphries,69.59816000000001,16.3807,WAS
16210,Garrett Temple,87.04766,39.34556,WAS
16210,Ramon Sessions,59.54039,25.78767,WAS
16210,Marcin Gortat,74.26191,28.88025,WAS
16210,Zach Randolph,72.07048,36.51202,MEM
16210,Tony Allen,92.62148,18.30377,MEM
16210,Courtney Lee,88.00436,48.4946,MEM
16210,Mario Chalmers,56.60206,23.32706,MEM
16210,JaMychal Green,67.32963,16.91466,MEM
16220,Ball,57.92033,18.19285,Ball
16220,Gary Neal,88.4389,17.88941,WAS
16220,Kris Humphries,68.04299,15.59621,WAS
16220,Garrett Temple,87.20343,39.366460000000004,WAS
16220,Ramon Sessions,61.57238,22.97325,WAS
16220,Marcin Gortat,75.01658,27.81126,WAS
16220,Zach Randolph,72.60942,36.86439,MEM
16220,Tony Allen,91.52781,19.10098,MEM
16220,Courtney Lee,88.28302,48.4353,MEM
16220,Mario Chalmers,58.99714,19.30798,MEM
16220,JaMychal Green,65.71781,17.46242,MEM
16230,Ball,60.49617,13.30815,Ball
16230,Gary Neal,88.01208,18.50612,WAS
16230,Kris Humphries,67.98506,14.76875,WAS
16230,Garrett Temple,87.11922,39.58815,WAS
16230,Ramon Sessions,62.73389,19.01956,WAS
16230,Marcin Gortat,76.26178,26.88133,WAS
16230,Zach Randolph,73.73777,37.0994,MEM
16230,Tony Allen,90.55762,20.69828,MEM
16230,Courtney Lee,88.26517,48.40548,MEM
16230,Mario Chalmers,61.60499,14.41194,MEM
16230,JaMychal Green,64.32083,19.04571,MEM
16240,Ball,65.25239,8.6178,Ball
16240,Gary Neal,87.88716,19.79134,WAS
16240,Kris Humphries,69.70577,13.93726,WAS
16240,Garrett Temple,86.79925,39.52321,WAS
16240,Ramon Sessions,64.71507,16.12047,WAS
16240,Marcin Gortat,77.84137,25.89195,WAS
16240,Zach Randolph,75.40711,37.11398,MEM
16240,Tony Allen,89.62938,23.4063,MEM
16240,Courtney Lee,88.12945,48.38869,MEM
16240,Mario Chalmers,64.94853,10.167,MEM
16240,JaMychal Green,64.7457,21.62633,MEM
16250,Ball,69.86275,6.14496,Ball
16250,Gary Neal,88.11292,21.30352,WAS
16250,Kris Humphries,72.2989,13.05301,WAS
16250,Garrett Temple,85.9362,39.78016,WAS
16250,Ramon Sessions,68.68736,13.97982,WAS
16250,Marcin Gortat,79.28264,25.39998,WAS
16250,Zach Randolph,77.03485,37.59468,MEM
16250,Tony Allen,89.08357,26.55205,MEM
16250,Courtney Lee,88.10753,48.35724,MEM
16250,Mario Chalmers,69.01925,7.50511,MEM
16250,JaMychal Green,65.54479,24.29201,MEM
16260,Ball,71.8458,6.46881,Ball
16260,Gary Neal,88.27638,22.7994,WAS
16260,Kris Humphries,74.96465,13.44885,WAS
16260,Garrett Temple,84.57541,40.14011,WAS
16260,Ramon Sessions,72.63754,11.80802,WAS
16260,Marcin Gortat,80.68069,25.64828,WAS
16260,Zach Randolph,78.94465,37.49147,MEM
16260,Tony Allen,88.61652,29.52159,MEM
16260,Courtney Lee,87.99184,48.30815,MEM
16260,Mario Chalmers,71.49843,6.35656,MEM
16260,JaMychal Green,66.54545,26.041,MEM
16270,Ball,68.96371,11.72264,Ball
16270,Gary Neal,88.18838,24.98449,WAS
16270,Kris Humphries,75.34975,16.18539,WAS
16270,Garrett Temple,83.28141,39.86493,WAS
16270,Ramon Sessions,75.55599,10.59814,WAS
16270,Marcin Gortat,82.05327,25.76622,WAS
16270,Zach Randolph,80.5532,37.35133,MEM
16270,Tony Allen,88.21564,31.87253,MEM
16270,Courtney Lee,87.13602,48.3033,MEM
16270,Mario Chalmers,71.59986,6.50009,MEM
16270,JaMychal Green,66.75277,26.32005,MEM
16280,Ball,66.44159,24.58485,Ball
16280,Gary Neal,87.82154,27.74178,WAS
16280,Kris Humphries,74.79179,19.73398,WAS
16280,Garrett Temple,82.26371,39.64236,WAS
16280,Ramon Sessions,76.24536,10.40274,WAS
16280,Marcin Gortat,82.68819,26.06842,WAS
16280,Zach Randolph,81.34347,38.19576,MEM
16280,Tony Allen,87.81888000000001,33.41535,MEM
16280,Courtney Lee,85.60753,48.49852,MEM
16280,Mario Chalmers,71.71247,6.24377,MEM
16280,JaMychal Green,67.33591,26.18405,MEM
16290,Ball,68.62807,26.29785,Ball
16290,Gary Neal,87.73312,30.67264,WAS
16290,Kris Humphries,74.43585,23.18625,WAS
16290,Garrett Temple,81.07869,40.00823,WAS
16290,Ramon Sessions,76.00973,10.43852,WAS
16290,Marcin Gortat,82.78997,26.70864,WAS
16290,Zach Randolph,81.63758,39.05547,MEM
16290,Tony Allen,87.98562,33.8406,MEM
16290,Courtney Lee,83.19954,48.6372,MEM
16290,Mario Chalmers,72.18189,5.70293,MEM
16290,JaMychal Green,68.19359,27.118,MEM
16300,Ball,68.89322,28.51512,Ball
16300,Gary Neal,87.9301,32.85086,WAS
16300,Kris Humphries,74.62629,25.38099,WAS
16300,Garrett Temple,78.53669,39.58335,WAS
16300,Ramon Sessions,75.65134,10.48494,WAS
16300,Marcin Gortat,82.88695,27.63129,WAS
16300,Zach Randolph,82.37759,38.53553,MEM
16300,Tony Allen,88.96466,34.10347,MEM
16300,Courtney Lee,79.74986,48.24176,MEM
16300,Mario Chalmers,72.21835,5.2846,MEM
16300,JaMychal Green,68.70982,28.46386,MEM
16310,Ball,69.86632,37.30237,Ball
16310,Gary Neal,88.19996,34.03806,WAS
16310,Kris Humphries,74.62887,26.8612,WAS
16310,Garrett Temple,75.85018,38.71181,WAS
16310,Ramon Sessions,75.70864,10.82758,WAS
16310,Marcin Gortat,83.40505,29.46558,WAS
16310,Zach Randolph,83.80655,37.80376,MEM
16310,Tony Allen,89.25031,34.22842,MEM
16310,Courtney Lee,75.49796,47.69614,MEM
16310,Mario Chalmers,72.04233,5.29598,MEM
16310,JaMychal Green,68.87907,27.96249,MEM
16320,Ball,70.42817,46.75974,Ball
16320,Gary Neal,88.32228,33.78361,WAS
16320,Kris Humphries,74.51134,27.40785,WAS
16320,Garrett Temple,74.00153,38.95495,WAS
16320,Ramon Sessions,75.65121,11.18931,WAS
16320,Marcin Gortat,83.95542,30.48835,WAS
16320,Zach Randolph,84.75773,36.68976,MEM
16320,Tony Allen,88.98383,34.82166,MEM
16320,Courtney Lee,71.55305,47.10243,MEM
16320,Mario Chalmers,72.10012,5.33082,MEM
16320,JaMychal Green,69.59116,25.58049,MEM
16330,Ball,67.98024,45.91975,Ball
16330,Gary Neal,88.84359,34.04643,WAS
16330,Kris Humphries,74.94415,27.33317,WAS
16330,Garrett Temple,72.59359,40.14602,WAS
16330,Ramon Sessions,75.44553,11.72605,WAS
16330,Marcin Gortat,84.32339,30.87959,WAS
16330,Zach Randolph,85.32042,35.95785,MEM
16330,Tony Allen,88.40679,34.55662,MEM
16330,Courtney Lee,68.63196,46.27514,MEM
16330,Mario Chalmers,72.28765,5.32343,MEM
16330,JaMychal Green,70.79668,23.15852,MEM
16340,Ball,66.18432,44.94697,Ball
16340,Gary Neal,88.46331,35.24563,WAS
16340,Kris Humphries,76.02927,26.39408,WAS
16340,Garrett Temple,70.92351,41.48453,WAS
16340,Ramon Sessions,75.32002,12.71106,WAS
16340,Marcin Gortat,83.71886,32.20552,WAS
16340,Zach Randolph,85.65336,35.73983,MEM
16340,Tony Allen,86.99736,32.1431,MEM
16340,Courtney Lee,66.93382,45.70979,MEM
16340,Mario Chalmers,72.52997,5.36137,MEM
16340,JaMychal Green,71.88581,19.97651,MEM
16350,Ball,66.06825,44.08587,Ball
16350,Gary Neal,87.27404,33.34113,WAS
16350,Kris Humphries,77.42322,25.25434,WAS
16350,Garrett Temple,69.52079,42.05706,WAS
16350,Ramon Sessions,74.65525,13.39455,WAS
16350,Marcin Gortat,83.00748,32.96951,WAS
16350,Zach Randolph,84.43735,35.87584,MEM
16350,Tony Allen,85.42702,28.6876,MEM
16350,Courtney Lee,66.57354,45.59485,MEM
16350,Mario Chalmers,72.33848,5.29648,MEM
16350,JaMychal Green,72.8802,17.36852,MEM
16360,Ball,67.94773,46.1793,Ball
16360,Gary Neal,85.58421,30.64439,WAS
16360,Kris Humphries,78.47209,23.60868,WAS
16360,Garrett Temple,69.483,41.75193,WAS
16360,Ramon Sessions,73.73268,13.56584,WAS
16360,Marcin Gortat,81.93292,33.38177,WAS
16360,Zach Randolph,83.03634,36.20614,MEM
16360,Tony Allen,83.59397,25.38791,MEM
16360,Courtney Lee,67.26275,45.89437,MEM
16360,Mario Chalmers,72.27451,5.32436,MEM
16360,JaMychal Green,73.50387,15.45848,MEM
16370,Ball,72.98322,46.61067,Ball
16370,Gary Neal,83.10473,28.44612,WAS
16370,Kris Humphries,79.77186,22.35638,WAS
16370,Garrett Temple,70.3467,41.17842,WAS
16370,Ramon Sessions,72.35918,13.72915,WAS
16370,Marcin Gortat,81.86832,33.83894,WAS
16370,Zach Randolph,82.78917,38.27888,MEM
16370,Tony Allen,82.03933,21.85967,MEM
16370,Courtney Lee,68.66428,46.0804,MEM
16370,Mario Chalmers,72.37781,5.43343,MEM
16370,JaMychal Green,74.0763,14.87175,MEM
16380,Ball,81.87538,43.39659,Ball
16380,Gary Neal,81.96202,26.52973,WAS
16380,Kris Humphries,79.78632,20.37531,WAS
16380,Garrett Temple,71.33067,40.77841,WAS
16380,Ramon Sessions,71.70895,13.65873,WAS
16380,Marcin Gortat,82.54316,35.22404,WAS
16380,Zach Randolph,81.98839,39.62027,MEM
16380,Tony Allen,81.16654,19.37879,MEM
16380,Courtney Lee,68.36607,45.45543,MEM
16380,Mario Chalmers,73.14555,5.26238,MEM
16380,JaMychal Green,75.35396,14.98805,MEM
16390,Ball,81.54313,42.39205,Ball
16390,Gary Neal,81.66763,24.28408,WAS
16390,Kris Humphries,79.59809,19.39265,WAS
16390,Garrett Temple,71.85462,39.54052,WAS
16390,Ramon Sessions,72.19007,14.11007,WAS
16390,Marcin Gortat,82.15763,36.25508,WAS
16390,Zach Randolph,81.19038,41.23858,MEM
16390,Tony Allen,80.84982,17.23138,MEM
16390,Courtney Lee,67.55703,43.72093,MEM
16390,Mario Chalmers,74.51292,4.73677,MEM
16390,JaMychal Green,76.72301,14.92054,MEM
16400,Ball,80.7709,42.34406,Ball
16400,Gary Neal,81.44,22.17311,WAS
16400,Kris Humphries,80.97448,18.20358,WAS
16400,Garrett Temple,72.1781,37.71988,WAS
16400,Ramon Sessions,73.18867,14.82561,WAS
16400,Marcin Gortat,80.95534,36.80694,WAS
16400,Zach Randolph,80.39807,41.56454,MEM
16400,Tony Allen,81.18294,15.81578,MEM
16400,Courtney Lee,66.3862,40.38985,MEM
16400,Mario Chalmers,76.14331,3.98003,MEM
16400,JaMychal Green,77.20587,15.08023,MEM
16410,Ball,80.23523,40.8644,Ball
16410,Gary Neal,81.0783,20.44769,WAS
16410,Kris Humphries,81.81819,17.66146,WAS
16410,Garrett Temple,72.64431,35.85879,WAS
16410,Ramon Sessions,74.7764,14.76152,WAS
16410,Marcin Gortat,80.50212,36.88928,WAS
16410,Zach Randolph,80.02481,41.05339,MEM
16410,Tony Allen,81.23116,15.19983,MEM
16410,Courtney Lee,65.55169,36.06104,MEM
16410,Mario Chalmers,77.81899,3.61499,MEM
16410,JaMychal Green,77.62488,14.77892,MEM
16420,Ball,81.62302,38.62374,Ball
16420,Gary Neal,80.24004,18.73381,WAS
16420,Kris Humphries,81.86386,16.93106,WAS
16420,Garrett Temple,73.1959,33.79104,WAS
16420,Ramon Sessions,76.33172,14.2571,WAS
16420,Marcin Gortat,81.53526,36.8541,WAS
16420,Zach Randolph,79.67819,40.60766,MEM
16420,Tony Allen,80.97319,14.97972,MEM
16420,Courtney Lee,65.09204,31.40757,MEM
16420,Mario Chalmers,78.81542,3.24922,MEM
16420,JaMychal Green,77.2633,14.3353,MEM
16430,Ball,79.31924,38.03041,Ball
16430,Gary Neal,79.98518,17.56003,WAS
16430,Kris Humphries,81.68446,16.79069,WAS
16430,Garrett Temple,73.8371,32.11957,WAS
16430,Ramon Sessions,76.62632,13.22937,WAS
16430,Marcin Gortat,81.98029,36.37654,WAS
16430,Zach Randolph,79.3508,38.80188,MEM
16430,Tony Allen,81.03171,14.90404,MEM
16430,Courtney Lee,65.11066,27.31229,MEM
16430,Mario Chalmers,79.25935,2.83655,MEM
16430,JaMychal Green,76.62632,13.22937,MEM
16440,Ball,77.44216,34.79325,Ball
16440,Gary Neal,80.17967,17.08973,WAS
16440,Kris Humphries,80.40719,16.93506,WAS
16440,Garrett Temple,74.80763,30.85464,WAS
16440,Ramon Sessions,77.67373,11.57579,WAS
16440,Marcin Gortat,81.81669,34.18194,WAS
16440,Zach Randolph,78.95331,35.25124,MEM
16440,Tony Allen,81.77306,15.14415,MEM
16440,Courtney Lee,65.47937,23.49052,MEM
16440,Mario Chalmers,80.27958,3.3269,MEM
16440,JaMychal Green,76.21268,13.24684,MEM
16450,Ball,80.04952,29.4503,Ball
16450,Gary Neal,80.67649,16.71085,WAS
16450,Kris Humphries,79.76323,16.90224,WAS
16450,Garrett Temple,76.83959,29.70873,WAS
16450,Ramon Sessions,80.54564,11.12013,WAS
16450,Marcin Gortat,81.67381,30.73417,WAS
16450,Zach Randolph,79.73915,30.50256,MEM
16450,Tony Allen,81.62732,14.31312,MEM
16450,Courtney Lee,65.43881,20.38632,MEM
16450,Mario Chalmers,83.44575,5.74479,MEM
16450,JaMychal Green,75.2156,15.0851,MEM
16460,Ball,81.44698,24.21049,Ball
16460,Gary Neal,81.64705,16.2212,WAS
16460,Kris Humphries,76.55657,17.96761,WAS
16460,Garrett Temple,78.84488,29.44329,WAS
16460,Ramon Sessions,83.91738,12.00645,WAS
16460,Marcin Gortat,82.74475,26.80166,WAS
16460,Zach Randolph,81.22136,25.55086,MEM
16460,Tony Allen,81.34883,13.80668,MEM
16460,Courtney Lee,64.88524,18.01552,MEM
16460,Mario Chalmers,86.79479,10.08844,MEM
16460,JaMychal Green,75.57481,17.5603,MEM
16470,Ball,82.45286,21.43382,Ball
16470,Gary Neal,81.53467,15.88406,WAS
16470,Kris Humphries,77.70075,21.03603,WAS
16470,Garrett Temple,81.2012,29.12423,WAS
16470,Ramon Sessions,85.72257,15.89011,WAS
16470,Marcin Gortat,83.32951,23.70073,WAS
16470,Zach Randolph,82.29908,21.50879,MEM
16470,Tony Allen,81.51133,14.13019,MEM
16470,Courtney Lee,64.06088,16.21933,MEM
16470,Mario Chalmers,89.36164,15.58775,MEM
16470,JaMychal Green,77.67128,20.99977,MEM
16480,Ball,85.99356,23.14111,Ball
16480,Gary Neal,80.39332,16.21888,WAS
16480,Kris Humphries,81.43482,23.50851,WAS
16480,Garrett Temple,83.72811,28.20538,WAS
16480,Ramon Sessions,87.72936,19.29718,WAS
16480,Marcin Gortat,84.02522,20.58365,WAS
16480,Zach Randolph,83.93407,17.85489,MEM
16480,Tony Allen,80.5555,14.17665,MEM
16480,Courtney Lee,62.69534,15.01872,MEM
16480,Mario Chalmers,90.56718,21.04917,MEM
16480,JaMychal Green,81.50359,23.48739,MEM
16490,Ball,88.22785,24.53965,Ball
16490,Gary Neal,78.31046,17.49871,WAS
16490,Kris Humphries,85.33271,23.90644,WAS
16490,Garrett Temple,85.16048,26.74146,WAS
16490,Ramon Sessions,90.35433,20.47613,WAS
16490,Marcin Gortat,85.67413,18.4295,WAS
16490,Zach Randolph,84.31301,14.65055,MEM
16490,Tony Allen,79.41842,13.85389,MEM
16490,Courtney Lee,61.16525,14.36724,MEM
16490,Mario Chalmers,90.11989,25.30503,MEM
16490,JaMychal Green,85.31277,23.8677,MEM
16500,Ball,88.33782,24.90115,Ball
16500,Gary Neal,75.67782,19.39968,WAS
16500,Kris Humphries,87.55361,23.74748,WAS
16500,Garrett Temple,85.50341,26.92109,WAS
16500,Ramon Sessions,91.84156,19.85965,WAS
16500,Marcin Gortat,86.06536,15.88919,WAS
16500,Zach Randolph,82.76652,12.51384,MEM
16500,Tony Allen,78.06446,13.89924,MEM
16500,Courtney Lee,59.32878,14.40035,MEM
16500,Mario Chalmers,88.67781,28.08585,MEM
16500,JaMychal Green,87.55361,23.74748,MEM
16510,Ball,88.47331,25.2097,Ball
16510,Gary Neal,72.20592,22.04593,WAS
16510,Kris Humphries,88.31391,23.88981,WAS
16510,Garrett Temple,85.92518,27.49617,WAS
16510,Ramon Sessions,91.55731,19.84808,WAS
16510,Marcin Gortat,83.94312,13.3766,WAS
16510,Zach Randolph,80.16413,11.42949,MEM
16510,Tony Allen,75.38538,14.79541,MEM
16510,Courtney Lee,57.57676,14.68327,MEM
16510,Mario Chalmers,85.83558,30.40578,MEM
16510,JaMychal Green,88.15449,24.29504,MEM
16510,Ball,88.52335,25.23117,Ball
16510,Gary Neal,71.81001,22.34707,WAS
16510,Kris Humphries,88.34737,23.86078,WAS
16510,Garrett Temple,85.88749,27.56007,WAS
16510,Ramon Sessions,91.5127,19.85172,WAS
16510,Marcin Gortat,83.6469,13.19127,WAS
16510,Zach Randolph,79.90608,11.36374,MEM
16510,Tony Allen,75.08098,14.94263,MEM
16510,Courtney Lee,57.37463,14.73259,MEM
16510,Mario Chalmers,85.5105,30.58775,MEM
16510,JaMychal Green,88.15497,24.41992,MEM
16510,Ball,88.58246,25.24731,Ball
16510,Gary Neal,71.4111,22.65122,WAS
16510,Kris Humphries,88.44156,23.82612,WAS
16510,Garrett Temple,85.88954,27.68177,WAS
16510,Ramon Sessions,91.47327,19.85374,WAS
16510,Marcin Gortat,83.33171,13.00351,WAS
16510,Zach Randolph,79.62565,11.29923,MEM
16510,Tony Allen,74.76443,15.09481,MEM
16510,Courtney Lee,57.17118,14.78726,MEM
16510,Mario Chalmers,85.17427,30.76784,MEM
16510,JaMychal Green,88.15463,24.51909,MEM
16510,Ball,88.651,25.25888,Ball
16510,Gary Neal,71.0023,22.95745,WAS
16510,Kris Humphries,88.54593,23.78106,WAS
16510,Garrett Temple,85.86774,27.83131,WAS
16510,Ramon Sessions,91.42888,19.85253,WAS
16510,Marcin Gortat,83.06292,12.80721,WAS
16510,Zach Randolph,79.28571,11.27254,MEM
16510,Tony Allen,74.43471,15.25917,MEM
16510,Courtney Lee,56.96443,14.84862,MEM
16510,Mario Chalmers,84.82576,30.93847,MEM
16510,JaMychal Green,88.16924,24.62027,MEM
16510,Ball,88.72933,25.26663,Ball
16510,Gary Neal,70.58319,23.26659,WAS
16510,Kris Humphries,88.67431,23.75488,WAS
16510,Garrett Temple,85.85957,27.9707,WAS
16510,Ramon Sessions,91.38177,19.84618,WAS
16510,Marcin Gortat,82.7176,12.6109,WAS
16510,Zach Randolph,79.01015,11.24612,MEM
16510,Tony Allen,74.08394,15.43463,MEM
16510,Courtney Lee,56.74841,14.92563,MEM
16510,Mario Chalmers,84.4644,31.09406,MEM
16510,JaMychal Green,88.12731,24.69922,MEM
16510,Ball,88.81783,25.27133,Ball
16510,Gary Neal,70.15351,23.58291,WAS
16510,Kris Humphries,88.80097,23.72342,WAS
16510,Garrett Temple,85.79909,28.10181,WAS
16510,Ramon Sessions,91.33302,19.83766,WAS
16510,Marcin Gortat,82.38964,12.4788,WAS
16510,Zach Randolph,78.71696,11.21139,MEM
16510,Tony Allen,73.71594,15.6149,MEM
16510,Courtney Lee,56.52475,15.01469,MEM
16510,Mario Chalmers,84.08532,31.23431,MEM
16510,JaMychal Green,88.10303,24.79011,MEM
16510,Ball,88.91684,25.27374,Ball
16510,Gary Neal,69.71101,23.90399,WAS
16510,Kris Humphries,88.89008,23.72099,WAS
16510,Garrett Temple,85.69142,28.22881,WAS
16510,Ramon Sessions,91.29125,19.76629,WAS
16510,Marcin Gortat,82.02588,12.2888,WAS
16510,Zach Randolph,78.41614,11.24386,MEM
16510,Tony Allen,73.33708,15.80142,MEM
16510,Courtney Lee,56.29001,15.12082,MEM
16510,Mario Chalmers,83.72098,31.36991,MEM
16510,JaMychal Green,87.9797,24.89851,MEM
16510,Ball,89.02675,25.27463,Ball
16510,Gary Neal,69.27387,24.22433,WAS
16510,Kris Humphries,89.03221,23.71222,WAS
16510,Garrett Temple,85.56743,28.39278,WAS
16510,Ramon Sessions,91.25644,19.63207,WAS
16510,Marcin Gortat,81.69781,12.13337,WAS
16510,Zach Randolph,78.05281,11.27394,MEM
16510,Tony Allen,72.95835,15.99293,MEM
16510,Courtney Lee,56.04187,15.24543,MEM
16510,Mario Chalmers,83.33792,31.49502,MEM
16510,JaMychal Green,87.88901,25.00465,MEM
16510,Ball,89.14791,25.27476,Ball
16510,Gary Neal,68.83115,24.54642,WAS
16510,Kris Humphries,89.11982,23.70653,WAS
16510,Garrett Temple,85.42957,28.5878,WAS
16510,Ramon Sessions,91.22162,19.49786,WAS
16510,Marcin Gortat,81.35417,12.01809,WAS
16510,Zach Randolph,77.68347,11.31583,MEM
16510,Tony Allen,72.57584,16.18642,MEM
16510,Courtney Lee,55.78233,15.37655,MEM
16510,Mario Chalmers,82.95583,31.60133,MEM
16510,JaMychal Green,87.65837,25.09651,MEM
16510,Ball,89.52799,25.19152,Ball
16510,Gary Neal,68.37706,24.87077,WAS
16510,Kris Humphries,89.25689,23.72901,WAS
16510,Garrett Temple,85.26414,28.79071,WAS
16510,Ramon Sessions,91.18681,19.36364,WAS
16510,Marcin Gortat,81.0412,11.92029,WAS
16510,Zach Randolph,77.24852,11.36902,MEM
16510,Tony Allen,72.18051,16.39044,MEM
16510,Courtney Lee,55.52308,15.51236,MEM
16510,Mario Chalmers,82.55932,31.69884,MEM
16510,JaMychal Green,87.4359,25.14854,MEM
16510,Ball,89.78009,25.08782,Ball
16510,Gary Neal,67.90406,25.19976,WAS
16510,Kris Humphries,89.45494,23.74846,WAS
16510,Garrett Temple,85.12755,29.00776,WAS
16510,Ramon Sessions,91.152,19.22942,WAS
16510,Marcin Gortat,80.68386,11.8124,WAS
16510,Zach Randolph,76.79975,11.43745,MEM
16510,Tony Allen,71.76336,16.59744,MEM
16510,Courtney Lee,55.25832,15.65573,MEM
16510,Mario Chalmers,82.14814,31.7919,MEM
16510,JaMychal Green,87.21018,25.20849,MEM
16510,Ball,90.11863,24.96213,Ball
16510,Gary Neal,67.42665,25.53459,WAS
16510,Kris Humphries,89.58195,23.69641,WAS
16510,Garrett Temple,84.97028,29.25392,WAS
16510,Ramon Sessions,91.11719,19.0952,WAS
16510,Marcin Gortat,80.28492,11.68503,WAS
16510,Zach Randolph,76.33854,11.51348,MEM
16510,Tony Allen,71.32296,16.81589,MEM
16510,Courtney Lee,54.99903,15.80591,MEM
16510,Mario Chalmers,81.72553,31.8734,MEM
16510,JaMychal Green,86.94756,25.20419,MEM
16510,Ball,90.48173,24.79986,Ball
16510,Gary Neal,66.93522,25.87543,WAS
16510,Kris Humphries,89.71781,23.61332,WAS
16510,Garrett Temple,84.81317,29.49844,WAS
16510,Ramon Sessions,91.08238,18.96099,WAS
16510,Marcin Gortat,79.8793,11.57866,WAS
16510,Zach Randolph,75.86823,11.60038,MEM
16510,Tony Allen,70.91882,17.03423,MEM
16510,Courtney Lee,54.74281,15.96837,MEM
16510,Mario Chalmers,81.27261,31.95603,MEM
16510,JaMychal Green,86.68587,25.17153,MEM
16510,Ball,90.87104,24.55511,Ball
16510,Gary Neal,66.42643,26.21527,WAS
16510,Kris Humphries,89.87312,23.60736,WAS
16510,Garrett Temple,84.64485,29.73425,WAS
16510,Ramon Sessions,91.06568,18.70305,WAS
16510,Marcin Gortat,79.45945,11.48295,WAS
16510,Zach Randolph,75.39409,11.68813,MEM
16510,Tony Allen,70.49219,17.25495,MEM
16510,Courtney Lee,54.48843,16.14282,MEM
16510,Mario Chalmers,80.80534,32.03194,MEM
16510,JaMychal Green,86.45669,25.06293,MEM
16510,Ball,91.25084,24.23283,Ball
16510,Gary Neal,65.92966,26.56873,WAS
16510,Kris Humphries,89.99971,23.56266,WAS
16510,Garrett Temple,84.47595,29.98677,WAS
16510,Ramon Sessions,91.03376,18.43398,WAS
16510,Marcin Gortat,79.0192,11.3865,WAS
16510,Zach Randolph,74.94606,11.80757,MEM
16510,Tony Allen,70.05303,17.49651,MEM
16510,Courtney Lee,54.23767,16.32511,MEM
16510,Mario Chalmers,80.31845,32.10334,MEM
16510,JaMychal Green,86.26764,24.99255,MEM
16510,Ball,91.4507,23.87625,Ball
16510,Gary Neal,65.42173,26.91904,WAS
16510,Kris Humphries,90.1815,23.55836,WAS
16510,Garrett Temple,84.30395,30.24434,WAS
16510,Ramon Sessions,90.97807,18.15958,WAS
16510,Marcin Gortat,78.56515,11.2975,WAS
16510,Zach Randolph,74.45975,11.89617,MEM
16510,Tony Allen,69.61004,17.74494,MEM
16510,Courtney Lee,53.99176,16.50485,MEM
16510,Mario Chalmers,79.83309,32.17388,MEM
16510,JaMychal Green,85.99455,24.9113,MEM
16510,Ball,91.48395,23.46823,Ball
16510,Gary Neal,64.91203,27.27511,WAS
16510,Kris Humphries,90.36611,23.5454,WAS
16510,Garrett Temple,84.1242,30.50019,WAS
16510,Ramon Sessions,90.91831,17.88236,WAS
16510,Marcin Gortat,78.09663,11.21905,WAS
16510,Zach Randolph,73.96382,11.99582,MEM
16510,Tony Allen,69.11399,17.99797,MEM
16510,Courtney Lee,53.75229,16.69561,MEM
16510,Mario Chalmers,79.34299,32.23873,MEM
16510,JaMychal Green,85.72169,24.82179,MEM
16510,Ball,91.31398,23.12797,Ball
16510,Gary Neal,64.39977,27.63322,WAS
16510,Kris Humphries,90.52827,23.50091,WAS
16510,Garrett Temple,83.93748,30.76405,WAS
16510,Ramon Sessions,90.85038,17.59735,WAS
16510,Marcin Gortat,77.62586,11.15625,WAS
16510,Zach Randolph,73.46183,12.1022,MEM
16510,Tony Allen,68.61947,18.26046,MEM
16510,Courtney Lee,53.50264,16.89106,MEM
16510,Mario Chalmers,78.83874,32.29941,MEM
16510,JaMychal Green,85.45993,24.7281,MEM
16510,Ball,91.55841,22.99402,Ball
16510,Gary Neal,63.8803,27.99731,WAS
16510,Kris Humphries,90.68824,23.45643,WAS
16510,Garrett Temple,83.7441,31.03544,WAS
16510,Ramon Sessions,90.77467,17.30495,WAS
16510,Marcin Gortat,77.12538,11.07988,WAS
16510,Zach Randolph,72.95664,12.2113,MEM
16510,Tony Allen,68.12502,18.52964,MEM
16510,Courtney Lee,53.25282,17.09005,MEM
16510,Mario Chalmers,78.33118,32.35406,MEM
16510,JaMychal Green,85.16347,24.63275,MEM
16510,Ball,91.69491,22.8599,Ball
16510,Gary Neal,63.35966,28.3595,WAS
16510,Kris Humphries,90.83573,23.38196,WAS
16510,Garrett Temple,83.53017,31.31482,WAS
16510,Ramon Sessions,90.68206,17.00741,WAS
16510,Marcin Gortat,76.61114,11.0057,WAS
16510,Zach Randolph,72.40353,12.3164,MEM
16510,Tony Allen,67.62765,18.80054,MEM
16510,Courtney Lee,53.00316,17.29401,MEM
16510,Mario Chalmers,77.80908,32.41537,MEM
16510,JaMychal Green,84.90292,24.5525,MEM
16510,Ball,91.79956,22.72049,Ball
16510,Gary Neal,62.82857,28.7229,WAS
16510,Kris Humphries,90.98441,23.31525,WAS
16510,Garrett Temple,83.30107,31.61162,WAS
16510,Ramon Sessions,90.57962,16.70747,WAS
16510,Marcin Gortat,76.0809,10.94452,WAS
16510,Zach Randolph,71.84441,12.4246,MEM
16510,Tony Allen,67.12407,19.08244,MEM
16510,Courtney Lee,52.74463,17.49923,MEM
16510,Mario Chalmers,77.28792,32.46919,MEM
16510,JaMychal Green,84.59143,24.46543,MEM
16510,Ball,91.8816,22.57906,Ball
16510,Gary Neal,62.29204,29.08112,WAS
16510,Kris Humphries,91.14034,23.239,WAS
16510,Garrett Temple,83.06118,31.92358,WAS
16510,Ramon Sessions,90.46905,16.40538,WAS
16510,Marcin Gortat,75.54274,10.90215,WAS
16510,Zach Randolph,71.27181,12.53289,MEM
16510,Tony Allen,66.59962,19.37412,MEM
16510,Courtney Lee,52.48655,17.70532,MEM
16510,Mario Chalmers,76.74781,32.50219,MEM
16510,JaMychal Green,84.30888,24.37823,MEM
16510,Ball,91.95031,22.43891,Ball
16510,Gary Neal,61.74818,29.43646,WAS
16510,Kris Humphries,91.30229,23.16243,WAS
16510,Garrett Temple,82.8095,32.23958,WAS
16510,Ramon Sessions,90.34783,16.0993,WAS
16510,Marcin Gortat,74.99872,10.86956,WAS
16510,Zach Randolph,70.66204,12.63333,MEM
16510,Tony Allen,66.06444,19.67117,MEM
16510,Courtney Lee,52.23066,17.90751,MEM
16510,Mario Chalmers,76.20998,32.53629,MEM
16510,JaMychal Green,84.01448,24.27865,MEM
16510,Ball,92.01495,22.30333,Ball
16510,Gary Neal,61.19533,29.79306,WAS
16510,Kris Humphries,91.46943,23.08807,WAS
16510,Garrett Temple,82.54109,32.57008,WAS
16510,Ramon Sessions,90.21581,15.79422,WAS
16510,Marcin Gortat,74.44822,10.83436,WAS
16510,Zach Randolph,70.00421,12.71784,MEM
16510,Tony Allen,65.52012,19.97153,MEM
16510,Courtney Lee,51.97655,18.11191,MEM
16510,Mario Chalmers,75.66955,32.57154,MEM
16510,JaMychal Green,83.77492,24.18874,MEM
16510,Ball,92.08478,22.17561,Ball
16510,Gary Neal,60.64173,30.14597,WAS
16510,Kris Humphries,91.64309,23.02116,WAS
16510,Garrett Temple,82.26238,32.90397,WAS
16510,Ramon Sessions,90.06749,15.48523,WAS
16510,Marcin Gortat,73.89369,10.81094,WAS
16510,Zach Randolph,69.39443,12.80729,MEM
16510,Tony Allen,64.96782,20.27675,MEM
16510,Courtney Lee,51.71858,18.31876,MEM
16510,Mario Chalmers,75.11393,32.60611,MEM
16510,JaMychal Green,83.55748,24.16448,MEM
16510,Ball,92.16906,22.05904,Ball
16510,Gary Neal,60.08499,30.49613,WAS
16510,Kris Humphries,91.77144,22.96964,WAS
16510,Garrett Temple,81.96806,33.24548,WAS
16510,Ramon Sessions,89.90339,15.17477,WAS
16510,Marcin Gortat,73.32596,10.801120000000001,WAS
16510,Zach Randolph,68.77193,12.90344,MEM
16510,Tony Allen,64.41858,20.5908,MEM
16510,Courtney Lee,51.46271,18.52917,MEM
16510,Mario Chalmers,74.55278,32.63723,MEM
16510,JaMychal Green,83.33448,24.13526,MEM
16510,Ball,92.27705,21.95691,Ball
16510,Gary Neal,59.52161,30.84488,WAS
16510,Kris Humphries,91.95147,22.92512,WAS
16510,Garrett Temple,81.6723,33.59091,WAS
16510,Ramon Sessions,89.71791,14.86468,WAS
16510,Marcin Gortat,72.73454,10.79949,WAS
16510,Zach Randolph,68.15402,13.00462,MEM
16510,Tony Allen,63.86575,20.91051,MEM
16510,Courtney Lee,51.20168,18.73665,MEM
16510,Mario Chalmers,73.98645,32.67028,MEM
16510,JaMychal Green,83.09577,24.10117,MEM
16510,Ball,92.41801,21.8725,Ball
16510,Gary Neal,58.95677,31.18538,WAS
16510,Kris Humphries,92.13242,22.87498,WAS
16510,Garrett Temple,81.36686,33.94081,WAS
16510,Ramon Sessions,89.50868,14.55294,WAS
16510,Marcin Gortat,72.1299,10.80175,WAS
16510,Zach Randolph,67.53674,13.11433,MEM
16510,Tony Allen,63.29811,21.23082,MEM
16510,Courtney Lee,50.93325,18.94369,MEM
16510,Mario Chalmers,73.43109,32.69372,MEM
16510,JaMychal Green,82.83778,24.06672,MEM
16510,Ball,92.683,21.81213,Ball
16510,Gary Neal,58.39016,31.53133,WAS
16510,Kris Humphries,92.31601,22.82044,WAS
16510,Garrett Temple,81.04338,34.2976,WAS
16510,Ramon Sessions,89.25596,14.35773,WAS
16510,Marcin Gortat,71.51654,10.80911,WAS
16510,Zach Randolph,66.94274,13.24644,MEM
16510,Tony Allen,62.72261,21.56104,MEM
16510,Courtney Lee,50.66339,19.14457,MEM
16510,Mario Chalmers,72.86722,32.71241,MEM
16510,JaMychal Green,82.57381,24.03768,MEM
16510,Ball,92.94154,21.69155,Ball
16510,Gary Neal,57.80671,31.867,WAS
16510,Kris Humphries,92.4956,22.76995,WAS
16510,Garrett Temple,80.7249,34.66107,WAS
16510,Ramon Sessions,88.99457,14.17876,WAS
16510,Marcin Gortat,70.89398,10.80672,WAS
16510,Zach Randolph,66.31184,13.34766,MEM
16510,Tony Allen,62.15053,21.89113,MEM
16510,Courtney Lee,50.38721,19.34333,MEM
16510,Mario Chalmers,72.2989,32.71714,MEM
16510,JaMychal Green,82.29945,23.98978,MEM
16510,Ball,93.19079,21.528480000000002,Ball
16510,Gary Neal,57.21967,32.20443,WAS
16510,Kris Humphries,92.66936,22.72999,WAS
16510,Garrett Temple,80.40485,35.02362,WAS
16510,Ramon Sessions,88.7347,13.99969,WAS
16510,Marcin Gortat,70.26434,10.8074,WAS
16510,Zach Randolph,65.722,13.44566,MEM
16510,Tony Allen,61.57825,22.23246,MEM
16510,Courtney Lee,50.10521,19.54364,MEM
16510,Mario Chalmers,71.72636,32.71072,MEM
16510,JaMychal Green,82.02131,23.94165,MEM
16510,Ball,93.40315,21.38223,Ball
16510,Gary Neal,56.63169,32.53858,WAS
16510,Kris Humphries,92.82985,22.6969,WAS
16510,Garrett Temple,80.07721,35.39085,WAS
16510,Ramon Sessions,88.45024,13.81857,WAS
16510,Marcin Gortat,69.62457,10.80774,WAS
16510,Zach Randolph,65.12878,13.53753,MEM
16510,Tony Allen,60.99929,22.57891,MEM
16510,Courtney Lee,49.82812,19.70732,MEM
16510,Mario Chalmers,71.14619,32.7012,MEM
16510,JaMychal Green,81.73238,23.90128,MEM
16510,Ball,93.56177,21.27736,Ball
16510,Gary Neal,56.04233,32.8751,WAS
16510,Kris Humphries,92.97538,22.67481,WAS
16510,Garrett Temple,79.73423,35.75673,WAS
16510,Ramon Sessions,88.15321,13.64376,WAS
16510,Marcin Gortat,68.96721,10.81147,WAS
16510,Zach Randolph,64.5052,13.65849,MEM
16510,Tony Allen,60.39734,22.93194,MEM
16510,Courtney Lee,49.54337,19.89311,MEM
16510,Mario Chalmers,70.56587,32.68266,MEM
16510,JaMychal Green,81.44051,23.85835,MEM
16510,Ball,93.43838,21.08588,Ball
16510,Gary Neal,55.44854,33.20915,WAS
16510,Kris Humphries,93.11077,22.65242,WAS
16510,Garrett Temple,79.36593,36.12374,WAS
16510,Ramon Sessions,87.8456,13.47853,WAS
16510,Marcin Gortat,68.31214,10.83754,WAS
16510,Zach Randolph,63.861,13.78115,MEM
16510,Tony Allen,59.78768,23.28211,MEM
16510,Courtney Lee,49.25293,20.07503,MEM
16510,Mario Chalmers,69.98426,32.65834,MEM
16510,JaMychal Green,81.14112,23.80822,MEM
16510,Ball,93.1217,20.80407,Ball
16510,Gary Neal,54.85334,33.53634,WAS
16510,Kris Humphries,93.23378,22.63671,WAS
16510,Garrett Temple,78.98198,36.48998,WAS
16510,Ramon Sessions,87.53378,13.31574,WAS
16510,Marcin Gortat,67.64949,10.87287,WAS
16510,Zach Randolph,63.2158,13.90019,MEM
16510,Tony Allen,59.18469,23.64336,MEM
16510,Courtney Lee,48.96327,20.24309,MEM
16510,Mario Chalmers,69.41506,32.61586,MEM
16510,JaMychal Green,80.83051,23.75567,MEM
16510,Ball,92.69204,20.44628,Ball
16510,Gary Neal,54.25906,33.85122,WAS
16510,Kris Humphries,93.34033,22.6273,WAS
16510,Garrett Temple,78.58692,36.84993,WAS
16510,Ramon Sessions,87.20821,13.16022,WAS
16510,Marcin Gortat,66.96685,10.902470000000001,WAS
16510,Zach Randolph,62.56526,14.01255,MEM
16510,Tony Allen,58.58951,24.00983,MEM
16510,Courtney Lee,48.67237,20.39891,MEM
16510,Mario Chalmers,68.84624,32.57665,MEM
16510,JaMychal Green,80.50663,23.70387,MEM
16510,Ball,91.86635,19.87874,Ball
16510,Gary Neal,53.66235,34.16759,WAS
16510,Kris Humphries,93.43194,22.62318,WAS
16510,Garrett Temple,78.1736,37.20466,WAS
16510,Ramon Sessions,86.86878,13.00911,WAS
16510,Marcin Gortat,66.28442,10.91866,WAS
16510,Zach Randolph,61.91664,14.11891,MEM
16510,Tony Allen,58.00135,24.3802,MEM
16510,Courtney Lee,48.37671,20.53826,MEM
16510,Mario Chalmers,68.27944,32.53726,MEM
16510,JaMychal Green,80.17469,23.6564,MEM
16510,Ball,90.81094,19.2245,Ball
16510,Gary Neal,53.06437,34.48062,WAS
16510,Kris Humphries,93.5079,22.62148,WAS
16510,Garrett Temple,77.75028,37.5532,WAS
16510,Ramon Sessions,86.47897,12.87306,WAS
16510,Marcin Gortat,65.59505,10.93267,WAS
16510,Zach Randolph,61.29419,14.23974,MEM
16510,Tony Allen,57.41038,24.76289,MEM
16510,Courtney Lee,48.08158,20.67377,MEM
16510,Mario Chalmers,67.6966,32.4811,MEM
16510,JaMychal Green,79.82996,23.61355,MEM
16510,Ball,89.90877,18.6925,Ball
16510,Gary Neal,52.46221,34.79052,WAS
16510,Kris Humphries,93.57383,22.62382,WAS
16510,Garrett Temple,77.31848,37.89456,WAS
16510,Ramon Sessions,86.11305,12.7341,WAS
16510,Marcin Gortat,64.89189,10.95471,WAS
16510,Zach Randolph,60.69284,14.3764,MEM
16510,Tony Allen,56.81175,25.14236,MEM
16510,Courtney Lee,47.78278,20.77078,MEM
16510,Mario Chalmers,67.11546,32.40754,MEM
16510,JaMychal Green,79.47225,23.57265,MEM
16510,Ball,89.09005,18.13475,Ball
16510,Gary Neal,51.85875,35.09324,WAS
16510,Kris Humphries,93.63024,22.62204,WAS
16510,Garrett Temple,76.87846,38.2316,WAS
16510,Ramon Sessions,85.73284,12.61042,WAS
16510,Marcin Gortat,64.18088,10.97954,WAS
16510,Zach Randolph,60.04476,14.48859,MEM
16510,Tony Allen,56.21248,25.52061,MEM
16510,Courtney Lee,47.48293,20.85464,MEM
16510,Mario Chalmers,66.53755,32.32432,MEM
16510,JaMychal Green,79.09428,23.53118,MEM
16510,Ball,88.07745,17.38192,Ball
16510,Gary Neal,51.25073,35.39258,WAS
16510,Kris Humphries,93.67462,22.61249,WAS
16510,Garrett Temple,76.43362,38.55882,WAS
16510,Ramon Sessions,85.33801,12.48989,WAS
16510,Marcin Gortat,63.4662,11.00051,WAS
16510,Zach Randolph,59.44681,14.61727,MEM
16510,Tony Allen,55.60803,25.8994,MEM
16510,Courtney Lee,47.17344,20.92178,MEM
16510,Mario Chalmers,65.95515,32.23091,MEM
16510,JaMychal Green,78.75218,23.50445,MEM
16510,Ball,87.2515,16.8514,Ball
16510,Gary Neal,50.632,35.68876,WAS
16510,Kris Humphries,93.69721,22.60531,WAS
16510,Garrett Temple,75.97014,38.88362,WAS
16510,Ramon Sessions,84.9323,12.36515,WAS
16510,Marcin Gortat,62.75119,11.02078,WAS
16510,Zach Randolph,58.8199,14.73844,MEM
16510,Tony Allen,54.99793,26.27694,MEM
16510,Courtney Lee,46.86406,20.98272,MEM
16510,Mario Chalmers,65.3772,32.1248,MEM
16510,JaMychal Green,78.39919,23.48006,MEM
16510,Ball,86.26282,16.31898,Ball
16510,Gary Neal,50.00399,35.98249,WAS
16510,Kris Humphries,93.70533,22.60458,WAS
16510,Garrett Temple,75.49294,39.2004,WAS
16510,Ramon Sessions,84.52093,12.2413,WAS
16510,Marcin Gortat,62.02664,11.05528,WAS
16510,Zach Randolph,58.15771,14.8482,MEM
16510,Tony Allen,54.3966,26.65074,MEM
16510,Courtney Lee,46.55163,21.03342,MEM
16510,Mario Chalmers,64.79576,32.01875,MEM
16510,JaMychal Green,78.03796,23.45195,MEM
16510,Ball,85.32154,15.57665,Ball
16510,Gary Neal,49.37316,36.26693,WAS
16510,Kris Humphries,93.69492,22.60844,WAS
16510,Garrett Temple,75.00713,39.50306,WAS
16510,Ramon Sessions,84.1065,12.12372,WAS
16510,Marcin Gortat,61.29094,11.09308,WAS
16510,Zach Randolph,57.46072,14.92698,MEM
16510,Tony Allen,53.80099,27.02608,MEM
16510,Courtney Lee,46.22557,21.08043,MEM
16510,Mario Chalmers,64.22166,31.90872,MEM
16510,JaMychal Green,77.65936,23.41258,MEM
16510,Ball,84.47741,15.26712,Ball
16510,Gary Neal,48.73821,36.54668,WAS
16510,Kris Humphries,93.6661,22.61066,WAS
16510,Garrett Temple,74.49988,39.78591,WAS
16510,Ramon Sessions,83.68822,11.99919,WAS
16510,Marcin Gortat,60.55516,11.14825,WAS
16510,Zach Randolph,56.7578,14.99186,MEM
16510,Tony Allen,53.20227,27.39935,MEM
16510,Courtney Lee,45.88202,21.118,MEM
16510,Mario Chalmers,63.64879,31.79452,MEM
16510,JaMychal Green,77.26902,23.36153,MEM
16510,Ball,83.59275,14.53358,Ball
16510,Gary Neal,48.09796,36.81326,WAS
16510,Kris Humphries,93.61732,22.60147,WAS
16510,Garrett Temple,73.98336,40.06338,WAS
16510,Ramon Sessions,83.27015,11.87987,WAS
16510,Marcin Gortat,59.81763,11.20564,WAS
16510,Zach Randolph,56.03758,15.09581,MEM
16510,Tony Allen,52.58856,27.77857,MEM
16510,Courtney Lee,45.53613,21.15617,MEM
16510,Mario Chalmers,63.07185,31.67394,MEM
16510,JaMychal Green,76.83713,23.28611,MEM
16510,Ball,82.78044,13.90758,Ball
16510,Gary Neal,47.45498,37.07672,WAS
16510,Kris Humphries,93.55653,22.582,WAS
16510,Garrett Temple,73.45996,40.33062,WAS
16510,Ramon Sessions,82.85393,11.76573,WAS
16510,Marcin Gortat,59.07167,11.26073,WAS
16510,Zach Randolph,55.31438,15.20933,MEM
16510,Tony Allen,51.99279,28.17058,MEM
16510,Courtney Lee,45.17715,21.2136,MEM
16510,Mario Chalmers,62.49645,31.54267,MEM
16510,JaMychal Green,76.36509,23.18035,MEM
16510,Ball,81.77188,13.2902,Ball
16510,Gary Neal,46.81216,37.33772,WAS
16510,Kris Humphries,93.47932,22.55722,WAS
16510,Garrett Temple,72.93461,40.59082,WAS
16510,Ramon Sessions,82.43133,11.6563,WAS
16510,Marcin Gortat,58.32571,11.31533,WAS
16510,Zach Randolph,54.58917,15.29268,MEM
16510,Tony Allen,51.38041,28.53764,MEM
16510,Courtney Lee,44.82597,21.24166,MEM
16510,Mario Chalmers,61.91966,31.39877,MEM
16510,JaMychal Green,75.88067,23.0706,MEM
16510,Ball,81.1233,12.98176,Ball
16510,Gary Neal,46.17655,37.59187,WAS
16510,Kris Humphries,93.33776,22.55635,WAS
16510,Garrett Temple,72.41517,40.84251,WAS
16510,Ramon Sessions,81.99115,11.55637,WAS
16510,Marcin Gortat,57.57736,11.36382,WAS
16510,Zach Randolph,53.84577,15.37661,MEM
16510,Tony Allen,50.76704,28.89884,MEM
16510,Courtney Lee,44.47028,21.26229,MEM
16510,Mario Chalmers,61.34085,31.25117,MEM
16510,JaMychal Green,75.39232,22.95213,MEM
16510,Ball,80.66849,12.64943,Ball
16510,Gary Neal,45.52999,37.84704,WAS
16510,Kris Humphries,93.17149,22.5527,WAS
16510,Garrett Temple,71.89304,41.08547,WAS
16510,Ramon Sessions,81.52758,11.47255,WAS
16510,Marcin Gortat,56.82219,11.41131,WAS
16510,Zach Randolph,53.1404,15.42473,MEM
16510,Tony Allen,50.13146,29.2615,MEM
16510,Courtney Lee,44.10868,21.28007,MEM
16510,Mario Chalmers,60.76055,31.09592,MEM
16510,JaMychal Green,74.89847,22.83414,MEM
16510,Ball,80.35155,12.64225,Ball
16510,Gary Neal,44.87852,38.09529,WAS
16510,Kris Humphries,92.97432,22.57256,WAS
16510,Garrett Temple,71.36704,41.3209,WAS
16510,Ramon Sessions,81.05443,11.39199,WAS
16510,Marcin Gortat,56.07032,11.46629,WAS
16510,Zach Randolph,52.43152,15.47439,MEM
16510,Tony Allen,49.49633,29.6229,MEM
16510,Courtney Lee,43.752250000000004,21.29602,MEM
16510,Mario Chalmers,60.1817,30.92981,MEM
16510,JaMychal Green,74.40155,22.71311,MEM
16510,Ball,80.02349,12.35238,Ball
16510,Gary Neal,44.22229,38.32446,WAS
16510,Kris Humphries,92.78424,22.56681,WAS
16510,Garrett Temple,70.82581,41.54991,WAS
16510,Ramon Sessions,80.57522,11.3129,WAS
16510,Marcin Gortat,55.3056,11.53197,WAS
16510,Zach Randolph,51.72763,15.5239,MEM
16510,Tony Allen,48.87987,29.98878,MEM
16510,Courtney Lee,43.40854,21.30883,MEM
16510,Mario Chalmers,59.598,30.7652,MEM
16510,JaMychal Green,73.90156,22.57888,MEM
16510,Ball,79.40945,12.44559,Ball
16510,Gary Neal,43.56148,38.53853,WAS
16510,Kris Humphries,92.56518,22.50792,WAS
16510,Garrett Temple,70.26472,41.76823,WAS
16510,Ramon Sessions,80.13505,11.22299,WAS
16510,Marcin Gortat,54.53919,11.59545,WAS
16510,Zach Randolph,51.0267,15.5616,MEM
16510,Tony Allen,48.25101,30.33795,MEM
16510,Courtney Lee,43.06394,21.31006,MEM
16510,Mario Chalmers,59.02073,30.5871,MEM
16510,JaMychal Green,73.39891,22.43783,MEM
16510,Ball,78.98845,12.22039,Ball
16510,Gary Neal,42.9025,38.7362,WAS
16510,Kris Humphries,92.32485,22.44328,WAS
16510,Garrett Temple,69.69101,41.9682,WAS
16510,Ramon Sessions,79.65284,11.14159,WAS
16510,Marcin Gortat,53.77472,11.663920000000001,WAS
16510,Zach Randolph,50.32326,15.59629,MEM
16510,Tony Allen,47.63238,30.68431,MEM
16510,Courtney Lee,42.7227,21.34037,MEM
16510,Mario Chalmers,58.45202,30.41199,MEM
16510,JaMychal Green,72.89343,22.29329,MEM
16510,Ball,78.41866,12.19663,Ball
16510,Gary Neal,42.23212,38.92879,WAS
16510,Kris Humphries,92.05694,22.42366,WAS
16510,Garrett Temple,69.11202,42.1558,WAS
16510,Ramon Sessions,79.17669,11.06127,WAS
16510,Marcin Gortat,53.00892,11.72787,WAS
16510,Zach Randolph,49.65785,15.65328,MEM
16510,Tony Allen,47.00637,31.02905,MEM
16510,Courtney Lee,42.38192,21.36815,MEM
16510,Mario Chalmers,57.87573,30.24225,MEM
16510,JaMychal Green,72.38363,22.15264,MEM
16510,Ball,77.90283,12.06274,Ball
16510,Gary Neal,41.56446,39.10889,WAS
16510,Kris Humphries,91.7708,22.40556,WAS
16510,Garrett Temple,68.52583,42.33983,WAS
16510,Ramon Sessions,78.69621,10.97922,WAS
16510,Marcin Gortat,52.24958,11.79633,WAS
16510,Zach Randolph,48.9626,15.67743,MEM
16510,Tony Allen,46.38858,31.37518,MEM
16510,Courtney Lee,42.05134,21.39938,MEM
16510,Mario Chalmers,57.31257,30.08572,MEM
16510,JaMychal Green,71.81975,21.99435,MEM
16520,Ball,71.78344,11.508890000000001,Ball
16520,Gary Neal,34.79447,40.01798,WAS
16520,Kris Humphries,87.95835,22.01684,WAS
16520,Garrett Temple,62.61169,43.66527,WAS
16520,Ramon Sessions,73.61973,10.32985,WAS
16520,Marcin Gortat,44.51371,12.57313,WAS
16520,Zach Randolph,42.2405,15.74748,MEM
16520,Tony Allen,40.10149,34.30664,MEM
16520,Courtney Lee,39.03592,21.36801,MEM
16520,Mario Chalmers,51.61627,29.14237,MEM
16520,JaMychal Green,66.22341,20.55355,MEM
