4240,Ball,44.76312,27.99341,Ball
4240,Tyson Chandler,30.04188,25.04524,PHX
4240,PJ Tucker,28.61417,39.70372,PHX
4240,Alex Len,26.22295,22.78933,PHX
4240,Archie Goodwin,42.89707,19.9159,PHX
4240,Devin Booker,19.45867,11.48047,PHX
4240,Kyle Korver,35.83597,47.02466,ATL
4240,Al Horford,45.3745,18.36581,ATL
4240,Tiago Splitter,59.97511,23.20305,ATL
4240,Jeff Teague,45.47851,26.48796,ATL
4240,Kent Bazemore,18.07104,1.98895,ATL
4250,Ball,39.05473,31.11704,Ball
4250,Tyson Chandler,26.98386,26.36622,PHX
4250,PJ Tucker,27.69763,40.67706,PHX
4250,Alex Len,24.16778,22.8836,PHX
4250,Archie Goodwin,36.67106,24.11211,PHX
4250,Devin Booker,16.5576,12.03156,PHX
4250,Kyle Korver,33.22934,46.97681,ATL
4250,Al Horford,40.38412,18.09134,ATL
4250,Tiago Splitter,54.1956,22.84403,ATL
4250,Jeff Teague,38.6267,29.0068,ATL
4250,Kent Bazemore,15.52095,1.93785,ATL
4260,Ball,32.88768,33.5996,Ball
4260,Tyson Chandler,23.52255,27.62185,PHX
4260,PJ Tucker,27.20162,41.55838,PHX
4260,Alex Len,22.24178,22.34817,PHX
4260,Archie Goodwin,30.55733,28.21244,PHX
4260,Devin Booker,13.99525,12.15415,PHX
4260,Kyle Korver,30.74936,47.27212,ATL
4260,Al Horford,35.48691,17.4762,ATL
4260,Tiago Splitter,48.55271,22.77653,ATL
4260,Jeff Teague,32.32469,31.32466,ATL
4260,Kent Bazemore,13.547789999999999,1.9337400000000002,ATL
4270,Ball,28.19453,35.2719,Ball
4270,Tyson Chandler,20.08543,28.42148,PHX
4270,PJ Tucker,25.96456,42.07252,PHX
4270,Alex Len,20.52845,21.72933,PHX
4270,Archie Goodwin,25.12993,31.41064,PHX
4270,Devin Booker,12.13468,12.125,PHX
4270,Kyle Korver,28.83912,47.64562,ATL
4270,Al Horford,30.87865,16.96381,ATL
4270,Tiago Splitter,43.18921,23.19643,ATL
4270,Jeff Teague,27.1124,33.25732,ATL
4270,Kent Bazemore,12.19847,2.19038,ATL
4280,Ball,26.24493,36.55289,Ball
4280,Tyson Chandler,17.3312,28.80148,PHX
4280,PJ Tucker,24.77175,42.37144,PHX
4280,Alex Len,18.97484,21.25227,PHX
4280,Archie Goodwin,20.71725,33.28251,PHX
4280,Devin Booker,11.09108,12.1922,PHX
4280,Kyle Korver,27.32215,47.53299,ATL
4280,Al Horford,26.42583,16.26958,ATL
4280,Tiago Splitter,38.25411,24.09437,ATL
4280,Jeff Teague,25.3312,35.36108,ATL
4280,Kent Bazemore,11.15377,2.03961,ATL
4290,Ball,27.14057,36.619,Ball
4290,Tyson Chandler,15.18429,28.67707,PHX
4290,PJ Tucker,23.96314,42.43466,PHX
4290,Alex Len,17.4323,20.28756,PHX
4290,Archie Goodwin,18.60646,33.90811,PHX
4290,Devin Booker,10.84865,11.8045,PHX
4290,Kyle Korver,26.01555,47.43314,ATL
4290,Al Horford,22.23248,15.85438,ATL
4290,Tiago Splitter,34.04425,25.6543,ATL
4290,Jeff Teague,25.96699,37.13806,ATL
4290,Kent Bazemore,10.95744,1.9212500000000001,ATL
4300,Ball,27.42524,37.05444,Ball
4300,Tyson Chandler,14.35733,28.51451,PHX
4300,PJ Tucker,23.8797,42.11986,PHX
4300,Alex Len,16.08279,19.30687,PHX
4300,Archie Goodwin,18.79869,33.59748,PHX
4300,Devin Booker,11.25233,11.50145,PHX
4300,Kyle Korver,25.31619,47.5411,ATL
4300,Al Horford,18.28083,15.46393,ATL
4300,Tiago Splitter,30.52105,27.54443,ATL
4300,Jeff Teague,26.6864,37.94085,ATL
4300,Kent Bazemore,11.74288,1.9314900000000002,ATL
4310,Ball,27.14458,32.94968,Ball
4310,Tyson Chandler,14.39992,28.76479,PHX
4310,PJ Tucker,23.53081,41.9229,PHX
4310,Alex Len,14.21845,18.51414,PHX
4310,Archie Goodwin,20.17089,33.12057,PHX
4310,Devin Booker,12.12593,11.71734,PHX
4310,Kyle Korver,24.8075,47.3888,ATL
4310,Al Horford,14.70098,15.41417,ATL
4310,Tiago Splitter,27.96083,28.80072,ATL
4310,Jeff Teague,27.23278,37.97692,ATL
4310,Kent Bazemore,12.71161,1.99143,ATL
4320,Ball,25.07942,29.10058,Ball
4320,Tyson Chandler,14.87341,28.82181,PHX
4320,PJ Tucker,22.61912,42.00902,PHX
4320,Alex Len,12.1474,17.7634,PHX
4320,Archie Goodwin,21.37247,32.94732,PHX
4320,Devin Booker,13.26851,11.64747,PHX
4320,Kyle Korver,24.76168,46.61062,ATL
4320,Al Horford,11.7008,15.53454,ATL
4320,Tiago Splitter,26.22568,28.07022,ATL
4320,Jeff Teague,27.85947,36.38697,ATL
4320,Kent Bazemore,14.01092,2.66252,ATL
4330,Ball,25.66854,26.63759,Ball
4330,Tyson Chandler,15.68585,28.06578,PHX
4330,PJ Tucker,22.36748,41.50429,PHX
4330,Alex Len,10.56774,17.73736,PHX
4330,Archie Goodwin,22.50104,31.72742,PHX
4330,Devin Booker,14.44528,11.60056,PHX
4330,Kyle Korver,25.90126,44.74717,ATL
4330,Al Horford,8.85777,14.91115,ATL
4330,Tiago Splitter,25.85981,27.29366,ATL
4330,Jeff Teague,28.45659,33.61098,ATL
4330,Kent Bazemore,15.78416,3.08567,ATL
4340,Ball,25.63,27.4863,Ball
4340,Tyson Chandler,16.55064,26.78574,PHX
4340,PJ Tucker,22.74211,40.18796,PHX
4340,Alex Len,9.06925,17.96302,PHX
4340,Archie Goodwin,23.20469,29.06676,PHX
4340,Devin Booker,15.6402,11.66444,PHX
4340,Kyle Korver,26.12605,43.18123,ATL
4340,Al Horford,7.22881,13.7767,ATL
4340,Tiago Splitter,25.59847,27.69988,ATL
4340,Jeff Teague,28.98555,31.7452,ATL
4340,Kent Bazemore,17.53562,3.42335,ATL
4350,Ball,26.35714,30.5292,Ball
4350,Tyson Chandler,17.26412,27.02468,PHX
4350,PJ Tucker,22.7365,38.89381,PHX
4350,Alex Len,7.81174,17.5521,PHX
4350,Archie Goodwin,24.08202,26.9909,PHX
4350,Devin Booker,16.77507,11.80557,PHX
4350,Kyle Korver,24.84683,42.91855,ATL
4350,Al Horford,6.33975,11.92619,ATL
4350,Tiago Splitter,25.09188,28.53746,ATL
4350,Jeff Teague,29.2763,31.37009,ATL
4350,Kent Bazemore,19.09639,4.14996,ATL
4360,Ball,27.02515,32.04455,Ball
4360,Tyson Chandler,17.44726,27.95173,PHX
4360,PJ Tucker,21.63291,38.65245,PHX
4360,Alex Len,6.98751,16.74837,PHX
4360,Archie Goodwin,25.18678,26.99252,PHX
4360,Devin Booker,17.71854,12.23941,PHX
4360,Kyle Korver,22.68125,43.32276,ATL
4360,Al Horford,6.02664,12.61554,ATL
4360,Tiago Splitter,25.11646,29.23737,ATL
4360,Jeff Teague,29.30632,32.68578,ATL
4360,Kent Bazemore,20.84662,4.45339,ATL
4370,Ball,28.48242,34.88578,Ball
4370,Tyson Chandler,17.66348,28.42215,PHX
4370,PJ Tucker,20.62612,39.11946,PHX
4370,Alex Len,6.80114,16.22694,PHX
4370,Archie Goodwin,26.84928,28.58147,PHX
4370,Devin Booker,18.49436,12.68011,PHX
4370,Kyle Korver,19.88732,44.14167,ATL
4370,Al Horford,6.73991,15.97263,ATL
4370,Tiago Splitter,25.95058,29.80999,ATL
4370,Jeff Teague,28.66386,34.27057,ATL
4370,Kent Bazemore,22.47271,4.81397,ATL
4380,Ball,24.19778,35.93289,Ball
4380,Tyson Chandler,17.6702,28.8238,PHX
4380,PJ Tucker,19.18219,39.65711,PHX
4380,Alex Len,6.39754,15.61478,PHX
4380,Archie Goodwin,27.5549,31.1739,PHX
4380,Devin Booker,18.85037,13.38929,PHX
4380,Kyle Korver,16.20588,45.09025,ATL
4380,Al Horford,6.39754,15.61478,ATL
4380,Tiago Splitter,26.79374,30.89101,ATL
4380,Jeff Teague,25.78401,35.0211,ATL
4380,Kent Bazemore,23.90842,5.3629,ATL
4390,Ball,21.00684,35.78056,Ball
4390,Tyson Chandler,16.26289,29.53129,PHX
4390,PJ Tucker,16.71423,39.91377,PHX
4390,Alex Len,6.12919,15.5293,PHX
4390,Archie Goodwin,27.19417,33.43808,PHX
4390,Devin Booker,18.6629,14.68602,PHX
4390,Kyle Korver,12.19268,46.28306,ATL
4390,Al Horford,5.71142,12.57868,ATL
4390,Tiago Splitter,26.52536,32.0339,ATL
4390,Jeff Teague,21.86207,34.75477,ATL
4390,Kent Bazemore,25.22064,6.05957,ATL
4400,Ball,17.00693,34.53879,Ball
4400,Tyson Chandler,14.4025,29.65187,PHX
4400,PJ Tucker,13.90895,40.37646,PHX
4400,Alex Len,6.05734,15.58069,PHX
4400,Archie Goodwin,25.454250000000002,34.01298,PHX
4400,Devin Booker,18.46613,16.23394,PHX
4400,Kyle Korver,9.05185,47.32345,ATL
4400,Al Horford,4.64157,4.74075,ATL
4400,Tiago Splitter,25.16753,33.26729,ATL
4400,Jeff Teague,18.39269,33.76716,ATL
4400,Kent Bazemore,26.42698,6.84819,ATL
4410,Ball,15.22851,34.76385,Ball
4410,Tyson Chandler,12.6729,29.528010000000002,PHX
4410,PJ Tucker,11.27316,41.23091,PHX
4410,Alex Len,5.9981100000000005,15.52565,PHX
4410,Archie Goodwin,22.74314,33.56492,PHX
4410,Devin Booker,18.30804,17.67046,PHX
4410,Kyle Korver,7.19904,47.75099,ATL
4410,Al Horford,4.32693,2.42738,ATL
4410,Tiago Splitter,23.37621,33.75709,ATL
4410,Jeff Teague,16.48966,33.88313,ATL
4410,Kent Bazemore,27.31352,8.0852,ATL
4420,Ball,14.40785,34.84505,Ball
4420,Tyson Chandler,11.33407,30.09363,PHX
4420,PJ Tucker,9.23907,41.7399,PHX
4420,Alex Len,6.04765,15.52193,PHX
4420,Archie Goodwin,19.92273,32.21089,PHX
4420,Devin Booker,18.34061,18.97298,PHX
4420,Kyle Korver,6.92243,47.89328,ATL
4420,Al Horford,4.18284,2.18412,ATL
4420,Tiago Splitter,21.49689,32.86957,ATL
4420,Jeff Teague,15.56696,34.72038,ATL
4420,Kent Bazemore,28.31303,9.57706,ATL
4430,Ball,15.42516,35.07288,Ball
4430,Tyson Chandler,10.81929,31.18035,PHX
4430,PJ Tucker,8.29248,40.99569,PHX
4430,Alex Len,6.11069,15.61131,PHX
4430,Archie Goodwin,18.13345,30.910330000000002,PHX
4430,Devin Booker,18.96976,19.80927,PHX
4430,Kyle Korver,7.27681,47.99263,ATL
4430,Al Horford,4.46113,2.09148,ATL
4430,Tiago Splitter,19.99444,31.507,ATL
4430,Jeff Teague,15.48383,35.58603,ATL
4430,Kent Bazemore,29.30571,10.77024,ATL
4440,Ball,11.48899,31.06658,Ball
4440,Tyson Chandler,11.15273,31.21271,PHX
4440,PJ Tucker,8.14966,39.70937,PHX
4440,Alex Len,6.21011,16.43257,PHX
4440,Archie Goodwin,16.1778,29.54322,PHX
4440,Devin Booker,19.48793,20.50105,PHX
4440,Kyle Korver,8.13536,47.80253,ATL
4440,Al Horford,4.53651,2.14893,ATL
4440,Tiago Splitter,18.64124,30.48206,ATL
4440,Jeff Teague,16.02872,36.27267,ATL
4440,Kent Bazemore,30.04299,12.13068,ATL
4450,Ball,7.58704,27.15403,Ball
4450,Tyson Chandler,10.39031,30.22927,PHX
4450,PJ Tucker,8.54206,38.70084,PHX
4450,Alex Len,6.44554,18.67571,PHX
4450,Archie Goodwin,14.79044,28.47683,PHX
4450,Devin Booker,20.62777,20.58269,PHX
4450,Kyle Korver,10.4172,47.64083,ATL
4450,Al Horford,4.76346,2.57965,ATL
4450,Tiago Splitter,17.79678,30.3037,ATL
4450,Jeff Teague,17.55143,37.15414,ATL
4450,Kent Bazemore,31.18025,12.96058,ATL
4460,Ball,5.16563,24.75043,Ball
4460,Tyson Chandler,8.87266,28.63915,PHX
4460,PJ Tucker,9.07749,37.75189,PHX
4460,Alex Len,6.53388,21.14165,PHX
4460,Archie Goodwin,13.82208,28.07105,PHX
4460,Devin Booker,22.14749,19.84099,PHX
4460,Kyle Korver,13.32511,47.30908,ATL
4460,Al Horford,5.72255,3.60629,ATL
4460,Tiago Splitter,17.51887,30.38386,ATL
4460,Jeff Teague,19.61483,38.15911,ATL
4460,Kent Bazemore,32.80147,13.30295,ATL
4470,Ball,5.24983,25.44382,Ball
4470,Tyson Chandler,7.29919,27.43592,PHX
4470,PJ Tucker,10.17719,37.33407,PHX
4470,Alex Len,6.841,22.86238,PHX
4470,Archie Goodwin,12.9143,28.18063,PHX
4470,Devin Booker,23.8862,18.74802,PHX
4470,Kyle Korver,17.17373,46.28247,ATL
4470,Al Horford,7.25365,5.03845,ATL
4470,Tiago Splitter,18.48809,30.28612,ATL
4470,Jeff Teague,22.45095,38.80594,ATL
4470,Kent Bazemore,34.80647,13.79315,ATL
4480,Ball,4.73637,25.44325,Ball
4480,Tyson Chandler,6.49372,26.74583,PHX
4480,PJ Tucker,11.95094,37.56716,PHX
4480,Alex Len,6.93096,23.80266,PHX
4480,Archie Goodwin,11.94237,28.70752,PHX
4480,Devin Booker,25.917,17.3413,PHX
4480,Kyle Korver,21.60284,44.74788,ATL
4480,Al Horford,9.70091,6.83566,ATL
4480,Tiago Splitter,19.83253,30.04906,ATL
4480,Jeff Teague,25.91414,38.73174,ATL
4480,Kent Bazemore,36.88548,14.05309,ATL
4490,Ball,4.99791,25.42894,Ball
4490,Tyson Chandler,6.20358,26.44344,PHX
4490,PJ Tucker,14.19229,38.1988,PHX
4490,Alex Len,6.70219,24.39335,PHX
4490,Archie Goodwin,10.83937,29.45148,PHX
4490,Devin Booker,27.92307,15.36273,PHX
4490,Kyle Korver,26.43873,43.21193,ATL
4490,Al Horford,12.75303,8.693200000000001,ATL
4490,Tiago Splitter,21.52629,29.81107,ATL
4490,Jeff Teague,29.77268,38.04337,ATL
4490,Kent Bazemore,39.05644,14.08497,ATL
4500,Ball,5.28224,24.87784,Ball
4500,Tyson Chandler,5.8101400000000005,26.76339,PHX
4500,PJ Tucker,16.90481,39.02619,PHX
4500,Alex Len,6.32223,24.57469,PHX
4500,Archie Goodwin,9.65076,29.79671,PHX
4500,Devin Booker,29.9469,13.42931,PHX
4500,Kyle Korver,31.58837,41.91237,ATL
4500,Al Horford,16.16153,10.54975,ATL
4500,Tiago Splitter,23.6078,29.77638,ATL
4500,Jeff Teague,33.94078,36.8684,ATL
4500,Kent Bazemore,41.38122,14.25085,ATL
4510,Ball,4.18742,26.61395,Ball
4510,Tyson Chandler,5.06177,27.09228,PHX
4510,PJ Tucker,20.30825,39.98907,PHX
4510,Alex Len,5.81515,24.66916,PHX
4510,Archie Goodwin,8.5571,29.8844,PHX
4510,Devin Booker,32.1082,11.26807,PHX
4510,Kyle Korver,36.57325,40.61157,ATL
4510,Al Horford,20.00315,12.36064,ATL
4510,Tiago Splitter,26.4372,29.6479,ATL
4510,Jeff Teague,38.26403,35.42473,ATL
4510,Kent Bazemore,43.8156,13.991530000000001,ATL
4520,Ball,3.04308,24.92263,Ball
4520,Tyson Chandler,3.16355,27.03307,PHX
4520,PJ Tucker,24.41341,40.93909,PHX
4520,Alex Len,5.51337,25.04094,PHX
4520,Archie Goodwin,7.41823,29.9801,PHX
4520,Devin Booker,34.09765,9.18112,PHX
4520,Kyle Korver,41.39224,39.19392,ATL
4520,Al Horford,24.02504,13.96962,ATL
4520,Tiago Splitter,29.68091,29.01751,ATL
4520,Jeff Teague,42.6473,33.88108,ATL
4520,Kent Bazemore,46.20652,13.69231,ATL
4530,Ball,1.9371300000000002,26.05616,Ball
4530,Tyson Chandler,0.8822700000000001,27.02869,PHX
4530,PJ Tucker,28.95765,42.00861,PHX
4530,Alex Len,5.84861,25.59811,PHX
4530,Archie Goodwin,6.37235,29.77965,PHX
4530,Devin Booker,36.12717,7.3314,PHX
4530,Kyle Korver,45.93254,38.03948,ATL
4530,Al Horford,28.31018,15.39391,ATL
4530,Tiago Splitter,33.23625,28.55846,ATL
4530,Jeff Teague,46.82491,32.42744,ATL
4530,Kent Bazemore,48.53594,13.3815,ATL
4540,Ball,1.44371,27.42903,Ball
4540,Tyson Chandler,-0.36166000000000004,27.1869,PHX
4540,PJ Tucker,33.93456,43.09538,PHX
4540,Alex Len,7.2067,26.15752,PHX
4540,Archie Goodwin,5.60625,29.68742,PHX
4540,Devin Booker,38.14973,5.7581,PHX
4540,Kyle Korver,49.80129,37.7773,ATL
4540,Al Horford,32.60042,16.59712,ATL
4540,Tiago Splitter,36.99251,28.12529,ATL
4540,Jeff Teague,50.47863,30.86506,ATL
4540,Kent Bazemore,50.63478,12.83045,ATL
4550,Ball,0.6375500000000001,27.1893,Ball
4550,Tyson Chandler,-0.6196100000000001,27.44533,PHX
4550,PJ Tucker,39.20545,44.1854,PHX
4550,Alex Len,9.85299,26.55846,PHX
4550,Archie Goodwin,5.18777,30.00745,PHX
4550,Devin Booker,40.40011,4.38919,PHX
4550,Kyle Korver,53.43286,37.90872,ATL
4550,Al Horford,36.93919,17.68813,ATL
4550,Tiago Splitter,40.83642,27.75816,ATL
4550,Jeff Teague,53.60074,29.50394,ATL
4550,Kent Bazemore,52.73977,12.45322,ATL
4560,Ball,3.06466,28.28116,Ball
4560,Tyson Chandler,-0.25059000000000003,27.16487,PHX
4560,PJ Tucker,44.78074,45.21373,PHX
4560,Alex Len,13.27466,26.36898,PHX
4560,Archie Goodwin,5.10245,30.49831,PHX
4560,Devin Booker,42.35583,3.56896,PHX
4560,Kyle Korver,56.90662,38.17508,ATL
4560,Al Horford,41.10478,18.62052,ATL
4560,Tiago Splitter,44.71077,27.27181,ATL
4560,Jeff Teague,56.07351,28.89903,ATL
4560,Kent Bazemore,54.83807,12.01201,ATL
4570,Ball,5.71446,29.52185,Ball
4570,Tyson Chandler,1.15818,26.86249,PHX
4570,PJ Tucker,50.30173,46.26955,PHX
4570,Alex Len,17.20683,25.67436,PHX
4570,Archie Goodwin,5.65402,30.85424,PHX
4570,Devin Booker,44.52409,3.04289,PHX
4570,Kyle Korver,60.28539,38.70812,ATL
4570,Al Horford,45.23284,19.47502,ATL
4570,Tiago Splitter,48.48583,26.60538,ATL
4570,Jeff Teague,58.05103,28.4912,ATL
4570,Kent Bazemore,56.8225,11.50099,ATL
4580,Ball,7.32783,30.63455,Ball
4580,Tyson Chandler,3.54839,26.58953,PHX
4580,PJ Tucker,55.83814,47.19862,PHX
4580,Alex Len,21.59121,24.86614,PHX
4580,Archie Goodwin,6.80231,31.49627,PHX
4580,Devin Booker,47.18276,2.7863100000000003,PHX
4580,Kyle Korver,63.35375,39.33045,ATL
4580,Al Horford,49.14931,20.24416,ATL
4580,Tiago Splitter,51.60581,25.83398,ATL
4580,Jeff Teague,59.93812,28.02184,ATL
4580,Kent Bazemore,58.80832,11.28315,ATL
4590,Ball,8.95682,31.76763,Ball
4590,Tyson Chandler,6.5057,26.34084,PHX
4590,PJ Tucker,61.10302,47.95582,PHX
4590,Alex Len,26.30884,23.78901,PHX
4590,Archie Goodwin,8.2097,32.12943,PHX
4590,Devin Booker,49.663380000000004,2.70797,PHX
4590,Kyle Korver,66.4421,39.77437,ATL
4590,Al Horford,53.04799,20.98202,ATL
4590,Tiago Splitter,54.32325,25.48107,ATL
4590,Jeff Teague,61.25244,27.96174,ATL
4590,Kent Bazemore,60.78148,10.78778,ATL
4600,Ball,10.92713,32.82185,Ball
4600,Tyson Chandler,10.11301,26.25792,PHX
4600,PJ Tucker,66.1766,48.52455,PHX
4600,Alex Len,31.03826,22.79527,PHX
4600,Archie Goodwin,10.32563,32.92432,PHX
4600,Devin Booker,52.07383,2.46174,PHX
4600,Kyle Korver,69.39973,40.27315,ATL
4600,Al Horford,56.62166,21.58944,ATL
4600,Tiago Splitter,56.76912,25.61267,ATL
4600,Jeff Teague,62.40787,27.90309,ATL
4600,Kent Bazemore,62.71824,10.55866,ATL
