58560,Ball,89.45049,34.90701,Ball
58560,Dirk Nowitzki,3.21127,38.76791,DAL
58560,Deron Williams,89.52126,34.18373,DAL
58560,Jose Juan Barea,40.82796,22.25188,DAL
58560,Zaza Pachulia,24.75857,15.93224,DAL
58560,Wesley Matthews,92.10778,31.74714,DAL
58560,Trevor Booker,4.16692,33.15092,UTA
58560,Derrick Favors,21.50863,17.77065,UTA
58560,Alec Burks,32.38696,21.58327,UTA
58560,Rodney Hood,43.52814,30.16485,UTA
58560,Trey Burke,77.01884,31.13768,UTA
58570,Ball,87.53997,34.84294,Ball
58570,Dirk Nowitzki,3.45219,40.0442,DAL
58570,Deron Williams,88.22281,34.54549,DAL
58570,Jose Juan Barea,39.25272,23.01933,DAL
58570,Zaza Pachulia,24.81973,15.50388,DAL
58570,Wesley Matthews,88.32374,30.00481,DAL
58570,Trevor Booker,4.2958,33.83976,UTA
58570,Derrick Favors,21.71034,17.99165,UTA
58570,Alec Burks,31.19326,22.49857,UTA
58570,Rodney Hood,42.45412,30.28797,UTA
58570,Trey Burke,75.78275,31.59106,UTA
58580,Ball,85.47027,34.07502,Ball
58580,Dirk Nowitzki,3.44794,41.26987,DAL
58580,Deron Williams,86.49991,34.89532,DAL
58580,Jose Juan Barea,37.72807,23.742,DAL
58580,Zaza Pachulia,24.76135,15.30018,DAL
58580,Wesley Matthews,83.77995,27.81753,DAL
58580,Trevor Booker,4.44321,34.70252,UTA
58580,Derrick Favors,21.61468,18.05411,UTA
58580,Alec Burks,29.79345,23.49009,UTA
58580,Rodney Hood,41.33343,29.87394,UTA
58580,Trey Burke,74.15317,31.88433,UTA
58590,Ball,83.12865,33.68224,Ball
58590,Dirk Nowitzki,3.3082700000000003,42.45565,DAL
58590,Deron Williams,83.6936,34.93484,DAL
58590,Jose Juan Barea,36.16625,24.36827,DAL
58590,Zaza Pachulia,24.49343,15.27257,DAL
58590,Wesley Matthews,78.70522,25.46102,DAL
58590,Trevor Booker,4.62396,35.32116,UTA
58590,Derrick Favors,21.15643,18.20377,UTA
58590,Alec Burks,28.53473,24.38653,UTA
58590,Rodney Hood,40.27025,28.97593,UTA
58590,Trey Burke,72.04091,32.03014,UTA
58600,Ball,77.41477,35.00277,Ball
58600,Dirk Nowitzki,3.36768,43.46154,DAL
58600,Deron Williams,79.92769,34.75573,DAL
58600,Jose Juan Barea,34.57323,24.881,DAL
58600,Zaza Pachulia,23.974990000000002,15.30969,DAL
58600,Wesley Matthews,73.36755,23.1386,DAL
58600,Trevor Booker,4.4561,35.88113,UTA
58600,Derrick Favors,20.5186,18.34351,UTA
58600,Alec Burks,27.42606,24.98513,UTA
58600,Rodney Hood,38.83871,27.66353,UTA
58600,Trey Burke,69.08104,31.92934,UTA
58610,Ball,74.50707,35.82269,Ball
58610,Dirk Nowitzki,3.47432,44.28726,DAL
58610,Deron Williams,75.32259,34.71096,DAL
58610,Jose Juan Barea,33.14333,25.60435,DAL
58610,Zaza Pachulia,23.63375,15.4052,DAL
58610,Wesley Matthews,67.81687,20.79559,DAL
58610,Trevor Booker,4.30671,36.08028,UTA
58610,Derrick Favors,20.03326,18.47909,UTA
58610,Alec Burks,26.31873,24.98238,UTA
58610,Rodney Hood,36.98384,25.77994,UTA
58610,Trey Burke,65.14598,31.75497,UTA
58620,Ball,69.39403,35.31436,Ball
58620,Dirk Nowitzki,3.41432,44.48234,DAL
58620,Deron Williams,70.36542,34.3284,DAL
58620,Jose Juan Barea,31.78095,26.45658,DAL
58620,Zaza Pachulia,23.65343,15.48028,DAL
58620,Wesley Matthews,62.28283,18.50282,DAL
58620,Trevor Booker,4.164,35.84987,UTA
58620,Derrick Favors,19.77783,18.73478,UTA
58620,Alec Burks,24.69601,25.2247,UTA
58620,Rodney Hood,35.15036,23.58124,UTA
58620,Trey Burke,60.59753,31.60125,UTA
58630,Ball,64.69963,35.33474,Ball
58630,Dirk Nowitzki,3.3867000000000003,44.01248,DAL
58630,Deron Williams,65.36407,34.01897,DAL
58630,Jose Juan Barea,30.41727,27.29129,DAL
58630,Zaza Pachulia,23.723770000000002,15.79237,DAL
58630,Wesley Matthews,56.70088,16.35856,DAL
58630,Trevor Booker,4.11305,35.73001,UTA
58630,Derrick Favors,19.55637,18.43841,UTA
58630,Alec Burks,23.58685,25.51158,UTA
58630,Rodney Hood,33.1721,21.43547,UTA
58630,Trey Burke,55.85193,31.70266,UTA
58640,Ball,58.90025,34.36386,Ball
58640,Dirk Nowitzki,3.44131,42.9343,DAL
58640,Deron Williams,60.3966,33.71364,DAL
58640,Jose Juan Barea,29.2413,28.43078,DAL
58640,Zaza Pachulia,23.96483,16.23113,DAL
58640,Wesley Matthews,51.10158,14.29598,DAL
58640,Trevor Booker,4.11228,35.76365,UTA
58640,Derrick Favors,19.22763,17.7466,UTA
58640,Alec Burks,22.89164,26.0058,UTA
58640,Rodney Hood,31.08146,19.27763,UTA
58640,Trey Burke,51.17239,31.98559,UTA
58650,Ball,55.13324,34.75179,Ball
58650,Dirk Nowitzki,3.68364,41.52195,DAL
58650,Deron Williams,55.59531,33.42344,DAL
58650,Jose Juan Barea,27.79924,29.51352,DAL
58650,Zaza Pachulia,24.06794,16.51871,DAL
58650,Wesley Matthews,45.61884,12.37994,DAL
58650,Trevor Booker,4.14749,35.83691,UTA
58650,Derrick Favors,19.1212,17.45615,UTA
58650,Alec Burks,22.53808,26.91884,UTA
58650,Rodney Hood,29.03488,17.03362,UTA
58650,Trey Burke,46.81714,32.15206,UTA
58660,Ball,49.63062,33.92493,Ball
58660,Dirk Nowitzki,4.14275,40.29583,DAL
58660,Deron Williams,51.11268,32.95145,DAL
58660,Jose Juan Barea,25.97831,30.55389,DAL
58660,Zaza Pachulia,23.73072,16.62669,DAL
58660,Wesley Matthews,40.08492,10.5213,DAL
58660,Trevor Booker,4.13023,35.96392,UTA
58660,Derrick Favors,19.06818,17.73455,UTA
58660,Alec Burks,22.02011,27.90624,UTA
58660,Rodney Hood,26.83975,14.92106,UTA
58660,Trey Burke,42.90889,32.24512,UTA
58670,Ball,46.58958,33.7098,Ball
58670,Dirk Nowitzki,4.86515,38.78888,DAL
58670,Deron Williams,46.87972,32.6679,DAL
58670,Jose Juan Barea,23.19715,31.89144,DAL
58670,Zaza Pachulia,23.46677,16.71538,DAL
58670,Wesley Matthews,34.69787,8.71812,DAL
58670,Trevor Booker,4.21893,36.09285,UTA
58670,Derrick Favors,18.86724,18.44845,UTA
58670,Alec Burks,20.37145,28.74386,UTA
58670,Rodney Hood,24.11706,13.27179,UTA
58670,Trey Burke,39.74099,31.73095,UTA
58680,Ball,42.05616,33.2555,Ball
58680,Dirk Nowitzki,5.73513,37.67636,DAL
58680,Deron Williams,43.13547,32.25843,DAL
58680,Jose Juan Barea,19.43152,32.96295,DAL
58680,Zaza Pachulia,23.86703,16.82351,DAL
58680,Wesley Matthews,29.51137,7.1411,DAL
58680,Trevor Booker,4.79779,36.09235,UTA
58680,Derrick Favors,18.6186,19.28877,UTA
58680,Alec Burks,18.30063,28.97361,UTA
58680,Rodney Hood,21.38502,11.92457,UTA
58680,Trey Burke,36.89948,31.43041,UTA
58690,Ball,39.89216,33.94037,Ball
58690,Dirk Nowitzki,7.05474,36.90112,DAL
58690,Deron Williams,39.88892,32.45789,DAL
58690,Jose Juan Barea,15.34219,33.71454,DAL
58690,Zaza Pachulia,24.46247,16.85851,DAL
58690,Wesley Matthews,24.63651,5.69273,DAL
58690,Trevor Booker,5.94085,36.05647,UTA
58690,Derrick Favors,18.98978,19.33681,UTA
58690,Alec Burks,15.79001,28.33255,UTA
58690,Rodney Hood,18.36304,10.67544,UTA
58690,Trey Burke,34.61225,30.97719,UTA
58700,Ball,36.93619,33.76608,Ball
58700,Dirk Nowitzki,9.57275,36.80119,DAL
58700,Deron Williams,37.20198,32.86706,DAL
58700,Jose Juan Barea,12.44782,34.66324,DAL
58700,Zaza Pachulia,24.59712,16.57291,DAL
58700,Wesley Matthews,20.30376,4.66847,DAL
58700,Trevor Booker,7.79255,36.23831,UTA
58700,Derrick Favors,19.38581,19.48297,UTA
58700,Alec Burks,13.13673,27.80574,UTA
58700,Rodney Hood,15.37839,9.83191,UTA
58700,Trey Burke,32.48269,30.75413,UTA
58710,Ball,34.83063,33.738550000000004,Ball
58710,Dirk Nowitzki,12.91961,37.87706,DAL
58710,Deron Williams,35.43676,33.28225,DAL
58710,Jose Juan Barea,11.84951,35.72247,DAL
58710,Zaza Pachulia,24.62935,16.12967,DAL
58710,Wesley Matthews,16.65867,3.6478200000000003,DAL
58710,Trevor Booker,10.71407,37.74946,UTA
58710,Derrick Favors,19.28631,19.05384,UTA
58710,Alec Burks,11.05868,28.0278,UTA
58710,Rodney Hood,12.72796,8.96895,UTA
58710,Trey Burke,30.39538,31.15127,UTA
58720,Ball,26.96632,36.57557,Ball
58720,Dirk Nowitzki,16.12646,38.26655,DAL
58720,Deron Williams,33.75689,33.12245,DAL
58720,Jose Juan Barea,12.73535,36.64208,DAL
58720,Zaza Pachulia,24.72199,15.75619,DAL
58720,Wesley Matthews,13.61306,2.84279,DAL
58720,Trevor Booker,14.18247,38.69271,UTA
58720,Derrick Favors,19.47719,20.07768,UTA
58720,Alec Burks,9.62003,29.59128,UTA
58720,Rodney Hood,10.49051,8.41427,UTA
58720,Trey Burke,28.73627,31.48323,UTA
58730,Ball,21.31624,38.51022,Ball
58730,Dirk Nowitzki,18.918,37.63564,DAL
58730,Deron Williams,31.64401,32.03525,DAL
58730,Jose Juan Barea,12.0544,36.33707,DAL
58730,Zaza Pachulia,24.8269,15.84365,DAL
58730,Wesley Matthews,11.3645,2.35101,DAL
58730,Trevor Booker,17.456690000000002,37.69765,UTA
58730,Derrick Favors,19.38395,21.47141,UTA
58730,Alec Burks,9.22028,32.00734,UTA
58730,Rodney Hood,8.74982,8.21664,UTA
58730,Trey Burke,27.19975,31.51399,UTA
58740,Ball,23.3618,36.25537,Ball
58740,Dirk Nowitzki,22.23778,36.44004,DAL
58740,Deron Williams,28.67748,30.90329,DAL
58740,Jose Juan Barea,9.74182,35.22869,DAL
58740,Zaza Pachulia,24.91523,16.22227,DAL
58740,Wesley Matthews,9.70862,2.24843,DAL
58740,Trevor Booker,20.10857,35.64818,UTA
58740,Derrick Favors,19.29329,22.12564,UTA
58740,Alec Burks,9.5178,33.43839,UTA
58740,Rodney Hood,7.62003,8.12345,UTA
58740,Trey Burke,25.30754,30.78623,UTA
58750,Ball,25.35917,36.1733,Ball
58750,Dirk Nowitzki,23.586,35.99448,DAL
58750,Deron Williams,24.60345,30.91788,DAL
58750,Jose Juan Barea,6.88061,33.81084,DAL
58750,Zaza Pachulia,24.98265,16.49891,DAL
58750,Wesley Matthews,8.56548,2.09148,DAL
58750,Trevor Booker,21.77156,34.08312,UTA
58750,Derrick Favors,18.97176,23.10386,UTA
58750,Alec Burks,9.40042,33.07243,UTA
58750,Rodney Hood,7.04271,8.44965,UTA
58750,Trey Burke,22.90647,30.16774,UTA
58760,Ball,24.42421,36.25653,Ball
58760,Dirk Nowitzki,23.67682,35.53569,DAL
58760,Deron Williams,21.20993,31.36724,DAL
58760,Jose Juan Barea,4.69088,30.02299,DAL
58760,Zaza Pachulia,25.0089,16.61883,DAL
58760,Wesley Matthews,7.94187,1.98075,DAL
58760,Trevor Booker,22.41912,33.83165,UTA
58760,Derrick Favors,19.12337,23.33131,UTA
58760,Alec Burks,8.30425,31.63365,UTA
58760,Rodney Hood,7.09397,8.76711,UTA
58760,Trey Burke,19.9973,29.8638,UTA
58770,Ball,23.7339,35.97636,Ball
58770,Dirk Nowitzki,23.31069,35.2461,DAL
58770,Deron Williams,18.17472,31.78912,DAL
58770,Jose Juan Barea,3.04322,25.41893,DAL
58770,Zaza Pachulia,24.82372,16.53541,DAL
58770,Wesley Matthews,7.77503,1.90775,DAL
58770,Trevor Booker,22.2185,33.56667,UTA
58770,Derrick Favors,19.58316,23.63028,UTA
58770,Alec Burks,7.12574,29.07415,UTA
58770,Rodney Hood,7.43552,8.64533,UTA
58770,Trey Burke,17.24582,30.38481,UTA
58780,Ball,23.31607,36.13753,Ball
58780,Dirk Nowitzki,22.67757,35.04246,DAL
58780,Deron Williams,15.883890000000001,32.51784,DAL
58780,Jose Juan Barea,2.44681,20.71498,DAL
58780,Zaza Pachulia,24.55134,16.34809,DAL
58780,Wesley Matthews,7.70772,2.09336,DAL
58780,Trevor Booker,21.4359,33.45559,UTA
58780,Derrick Favors,19.70508,24.04694,UTA
58780,Alec Burks,6.44342,25.96924,UTA
58780,Rodney Hood,7.5072,8.70229,UTA
58780,Trey Burke,15.5708,31.18256,UTA
58790,Ball,20.9925,36.37207,Ball
58790,Dirk Nowitzki,22.45054,35.17342,DAL
58790,Deron Williams,14.74633,34.11556,DAL
58790,Jose Juan Barea,3.86114,16.25444,DAL
58790,Zaza Pachulia,24.51642,16.32264,DAL
58790,Wesley Matthews,7.77226,2.02021,DAL
58790,Trevor Booker,21.26507,33.33559,UTA
58790,Derrick Favors,19.69832,24.07643,UTA
58790,Alec Burks,5.99012,23.14202,UTA
58790,Rodney Hood,7.32581,9.12041,UTA
58790,Trey Burke,15.22153,32.29014,UTA
58800,Ball,15.34052,38.14592,Ball
58800,Dirk Nowitzki,23.67214,35.0044,DAL
58800,Deron Williams,14.16407,36.21885,DAL
58800,Jose Juan Barea,7.43493,12.5534,DAL
58800,Zaza Pachulia,24.69904,16.45727,DAL
58800,Wesley Matthews,7.70029,1.83231,DAL
58800,Trevor Booker,21.5129,33.16374,UTA
58800,Derrick Favors,19.3772,23.72659,UTA
58800,Alec Burks,5.94641,21.94457,UTA
58800,Rodney Hood,6.96194,9.51334,UTA
58800,Trey Burke,15.95068,34.95962,UTA
58810,Ball,14.09822,38.87577,Ball
58810,Dirk Nowitzki,25.66296,35.12918,DAL
58810,Deron Williams,13.90052,38.11116,DAL
58810,Jose Juan Barea,12.1628,10.35797,DAL
58810,Zaza Pachulia,24.82317,16.62926,DAL
58810,Wesley Matthews,7.74452,1.84715,DAL
58810,Trevor Booker,21.79092,33.16301,UTA
58810,Derrick Favors,18.61548,23.52927,UTA
58810,Alec Burks,6.00622,23.22565,UTA
58810,Rodney Hood,6.51042,9.72145,UTA
58810,Trey Burke,16.4359,37.88687,UTA
58820,Ball,12.02673,38.576,Ball
58820,Dirk Nowitzki,27.22354,35.54038,DAL
58820,Deron Williams,13.43102,38.56866,DAL
58820,Jose Juan Barea,16.57584,9.12346,DAL
58820,Zaza Pachulia,24.64137,16.62123,DAL
58820,Wesley Matthews,8.17155,1.82654,DAL
58820,Trevor Booker,21.83139,32.96197,UTA
58820,Derrick Favors,17.19864,24.04262,UTA
58820,Alec Burks,6.49574,26.927,UTA
58820,Rodney Hood,6.0586,10.7102,UTA
58820,Trey Burke,15.54919,39.17798,UTA
58830,Ball,10.134,37.54126,Ball
58830,Dirk Nowitzki,28.34606,35.48116,DAL
58830,Deron Williams,11.5684,37.32183,DAL
58830,Jose Juan Barea,20.00313,8.61158,DAL
58830,Zaza Pachulia,23.81477,16.71992,DAL
58830,Wesley Matthews,8.59954,1.92372,DAL
58830,Trevor Booker,21.40623,32.56116,UTA
58830,Derrick Favors,15.13482,24.39491,UTA
58830,Alec Burks,7.82165,30.40579,UTA
58830,Rodney Hood,5.9562,12.08467,UTA
58830,Trey Burke,13.91021,37.58862,UTA
58840,Ball,9.64993,35.7003,Ball
58840,Dirk Nowitzki,28.91546,35.39124,DAL
58840,Deron Williams,10.5,36.35206,DAL
58840,Jose Juan Barea,22.56671,7.7744800000000005,DAL
58840,Zaza Pachulia,21.66523,16.9112,DAL
58840,Wesley Matthews,8.8862,1.96794,DAL
58840,Trevor Booker,20.80941,32.05587,UTA
58840,Derrick Favors,13.43059,24.11975,UTA
58840,Alec Burks,8.31483,32.10523,UTA
58840,Rodney Hood,7.21413,13.03876,UTA
58840,Trey Burke,12.45524,35.74895,UTA
58850,Ball,9.663450000000001,39.42008,Ball
58850,Dirk Nowitzki,28.84892,35.72556,DAL
58850,Deron Williams,10.48511,37.63034,DAL
58850,Jose Juan Barea,24.30261,7.56484,DAL
58850,Zaza Pachulia,19.77521,17.87109,DAL
58850,Wesley Matthews,9.53696,1.9482,DAL
58850,Trevor Booker,21.28917,32.60551,UTA
58850,Derrick Favors,12.87604,23.83831,UTA
58850,Alec Burks,7.95597,33.03185,UTA
58850,Rodney Hood,9.94405,13.22067,UTA
58850,Trey Burke,11.93889,35.91394,UTA
58860,Ball,9.82112,40.08891,Ball
58860,Dirk Nowitzki,28.91026,36.0635,DAL
58860,Deron Williams,10.72947,38.55695,DAL
58860,Jose Juan Barea,24.42722,9.01029,DAL
58860,Zaza Pachulia,18.48447,18.45599,DAL
58860,Wesley Matthews,10.49227,2.06145,DAL
58860,Trevor Booker,21.52441,33.84296,UTA
58860,Derrick Favors,13.38228,23.36152,UTA
58860,Alec Burks,7.52624,33.86914,UTA
58860,Rodney Hood,12.16545,13.40012,UTA
58860,Trey Burke,12.00839,36.8529,UTA
58870,Ball,10.02964,40.36411,Ball
58870,Dirk Nowitzki,29.54595,36.31371,DAL
58870,Deron Williams,10.9412,39.22888,DAL
58870,Jose Juan Barea,21.64152,11.76077,DAL
58870,Zaza Pachulia,16.67916,17.37377,DAL
58870,Wesley Matthews,12.44308,2.6406400000000003,DAL
58870,Trevor Booker,21.71947,34.36914,UTA
58870,Derrick Favors,13.33688,22.33727,UTA
58870,Alec Burks,7.84191,35.01055,UTA
58870,Rodney Hood,11.35223,14.29611,UTA
58870,Trey Burke,12.12499,37.20274,UTA
58880,Ball,12.99271,34.21521,Ball
58880,Dirk Nowitzki,30.08029,36.61958,DAL
58880,Deron Williams,11.97828,38.06022,DAL
58880,Jose Juan Barea,17.02315,13.51817,DAL
58880,Zaza Pachulia,14.23533,17.01847,DAL
58880,Wesley Matthews,16.45591,3.90185,DAL
58880,Trevor Booker,21.85741,34.41223,UTA
58880,Derrick Favors,12.794740000000001,20.99406,UTA
58880,Alec Burks,8.82714,36.19214,UTA
58880,Rodney Hood,10.52899,15.17699,UTA
58880,Trey Burke,12.49442,37.96967,UTA
58890,Ball,20.57719,22.10402,Ball
58890,Dirk Nowitzki,30.62899,37.05319,DAL
58890,Deron Williams,12.12515,37.49484,DAL
58890,Jose Juan Barea,12.45593,13.41799,DAL
58890,Zaza Pachulia,11.82335,16.62248,DAL
58890,Wesley Matthews,21.45608,6.71389,DAL
58890,Trevor Booker,21.40347,34.25868,UTA
58890,Derrick Favors,11.28471,19.9534,UTA
58890,Alec Burks,9.31186,36.44716,UTA
58890,Rodney Hood,12.04711,14.78247,UTA
58890,Trey Burke,13.54615,37.52358,UTA
58900,Ball,27.3638,11.33579,Ball
58900,Dirk Nowitzki,30.91786,36.78581,DAL
58900,Deron Williams,12.27276,37.70246,DAL
58900,Jose Juan Barea,8.7232,11.59174,DAL
58900,Zaza Pachulia,9.80815,17.92689,DAL
58900,Wesley Matthews,25.85539,10.09671,DAL
58900,Trevor Booker,20.71713,33.63605,UTA
58900,Derrick Favors,9.77042,19.22104,UTA
58900,Alec Burks,9.48925,34.693,UTA
58900,Rodney Hood,14.96285,14.17451,UTA
58900,Trey Burke,14.13571,36.62073,UTA
58910,Ball,27.66719,14.02226,Ball
58910,Dirk Nowitzki,30.885,36.10013,DAL
58910,Deron Williams,12.36791,38.24526,DAL
58910,Jose Juan Barea,6.06839,9.50824,DAL
58910,Zaza Pachulia,8.25269,19.691580000000002,DAL
58910,Wesley Matthews,28.19034,12.58718,DAL
58910,Trevor Booker,20.41316,32.78584,UTA
58910,Derrick Favors,8.59396,19.1745,UTA
58910,Alec Burks,9.85739,31.43794,UTA
58910,Rodney Hood,18.61304,14.41787,UTA
58910,Trey Burke,14.13132,35.96808,UTA
58920,Ball,26.4861,14.2489,Ball
58920,Dirk Nowitzki,30.04404,35.80438,DAL
58920,Deron Williams,12.51625,39.48647,DAL
58920,Jose Juan Barea,5.08003,7.03836,DAL
58920,Zaza Pachulia,6.90729,20.07082,DAL
58920,Wesley Matthews,28.68976,13.61587,DAL
58920,Trevor Booker,20.40236,32.16607,UTA
58920,Derrick Favors,7.34295,19.42596,UTA
58920,Alec Burks,10.14947,27.87324,UTA
58920,Rodney Hood,22.81577,15.25507,UTA
58920,Trey Burke,13.45395,35.40369,UTA
58930,Ball,19.00357,17.953310000000002,Ball
58930,Dirk Nowitzki,29.78423,35.28106,DAL
58930,Deron Williams,12.88477,40.76006,DAL
58930,Jose Juan Barea,5.68028,4.86933,DAL
58930,Zaza Pachulia,5.02619,20.42695,DAL
58930,Wesley Matthews,28.95101,14.3084,DAL
58930,Trevor Booker,19.77741,31.4007,UTA
58930,Derrick Favors,6.87116,19.57416,UTA
58930,Alec Burks,10.6211,24.30999,UTA
58930,Rodney Hood,26.63365,16.01468,UTA
58930,Trey Burke,12.51507,34.47317,UTA
58940,Ball,11.91546,21.37475,Ball
58940,Dirk Nowitzki,30.52822,34.47827,DAL
58940,Deron Williams,14.17502,41.61326,DAL
58940,Jose Juan Barea,7.47841,4.98712,DAL
58940,Zaza Pachulia,6.7762,21.75637,DAL
58940,Wesley Matthews,29.82796,14.57725,DAL
58940,Trevor Booker,18.05203,30.00581,UTA
58940,Derrick Favors,7.66933,21.26041,UTA
58940,Alec Burks,11.13185,21.83245,UTA
58940,Rodney Hood,30.10563,16.19966,UTA
58940,Trey Burke,11.49812,33.16159,UTA
58950,Ball,5.66838,24.10524,Ball
58950,Dirk Nowitzki,31.79764,34.09708,DAL
58950,Deron Williams,16.29427,41.68069,DAL
58950,Jose Juan Barea,9.56202,7.28971,DAL
58950,Zaza Pachulia,7.71174,23.33796,DAL
58950,Wesley Matthews,31.39379,14.57164,DAL
58950,Trevor Booker,15.45763,28.50002,UTA
58950,Derrick Favors,7.71174,23.33796,UTA
58950,Alec Burks,11.73002,20.9434,UTA
58950,Rodney Hood,33.82764,15.58095,UTA
58950,Trey Burke,10.5203,32.02366,UTA
58960,Ball,4.58039,23.37889,Ball
58960,Dirk Nowitzki,33.28727,33.46638,DAL
58960,Deron Williams,19.14099,41.07709,DAL
58960,Jose Juan Barea,11.10598,10.40114,DAL
58960,Zaza Pachulia,6.91796,24.11426,DAL
58960,Wesley Matthews,33.612610000000004,14.48939,DAL
58960,Trevor Booker,12.46744,27.38773,UTA
58960,Derrick Favors,6.814,24.05992,UTA
58960,Alec Burks,11.74461,19.87913,UTA
58960,Rodney Hood,37.69883,15.02421,UTA
58960,Trey Burke,9.82672,31.38572,UTA
58970,Ball,5.75111,22.7182,Ball
58970,Dirk Nowitzki,34.95347,32.67118,DAL
58970,Deron Williams,22.00665,39.87178,DAL
58970,Jose Juan Barea,12.85706,12.78135,DAL
58970,Zaza Pachulia,6.55788,23.26873,DAL
58970,Wesley Matthews,35.65718,14.30546,DAL
58970,Trevor Booker,10.50239,26.06514,UTA
58970,Derrick Favors,6.51489,23.22551,UTA
58970,Alec Burks,10.86382,18.829,UTA
58970,Rodney Hood,40.97051,14.78813,UTA
58970,Trey Burke,9.871,30.94152,UTA
58980,Ball,5.37312,24.33227,Ball
58980,Dirk Nowitzki,36.53823,32.19621,DAL
58980,Deron Williams,24.62961,38.51364,DAL
58980,Jose Juan Barea,14.90952,14.07037,DAL
58980,Zaza Pachulia,6.80923,21.76515,DAL
58980,Wesley Matthews,37.66708,13.84633,DAL
58980,Trevor Booker,8.85567,24.761870000000002,UTA
58980,Derrick Favors,6.71779,21.89713,UTA
58980,Alec Burks,8.98435,18.37235,UTA
58980,Rodney Hood,42.21843,15.04813,UTA
58980,Trey Burke,9.50124,30.73667,UTA
58990,Ball,5.74212,24.95968,Ball
58990,Dirk Nowitzki,37.77575,31.64317,DAL
58990,Deron Williams,27.10154,37.08529,DAL
58990,Jose Juan Barea,17.1686,14.974920000000001,DAL
58990,Zaza Pachulia,7.03569,21.74043,DAL
58990,Wesley Matthews,39.72536,13.53445,DAL
58990,Trevor Booker,7.06451,24.35856,UTA
58990,Derrick Favors,6.98838,21.74086,UTA
58990,Alec Burks,7.27804,17.56047,UTA
58990,Rodney Hood,41.67248,15.5509,UTA
58990,Trey Burke,8.11064,30.57425,UTA
59000,Ball,8.3068,23.84101,Ball
59000,Dirk Nowitzki,39.32861,30.88181,DAL
59000,Deron Williams,29.45796,35.91299,DAL
59000,Jose Juan Barea,19.29933,16.00095,DAL
59000,Zaza Pachulia,7.10927,23.15827,DAL
59000,Wesley Matthews,41.67593,13.15383,DAL
59000,Trevor Booker,6.38824,24.79376,UTA
59000,Derrick Favors,6.82476,22.35363,UTA
59000,Alec Burks,6.34225,16.97524,UTA
59000,Rodney Hood,40.44007,15.92889,UTA
59000,Trey Burke,7.19493,30.10309,UTA
59010,Ball,16.11878,21.932760000000002,Ball
59010,Dirk Nowitzki,40.80966,30.5732,DAL
59010,Deron Williams,31.97596,35.02802,DAL
59010,Jose Juan Barea,20.77165,17.49873,DAL
59010,Zaza Pachulia,6.96013,25.65893,DAL
59010,Wesley Matthews,43.32908,12.81032,DAL
59010,Trevor Booker,6.87787,25.747230000000002,UTA
59010,Derrick Favors,6.57366,21.81314,UTA
59010,Alec Burks,6.78107,16.40045,UTA
59010,Rodney Hood,38.84121,16.40785,UTA
59010,Trey Burke,8.177,29.19968,UTA
59020,Ball,19.97767,21.05655,Ball
59020,Dirk Nowitzki,41.14531,30.34489,DAL
59020,Deron Williams,33.88911,34.64772,DAL
59020,Jose Juan Barea,20.96093,19.90373,DAL
59020,Zaza Pachulia,6.5788,26.2273,DAL
59020,Wesley Matthews,43.33278,12.45668,DAL
59020,Trevor Booker,8.11853,26.98861,UTA
59020,Derrick Favors,7.11159,20.61839,UTA
59020,Alec Burks,9.0231,16.01263,UTA
59020,Rodney Hood,35.93453,17.25398,UTA
59020,Trey Burke,11.00012,28.28836,UTA
59030,Ball,21.88795,23.15674,Ball
59030,Dirk Nowitzki,39.66961,30.21171,DAL
59030,Deron Williams,33.47054,34.86793,DAL
59030,Jose Juan Barea,20.98299,21.7013,DAL
59030,Zaza Pachulia,6.4714,26.68015,DAL
59030,Wesley Matthews,40.69275,11.22627,DAL
59030,Trevor Booker,9.61551,27.90162,UTA
59030,Derrick Favors,7.55958,20.63929,UTA
59030,Alec Burks,11.88694,16.42558,UTA
59030,Rodney Hood,31.42721,18.57561,UTA
59030,Trey Burke,14.97202,27.38824,UTA
59040,Ball,31.05833,33.85451,Ball
59040,Dirk Nowitzki,37.3873,29.97821,DAL
59040,Deron Williams,31.58937,35.473,DAL
59040,Jose Juan Barea,20.35222,22.53937,DAL
59040,Zaza Pachulia,7.12682,28.35333,DAL
59040,Wesley Matthews,36.42582,9.10519,DAL
59040,Trevor Booker,11.55886,28.50946,UTA
59040,Derrick Favors,7.37552,21.87648,UTA
59040,Alec Burks,14.48714,17.79214,UTA
59040,Rodney Hood,27.40731,20.9096,UTA
59040,Trey Burke,18.82353,28.05905,UTA
59050,Ball,28.81025,35.97075,Ball
59050,Dirk Nowitzki,35.15747,29.20002,DAL
59050,Deron Williams,29.67325,35.71511,DAL
59050,Jose Juan Barea,20.11416,23.09196,DAL
59050,Zaza Pachulia,8.05564,30.65826,DAL
59050,Wesley Matthews,31.5052,6.95813,DAL
59050,Trevor Booker,14.55246,28.44632,UTA
59050,Derrick Favors,7.41113,24.11948,UTA
59050,Alec Burks,16.06761,18.5191,UTA
59050,Rodney Hood,25.0546,22.88813,UTA
59050,Trey Burke,21.65759,29.90905,UTA
59060,Ball,28.33596,34.68322,Ball
59060,Dirk Nowitzki,33.47987,28.80067,DAL
59060,Deron Williams,28.8606,35.61964,DAL
59060,Jose Juan Barea,19.97419,24.15154,DAL
59060,Zaza Pachulia,8.65021,33.07254,DAL
59060,Wesley Matthews,26.65929,5.44747,DAL
59060,Trevor Booker,18.09725,28.1174,UTA
59060,Derrick Favors,7.7195,26.95226,UTA
59060,Alec Burks,16.66004,18.3238,UTA
59060,Rodney Hood,23.80566,23.09673,UTA
59060,Trey Burke,23.33835,31.80767,UTA
59070,Ball,28.50301,35.5321,Ball
59070,Dirk Nowitzki,32.38875,28.55827,DAL
59070,Deron Williams,28.75808,35.58928,DAL
59070,Jose Juan Barea,18.98029,26.27498,DAL
59070,Zaza Pachulia,9.15721,35.11268,DAL
59070,Wesley Matthews,22.26073,4.54097,DAL
59070,Trevor Booker,21.78634,27.73922,UTA
59070,Derrick Favors,8.20817,29.58445,UTA
59070,Alec Burks,16.56106,17.58379,UTA
59070,Rodney Hood,22.31527,21.08255,UTA
59070,Trey Burke,23.91057,32.62173,UTA
59080,Ball,28.45171,35.61701,Ball
59080,Dirk Nowitzki,31.09511,27.69335,DAL
59080,Deron Williams,28.9008,35.6812,DAL
59080,Jose Juan Barea,17.53754,29.56412,DAL
59080,Zaza Pachulia,10.01366,36.16057,DAL
59080,Wesley Matthews,17.96588,4.1802,DAL
59080,Trevor Booker,24.85044,27.39893,UTA
59080,Derrick Favors,8.54437,31.45294,UTA
59080,Alec Burks,15.58983,17.78378,UTA
59080,Rodney Hood,20.25505,17.72323,UTA
59080,Trey Burke,24.33365,32.74063,UTA
59090,Ball,29.60616,34.27334,Ball
59090,Dirk Nowitzki,29.55566,27.28779,DAL
59090,Deron Williams,29.32887,35.41846,DAL
59090,Jose Juan Barea,16.30455,34.59944,DAL
59090,Zaza Pachulia,11.05996,36.52693,DAL
59090,Wesley Matthews,13.62811,5.0151,DAL
59090,Trevor Booker,26.28538,26.89591,UTA
59090,Derrick Favors,8.81821,33.43537,UTA
59090,Alec Burks,14.47716,21.02258,UTA
59090,Rodney Hood,17.86457,14.66012,UTA
59090,Trey Burke,24.71908,32.93703,UTA
59100,Ball,29.04474,35.04941,Ball
59100,Dirk Nowitzki,28.08773,27.85336,DAL
59100,Deron Williams,29.44746,35.55867,DAL
59100,Jose Juan Barea,16.26413,39.9553,DAL
59100,Zaza Pachulia,12.79297,37.01115,DAL
59100,Wesley Matthews,10.23323,8.11906,DAL
59100,Trevor Booker,26.22952,26.76568,UTA
59100,Derrick Favors,9.64335,35.23327,UTA
59100,Alec Burks,14.35252,26.12866,UTA
59100,Rodney Hood,14.8298,12.50366,UTA
59100,Trey Burke,25.03421,33.06746,UTA
59110,Ball,23.30258,39.5222,Ball
59110,Dirk Nowitzki,26.58107,28.9506,DAL
59110,Deron Williams,29.41811,35.61968,DAL
59110,Jose Juan Barea,16.39223,44.15072,DAL
59110,Zaza Pachulia,14.6469,37.12309,DAL
59110,Wesley Matthews,7.47851,11.76221,DAL
59110,Trevor Booker,25.25933,27.4677,UTA
59110,Derrick Favors,10.53079,37.16804,UTA
59110,Alec Burks,15.3786,31.59283,UTA
59110,Rodney Hood,11.67177,13.37449,UTA
59110,Trey Burke,25.10681,33.43431,UTA
59120,Ball,14.92535,45.44933,Ball
59120,Dirk Nowitzki,25.28703,30.46763,DAL
59120,Deron Williams,30.15111,34.57044,DAL
59120,Jose Juan Barea,14.95531,46.32127,DAL
59120,Zaza Pachulia,14.41762,36.57975,DAL
59120,Wesley Matthews,6.03551,14.8107,DAL
59120,Trevor Booker,23.67678,28.15487,UTA
59120,Derrick Favors,11.11572,39.491460000000004,UTA
59120,Alec Burks,17.06531,37.16138,UTA
59120,Rodney Hood,8.8014,16.57221,UTA
59120,Trey Burke,25.21556,33.20752,UTA
59130,Ball,10.14189,46.86434,Ball
59130,Dirk Nowitzki,23.91343,32.30239,DAL
59130,Deron Williams,31.55041,33.06484,DAL
59130,Jose Juan Barea,11.57826,46.24461,DAL
59130,Zaza Pachulia,12.9928,34.46431,DAL
59130,Wesley Matthews,5.34062,16.36033,DAL
59130,Trevor Booker,21.84883,29.18191,UTA
59130,Derrick Favors,10.53009,41.04138,UTA
59130,Alec Burks,16.80899,41.70585,UTA
59130,Rodney Hood,7.28306,18.5394,UTA
59130,Trey Burke,25.21563,32.56175,UTA
59140,Ball,6.54011,44.63111,Ball
59140,Dirk Nowitzki,22.51008,33.66038,DAL
59140,Deron Williams,32.79017,30.68578,DAL
59140,Jose Juan Barea,7.51509,43.54661,DAL
59140,Zaza Pachulia,11.68598,31.28719,DAL
59140,Wesley Matthews,4.83838,14.88224,DAL
59140,Trevor Booker,18.91974,30.08087,UTA
59140,Derrick Favors,8.66969,40.35146,UTA
59140,Alec Burks,14.07579,43.38347,UTA
59140,Rodney Hood,6.6702,18.90889,UTA
59140,Trey Burke,24.87489,31.99369,UTA
59150,Ball,2.71962,39.77723,Ball
59150,Dirk Nowitzki,21.52493,35.709,DAL
59150,Deron Williams,33.60766,27.7457,DAL
59150,Jose Juan Barea,4.23534,39.03629,DAL
59150,Zaza Pachulia,10.17457,28.48817,DAL
59150,Wesley Matthews,4.60921,11.47595,DAL
59150,Trevor Booker,14.47815,29.81953,UTA
59150,Derrick Favors,5.97451,37.85368,UTA
59150,Alec Burks,10.36941,42.17289,UTA
59150,Rodney Hood,6.44977,20.25164,UTA
59150,Trey Burke,23.8772,31.23676,UTA
59160,Ball,1.60234,32.65189,Ball
59160,Dirk Nowitzki,21.00799,37.4001,DAL
59160,Deron Williams,33.94901,24.65864,DAL
59160,Jose Juan Barea,2.17758,33.84219,DAL
59160,Zaza Pachulia,8.02597,25.45579,DAL
59160,Wesley Matthews,4.77271,7.65336,DAL
59160,Trevor Booker,10.02604,28.40969,UTA
59160,Derrick Favors,4.53537,34.12864,UTA
59160,Alec Burks,7.74743,38.61982,UTA
59160,Rodney Hood,6.25255,21.66385,UTA
59160,Trey Burke,22.82667,29.65523,UTA
59170,Ball,0.41644000000000003,26.75337,Ball
59170,Dirk Nowitzki,19.86161,38.86553,DAL
59170,Deron Williams,33.71718,21.50285,DAL
59170,Jose Juan Barea,1.17392,27.31403,DAL
59170,Zaza Pachulia,6.77033,24.9837,DAL
59170,Wesley Matthews,5.2117,4.60123,DAL
59170,Trevor Booker,7.45886,26.67633,UTA
59170,Derrick Favors,4.58059,29.78822,UTA
59170,Alec Burks,6.9074,34.14523,UTA
59170,Rodney Hood,5.29975,20.0238,UTA
59170,Trey Burke,21.81162,27.41952,UTA
59180,Ball,4.4388,10.88426,Ball
59180,Dirk Nowitzki,18.13133,39.97308,DAL
59180,Deron Williams,32.72573,18.42873,DAL
59180,Jose Juan Barea,0.21450000000000002,22.17571,DAL
59180,Zaza Pachulia,5.83043,25.05191,DAL
59180,Wesley Matthews,5.80272,3.11016,DAL
59180,Trevor Booker,7.66819,26.09247,UTA
59180,Derrick Favors,4.96804,25.84222,UTA
59180,Alec Burks,6.57532,30.47004,UTA
59180,Rodney Hood,3.9582100000000002,16.06473,UTA
59180,Trey Burke,21.45362,24.66418,UTA
59190,Ball,7.41373,3.75159,Ball
59190,Dirk Nowitzki,16.11349,40.73299,DAL
59190,Deron Williams,31.60057,15.59046,DAL
59190,Jose Juan Barea,-0.7077,18.23917,DAL
59190,Zaza Pachulia,6.15407,23.81672,DAL
59190,Wesley Matthews,7.11011,2.55958,DAL
59190,Trevor Booker,8.61643,26.42009,UTA
59190,Derrick Favors,6.04051,23.55282,UTA
59190,Alec Burks,6.32262,27.43324,UTA
59190,Rodney Hood,4.50395,11.651720000000001,UTA
59190,Trey Burke,21.25823,22.0709,UTA
59200,Ball,7.8489700000000004,2.44806,Ball
59200,Dirk Nowitzki,14.02372,40.82474,DAL
59200,Deron Williams,30.96505,13.59239,DAL
59200,Jose Juan Barea,-0.54623,14.10335,DAL
59200,Zaza Pachulia,6.65254,22.42789,DAL
59200,Wesley Matthews,7.84864,2.22605,DAL
59200,Trevor Booker,9.56998,27.14816,UTA
59200,Derrick Favors,6.96437,22.88826,UTA
59200,Alec Burks,5.73693,25.60277,UTA
59200,Rodney Hood,6.5220400000000005,7.95241,UTA
59200,Trey Burke,20.50602,19.4708,UTA
59210,Ball,7.02243,8.99765,Ball
59210,Dirk Nowitzki,11.62256,39.73656,DAL
59210,Deron Williams,31.27138,12.63458,DAL
59210,Jose Juan Barea,1.19191,11.13927,DAL
59210,Zaza Pachulia,6.97271,21.03645,DAL
59210,Wesley Matthews,8.38372,2.13511,DAL
59210,Trevor Booker,10.25966,28.21444,UTA
59210,Derrick Favors,6.96773,21.57608,UTA
59210,Alec Burks,5.03109,24.32711,UTA
59210,Rodney Hood,8.58066,4.13446,UTA
59210,Trey Burke,19.33222,17.97308,UTA
59220,Ball,5.95232,15.90888,Ball
59220,Dirk Nowitzki,8.85718,37.30356,DAL
59220,Deron Williams,32.43376,12.74733,DAL
59220,Jose Juan Barea,3.5032300000000003,9.48393,DAL
59220,Zaza Pachulia,7.07829,19.31572,DAL
59220,Wesley Matthews,8.87489,1.45498,DAL
59220,Trevor Booker,9.36137,29.73187,UTA
59220,Derrick Favors,6.78814,19.75289,UTA
59220,Alec Burks,4.57485,23.98004,UTA
59220,Rodney Hood,9.96339,1.34693,UTA
59220,Trey Burke,17.69779,17.53415,UTA
59230,Ball,5.12138,22.70658,Ball
59230,Dirk Nowitzki,6.82811,34.88177,DAL
59230,Deron Williams,33.7895,13.30971,DAL
59230,Jose Juan Barea,5.89738,8.4276,DAL
59230,Zaza Pachulia,6.77485,18.2358,DAL
59230,Wesley Matthews,9.24095,0.21094000000000002,DAL
59230,Trevor Booker,7.97936,30.6543,UTA
59230,Derrick Favors,6.64699,18.15735,UTA
59230,Alec Burks,3.82698,24.99211,UTA
59230,Rodney Hood,11.76891,0.35133000000000003,UTA
59230,Trey Burke,16.22991,17.90146,UTA
59240,Ball,7.28861,24.66143,Ball
59240,Dirk Nowitzki,6.5866,33.76562,DAL
59240,Deron Williams,35.41385,14.44448,DAL
59240,Jose Juan Barea,8.63002,7.94933,DAL
59240,Zaza Pachulia,6.29579,14.75087,DAL
59240,Wesley Matthews,10.13771,-0.5647800000000001,DAL
59240,Trevor Booker,6.86659,31.00805,UTA
59240,Derrick Favors,6.41909,17.6072,UTA
59240,Alec Burks,3.43962,25.44586,UTA
59240,Rodney Hood,14.40424,0.40238,UTA
59240,Trey Burke,14.98487,18.9997,UTA
59250,Ball,10.77009,23.60346,Ball
59250,Dirk Nowitzki,8.9454,32.8528,DAL
59250,Deron Williams,37.49187,16.28174,DAL
59250,Jose Juan Barea,12.07885,9.01743,DAL
59250,Zaza Pachulia,6.61803,12.45495,DAL
59250,Wesley Matthews,12.19852,-0.39712000000000003,DAL
59250,Trevor Booker,7.61716,29.72825,UTA
59250,Derrick Favors,7.52386,18.01588,UTA
59250,Alec Burks,4.40406,25.33509,UTA
59250,Rodney Hood,18.20606,1.16775,UTA
59250,Trey Burke,13.80519,20.53893,UTA
59260,Ball,11.08483,24.34467,Ball
59260,Dirk Nowitzki,12.95294,31.90458,DAL
59260,Deron Williams,40.70825,18.63508,DAL
59260,Jose Juan Barea,16.61878,11.28846,DAL
59260,Zaza Pachulia,7.96825,12.61502,DAL
59260,Wesley Matthews,15.91857,0.53347,DAL
59260,Trevor Booker,11.33566,27.52432,UTA
59260,Derrick Favors,10.63905,19.31431,UTA
59260,Alec Burks,6.05822,25.22827,UTA
59260,Rodney Hood,23.34627,2.76615,UTA
59260,Trey Burke,12.46189,22.47064,UTA
59270,Ball,11.20406,28.14494,Ball
59270,Dirk Nowitzki,17.75066,30.99556,DAL
59270,Deron Williams,44.90854,20.9908,DAL
59270,Jose Juan Barea,21.8358,13.84329,DAL
59270,Zaza Pachulia,11.23575,13.62568,DAL
59270,Wesley Matthews,21.42707,1.81536,DAL
59270,Trevor Booker,16.92968,25.65452,UTA
59270,Derrick Favors,14.26026,20.38652,UTA
59270,Alec Burks,7.99208,25.15736,UTA
59270,Rodney Hood,30.01865,4.30396,UTA
59270,Trey Burke,11.26551,25.58154,UTA
59280,Ball,11.84712,31.43963,Ball
59280,Dirk Nowitzki,23.47191,30.18245,DAL
59280,Deron Williams,49.36643,23.52321,DAL
59280,Jose Juan Barea,27.57673,16.53482,DAL
59280,Zaza Pachulia,16.27284,14.961780000000001,DAL
59280,Wesley Matthews,28.07611,3.4053,DAL
59280,Trevor Booker,24.08533,24.20049,UTA
59280,Derrick Favors,18.99741,20.69781,UTA
59280,Alec Burks,11.02947,24.92866,UTA
59280,Rodney Hood,37.61888,5.05845,UTA
59280,Trey Burke,11.93677,29.73106,UTA
59290,Ball,17.83082,34.25839,Ball
59290,Dirk Nowitzki,29.83008,29.33879,DAL
59290,Deron Williams,53.41967,26.35354,DAL
59290,Jose Juan Barea,33.68202,19.22762,DAL
59290,Zaza Pachulia,22.23934,16.05,DAL
59290,Wesley Matthews,36.04237,5.01227,DAL
59290,Trevor Booker,32.20209,23.27747,UTA
59290,Derrick Favors,24.14991,20.70826,UTA
59290,Alec Burks,14.59499,23.87084,UTA
59290,Rodney Hood,45.72295,5.296,UTA
59290,Trey Burke,14.61782,33.54302,UTA
59300,Ball,21.39146,35.59161,Ball
59300,Dirk Nowitzki,36.68881,28.60421,DAL
59300,Deron Williams,56.86684,29.29979,DAL
59300,Jose Juan Barea,39.62454,21.59408,DAL
59300,Zaza Pachulia,28.94669,16.97691,DAL
59300,Wesley Matthews,44.81443,6.7606,DAL
59300,Trevor Booker,40.64854,23.06196,UTA
59300,Derrick Favors,29.3818,20.4916,UTA
59300,Alec Burks,18.81195,22.35512,UTA
59300,Rodney Hood,53.8786,5.64473,UTA
59300,Trey Burke,18.91464,36.30351,UTA
59310,Ball,26.89791,38.04032,Ball
59310,Dirk Nowitzki,44.03453,28.24193,DAL
59310,Deron Williams,60.24748,31.51768,DAL
59310,Jose Juan Barea,45.07682,23.69788,DAL
59310,Zaza Pachulia,35.75746,17.751,DAL
59310,Wesley Matthews,53.65466,8.86956,DAL
59310,Trevor Booker,49.24627,23.25699,UTA
59310,Derrick Favors,34.58961,20.267,UTA
59310,Alec Burks,23.46781,20.63594,UTA
59310,Rodney Hood,61.67722,6.99822,UTA
59310,Trey Burke,24.22339,38.29961,UTA
59320,Ball,30.96462,40.58384,Ball
59320,Dirk Nowitzki,51.39816,28.11321,DAL
59320,Deron Williams,63.33919,31.87853,DAL
59320,Jose Juan Barea,50.03441,25.97423,DAL
59320,Zaza Pachulia,42.6393,19.04768,DAL
59320,Wesley Matthews,62.08143,11.23625,DAL
59320,Trevor Booker,57.47357,23.90657,UTA
59320,Derrick Favors,39.52599,19.83677,UTA
59320,Alec Burks,28.34202,18.90938,UTA
59320,Rodney Hood,68.67576,9.47362,UTA
59320,Trey Burke,30.03776,39.79698,UTA
59330,Ball,36.74278,41.66278,Ball
59330,Dirk Nowitzki,58.6123,28.18747,DAL
59330,Deron Williams,65.75752,30.32497,DAL
59330,Jose Juan Barea,54.2233,28.39975,DAL
59330,Zaza Pachulia,49.45141,20.45975,DAL
59330,Wesley Matthews,69.60948,13.39271,DAL
59330,Trevor Booker,65.16493,24.76858,UTA
59330,Derrick Favors,44.08708,19.48962,UTA
59330,Alec Burks,33.17384,17.01939,UTA
59330,Rodney Hood,74.68589,12.90226,UTA
59330,Trey Burke,35.79644,40.49086,UTA
59340,Ball,42.10714,41.77367,Ball
59340,Dirk Nowitzki,64.99667,28.28686,DAL
59340,Deron Williams,67.95548,27.80526,DAL
59340,Jose Juan Barea,57.82389,30.87294,DAL
59340,Zaza Pachulia,55.67258,21.46698,DAL
59340,Wesley Matthews,76.03817,15.8493,DAL
59340,Trevor Booker,72.14497,25.86795,UTA
59340,Derrick Favors,48.67543,19.06533,UTA
59340,Alec Burks,38.19652,15.16749,UTA
59340,Rodney Hood,79.76824,16.7081,UTA
59340,Trey Burke,41.18787,40.58149,UTA
59350,Ball,48.08416,40.90383,Ball
59350,Dirk Nowitzki,70.55717,28.43944,DAL
59350,Deron Williams,70.05304,25.02218,DAL
59350,Jose Juan Barea,60.74095,33.08234,DAL
59350,Zaza Pachulia,61.16803,22.13457,DAL
59350,Wesley Matthews,80.88298,19.00547,DAL
59350,Trevor Booker,78.09038,27.01739,UTA
59350,Derrick Favors,53.15097,18.71941,UTA
59350,Alec Burks,43.14413,13.47976,UTA
59350,Rodney Hood,83.80993,20.95188,UTA
59350,Trey Burke,46.40779,40.35396,UTA
59360,Ball,52.0326,40.72038,Ball
59360,Dirk Nowitzki,75.50352,28.90525,DAL
59360,Deron Williams,71.19847,21.91979,DAL
59360,Jose Juan Barea,62.96974,34.23048,DAL
59360,Zaza Pachulia,65.62247,22.95512,DAL
59360,Wesley Matthews,84.50183,22.86519,DAL
59360,Trevor Booker,83.06547,27.97302,UTA
59360,Derrick Favors,57.63901,18.33709,UTA
59360,Alec Burks,48.12163,12.07741,UTA
59360,Rodney Hood,86.73947,25.23378,UTA
59360,Trey Burke,51.06456,39.88453,UTA
59370,Ball,56.4465,39.60063,Ball
59370,Dirk Nowitzki,79.50595,29.57054,DAL
59370,Deron Williams,71.39616,19.05287,DAL
59370,Jose Juan Barea,64.6155,34.84259,DAL
59370,Zaza Pachulia,69.42572,23.4384,DAL
59370,Wesley Matthews,87.44343,26.51641,DAL
59370,Trevor Booker,86.94478,29.27825,UTA
59370,Derrick Favors,61.87687,17.6346,UTA
59370,Alec Burks,52.69558,11.0633,UTA
59370,Rodney Hood,89.0372,29.62889,UTA
59370,Trey Burke,54.75712,39.07145,UTA
59380,Ball,59.47784,39.38404,Ball
59380,Dirk Nowitzki,82.58208,30.17397,DAL
59380,Deron Williams,70.96025,16.63165,DAL
59380,Jose Juan Barea,65.82959,34.93312,DAL
59380,Zaza Pachulia,72.33443,23.12056,DAL
59380,Wesley Matthews,89.1938,29.45396,DAL
59380,Trevor Booker,89.27285,31.22575,UTA
59380,Derrick Favors,65.86893,16.80166,UTA
59380,Alec Burks,56.84598,10.26417,UTA
59380,Rodney Hood,89.92556,33.04523,UTA
59380,Trey Burke,57.76914,38.41799,UTA
59390,Ball,61.38668,38.25964,Ball
59390,Dirk Nowitzki,84.80864,29.9007,DAL
59390,Deron Williams,70.37398,14.90058,DAL
59390,Jose Juan Barea,66.67392,34.92556,DAL
59390,Zaza Pachulia,74.83041,22.41166,DAL
59390,Wesley Matthews,89.34193,31.35327,DAL
59390,Trevor Booker,90.46257,32.92826,UTA
59390,Derrick Favors,69.25858,16.36886,UTA
59390,Alec Burks,60.53093,9.27921,UTA
59390,Rodney Hood,89.76694,35.0732,UTA
59390,Trey Burke,59.75147,38.11715,UTA
59400,Ball,61.55609,38.03894,Ball
59400,Dirk Nowitzki,85.84174,29.24477,DAL
59400,Deron Williams,70.42138,14.03442,DAL
59400,Jose Juan Barea,67.16588,34.71317,DAL
59400,Zaza Pachulia,76.80304,21.49989,DAL
59400,Wesley Matthews,88.66841,32.93243,DAL
59400,Trevor Booker,89.63838,34.39299,UTA
59400,Derrick Favors,72.54591,16.11321,UTA
59400,Alec Burks,63.6897,8.64577,UTA
59400,Rodney Hood,89.28384,36.50892,UTA
59400,Trey Burke,60.36582,37.58093,UTA
59410,Ball,61.84684,38.20569,Ball
59410,Dirk Nowitzki,86.48726,28.75119,DAL
59410,Deron Williams,71.1332,13.52884,DAL
59410,Jose Juan Barea,67.14117,34.2535,DAL
59410,Zaza Pachulia,78.28597,20.8524,DAL
59410,Wesley Matthews,87.89787,33.82227,DAL
59410,Trevor Booker,86.69741,34.95269,UTA
59410,Derrick Favors,75.265,15.93792,UTA
59410,Alec Burks,66.05396,7.8285800000000005,UTA
59410,Rodney Hood,88.45063,37.40444,UTA
59410,Trey Burke,60.71977,37.53846,UTA
59420,Ball,62.06985,38.13689,Ball
59420,Dirk Nowitzki,86.59784,28.78314,DAL
59420,Deron Williams,71.81418,13.84991,DAL
59420,Jose Juan Barea,66.85778,33.73934,DAL
59420,Zaza Pachulia,79.3275,20.54476,DAL
59420,Wesley Matthews,87.39493,34.39224,DAL
59420,Trevor Booker,82.20832,34.41536,UTA
59420,Derrick Favors,78.09662,15.98098,UTA
59420,Alec Burks,67.14377,7.69975,UTA
59420,Rodney Hood,87.40782,37.7385,UTA
59420,Trey Burke,60.85719,37.46884,UTA
59430,Ball,62.00687,37.777,Ball
59430,Dirk Nowitzki,85.60738,28.42623,DAL
59430,Deron Williams,72.34464,14.60486,DAL
59430,Jose Juan Barea,66.84046,33.75536,DAL
59430,Zaza Pachulia,80.54146,19.73438,DAL
59430,Wesley Matthews,87.32685,34.95266,DAL
59430,Trevor Booker,77.15863,32.61794,UTA
59430,Derrick Favors,80.35167,16.06707,UTA
59430,Alec Burks,67.21054,8.28543,UTA
59430,Rodney Hood,86.44914,37.84354,UTA
59430,Trey Burke,60.8636,37.43099,UTA
59440,Ball,61.53774,36.93225,Ball
59440,Dirk Nowitzki,83.86875,28.17999,DAL
59440,Deron Williams,72.51886,15.2209,DAL
59440,Jose Juan Barea,66.78112,33.67533,DAL
59440,Zaza Pachulia,81.56491,19.36974,DAL
59440,Wesley Matthews,86.87487,35.23091,DAL
59440,Trevor Booker,72.29807,30.22767,UTA
59440,Derrick Favors,82.1472,15.433440000000001,UTA
59440,Alec Burks,66.56417,8.82967,UTA
59440,Rodney Hood,85.57379,37.48326,UTA
59440,Trey Burke,60.7579,37.40718,UTA
59450,Ball,60.68282,36.53048,Ball
59450,Dirk Nowitzki,81.47629,27.96138,DAL
59450,Deron Williams,72.19644,15.52289,DAL
59450,Jose Juan Barea,66.84425,33.72942,DAL
59450,Zaza Pachulia,82.63369,18.82642,DAL
59450,Wesley Matthews,86.24571,35.27387,DAL
59450,Trevor Booker,67.98954,28.05116,UTA
59450,Derrick Favors,83.75178,14.60607,UTA
59450,Alec Burks,65.959,9.25989,UTA
59450,Rodney Hood,84.70009,36.70225,UTA
59450,Trey Burke,60.625,37.12503,UTA
59460,Ball,63.83002,27.97811,Ball
59460,Dirk Nowitzki,78.76195,27.1052,DAL
59460,Deron Williams,71.68447,15.06576,DAL
59460,Jose Juan Barea,66.89569,33.64464,DAL
59460,Zaza Pachulia,83.5609,18.33033,DAL
59460,Wesley Matthews,86.00985,34.93537,DAL
59460,Trevor Booker,64.47137,26.2842,UTA
59460,Derrick Favors,84.80475,14.1849,UTA
59460,Alec Burks,64.86225,9.36834,UTA
59460,Rodney Hood,83.78519,35.25264,UTA
59460,Trey Burke,60.51171,37.04801,UTA
59470,Ball,60.97517,24.48425,Ball
59470,Dirk Nowitzki,76.35729,26.00075,DAL
59470,Deron Williams,70.47681,14.15284,DAL
59470,Jose Juan Barea,67.05272,33.58275,DAL
59470,Zaza Pachulia,84.16377,18.21872,DAL
59470,Wesley Matthews,85.69727,33.58518,DAL
59470,Trevor Booker,62.01659,24.79792,UTA
59470,Derrick Favors,85.53619,14.13701,UTA
59470,Alec Burks,63.41839,8.85886,UTA
59470,Rodney Hood,83.14586,33.62296,UTA
59470,Trey Burke,60.4739,37.31527,UTA
59480,Ball,60.37917,18.91158,Ball
59480,Dirk Nowitzki,74.19108,24.98142,DAL
59480,Deron Williams,68.80372,13.70287,DAL
59480,Jose Juan Barea,67.05577,33.43576,DAL
59480,Zaza Pachulia,84.58521,17.96093,DAL
59480,Wesley Matthews,84.74077,32.21606,DAL
59480,Trevor Booker,61.23262,23.58429,UTA
59480,Derrick Favors,85.95493,14.11678,UTA
59480,Alec Burks,62.87,8.11826,UTA
59480,Rodney Hood,82.52779,31.99206,UTA
59480,Trey Burke,61.08299,37.43102,UTA
59490,Ball,61.01431,8.3874,Ball
59490,Dirk Nowitzki,72.74401,24.04345,DAL
59490,Deron Williams,68.67471,12.68905,DAL
59490,Jose Juan Barea,67.42827,33.57161,DAL
59490,Zaza Pachulia,84.84448,17.04482,DAL
59490,Wesley Matthews,84.04058,30.60333,DAL
59490,Trevor Booker,61.51023,22.16375,UTA
59490,Derrick Favors,85.88438,14.11357,UTA
59490,Alec Burks,63.9189,7.42265,UTA
59490,Rodney Hood,81.72964,30.21211,UTA
59490,Trey Burke,61.40706,37.63471,UTA
59500,Ball,65.87646,6.50581,Ball
59500,Dirk Nowitzki,72.58863,22.85692,DAL
59500,Deron Williams,70.26287,11.98194,DAL
59500,Jose Juan Barea,67.79743,32.91101,DAL
59500,Zaza Pachulia,84.49848,15.79209,DAL
59500,Wesley Matthews,83.37879,28.88741,DAL
59500,Trevor Booker,62.4233,20.85431,UTA
59500,Derrick Favors,85.68256,14.01825,UTA
59500,Alec Burks,65.21905,6.78644,UTA
59500,Rodney Hood,80.6753,28.30087,UTA
59500,Trey Burke,61.48444,37.29681,UTA
59510,Ball,66.76756,5.99651,Ball
59510,Dirk Nowitzki,73.29509,21.65979,DAL
59510,Deron Williams,71.76024,11.732,DAL
59510,Jose Juan Barea,68.09962,31.62694,DAL
59510,Zaza Pachulia,84.62599,15.53606,DAL
59510,Wesley Matthews,82.58229,27.39293,DAL
59510,Trevor Booker,64.33381,21.60671,UTA
59510,Derrick Favors,85.61543,13.68561,UTA
59510,Alec Burks,65.88968,6.37607,UTA
59510,Rodney Hood,79.13949,26.31482,UTA
59510,Trey Burke,61.74563,36.55,UTA
59520,Ball,65.73229,7.42491,Ball
59520,Dirk Nowitzki,75.21738,21.07993,DAL
59520,Deron Williams,72.04735,11.921710000000001,DAL
59520,Jose Juan Barea,68.17673,30.00128,DAL
59520,Zaza Pachulia,84.83791,15.71858,DAL
59520,Wesley Matthews,82.11855,26.7145,DAL
59520,Trevor Booker,67.62497,24.19831,UTA
59520,Derrick Favors,85.21461,13.15472,UTA
59520,Alec Burks,65.69776,6.60967,UTA
59520,Rodney Hood,77.81853,24.08036,UTA
59520,Trey Burke,61.92837,35.80038,UTA
59530,Ball,65.25941,7.84756,Ball
59530,Dirk Nowitzki,77.58485,20.78017,DAL
59530,Deron Williams,71.52068,12.0429,DAL
59530,Jose Juan Barea,68.14368,28.7547,DAL
59530,Zaza Pachulia,84.92547,15.73688,DAL
59530,Wesley Matthews,81.73721,27.69877,DAL
59530,Trevor Booker,72.07092,27.39098,UTA
59530,Derrick Favors,84.30307,13.08807,UTA
59530,Alec Burks,65.51671,6.7821,UTA
59530,Rodney Hood,77.86066,22.5002,UTA
59530,Trey Burke,62.38396,35.59782,UTA
59540,Ball,65.24889,7.69248,Ball
59540,Dirk Nowitzki,79.72972,20.66457,DAL
59540,Deron Williams,71.16522,12.01918,DAL
59540,Jose Juan Barea,68.14918,28.0858,DAL
59540,Zaza Pachulia,84.88222,15.78131,DAL
59540,Wesley Matthews,81.05329,28.6726,DAL
59540,Trevor Booker,77.1166,29.90329,UTA
59540,Derrick Favors,83.1591,13.61809,UTA
59540,Alec Burks,65.56109000000001,6.6365300000000005,UTA
59540,Rodney Hood,77.57188,22.15079,UTA
59540,Trey Burke,62.59862,35.3878,UTA
59550,Ball,65.67815,7.9823900000000005,Ball
59550,Dirk Nowitzki,82.36115,22.32276,DAL
59550,Deron Williams,70.92269,11.99281,DAL
59550,Jose Juan Barea,68.34233,27.7321,DAL
59550,Zaza Pachulia,84.76182,16.05863,DAL
59550,Wesley Matthews,80.43297,27.87005,DAL
59550,Trevor Booker,81.36531,31.57781,UTA
59550,Derrick Favors,82.3867,13.91529,UTA
59550,Alec Burks,65.64306,6.7455300000000005,UTA
59550,Rodney Hood,77.1663,19.78923,UTA
59550,Trey Burke,62.56721,35.20941,UTA
59560,Ball,66.97537,6.5258400000000005,Ball
59560,Dirk Nowitzki,84.65883,24.55016,DAL
59560,Deron Williams,70.97918,11.9561,DAL
59560,Jose Juan Barea,68.74035,27.72252,DAL
59560,Zaza Pachulia,84.61375,15.22607,DAL
59560,Wesley Matthews,79.46239,24.07607,DAL
59560,Trevor Booker,84.99657,32.86033,UTA
59560,Derrick Favors,82.22027,14.06571,UTA
59560,Alec Burks,65.99671,6.55944,UTA
59560,Rodney Hood,77.83497,15.79846,UTA
59560,Trey Burke,62.56704,35.22106,UTA
59570,Ball,67.44394,5.67848,Ball
59570,Dirk Nowitzki,86.4008,26.31193,DAL
59570,Deron Williams,71.46567,11.84321,DAL
59570,Jose Juan Barea,69.33992,27.59769,DAL
59570,Zaza Pachulia,84.86231,12.969850000000001,DAL
59570,Wesley Matthews,78.70671,18.68518,DAL
59570,Trevor Booker,87.03307,33.72563,UTA
59570,Derrick Favors,81.56881,13.85134,UTA
59570,Alec Burks,66.25846,6.58111,UTA
59570,Rodney Hood,79.77846,11.76626,UTA
59570,Trey Burke,62.98058,35.41068,UTA
59580,Ball,76.39428,5.78321,Ball
59580,Dirk Nowitzki,87.75863,27.88699,DAL
59580,Deron Williams,72.10992,12.36406,DAL
59580,Jose Juan Barea,69.88375,27.50001,DAL
59580,Zaza Pachulia,84.27349,12.12521,DAL
59580,Wesley Matthews,78.26393,13.10897,DAL
59580,Trevor Booker,87.13306,33.96136,UTA
59580,Derrick Favors,81.24096,13.52086,UTA
59580,Alec Burks,66.5354,6.5963,UTA
59580,Rodney Hood,82.41316,8.33587,UTA
59580,Trey Burke,63.71899,35.55471,UTA
59590,Ball,83.91726,5.31587,Ball
59590,Dirk Nowitzki,88.48157,28.76944,DAL
59590,Deron Williams,72.95842,13.07775,DAL
59590,Jose Juan Barea,70.36995,27.55292,DAL
59590,Zaza Pachulia,84.4768,12.44697,DAL
59590,Wesley Matthews,79.80813,8.62864,DAL
59590,Trevor Booker,86.01248,34.24179,UTA
59590,Derrick Favors,82.1421,15.18554,UTA
59590,Alec Burks,66.24621,7.15296,UTA
59590,Rodney Hood,84.87238,6.05621,UTA
59590,Trey Burke,64.74318,35.62632,UTA
59600,Ball,87.93955,6.5458300000000005,Ball
59600,Dirk Nowitzki,88.19758,28.95537,DAL
59600,Deron Williams,73.39264,13.92426,DAL
59600,Jose Juan Barea,70.97518,27.72699,DAL
59600,Zaza Pachulia,86.24572,12.9595,DAL
59600,Wesley Matthews,83.42351,7.40142,DAL
59600,Trevor Booker,83.7111,34.03324,UTA
59600,Derrick Favors,83.56007,17.60394,UTA
59600,Alec Burks,66.00374,7.87836,UTA
59600,Rodney Hood,86.70934,5.3516,UTA
59600,Trey Burke,67.39636,37.15322,UTA
59610,Ball,85.93771,4.5293,Ball
59610,Dirk Nowitzki,87.73977,28.17209,DAL
59610,Deron Williams,73.93903,14.74238,DAL
59610,Jose Juan Barea,71.88325,27.85487,DAL
59610,Zaza Pachulia,87.41636,14.52473,DAL
59610,Wesley Matthews,86.13203,7.77756,DAL
59610,Trevor Booker,81.76587,34.11617,UTA
59610,Derrick Favors,84.0412,18.9818,UTA
59610,Alec Burks,65.87601,8.82412,UTA
59610,Rodney Hood,86.98002,5.24011,UTA
59610,Trey Burke,71.43608,39.97478,UTA
59620,Ball,85.04024,4.16912,Ball
59620,Dirk Nowitzki,86.43826,27.36988,DAL
59620,Deron Williams,74.10364,15.08267,DAL
59620,Jose Juan Barea,72.89069,27.74883,DAL
59620,Zaza Pachulia,87.2473,16.73875,DAL
59620,Wesley Matthews,86.52858,7.62534,DAL
59620,Trevor Booker,80.21635,34.19293,UTA
59620,Derrick Favors,82.30947,19.22346,UTA
59620,Alec Burks,65.20265,9.964220000000001,UTA
59620,Rodney Hood,85.91963,4.74856,UTA
59620,Trey Burke,75.91019,42.72383,UTA
59630,Ball,82.1395,4.01939,Ball
59630,Dirk Nowitzki,84.82794,27.22319,DAL
59630,Deron Williams,73.9142,15.13189,DAL
59630,Jose Juan Barea,74.90404,27.89667,DAL
59630,Zaza Pachulia,86.61188,19.15612,DAL
59630,Wesley Matthews,85.009,8.1312,DAL
59630,Trevor Booker,79.78717,33.77832,UTA
59630,Derrick Favors,80.2542,17.8499,UTA
59630,Alec Burks,63.86323,11.16487,UTA
59630,Rodney Hood,83.51321,4.89281,UTA
59630,Trey Burke,80.10748,44.80717,UTA
59640,Ball,79.19398,5.76958,Ball
59640,Dirk Nowitzki,83.62266,27.44706,DAL
59640,Deron Williams,72.75049,14.95584,DAL
59640,Jose Juan Barea,78.40894,29.48574,DAL
59640,Zaza Pachulia,85.59823,20.36534,DAL
59640,Wesley Matthews,82.54689,9.03751,DAL
59640,Trevor Booker,80.00276,33.419200000000004,UTA
59640,Derrick Favors,78.939,16.20144,UTA
59640,Alec Burks,62.4443,12.81654,UTA
59640,Rodney Hood,80.61739,5.58255,UTA
59640,Trey Burke,83.90791,46.09179,UTA
59650,Ball,70.67885,12.25522,Ball
59650,Dirk Nowitzki,82.9375,27.7094,DAL
59650,Deron Williams,70.28737,15.29587,DAL
59650,Jose Juan Barea,82.28053,32.0048,DAL
59650,Zaza Pachulia,84.05025,20.3265,DAL
59650,Wesley Matthews,80.58206,9.52813,DAL
59650,Trevor Booker,79.8877,33.23853,UTA
59650,Derrick Favors,78.27427,14.48932,UTA
59650,Alec Burks,60.9268,15.03848,UTA
59650,Rodney Hood,77.58212,6.18066,UTA
59650,Trey Burke,85.54022,46.77454,UTA
59660,Ball,60.6478,19.28553,Ball
59660,Dirk Nowitzki,82.30629,27.91125,DAL
59660,Deron Williams,68.44166,17.39076,DAL
59660,Jose Juan Barea,84.71604,35.17573,DAL
59660,Zaza Pachulia,82.80816,19.40193,DAL
59660,Wesley Matthews,79.32027,9.90602,DAL
59660,Trevor Booker,78.06446,32.85798,UTA
59660,Derrick Favors,78.24177,13.02152,UTA
59660,Alec Burks,59.83725,18.59643,UTA
59660,Rodney Hood,74.60342,5.95599,UTA
59660,Trey Burke,84.66075,47.18555,UTA
59670,Ball,58.08947,24.42843,Ball
59670,Dirk Nowitzki,80.95507,28.76537,DAL
59670,Deron Williams,67.87311,20.44358,DAL
59670,Jose Juan Barea,84.37268,38.18144,DAL
59670,Zaza Pachulia,82.48573,18.78127,DAL
59670,Wesley Matthews,78.12225,10.52706,DAL
59670,Trevor Booker,74.80254,32.18428,UTA
59670,Derrick Favors,79.20736,11.7447,UTA
59670,Alec Burks,59.27338,22.7799,UTA
59670,Rodney Hood,72.26447,5.30941,UTA
59670,Trey Burke,83.26595,47.27187,UTA
59680,Ball,59.65082,26.71484,Ball
59680,Dirk Nowitzki,78.42483,29.64315,DAL
59680,Deron Williams,68.02028,23.62434,DAL
59680,Jose Juan Barea,82.73541,39.7771,DAL
59680,Zaza Pachulia,82.65534,19.21145,DAL
59680,Wesley Matthews,76.90039,11.5635,DAL
59680,Trevor Booker,71.74112,31.12965,UTA
59680,Derrick Favors,80.66657000000001,10.96562,UTA
59680,Alec Burks,59.526,25.94266,UTA
59680,Rodney Hood,70.1159,5.00498,UTA
59680,Trey Burke,82.58049,47.36185,UTA
59690,Ball,60.90358,28.87127,Ball
59690,Dirk Nowitzki,75.93709,30.4313,DAL
59690,Deron Williams,68.45631,26.17822,DAL
59690,Jose Juan Barea,82.14742,40.85904,DAL
59690,Zaza Pachulia,83.31583,18.97844,DAL
59690,Wesley Matthews,75.75072,12.94629,DAL
59690,Trevor Booker,70.11301,29.51871,UTA
59690,Derrick Favors,82.55019,10.9024,UTA
59690,Alec Burks,60.73712,28.37991,UTA
59690,Rodney Hood,68.29364,5.24161,UTA
59690,Trey Burke,82.55739,47.73093,UTA
59700,Ball,64.44658,32.59445,Ball
59700,Dirk Nowitzki,74.56213,31.38206,DAL
59700,Deron Williams,68.8229,27.71463,DAL
59700,Jose Juan Barea,82.66846,41.00884,DAL
59700,Zaza Pachulia,84.04432,19.23294,DAL
59700,Wesley Matthews,75.33476,14.38555,DAL
59700,Trevor Booker,70.28037,28.77924,UTA
59700,Derrick Favors,84.75424,11.948550000000001,UTA
59700,Alec Burks,63.03161,31.02402,UTA
59700,Rodney Hood,67.08916,5.6683,UTA
59700,Trey Burke,83.22181,47.87934,UTA
59710,Ball,66.05011,34.85784,Ball
59710,Dirk Nowitzki,75.27793,31.91589,DAL
59710,Deron Williams,68.76254,29.15321,DAL
59710,Jose Juan Barea,83.40122,40.93739,DAL
59710,Zaza Pachulia,84.75625,20.02532,DAL
59710,Wesley Matthews,75.33095,15.86996,DAL
59710,Trevor Booker,70.71979,28.37773,UTA
59710,Derrick Favors,87.1155,15.1475,UTA
59710,Alec Burks,65.26733,33.88374,UTA
59710,Rodney Hood,67.10861,5.65297,UTA
59710,Trey Burke,84.13647,48.09142,UTA
59720,Ball,68.58095,36.06414,Ball
59720,Dirk Nowitzki,76.99259,32.01336,DAL
59720,Deron Williams,69.81313,31.34118,DAL
59720,Jose Juan Barea,83.93143,41.09958,DAL
59720,Zaza Pachulia,86.00216,21.18887,DAL
59720,Wesley Matthews,75.10567,16.70904,DAL
59720,Trevor Booker,72.31171,27.28402,UTA
59720,Derrick Favors,88.97957,18.58871,UTA
59720,Alec Burks,66.82606,35.2841,UTA
59720,Rodney Hood,67.11864,5.76654,UTA
59720,Trey Burke,84.24994,48.14175,UTA
59730,Ball,65.49812,33.44431,Ball
59730,Dirk Nowitzki,78.85277,31.6901,DAL
59730,Deron Williams,71.30799,32.43759,DAL
59730,Jose Juan Barea,84.09279,40.98692,DAL
59730,Zaza Pachulia,87.3107,22.546,DAL
59730,Wesley Matthews,74.72245,17.09684,DAL
59730,Trevor Booker,75.95391,25.5183,UTA
59730,Derrick Favors,89.81388,22.77336,UTA
59730,Alec Burks,66.4145,34.65292,UTA
59730,Rodney Hood,66.76563,6.31467,UTA
59730,Trey Burke,84.29419,48.36104,UTA
59740,Ball,65.45526,31.79948,Ball
59740,Dirk Nowitzki,79.97625,30.70662,DAL
59740,Deron Williams,72.11192,31.08301,DAL
59740,Jose Juan Barea,83.9625,41.16029,DAL
59740,Zaza Pachulia,87.69719,23.96853,DAL
59740,Wesley Matthews,74.02104,17.01058,DAL
59740,Trevor Booker,80.21657,23.02049,UTA
59740,Derrick Favors,89.90959,26.38615,UTA
59740,Alec Burks,66.32056,32.66867,UTA
59740,Rodney Hood,66.92903,6.58374,UTA
59740,Trey Burke,84.35046,48.27151,UTA
59750,Ball,68.97415,33.24036,Ball
59750,Dirk Nowitzki,81.26517,28.82583,DAL
59750,Deron Williams,72.61253,29.76539,DAL
59750,Jose Juan Barea,83.7143,40.93049,DAL
59750,Zaza Pachulia,87.93108,25.81446,DAL
59750,Wesley Matthews,74.08257,16.87639,DAL
59750,Trevor Booker,83.4644,20.3313,UTA
59750,Derrick Favors,89.50012,29.96199,UTA
59750,Alec Burks,67.93218,32.35729,UTA
59750,Rodney Hood,66.83524,6.84687,UTA
59750,Trey Burke,84.27744,48.03241,UTA
59760,Ball,71.27843,34.90206,Ball
59760,Dirk Nowitzki,82.63564,27.58412,DAL
59760,Deron Williams,73.94928,29.78798,DAL
59760,Jose Juan Barea,83.44411,40.50866,DAL
59760,Zaza Pachulia,87.7754,27.59632,DAL
59760,Wesley Matthews,74.30644,16.48504,DAL
59760,Trevor Booker,85.6943,18.50608,UTA
59760,Derrick Favors,88.75456,33.08093,UTA
59760,Alec Burks,70.57029,33.03788,UTA
59760,Rodney Hood,66.86589,6.8722900000000005,UTA
59760,Trey Burke,84.3121,48.00415,UTA
59770,Ball,72.77638,32.98311,Ball
59770,Dirk Nowitzki,83.63024,27.447400000000002,DAL
59770,Deron Williams,74.86759,30.34162,DAL
59770,Jose Juan Barea,83.30668,40.08636,DAL
59770,Zaza Pachulia,87.39461,29.84249,DAL
59770,Wesley Matthews,74.41395,16.35605,DAL
59770,Trevor Booker,87.05244,18.17888,UTA
59770,Derrick Favors,88.84556,36.17766,UTA
59770,Alec Burks,72.65077,33.14318,UTA
59770,Rodney Hood,66.94188,6.88807,UTA
59770,Trey Burke,84.30354,47.92838,UTA
59780,Ball,75.50742,32.03192,Ball
59780,Dirk Nowitzki,84.33524,26.677410000000002,DAL
59780,Deron Williams,74.30427,30.97114,DAL
59780,Jose Juan Barea,83.48454,39.31567,DAL
59780,Zaza Pachulia,87.37041,31.10551,DAL
59780,Wesley Matthews,75.13466,16.78202,DAL
59780,Trevor Booker,87.49717,19.30567,UTA
59780,Derrick Favors,89.37237,38.08077,UTA
59780,Alec Burks,73.20848,33.20605,UTA
59780,Rodney Hood,66.31481,7.24425,UTA
59780,Trey Burke,83.85852,47.7066,UTA
59790,Ball,81.89244,28.77617,Ball
59790,Dirk Nowitzki,85.37765,25.11193,DAL
59790,Deron Williams,73.46664,31.50386,DAL
59790,Jose Juan Barea,84.0482,38.22857,DAL
59790,Zaza Pachulia,87.86462,31.71918,DAL
59790,Wesley Matthews,77.05784,18.12143,DAL
59790,Trevor Booker,86.88372,20.606090000000002,UTA
59790,Derrick Favors,89.51496,39.1005,UTA
59790,Alec Burks,73.02625,33.40314,UTA
59790,Rodney Hood,65.2999,8.14262,UTA
59790,Trey Burke,83.03575,47.06348,UTA
59800,Ball,88.17897,25.56343,Ball
59800,Dirk Nowitzki,86.13788,24.21097,DAL
59800,Deron Williams,73.2082,31.02186,DAL
59800,Jose Juan Barea,84.10602,36.52434,DAL
59800,Zaza Pachulia,88.44162,31.72854,DAL
59800,Wesley Matthews,79.2954,19.65831,DAL
59800,Trevor Booker,86.66404,21.73607,UTA
59800,Derrick Favors,89.05842,38.82893,UTA
59800,Alec Burks,71.08572,34.37972,UTA
59800,Rodney Hood,64.20809,9.35958,UTA
59800,Trey Burke,81.53097,45.44619,UTA
