17600,Ball,54.61597,22.92374,Ball
17600,Tyson Chandler,83.85865,35.75318,PHX
17600,Mirza Teletovic,88.61613,1.20427,PHX
17600,TJ Warren,87.75453,44.65308,PHX
17600,Archie Goodwin,52.57294,22.48061,PHX
17600,Devin Booker,81.7229,17.77123,PHX
17600,Thabo Sefolosha,87.54261,35.10526,ATL
17600,Mike Scott,85.27021,9.55522,ATL
17600,Kent Bazemore,78.85001,17.81122,ATL
17600,Dennis Schroder,65.27124,24.99019,ATL
17600,Walter Tavares,83.37159,31.35835,ATL
17610,Ball,54.04364,22.75739,Ball
17610,Tyson Chandler,83.89111,35.59157,PHX
17610,Mirza Teletovic,88.60345,1.18262,PHX
17610,TJ Warren,85.99643,45.7606,PHX
17610,Archie Goodwin,53.00185,22.0881,PHX
17610,Devin Booker,81.76063,22.0682,PHX
17610,Thabo Sefolosha,86.55817,34.28795,ATL
17610,Mike Scott,86.04647,9.80502,ATL
17610,Kent Bazemore,79.28363,20.2291,ATL
17610,Dennis Schroder,64.85322,25.12171,ATL
17610,Walter Tavares,83.34649,31.08476,ATL
17620,Ball,53.90945,22.89109,Ball
17620,Tyson Chandler,83.99975,35.50062,PHX
17620,Mirza Teletovic,88.64585,1.20881,PHX
17620,TJ Warren,84.11099,46.75203,PHX
17620,Archie Goodwin,53.42955,21.82723,PHX
17620,Devin Booker,81.10914,26.22732,PHX
17620,Thabo Sefolosha,85.18663,34.18887,ATL
17620,Mike Scott,86.81092,10.27146,ATL
17620,Kent Bazemore,79.51619,22.55569,ATL
17620,Dennis Schroder,64.61883,24.9727,ATL
17620,Walter Tavares,83.3711,30.96999,ATL
17630,Ball,55.49518,22.20909,Ball
17630,Tyson Chandler,83.9655,35.47568,PHX
17630,Mirza Teletovic,88.66321,1.18171,PHX
17630,TJ Warren,82.31742,47.32072,PHX
17630,Archie Goodwin,54.24539,21.42589,PHX
17630,Devin Booker,80.02431,30.27972,PHX
17630,Thabo Sefolosha,83.95389,33.41622,ATL
17630,Mike Scott,87.39837,10.43224,ATL
17630,Kent Bazemore,79.43859,24.89792,ATL
17630,Dennis Schroder,64.29928,24.72066,ATL
17630,Walter Tavares,83.17125,30.81458,ATL
17640,Ball,56.19062,20.06402,Ball
17640,Tyson Chandler,83.74309,35.28716,PHX
17640,Mirza Teletovic,88.68083,1.13514,PHX
17640,TJ Warren,81.47144,47.62301,PHX
17640,Archie Goodwin,55.06227,20.65299,PHX
17640,Devin Booker,78.77811,33.99384,PHX
17640,Thabo Sefolosha,83.05002,33.51354,ATL
17640,Mike Scott,87.75419,10.10982,ATL
17640,Kent Bazemore,78.89983,27.39198,ATL
17640,Dennis Schroder,63.85106,24.84477,ATL
17640,Walter Tavares,83.13305,30.6464,ATL
17650,Ball,56.66296,18.83403,Ball
17650,Tyson Chandler,83.14505,34.53936,PHX
17650,Mirza Teletovic,88.69023,1.12687,PHX
17650,TJ Warren,81.95002,47.68105,PHX
17650,Archie Goodwin,56.20345,20.05279,PHX
17650,Devin Booker,77.39764,37.24067,PHX
17650,Thabo Sefolosha,82.07797,33.75841,ATL
17650,Mike Scott,88.0725,9.85698,ATL
17650,Kent Bazemore,78.28507,29.97312,ATL
17650,Dennis Schroder,64.06542,24.06017,ATL
17650,Walter Tavares,83.44535,30.61578,ATL
17660,Ball,58.32555,18.84998,Ball
17660,Tyson Chandler,82.27027,33.4393,PHX
17660,Mirza Teletovic,88.67757,1.12275,PHX
17660,TJ Warren,83.06204,47.84103,PHX
17660,Archie Goodwin,57.51189,19.85033,PHX
17660,Devin Booker,75.8693,39.49473,PHX
17660,Thabo Sefolosha,80.80864,33.78895,ATL
17660,Mike Scott,88.20595,10.04791,ATL
17660,Kent Bazemore,77.60462,32.02818,ATL
17660,Dennis Schroder,64.77848,22.80104,ATL
17660,Walter Tavares,83.01861,30.26806,ATL
17670,Ball,59.11219,18.4458,Ball
17670,Tyson Chandler,79.70993,31.57234,PHX
17670,Mirza Teletovic,88.65905,1.13141,PHX
17670,TJ Warren,84.39622,48.12132,PHX
17670,Archie Goodwin,58.63587,19.52114,PHX
17670,Devin Booker,74.18792,41.24521,PHX
17670,Thabo Sefolosha,80.00416,34.61827,ATL
17670,Mike Scott,88.22659,10.53918,ATL
17670,Kent Bazemore,76.69897,33.60415,ATL
17670,Dennis Schroder,65.572,21.77308,ATL
17670,Walter Tavares,81.72636,29.10252,ATL
17680,Ball,59.84311,18.17179,Ball
17680,Tyson Chandler,75.59356,28.8496,PHX
17680,Mirza Teletovic,88.67305,1.15762,PHX
17680,TJ Warren,85.80004,48.09573,PHX
17680,Archie Goodwin,59.72208,19.07454,PHX
17680,Devin Booker,72.65506,42.36172,PHX
17680,Thabo Sefolosha,80.63336,35.45672,ATL
17680,Mike Scott,87.97216,11.052,ATL
17680,Kent Bazemore,75.72953,34.18413,ATL
17680,Dennis Schroder,66.05984,21.2012,ATL
17680,Walter Tavares,79.85493,27.83198,ATL
17690,Ball,61.54903,19.77041,Ball
17690,Tyson Chandler,71.19386,25.98143,PHX
17690,Mirza Teletovic,88.44351,1.17164,PHX
17690,TJ Warren,86.89558,48.07814,PHX
17690,Archie Goodwin,60.8668,19.24319,PHX
17690,Devin Booker,71.30856,43.47991,PHX
17690,Thabo Sefolosha,81.77549,35.27065,ATL
17690,Mike Scott,87.66572,11.72532,ATL
17690,Kent Bazemore,74.75202,34.19785,ATL
17690,Dennis Schroder,65.91085,21.37881,ATL
17690,Walter Tavares,77.31853,25.97544,ATL
17700,Ball,63.10144,16.98036,Ball
17700,Tyson Chandler,68.06915,23.11967,PHX
17700,Mirza Teletovic,87.8262,1.14748,PHX
17700,TJ Warren,87.39732,48.19581,PHX
17700,Archie Goodwin,62.86242,18.62639,PHX
17700,Devin Booker,70.67817,44.79902,PHX
17700,Thabo Sefolosha,82.77773,35.42877,ATL
17700,Mike Scott,87.74557,12.31027,ATL
17700,Kent Bazemore,73.95379,33.74653,ATL
17700,Dennis Schroder,66.00953,21.51499,ATL
17700,Walter Tavares,76.20395,22.871950000000002,ATL
17710,Ball,66.20516,15.51041,Ball
17710,Tyson Chandler,67.28233,20.99219,PHX
17710,Mirza Teletovic,86.99209,1.1638600000000001,PHX
17710,TJ Warren,87.33221,48.44257,PHX
17710,Archie Goodwin,66.54232,17.19522,PHX
17710,Devin Booker,70.37519,45.52257,PHX
17710,Thabo Sefolosha,83.58357,35.16421,ATL
17710,Mike Scott,87.83679,12.38061,ATL
17710,Kent Bazemore,73.94499,33.20507,ATL
17710,Dennis Schroder,66.69384,19.93316,ATL
17710,Walter Tavares,75.69205,20.37126,ATL
17720,Ball,72.29,14.76266,Ball
17720,Tyson Chandler,67.74919,19.97098,PHX
17720,Mirza Teletovic,85.48272,1.23317,PHX
17720,TJ Warren,87.24858,48.60075,PHX
17720,Archie Goodwin,70.85055,16.01003,PHX
17720,Devin Booker,70.10669,45.43558,PHX
17720,Thabo Sefolosha,84.35107,34.44552,ATL
17720,Mike Scott,87.86822,11.21338,ATL
17720,Kent Bazemore,74.8931,32.62466,ATL
17720,Dennis Schroder,66.88832,18.95171,ATL
17720,Walter Tavares,76.29639,19.8293,ATL
17730,Ball,74.51581,12.894120000000001,Ball
17730,Tyson Chandler,69.0428,19.31236,PHX
17730,Mirza Teletovic,83.68611,1.47999,PHX
17730,TJ Warren,87.21212,48.68699,PHX
17730,Archie Goodwin,73.84345,13.37426,PHX
17730,Devin Booker,70.23377,45.18978,PHX
17730,Thabo Sefolosha,85.10456,33.71622,ATL
17730,Mike Scott,87.09355,10.22925,ATL
17730,Kent Bazemore,75.83327,32.33921,ATL
17730,Dennis Schroder,68.65355,17.41367,ATL
17730,Walter Tavares,78.27266,18.9181,ATL
17740,Ball,76.1919,11.20466,Ball
17740,Tyson Chandler,71.92256,19.08616,PHX
17740,Mirza Teletovic,82.30725,1.4554900000000002,PHX
17740,TJ Warren,87.18899,48.5006,PHX
17740,Archie Goodwin,75.28619,11.19022,PHX
17740,Devin Booker,69.823,44.51437,PHX
17740,Thabo Sefolosha,85.58673,32.8014,ATL
17740,Mike Scott,85.71158,8.97439,ATL
17740,Kent Bazemore,76.77895,32.14409,ATL
17740,Dennis Schroder,72.20186,14.81175,ATL
17740,Walter Tavares,80.1269,17.22876,ATL
17750,Ball,77.07269,11.76917,Ball
17750,Tyson Chandler,76.07633,20.69152,PHX
17750,Mirza Teletovic,81.62494,1.18832,PHX
17750,TJ Warren,87.24301,48.05994,PHX
17750,Archie Goodwin,75.89383,10.41433,PHX
17750,Devin Booker,69.29392,43.262,PHX
17750,Thabo Sefolosha,85.89168,30.7213,ATL
17750,Mike Scott,84.70469,8.733270000000001,ATL
17750,Kent Bazemore,78.39207,30.93037,ATL
17750,Dennis Schroder,75.47589,12.79963,ATL
17750,Walter Tavares,81.30568,16.82707,ATL
17760,Ball,81.57252,16.66639,Ball
17760,Tyson Chandler,80.33057,22.1503,PHX
17760,Mirza Teletovic,81.50863,1.14726,PHX
17760,TJ Warren,87.36897,47.18866,PHX
17760,Archie Goodwin,78.49211,9.4735,PHX
17760,Devin Booker,69.00529,41.74355,PHX
17760,Thabo Sefolosha,86.43307,28.1293,ATL
17760,Mike Scott,84.55934,10.19127,ATL
17760,Kent Bazemore,80.69327,28.58883,ATL
17760,Dennis Schroder,78.75811,10.16901,ATL
17760,Walter Tavares,82.3562,19.02318,ATL
17770,Ball,86.15157,22.08823,Ball
17770,Tyson Chandler,82.92962,22.85338,PHX
17770,Mirza Teletovic,81.21013,1.27969,PHX
17770,TJ Warren,87.52787000000001,45.41823,PHX
17770,Archie Goodwin,82.44913,7.03255,PHX
17770,Devin Booker,68.43498,39.98988,PHX
17770,Thabo Sefolosha,87.09935,26.85544,ATL
17770,Mike Scott,84.8038,12.65694,ATL
17770,Kent Bazemore,82.99849,25.97975,ATL
17770,Dennis Schroder,82.44913,7.03255,ATL
17770,Walter Tavares,83.9036,21.29874,ATL
17780,Ball,88.87215,24.9331,Ball
17780,Tyson Chandler,83.83581,23.3151,PHX
17780,Mirza Teletovic,80.60535,1.86192,PHX
17780,TJ Warren,87.50443,42.73795,PHX
17780,Archie Goodwin,85.0723,4.26023,PHX
17780,Devin Booker,67.89512,38.1009,PHX
17780,Thabo Sefolosha,87.41348,27.79219,ATL
17780,Mike Scott,85.19858,15.18355,ATL
17780,Kent Bazemore,84.98812,24.70203,ATL
17780,Dennis Schroder,85.56245,3.72425,ATL
17780,Walter Tavares,86.07166,21.66044,ATL
17790,Ball,87.65789,23.92933,Ball
17790,Tyson Chandler,84.22606,23.1002,PHX
17790,Mirza Teletovic,79.84277,3.1426600000000002,PHX
17790,TJ Warren,86.7682,39.77338,PHX
17790,Archie Goodwin,81.83386,3.53662,PHX
17790,Devin Booker,67.27625,36.20461,PHX
17790,Thabo Sefolosha,86.82047,29.14483,ATL
17790,Mike Scott,84.93223,17.51673,ATL
17790,Kent Bazemore,86.1294,24.78109,ATL
17790,Dennis Schroder,88.18971,1.45591,ATL
17790,Walter Tavares,88.01276,21.49318,ATL
17800,Ball,86.38278,23.142220000000002,Ball
17800,Tyson Chandler,84.32775,22.79258,PHX
17800,Mirza Teletovic,79.23707,4.84673,PHX
17800,TJ Warren,85.87695,37.02957,PHX
17800,Archie Goodwin,79.23707,4.84673,PHX
17800,Devin Booker,66.62746,34.26014,PHX
17800,Thabo Sefolosha,86.12212,29.7556,ATL
17800,Mike Scott,84.77048,19.39732,ATL
17800,Kent Bazemore,85.89484,24.61377,ATL
17800,Dennis Schroder,89.33011,1.27241,ATL
17800,Walter Tavares,88.29808,22.12775,ATL
17810,Ball,80.16515,25.23672,Ball
17810,Tyson Chandler,84.6198,22.70222,PHX
17810,Mirza Teletovic,79.40429,6.81339,PHX
17810,TJ Warren,84.78614,35.45093,PHX
17810,Archie Goodwin,77.72822,7.03973,PHX
17810,Devin Booker,66.16766,32.56343,PHX
17810,Thabo Sefolosha,85.44667,30.12667,ATL
17810,Mike Scott,83.41716,20.44379,ATL
17810,Kent Bazemore,84.52991,24.93419,ATL
17810,Dennis Schroder,89.06835,1.5016,ATL
17810,Walter Tavares,87.96868,23.29838,ATL
17820,Ball,68.75144,29.36398,Ball
17820,Tyson Chandler,85.23738,22.80842,PHX
17820,Mirza Teletovic,79.55761,8.89785,PHX
17820,TJ Warren,83.63965,36.52642,PHX
17820,Archie Goodwin,73.51756,8.88786,PHX
17820,Devin Booker,65.34856,31.27898,PHX
17820,Thabo Sefolosha,83.64479,31.31414,ATL
17820,Mike Scott,81.86317,21.02262,ATL
17820,Kent Bazemore,81.09251,25.88518,ATL
17820,Dennis Schroder,88.35344,2.66035,ATL
17820,Walter Tavares,87.57465,24.00608,ATL
17830,Ball,65.77964,28.92085,Ball
17830,Tyson Chandler,85.42465,22.59483,PHX
17830,Mirza Teletovic,79.76274,10.23005,PHX
17830,TJ Warren,83.04955,39.40805,PHX
17830,Archie Goodwin,72.11381,8.70387,PHX
17830,Devin Booker,64.6221,30.19391,PHX
17830,Thabo Sefolosha,82.1662,32.86668,ATL
17830,Mike Scott,80.49401,21.27884,ATL
17830,Kent Bazemore,75.65002,27.94389,ATL
17830,Dennis Schroder,87.39155,4.32171,ATL
17830,Walter Tavares,86.81251,24.10627,ATL
17840,Ball,65.55696,29.47483,Ball
17840,Tyson Chandler,84.91783,21.82287,PHX
17840,Mirza Teletovic,79.80208,10.88571,PHX
17840,TJ Warren,82.90445,42.33317,PHX
17840,Archie Goodwin,71.24355,9.40213,PHX
17840,Devin Booker,64.33995,29.93658,PHX
17840,Thabo Sefolosha,81.82253,34.3149,ATL
17840,Mike Scott,80.19353,21.44806,ATL
17840,Kent Bazemore,70.03528,29.69823,ATL
17840,Dennis Schroder,86.31171,5.62479,ATL
17840,Walter Tavares,86.12196,23.71155,ATL
17850,Ball,73.0757,27.88186,Ball
17850,Tyson Chandler,84.11455,20.79637,PHX
17850,Mirza Teletovic,80.50048,12.10805,PHX
17850,TJ Warren,82.7702,44.65093,PHX
17850,Archie Goodwin,71.02653,11.57648,PHX
17850,Devin Booker,64.2789,29.77171,PHX
17850,Thabo Sefolosha,82.148,34.18635,ATL
17850,Mike Scott,80.77372,21.64114,ATL
17850,Kent Bazemore,64.50159,31.14413,ATL
17850,Dennis Schroder,86.22837,7.97146,ATL
17850,Walter Tavares,85.43132,23.04511,ATL
17860,Ball,80.39602,26.61373,Ball
17860,Tyson Chandler,83.20856,20.68835,PHX
17860,Mirza Teletovic,82.60423,14.43663,PHX
17860,TJ Warren,81.93057,46.31702,PHX
17860,Archie Goodwin,72.15227,14.46333,PHX
17860,Devin Booker,62.67705,29.844,PHX
17860,Thabo Sefolosha,83.39927,33.296170000000004,ATL
17860,Mike Scott,81.4351,22.17931,ATL
17860,Kent Bazemore,59.49561,32.47567,ATL
17860,Dennis Schroder,87.10596,11.6061,ATL
17860,Walter Tavares,84.9301,22.41438,ATL
17870,Ball,86.83273,21.60621,Ball
17870,Tyson Chandler,82.87226,20.79648,PHX
17870,Mirza Teletovic,85.8115,17.17715,PHX
17870,TJ Warren,80.77529,47.0308,PHX
17870,Archie Goodwin,74.30398,16.83211,PHX
17870,Devin Booker,59.86738,30.07475,PHX
17870,Thabo Sefolosha,84.63861,32.28329,ATL
17870,Mike Scott,81.95138,23.32272,ATL
17870,Kent Bazemore,55.04961,33.5992,ATL
17870,Dennis Schroder,88.28462,15.8015,ATL
17870,Walter Tavares,84.32269,21.98926,ATL
17880,Ball,83.92063,24.19554,Ball
17880,Tyson Chandler,82.13941,21.376,PHX
17880,Mirza Teletovic,87.98479,19.87241,PHX
17880,TJ Warren,79.25113,46.73893,PHX
17880,Archie Goodwin,76.35082,18.49272,PHX
17880,Devin Booker,57.40258,30.02482,PHX
17880,Thabo Sefolosha,85.23797,31.25209,ATL
17880,Mike Scott,82.42828,24.36677,ATL
17880,Kent Bazemore,51.18208,34.59775,ATL
17880,Dennis Schroder,89.5254,20.0584,ATL
17880,Walter Tavares,84.84244,22.10476,ATL
17890,Ball,79.87777,22.81769,Ball
17890,Tyson Chandler,80.24608,22.16628,PHX
17890,Mirza Teletovic,88.40855,21.61212,PHX
17890,TJ Warren,77.67858,45.7897,PHX
17890,Archie Goodwin,77.95011,19.7135,PHX
17890,Devin Booker,57.37846,29.62341,PHX
17890,Thabo Sefolosha,84.40863,31.13501,ATL
17890,Mike Scott,81.29628,24.45741,ATL
17890,Kent Bazemore,47.49956,35.68619,ATL
17890,Dennis Schroder,90.79574,23.73713,ATL
17890,Walter Tavares,84.66032,22.43337,ATL
17900,Ball,75.83333,22.31004,Ball
17900,Tyson Chandler,77.70818,22.94609,PHX
17900,Mirza Teletovic,88.30537,22.77956,PHX
17900,TJ Warren,76.01582,45.43819,PHX
17900,Archie Goodwin,78.60618,19.27461,PHX
17900,Devin Booker,59.2914,28.95063,PHX
17900,Thabo Sefolosha,82.39744,32.0541,ATL
17900,Mike Scott,78.99713,24.3229,ATL
17900,Kent Bazemore,44.925110000000004,36.79464,ATL
17900,Dennis Schroder,91.54443,25.66432,ATL
17900,Walter Tavares,83.98199,22.47885,ATL
17910,Ball,72.32986,23.4416,Ball
17910,Tyson Chandler,76.11466,23.10465,PHX
17910,Mirza Teletovic,87.9522,24.306,PHX
17910,TJ Warren,75.27745,45.51174,PHX
17910,Archie Goodwin,78.17094,16.87385,PHX
17910,Devin Booker,61.52102,27.95351,PHX
17910,Thabo Sefolosha,79.9257,33.49395,ATL
17910,Mike Scott,76.90122,25.07813,ATL
17910,Kent Bazemore,44.44004,36.92453,ATL
17910,Dennis Schroder,91.45994,25.61416,ATL
17910,Walter Tavares,83.16597,23.02263,ATL
17920,Ball,65.28988,26.03709,Ball
17920,Tyson Chandler,74.72575,23.12594,PHX
17920,Mirza Teletovic,87.49856,26.60771,PHX
17920,TJ Warren,75.19987,45.72353,PHX
17920,Archie Goodwin,77.20545,13.69572,PHX
17920,Devin Booker,63.32283,27.03452,PHX
17920,Thabo Sefolosha,77.96208,35.17318,ATL
17920,Mike Scott,74.70217,26.20037,ATL
17920,Kent Bazemore,46.4215,36.29442,ATL
17920,Dennis Schroder,91.03155,24.58608,ATL
17920,Walter Tavares,82.51094,23.2062,ATL
17930,Ball,64.34955,26.81068,Ball
17930,Tyson Chandler,73.8712,22.02956,PHX
17930,Mirza Teletovic,86.88567,29.06177,PHX
17930,TJ Warren,74.73083,45.59409,PHX
17930,Archie Goodwin,76.64338,10.91205,PHX
17930,Devin Booker,64.34264,26.80755,PHX
17930,Thabo Sefolosha,77.58775,35.81593,ATL
17930,Mike Scott,70.74656,27.66809,ATL
17930,Kent Bazemore,49.62191,35.29153,ATL
17930,Dennis Schroder,90.37464,23.22534,ATL
17930,Walter Tavares,82.233,22.08706,ATL
17940,Ball,70.65149,26.42934,Ball
17940,Tyson Chandler,74.53753,21.69971,PHX
17940,Mirza Teletovic,86.459,30.64925,PHX
17940,TJ Warren,74.21455,45.01452,PHX
17940,Archie Goodwin,77.52848,9.69214,PHX
17940,Devin Booker,65.03725,26.74917,PHX
17940,Thabo Sefolosha,78.30958,34.97377,ATL
17940,Mike Scott,66.01179,28.55974,ATL
17940,Kent Bazemore,52.97043,34.60192,ATL
17940,Dennis Schroder,89.79512,22.00668,ATL
17940,Walter Tavares,82.17607,21.48718,ATL
17950,Ball,77.92947,25.78461,Ball
17950,Tyson Chandler,76.31312,22.22457,PHX
17950,Mirza Teletovic,86.28628,29.80383,PHX
17950,TJ Warren,73.67122,43.81633,PHX
17950,Archie Goodwin,79.52513,10.44588,PHX
17950,Devin Booker,65.33342,26.56511,PHX
17950,Thabo Sefolosha,79.40484,33.3846,ATL
17950,Mike Scott,61.1156,29.35194,ATL
17950,Kent Bazemore,55.70099,34.54396,ATL
17950,Dennis Schroder,89.6246,21.41458,ATL
17950,Walter Tavares,81.63581,21.46633,ATL
17960,Ball,84.88518,24.94761,Ball
17960,Tyson Chandler,77.97467,23.48368,PHX
17960,Mirza Teletovic,86.13104,27.96602,PHX
17960,TJ Warren,73.1398,42.29319,PHX
17960,Archie Goodwin,81.53383,12.8448,PHX
17960,Devin Booker,65.15678,26.43608,PHX
17960,Thabo Sefolosha,80.61374,31.58973,ATL
17960,Mike Scott,56.32552,30.1659,ATL
17960,Kent Bazemore,57.9301,34.65373,ATL
17960,Dennis Schroder,89.63843,21.40723,ATL
17960,Walter Tavares,81.32044,22.19671,ATL
17970,Ball,89.8167,25.08854,Ball
17970,Tyson Chandler,78.99754,24.15859,PHX
17970,Mirza Teletovic,86.06074,26.65755,PHX
17970,TJ Warren,72.58096,40.52834,PHX
17970,Archie Goodwin,83.0477,15.45378,PHX
17970,Devin Booker,65.00356,26.44753,PHX
17970,Thabo Sefolosha,81.79916,30.26185,ATL
17970,Mike Scott,51.73644,30.66753,ATL
17970,Kent Bazemore,59.79707,35.22065,ATL
17970,Dennis Schroder,89.35848,22.14513,ATL
17970,Walter Tavares,82.33491,23.80847,ATL
17980,Ball,53.14826,47.51863,Ball
17980,Tyson Chandler,15.17288,33.98567,PHX
17980,Mirza Teletovic,45.74446,28.22902,PHX
17980,TJ Warren,41.94566,38.88889,PHX
17980,Archie Goodwin,61.86182,23.41653,PHX
17980,Devin Booker,22.67277,33.2094,PHX
17980,Thabo Sefolosha,53.42595,46.40864,ATL
17980,Mike Scott,17.75226,39.61118,ATL
17980,Kent Bazemore,44.71496,48.97709,ATL
17980,Dennis Schroder,90.69887,20.46213,ATL
17980,Walter Tavares,51.10734,27.57421,ATL
17990,Ball,47.05985,44.98978,Ball
17990,Tyson Chandler,13.16697,33.4901,PHX
17990,Mirza Teletovic,42.78594,28.63101,PHX
17990,TJ Warren,39.80188,39.36133,PHX
17990,Archie Goodwin,59.80938,23.139780000000002,PHX
17990,Devin Booker,22.77748,34.80003,PHX
17990,Thabo Sefolosha,47.91134,44.87008,ATL
17990,Mike Scott,16.51619,40.12494,ATL
17990,Kent Bazemore,42.75495,48.60847,ATL
17990,Dennis Schroder,90.37749,20.23122,ATL
17990,Walter Tavares,47.56318,27.69813,ATL
