25360,Ball,87.12328,46.31421,Ball
25360,Dwyane Wade,68.86942,9.11393,MIA
25360,Luol Deng,87.36373,47.58155,MIA
25360,Beno Udrih,65.64869,34.37698,MIA
25360,Gerald Green,85.06513,2.36504,MIA
25360,Hassan Whiteside,85.12244,24.50126,MIA
25360,Joe Johnson,85.67907,10.86205,BKN
25360,Jarrett Jack,75.47918,31.78958,BKN
25360,Thaddeus Young,85.75147,38.00087,BKN
25360,Brook Lopez,84.49589,22.46935,BKN
25360,Bojan Bogdanovic,76.11061,15.92539,BKN
25370,Ball,87.5578,44.70679,Ball
25370,Dwyane Wade,66.98986,9.655380000000001,MIA
25370,Luol Deng,87.52166,47.74633,MIA
25370,Beno Udrih,64.11635,33.50416,MIA
25370,Gerald Green,83.62428,2.7988,MIA
25370,Hassan Whiteside,86.21541,24.43847,MIA
25370,Joe Johnson,85.62337,12.25881,BKN
25370,Jarrett Jack,77.10783,31.75886,BKN
25370,Thaddeus Young,86.94142,41.61054,BKN
25370,Brook Lopez,85.29678,22.69106,BKN
25370,Bojan Bogdanovic,76.58982,17.33381,BKN
25380,Ball,87.80102,38.76928,Ball
25380,Dwyane Wade,65.17888,10.51047,MIA
25380,Luol Deng,87.54327,47.9809,MIA
25380,Beno Udrih,62.527590000000004,32.38712,MIA
25380,Gerald Green,81.52945,3.18168,MIA
25380,Hassan Whiteside,86.92398,24.51221,MIA
25380,Joe Johnson,85.77718,13.764520000000001,BKN
25380,Jarrett Jack,78.95695,31.70229,BKN
25380,Thaddeus Young,87.51583,44.63988,BKN
25380,Brook Lopez,85.41281,23.18059,BKN
25380,Bojan Bogdanovic,77.42454,18.79243,BKN
25390,Ball,87.90765,31.43652,Ball
25390,Dwyane Wade,63.20153,11.45717,MIA
25390,Luol Deng,87.44118,48.47155,MIA
25390,Beno Udrih,60.7385,31.82856,MIA
25390,Gerald Green,79.17094,3.75766,MIA
25390,Hassan Whiteside,86.88504,24.38129,MIA
25390,Joe Johnson,85.77637,14.85878,BKN
25390,Jarrett Jack,80.87641,32.15946,BKN
25390,Thaddeus Young,87.93814,48.26329,BKN
25390,Brook Lopez,85.32807,23.82502,BKN
25390,Bojan Bogdanovic,77.74101,20.34879,BKN
25400,Ball,87.27621,25.35763,Ball
25400,Dwyane Wade,61.12133,12.31292,MIA
25400,Luol Deng,87.11014,48.932900000000004,MIA
25400,Beno Udrih,58.55993,30.88711,MIA
25400,Gerald Green,76.72703,4.40335,MIA
25400,Hassan Whiteside,87.01752,24.63831,MIA
25400,Joe Johnson,85.8662,15.88543,BKN
25400,Jarrett Jack,82.28285,32.64104,BKN
25400,Thaddeus Young,88.11962,48.66099,BKN
25400,Brook Lopez,85.36534,24.63736,BKN
25400,Bojan Bogdanovic,77.50905,20.9734,BKN
25410,Ball,83.62976,24.81158,Ball
25410,Dwyane Wade,59.09836,13.06258,MIA
25410,Luol Deng,86.11341,48.96976,MIA
25410,Beno Udrih,56.26293,30.13195,MIA
25410,Gerald Green,74.56308,5.44433,MIA
25410,Hassan Whiteside,86.53944,25.76313,MIA
25410,Joe Johnson,85.13383,16.36416,BKN
25410,Jarrett Jack,82.87635,32.64094,BKN
25410,Thaddeus Young,85.77298,46.02087,BKN
25410,Brook Lopez,84.49755,24.6816,BKN
25410,Bojan Bogdanovic,77.35257,21.68198,BKN
25420,Ball,80.28599,24.17565,Ball
25420,Dwyane Wade,56.81964,13.68843,MIA
25420,Luol Deng,83.80996,49.83902,MIA
25420,Beno Udrih,53.6215,29.6236,MIA
25420,Gerald Green,71.38138000000001,5.81891,MIA
25420,Hassan Whiteside,85.71336,25.7652,MIA
25420,Joe Johnson,83.37954,15.98525,BKN
25420,Jarrett Jack,82.31203,32.88357,BKN
25420,Thaddeus Young,81.14518,44.64518,BKN
25420,Brook Lopez,83.33294,24.56152,BKN
25420,Bojan Bogdanovic,76.57658,22.31873,BKN
25430,Ball,78.75722,24.70287,Ball
25430,Dwyane Wade,53.79234,14.24782,MIA
25430,Luol Deng,80.28224,49.73996,MIA
25430,Beno Udrih,50.4104,29.47179,MIA
25430,Gerald Green,67.50433,6.5599,MIA
25430,Hassan Whiteside,83.59133,26.06861,MIA
25430,Joe Johnson,80.91109,14.78157,BKN
25430,Jarrett Jack,79.94421,33.12119,BKN
25430,Thaddeus Young,74.44199,43.06773,BKN
25430,Brook Lopez,81.74855,23.88683,BKN
25430,Bojan Bogdanovic,74.42587,21.74185,BKN
25440,Ball,79.51917,23.997700000000002,Ball
25440,Dwyane Wade,50.33492,15.36114,MIA
25440,Luol Deng,75.7708,48.37498,MIA
25440,Beno Udrih,46.85297,29.99586,MIA
25440,Gerald Green,63.16233,7.53846,MIA
25440,Hassan Whiteside,81.04902,28.19982,MIA
25440,Joe Johnson,77.64154,12.64013,BKN
25440,Jarrett Jack,76.27156,32.56082,BKN
25440,Thaddeus Young,66.69383,42.29736,BKN
25440,Brook Lopez,79.88507,24.50591,BKN
25440,Bojan Bogdanovic,72.07609,21.8414,BKN
25440,Ball,79.14928,23.89468,Ball
25440,Dwyane Wade,49.96743,15.49239,MIA
25440,Luol Deng,75.24716,48.15489,MIA
25440,Beno Udrih,46.48975,30.05574,MIA
25440,Gerald Green,62.71278,7.62599,MIA
25440,Hassan Whiteside,80.75974,28.39851,MIA
25440,Joe Johnson,77.20227,12.39216,BKN
25440,Jarrett Jack,75.86022,32.37485,BKN
25440,Thaddeus Young,65.86257,42.30929,BKN
25440,Brook Lopez,79.84408,24.70616,BKN
25440,Bojan Bogdanovic,71.74843,21.84032,BKN
25450,Ball,72.73414,25.26772,Ball
25450,Dwyane Wade,46.17788,16.81724,MIA
25450,Luol Deng,69.10976,45.42995,MIA
25450,Beno Udrih,42.92808,30.34038,MIA
25450,Gerald Green,57.72361,8.37768,MIA
25450,Hassan Whiteside,76.75002,29.89436,MIA
25450,Joe Johnson,72.81277,10.14948,BKN
25450,Jarrett Jack,72.81474,29.73357,BKN
25450,Thaddeus Young,57.29039,42.47859,BKN
25450,Brook Lopez,79.68702,25.89301,BKN
25450,Bojan Bogdanovic,67.34862,21.21043,BKN
25460,Ball,67.58988,24.75116,Ball
25460,Dwyane Wade,42.10953,17.99422,MIA
25460,Luol Deng,62.23839,43.57557,MIA
25460,Beno Udrih,39.71887,29.335,MIA
25460,Gerald Green,52.4076,8.92028,MIA
25460,Hassan Whiteside,71.88575,30.47247,MIA
25460,Joe Johnson,68.18189,8.46615,BKN
25460,Jarrett Jack,69.55242,26.03007,BKN
25460,Thaddeus Young,48.48697,42.38409,BKN
25460,Brook Lopez,78.94445,26.17264,BKN
25460,Bojan Bogdanovic,61.66364,19.05393,BKN
25470,Ball,63.20521,20.03903,Ball
25470,Dwyane Wade,37.86557,18.84356,MIA
25470,Luol Deng,54.80811,42.09025,MIA
25470,Beno Udrih,37.01311,27.24264,MIA
25470,Gerald Green,47.16455,9.11079,MIA
25470,Hassan Whiteside,66.08767,30.86106,MIA
25470,Joe Johnson,62.35976,7.31524,BKN
25470,Jarrett Jack,64.52126,22.10048,BKN
25470,Thaddeus Young,39.66507,42.36283,BKN
25470,Brook Lopez,76.48772,26.45449,BKN
25470,Bojan Bogdanovic,55.46035,16.34138,BKN
25480,Ball,57.61451,17.9363,Ball
25480,Dwyane Wade,33.34561,18.80559,MIA
25480,Luol Deng,46.76845,40.17952,MIA
25480,Beno Udrih,34.96643,25.05911,MIA
25480,Gerald Green,41.59746,9.40751,MIA
25480,Hassan Whiteside,59.85444,30.57308,MIA
25480,Joe Johnson,56.39699,6.14681,BKN
25480,Jarrett Jack,58.44498,19.3708,BKN
25480,Thaddeus Young,30.51213,41.9769,BKN
25480,Brook Lopez,72.6232,26.72715,BKN
25480,Bojan Bogdanovic,48.714,13.7451,BKN
25490,Ball,42.15742,21.64441,Ball
25490,Dwyane Wade,28.76149,19.31701,MIA
25490,Luol Deng,38.36296,37.81472,MIA
25490,Beno Udrih,33.66972,25.00595,MIA
25490,Gerald Green,36.06245,9.53942,MIA
25490,Hassan Whiteside,53.21831,30.29807,MIA
25490,Joe Johnson,50.28821,5.15724,BKN
25490,Jarrett Jack,52.37057,18.57295,BKN
25490,Thaddeus Young,21.90125,40.04168,BKN
25490,Brook Lopez,67.87415,26.89455,BKN
25490,Bojan Bogdanovic,41.40151,10.58013,BKN
25500,Ball,26.52481,25.81221,Ball
25500,Dwyane Wade,22.55032,21.20744,MIA
25500,Luol Deng,29.93552,34.6201,MIA
25500,Beno Udrih,32.15151,26.7288,MIA
25500,Gerald Green,30.80666,9.73709,MIA
25500,Hassan Whiteside,46.09805,30.02054,MIA
25500,Joe Johnson,44.42711,4.39626,BKN
25500,Jarrett Jack,47.09711,17.84403,BKN
25500,Thaddeus Young,14.53776,36.65156,BKN
25500,Brook Lopez,63.58346,27.45197,BKN
25500,Bojan Bogdanovic,33.7133,7.49955,BKN
25510,Ball,11.42213,29.54401,Ball
25510,Dwyane Wade,15.88467,23.65372,MIA
25510,Luol Deng,21.89398,32.23794,MIA
25510,Beno Udrih,30.67881,28.34085,MIA
25510,Gerald Green,26.43065,9.76136,MIA
25510,Hassan Whiteside,39.05747,29.73096,MIA
25510,Joe Johnson,39.30299,4.03353,BKN
25510,Jarrett Jack,43.55868,17.05895,BKN
25510,Thaddeus Young,9.23983,32.489020000000004,BKN
25510,Brook Lopez,60.64933,27.18568,BKN
25510,Bojan Bogdanovic,26.01879,5.62121,BKN
25520,Ball,5.35741,27.54462,Ball
25520,Dwyane Wade,10.01948,25.21379,MIA
25520,Luol Deng,14.89597,30.34501,MIA
25520,Beno Udrih,28.92108,29.8578,MIA
25520,Gerald Green,23.36089,9.33663,MIA
25520,Hassan Whiteside,32.52209,29.34437,MIA
25520,Joe Johnson,35.34246,4.29577,BKN
25520,Jarrett Jack,42.06724,16.57639,BKN
25520,Thaddeus Young,5.87694,28.384,BKN
25520,Brook Lopez,59.6043,27.04592,BKN
25520,Bojan Bogdanovic,18.9413,6.00166,BKN
25530,Ball,4.99366,25.64901,Ball
25530,Dwyane Wade,5.9836,26.90877,MIA
25530,Luol Deng,10.00834,27.59123,MIA
25530,Beno Udrih,26.82649,30.42596,MIA
25530,Gerald Green,21.48396,9.13709,MIA
25530,Hassan Whiteside,26.75568,28.46378,MIA
25530,Joe Johnson,32.67706,4.92848,BKN
25530,Jarrett Jack,41.91037,16.62732,BKN
25530,Thaddeus Young,3.74385,25.05402,BKN
25530,Brook Lopez,59.8721,27.08242,BKN
25530,Bojan Bogdanovic,13.57194,8.68232,BKN
25540,Ball,4.80367,24.71251,Ball
25540,Dwyane Wade,3.26668,28.98973,MIA
25540,Luol Deng,7.05382,25.23523,MIA
25540,Beno Udrih,25.00378,30.70227,MIA
25540,Gerald Green,21.12194,8.35473,MIA
25540,Hassan Whiteside,22.24559,27.19053,MIA
25540,Joe Johnson,31.88055,6.03988,BKN
25540,Jarrett Jack,42.77617,17.34392,BKN
25540,Thaddeus Young,2.84695,20.90684,BKN
25540,Brook Lopez,61.10257,27.38919,BKN
25540,Bojan Bogdanovic,10.61873,12.57765,BKN
25550,Ball,3.6981,24.64805,Ball
25550,Dwyane Wade,1.52527,30.37413,MIA
25550,Luol Deng,5.03585,24.12631,MIA
25550,Beno Udrih,23.21899,31.67006,MIA
25550,Gerald Green,21.04288,7.55658,MIA
25550,Hassan Whiteside,19.39831,25.80266,MIA
25550,Joe Johnson,33.00124,7.25361,BKN
25550,Jarrett Jack,44.46585,18.50055,BKN
25550,Thaddeus Young,4.35376,17.02221,BKN
25550,Brook Lopez,62.67287,27.70359,BKN
25550,Bojan Bogdanovic,10.2896,16.44491,BKN
25560,Ball,2.20749,24.78241,Ball
25560,Dwyane Wade,0.5178200000000001,31.29325,MIA
25560,Luol Deng,3.0764,24.09654,MIA
25560,Beno Udrih,21.66132,32.65676,MIA
25560,Gerald Green,21.4257,6.23747,MIA
25560,Hassan Whiteside,18.5,24.58605,MIA
25560,Joe Johnson,35.25577,7.92556,BKN
25560,Jarrett Jack,46.51516,20.26072,BKN
25560,Thaddeus Young,8.39915,15.35342,BKN
25560,Brook Lopez,64.31513,27.89374,BKN
25560,Bojan Bogdanovic,12.54476,19.1514,BKN
25570,Ball,1.3059,25.37389,Ball
25570,Dwyane Wade,-0.6236700000000001,32.54023,MIA
25570,Luol Deng,1.16869,24.35256,MIA
25570,Beno Udrih,20.26889,33.74124,MIA
25570,Gerald Green,22.84544,4.8112200000000005,MIA
25570,Hassan Whiteside,19.08804,24.18732,MIA
25570,Joe Johnson,37.95699,8.51917,BKN
25570,Jarrett Jack,48.72103,22.14621,BKN
25570,Thaddeus Young,14.11774,14.50562,BKN
25570,Brook Lopez,66.02972,28.03548,BKN
25570,Bojan Bogdanovic,15.588470000000001,21.21615,BKN
25580,Ball,0.35259,25.72691,Ball
25580,Dwyane Wade,-1.13493,33.89931,MIA
25580,Luol Deng,-0.59206,24.68352,MIA
25580,Beno Udrih,19.07422,34.81567,MIA
25580,Gerald Green,24.34536,4.15886,MIA
25580,Hassan Whiteside,20.61779,24.97088,MIA
25580,Joe Johnson,40.93882,8.96046,BKN
25580,Jarrett Jack,50.70539,24.08349,BKN
25580,Thaddeus Young,20.5473,14.44349,BKN
25580,Brook Lopez,68.01736,28.27642,BKN
25580,Bojan Bogdanovic,18.41725,22.8062,BKN
25600,Ball,2.561,29.31358,Ball
25600,Dwyane Wade,0.018490000000000003,35.82124,MIA
25600,Luol Deng,-0.95837,24.47461,MIA
25600,Beno Udrih,16.26202,36.15368,MIA
25600,Gerald Green,29.10373,3.2474,MIA
25600,Hassan Whiteside,27.12441,23.7689,MIA
25600,Joe Johnson,47.29691,9.67381,BKN
25600,Jarrett Jack,54.46168,27.76317,BKN
25600,Thaddeus Young,33.32807,17.06747,BKN
25600,Brook Lopez,70.81056,27.32599,BKN
25600,Bojan Bogdanovic,23.02586,25.73719,BKN
25610,Ball,8.19352,34.33397,Ball
25610,Dwyane Wade,1.36666,36.52041,MIA
25610,Luol Deng,0.40534000000000003,24.3523,MIA
25610,Beno Udrih,15.21974,36.96592,MIA
25610,Gerald Green,31.5488,3.13096,MIA
25610,Hassan Whiteside,31.89697,23.11056,MIA
25610,Joe Johnson,50.29111,9.84781,BKN
25610,Jarrett Jack,55.94618,28.93238,BKN
25610,Thaddeus Young,39.49893,18.64528,BKN
25610,Brook Lopez,72.23613,27.17098,BKN
25610,Bojan Bogdanovic,25.62971,28.38996,BKN
25620,Ball,11.5048,37.06713,Ball
25620,Dwyane Wade,3.03708,37.04537,MIA
25620,Luol Deng,2.6504,24.20196,MIA
25620,Beno Udrih,14.96772,37.27678,MIA
25620,Gerald Green,34.11761,3.03625,MIA
25620,Hassan Whiteside,37.05867,22.91585,MIA
25620,Joe Johnson,53.17963,9.99947,BKN
25620,Jarrett Jack,57.44052,29.51197,BKN
25620,Thaddeus Young,45.51361,20.49166,BKN
25620,Brook Lopez,73.26386,26.42494,BKN
25620,Bojan Bogdanovic,28.78167,30.49498,BKN
25620,Ball,11.90757,37.38559,Ball
25620,Dwyane Wade,3.19978,37.10897,MIA
25620,Luol Deng,2.9248700000000003,24.22526,MIA
25620,Beno Udrih,14.97719,37.27883,MIA
25620,Gerald Green,34.39377,3.0376,MIA
25620,Hassan Whiteside,37.5915,22.87126,MIA
25620,Joe Johnson,53.46572,10.04076,BKN
25620,Jarrett Jack,57.57027,29.55134,BKN
25620,Thaddeus Young,46.10896,20.69385,BKN
25620,Brook Lopez,73.32726,26.29691,BKN
25620,Bojan Bogdanovic,29.08918,30.73791,BKN
25630,Ball,14.88712,36.49147,Ball
25630,Dwyane Wade,5.00521,37.31226,MIA
25630,Luol Deng,6.16534,24.11453,MIA
25630,Beno Udrih,15.43731,37.11613,MIA
25630,Gerald Green,37.29564,3.15931,MIA
25630,Hassan Whiteside,43.14805,22.36019,MIA
25630,Joe Johnson,56.06162,10.39576,BKN
25630,Jarrett Jack,58.59054,29.91141,BKN
25630,Thaddeus Young,52.05211,22.47511,BKN
25630,Brook Lopez,73.77723,25.59017,BKN
25630,Bojan Bogdanovic,32.44015,32.66074,BKN
25640,Ball,17.27787,35.72532,Ball
25640,Dwyane Wade,7.17067,36.77401,MIA
25640,Luol Deng,10.16264,24.56243,MIA
25640,Beno Udrih,16.74677,36.89792,MIA
25640,Gerald Green,40.47938,3.05719,MIA
25640,Hassan Whiteside,48.92394,21.91058,MIA
25640,Joe Johnson,58.50288,10.57667,BKN
25640,Jarrett Jack,59.45419,29.83034,BKN
25640,Thaddeus Young,57.66513,24.49976,BKN
25640,Brook Lopez,73.76566,25.32151,BKN
25640,Bojan Bogdanovic,35.88453,34.20396,BKN
25650,Ball,18.96717,34.98311,Ball
25650,Dwyane Wade,9.45207,36.35395,MIA
25650,Luol Deng,14.66265,25.80223,MIA
25650,Beno Udrih,18.51679,36.32046,MIA
25650,Gerald Green,44.35657,2.94157,MIA
25650,Hassan Whiteside,54.85179,21.56093,MIA
25650,Joe Johnson,60.91634,10.63491,BKN
25650,Jarrett Jack,60.37465,29.7793,BKN
25650,Thaddeus Young,62.2299,26.16135,BKN
25650,Brook Lopez,73.48472,24.81821,BKN
25650,Bojan Bogdanovic,39.40313,35.35664,BKN
25660,Ball,21.66658,34.66994,Ball
25660,Dwyane Wade,11.75233,36.00883,MIA
25660,Luol Deng,19.61563,26.93562,MIA
25660,Beno Udrih,20.60845,35.7684,MIA
25660,Gerald Green,48.48183,2.6999500000000003,MIA
25660,Hassan Whiteside,60.22556,21.73516,MIA
25660,Joe Johnson,63.07649,10.98662,BKN
25660,Jarrett Jack,60.90686,30.14603,BKN
25660,Thaddeus Young,66.14608,28.29333,BKN
25660,Brook Lopez,73.58003,25.80278,BKN
25660,Bojan Bogdanovic,42.93654,35.84195,BKN
25670,Ball,23.37231,34.33614,Ball
25670,Dwyane Wade,14.17047,35.8479,MIA
25670,Luol Deng,24.77242,28.70674,MIA
25670,Beno Udrih,23.09002,35.28517,MIA
25670,Gerald Green,52.72628,2.51247,MIA
25670,Hassan Whiteside,65.21072,21.36274,MIA
25670,Joe Johnson,65.38151,10.95081,BKN
25670,Jarrett Jack,60.94391,30.41914,BKN
25670,Thaddeus Young,69.65721,29.88365,BKN
25670,Brook Lopez,74.06906,26.05488,BKN
25670,Bojan Bogdanovic,46.40205,35.63594,BKN
25680,Ball,27.23115,34.70182,Ball
25680,Dwyane Wade,16.67635,35.73453,MIA
25680,Luol Deng,29.91792,31.0125,MIA
25680,Beno Udrih,26.01208,35.05117,MIA
25680,Gerald Green,56.97558,2.30246,MIA
25680,Hassan Whiteside,69.30806,21.18644,MIA
25680,Joe Johnson,67.75862,11.18823,BKN
25680,Jarrett Jack,60.65931,30.3827,BKN
25680,Thaddeus Young,71.69557,30.05328,BKN
25680,Brook Lopez,74.7888,25.38999,BKN
25680,Bojan Bogdanovic,49.33863,35.22474,BKN
25690,Ball,30.16662,36.18487,Ball
25690,Dwyane Wade,19.30342,36.06685,MIA
25690,Luol Deng,35.15758,32.83882,MIA
25690,Beno Udrih,29.35545,35.4586,MIA
25690,Gerald Green,61.15836,2.28928,MIA
25690,Hassan Whiteside,72.53786,20.80699,MIA
25690,Joe Johnson,70.03867,11.26854,BKN
25690,Jarrett Jack,60.37412,30.5582,BKN
25690,Thaddeus Young,73.44801,30.90714,BKN
25690,Brook Lopez,76.42073,24.5764,BKN
25690,Bojan Bogdanovic,51.82259,34.76494,BKN
25700,Ball,33.46504,36.90359,Ball
25700,Dwyane Wade,22.54836,36.17051,MIA
25700,Luol Deng,40.32839,34.54893,MIA
25700,Beno Udrih,33.06424,36.06087,MIA
25700,Gerald Green,65.15026,2.20246,MIA
25700,Hassan Whiteside,75.5677,20.41942,MIA
25700,Joe Johnson,72.14377,10.97054,BKN
25700,Jarrett Jack,60.36695,31.01643,BKN
25700,Thaddeus Young,74.75982,32.44639,BKN
25700,Brook Lopez,78.30718,23.68474,BKN
25700,Bojan Bogdanovic,53.88273,34.56701,BKN
25710,Ball,38.70092,37.49571,Ball
25710,Dwyane Wade,26.28154,35.46573,MIA
25710,Luol Deng,45.40968,36.20193,MIA
25710,Beno Udrih,36.99979,36.31397,MIA
25710,Gerald Green,69.03598,2.26101,MIA
25710,Hassan Whiteside,77.95972,19.81729,MIA
25710,Joe Johnson,74.02357,11.170960000000001,BKN
25710,Jarrett Jack,60.81171,31.18601,BKN
25710,Thaddeus Young,75.74019,33.86178,BKN
25710,Brook Lopez,79.57663,22.88368,BKN
25710,Bojan Bogdanovic,55.34879,33.95276,BKN
25720,Ball,41.62813,37.75501,Ball
25720,Dwyane Wade,30.18113,34.09875,MIA
25720,Luol Deng,50.38326,37.74922,MIA
25720,Beno Udrih,40.78238,36.84877,MIA
25720,Gerald Green,72.38009,2.34514,MIA
25720,Hassan Whiteside,79.77709,19.14113,MIA
25720,Joe Johnson,75.96708,11.41383,BKN
25720,Jarrett Jack,61.57524,31.59302,BKN
25720,Thaddeus Young,76.75108,34.61669,BKN
25720,Brook Lopez,80.77669,21.97693,BKN
25720,Bojan Bogdanovic,56.63127,32.48724,BKN
25730,Ball,45.60927,37.63764,Ball
25730,Dwyane Wade,34.03092,31.97344,MIA
25730,Luol Deng,55.18453,39.36406,MIA
25730,Beno Udrih,44.1605,36.86914,MIA
25730,Gerald Green,75.28969,2.26385,MIA
25730,Hassan Whiteside,81.32888,18.4937,MIA
25730,Joe Johnson,77.84029,11.28267,BKN
25730,Jarrett Jack,62.48092,32.48368,BKN
25730,Thaddeus Young,77.86725,34.97377,BKN
25730,Brook Lopez,81.70963,21.14481,BKN
25730,Bojan Bogdanovic,57.80829,30.35123,BKN
25740,Ball,48.1312,37.28167,Ball
25740,Dwyane Wade,37.71039,29.48088,MIA
25740,Luol Deng,59.79622,40.63184,MIA
25740,Beno Udrih,46.93839,36.68216,MIA
25740,Gerald Green,77.60728,2.6067,MIA
25740,Hassan Whiteside,82.70422,17.68636,MIA
25740,Joe Johnson,79.33871,11.849920000000001,BKN
25740,Jarrett Jack,63.05914,32.67037,BKN
25740,Thaddeus Young,79.15147,35.51505,BKN
25740,Brook Lopez,83.16021,20.80681,BKN
25740,Bojan Bogdanovic,59.22425,28.1382,BKN
25750,Ball,50.71855,35.88098,Ball
25750,Dwyane Wade,41.10243,26.65356,MIA
25750,Luol Deng,64.06933,41.72998,MIA
25750,Beno Udrih,49.09982,36.06848,MIA
25750,Gerald Green,79.39887,3.15363,MIA
25750,Hassan Whiteside,83.94643,16.65981,MIA
25750,Joe Johnson,80.53356,12.16584,BKN
25750,Jarrett Jack,63.50222,33.15781,BKN
25750,Thaddeus Young,80.3528,36.13938,BKN
25750,Brook Lopez,83.96756,20.53437,BKN
25750,Bojan Bogdanovic,60.581,26.43571,BKN
25760,Ball,52.07089,35.13282,Ball
25760,Dwyane Wade,44.43376,23.70572,MIA
25760,Luol Deng,67.84386,42.87686,MIA
25760,Beno Udrih,50.94451,35.34761,MIA
25760,Gerald Green,81.02757,3.29839,MIA
25760,Hassan Whiteside,85.19485,16.30133,MIA
25760,Joe Johnson,81.25421,12.22159,BKN
25760,Jarrett Jack,63.95301,33.14461,BKN
25760,Thaddeus Young,81.39165,36.50983,BKN
25760,Brook Lopez,84.86486,19.94779,BKN
25760,Bojan Bogdanovic,61.55853,24.25828,BKN
25770,Ball,53.26579,33.43848,Ball
25770,Dwyane Wade,47.39885,20.65013,MIA
25770,Luol Deng,70.02539,43.44143,MIA
25770,Beno Udrih,52.36015,34.51345,MIA
25770,Gerald Green,82.3771,3.58012,MIA
25770,Hassan Whiteside,85.7792,16.15973,MIA
25770,Joe Johnson,81.73263,13.04173,BKN
25770,Jarrett Jack,63.77557,32.47227,BKN
25770,Thaddeus Young,81.99939,36.804,BKN
25770,Brook Lopez,85.85498,19.22565,BKN
25770,Bojan Bogdanovic,62.14947,22.20475,BKN
25770,Ball,53.09681,33.0613,Ball
25770,Dwyane Wade,47.68795,20.34603,MIA
25770,Luol Deng,70.14372,43.46526,MIA
25770,Beno Udrih,52.49154,34.40305,MIA
25770,Gerald Green,82.49468,3.60503,MIA
25770,Hassan Whiteside,85.81258,16.08987,MIA
25770,Joe Johnson,81.77986,13.13655,BKN
25770,Jarrett Jack,63.73921,32.4312,BKN
25770,Thaddeus Young,82.01925,36.85252,BKN
25770,Brook Lopez,85.87871,19.08235,BKN
25770,Bojan Bogdanovic,62.14778,21.96195,BKN
25780,Ball,53.89863,32.60928,Ball
25780,Dwyane Wade,50.0743,17.72265,MIA
25780,Luol Deng,71.2475,44.32697,MIA
25780,Beno Udrih,53.67313,33.6873,MIA
25780,Gerald Green,83.68272,3.57905,MIA
25780,Hassan Whiteside,86.17519,15.545,MIA
25780,Joe Johnson,82.2542,13.96764,BKN
25780,Jarrett Jack,63.41928,32.1782,BKN
25780,Thaddeus Young,81.70739,37.27145,BKN
25780,Brook Lopez,86.09936,17.95035,BKN
25780,Bojan Bogdanovic,62.68576,20.38018,BKN
25800,Ball,55.04724,31.39035,Ball
25800,Dwyane Wade,54.22777,12.29433,MIA
25800,Luol Deng,72.81482,46.117,MIA
25800,Beno Udrih,55.13946,32.31488,MIA
25800,Gerald Green,86.11312,2.17623,MIA
25800,Hassan Whiteside,85.80819,15.68782,MIA
25800,Joe Johnson,83.53806,14.14852,BKN
25800,Jarrett Jack,63.36577,31.05089,BKN
25800,Thaddeus Young,79.86082,38.46904,BKN
25800,Brook Lopez,86.10645,18.11035,BKN
25800,Bojan Bogdanovic,66.01815,16.80955,BKN
25810,Ball,54.77713,30.57697,Ball
25810,Dwyane Wade,55.66726,10.1833,MIA
25810,Luol Deng,73.99618,47.071,MIA
25810,Beno Udrih,55.6942,31.70574,MIA
25810,Gerald Green,87.26986,1.6881300000000001,MIA
25810,Hassan Whiteside,83.83455,16.40399,MIA
25810,Joe Johnson,83.70219,14.27661,BKN
25810,Jarrett Jack,63.22422,30.74362,BKN
25810,Thaddeus Young,79.16733,38.61709,BKN
25810,Brook Lopez,85.07099,18.51555,BKN
25810,Bojan Bogdanovic,67.56343,15.70314,BKN
25820,Ball,54.67526,29.716,Ball
25820,Dwyane Wade,56.9248,8.59087,MIA
25820,Luol Deng,75.48871,48.37405,MIA
25820,Beno Udrih,56.53622,30.42194,MIA
25820,Gerald Green,88.1874,1.52201,MIA
25820,Hassan Whiteside,80.24546,17.36192,MIA
25820,Joe Johnson,83.71248,14.38128,BKN
25820,Jarrett Jack,63.09682,30.01373,BKN
25820,Thaddeus Young,78.83946,38.93569,BKN
25820,Brook Lopez,81.99076,20.10984,BKN
25820,Bojan Bogdanovic,69.17651,14.28173,BKN
