58130,Ball,19.33107,19.3924,Ball
58130,Ed Davis,65.79838,37.92677,POR
58130,Damian Lillard,18.8484,20.33756,POR
58130,Allen Crabbe,78.48582,41.6136,POR
58130,Meyers Leonard,88.21828,1.80865,POR
58130,Maurice Harkless,19.47106,27.7148,POR
58130,Anthony Tolliver,86.14637,10.57129,DET
58130,Aron Baynes,74.39444,32.17223,DET
58130,Reggie Jackson,77.80692,36.37072,DET
58130,Marcus Morris,73.52754,23.23168,DET
58130,Kentavious Caldwell-Pope,48.7229,21.00214,DET
58140,Ball,23.97195,19.99159,Ball
58140,Ed Davis,65.7223,37.750280000000004,POR
58140,Damian Lillard,22.14932,20.46039,POR
58140,Allen Crabbe,79.98682,42.62071,POR
58140,Meyers Leonard,88.12387,1.76484,POR
58140,Maurice Harkless,24.99978,26.75414,POR
58140,Anthony Tolliver,86.1874,10.21656,DET
58140,Aron Baynes,73.83343,31.92357,DET
58140,Reggie Jackson,79.19383,37.57741,DET
58140,Marcus Morris,73.61346,23.21167,DET
58140,Kentavious Caldwell-Pope,50.07202,21.27901,DET
58150,Ball,26.44103,21.46698,Ball
58150,Ed Davis,65.58955,37.72319,POR
58150,Damian Lillard,25.63355,20.95356,POR
58150,Allen Crabbe,81.4231,43.34956,POR
58150,Meyers Leonard,87.94417,1.76091,POR
58150,Maurice Harkless,30.7087,25.03752,POR
58150,Anthony Tolliver,86.21822,10.15141,DET
58150,Aron Baynes,73.64599,31.552,DET
58150,Reggie Jackson,80.56059,38.19263,DET
58150,Marcus Morris,73.64258,22.32194,DET
58150,Kentavious Caldwell-Pope,51.69219,21.63925,DET
58160,Ball,29.69751,22.14148,Ball
58160,Ed Davis,65.46219,37.56211,POR
58160,Damian Lillard,29.11561,21.3591,POR
58160,Allen Crabbe,82.76021,44.07255,POR
58160,Meyers Leonard,88.04815,2.05544,POR
58160,Maurice Harkless,36.04404,22.8169,POR
58160,Anthony Tolliver,86.06451,10.33262,DET
58160,Aron Baynes,73.3556,31.15311,DET
58160,Reggie Jackson,81.92758,38.18786,DET
58160,Marcus Morris,73.36519,21.22312,DET
58160,Kentavious Caldwell-Pope,53.33332,21.99507,DET
58170,Ball,34.35402,22.12739,Ball
58170,Ed Davis,65.1262,36.92902,POR
58170,Damian Lillard,32.42161,21.42631,POR
58170,Allen Crabbe,83.59404,44.91896,POR
58170,Meyers Leonard,88.16247,2.21647,POR
58170,Maurice Harkless,41.03465,20.20767,POR
58170,Anthony Tolliver,85.93741,10.10954,DET
58170,Aron Baynes,73.54263,31.56746,DET
58170,Reggie Jackson,82.96919,38.2061,DET
58170,Marcus Morris,72.99984,20.02987,DET
58170,Kentavious Caldwell-Pope,54.79875,22.24202,DET
58180,Ball,37.04537,20.8569,Ball
58180,Ed Davis,64.89312,36.6824,POR
58180,Damian Lillard,35.81333,21.45178,POR
58180,Allen Crabbe,83.66113,45.51431,POR
58180,Meyers Leonard,88.15992,2.28932,POR
58180,Maurice Harkless,45.7076,17.38294,POR
58180,Anthony Tolliver,85.52601,9.87027,DET
58180,Aron Baynes,73.70876,31.77697,DET
58180,Reggie Jackson,83.46429,38.53113,DET
58180,Marcus Morris,72.86525,18.4317,DET
58180,Kentavious Caldwell-Pope,55.51316,22.97542,DET
58190,Ball,39.82376,20.61317,Ball
58190,Ed Davis,65.01875,36.73916,POR
58190,Damian Lillard,38.80969,21.64442,POR
58190,Allen Crabbe,83.38082,45.66425,POR
58190,Meyers Leonard,87.8141,1.8759700000000001,POR
58190,Maurice Harkless,49.8342,14.50768,POR
58190,Anthony Tolliver,85.53243,9.98278,DET
58190,Aron Baynes,73.72279,31.71165,DET
58190,Reggie Jackson,83.77594,38.97458,DET
58190,Marcus Morris,72.87428,16.78608,DET
58190,Kentavious Caldwell-Pope,55.49936,23.47268,DET
58200,Ball,42.45361,20.80639,Ball
58200,Ed Davis,65.34889,37.01581,POR
58200,Damian Lillard,41.31831,21.91111,POR
58200,Allen Crabbe,83.08702,45.65107,POR
58200,Meyers Leonard,87.41327,1.36724,POR
58200,Maurice Harkless,53.5114,11.92891,POR
58200,Anthony Tolliver,85.69194,10.05567,DET
58200,Aron Baynes,73.8047,31.718890000000002,DET
58200,Reggie Jackson,83.57389,39.24119,DET
58200,Marcus Morris,72.56983,15.15913,DET
58200,Kentavious Caldwell-Pope,55.61886,23.24635,DET
58210,Ball,44.03991,20.71358,Ball
58210,Ed Davis,65.7893,37.09309,POR
58210,Damian Lillard,43.74875,21.6473,POR
58210,Allen Crabbe,82.73052,45.34323,POR
58210,Meyers Leonard,87.99199,1.55587,POR
58210,Maurice Harkless,56.79349,9.65556,POR
58210,Anthony Tolliver,85.82974,10.19186,DET
58210,Aron Baynes,74.05537,31.44466,DET
58210,Reggie Jackson,83.28296,39.23285,DET
58210,Marcus Morris,72.44912,13.53143,DET
58210,Kentavious Caldwell-Pope,56.17344,23.11745,DET
58220,Ball,46.67888,20.97328,Ball
58220,Ed Davis,66.40228,36.94076,POR
58220,Damian Lillard,45.69094,21.71609,POR
58220,Allen Crabbe,82.16032,44.69127,POR
58220,Meyers Leonard,88.12264,1.57502,POR
58220,Maurice Harkless,59.69489,7.97265,POR
58220,Anthony Tolliver,85.92592,10.31127,DET
58220,Aron Baynes,74.54577,31.62419,DET
58220,Reggie Jackson,82.89523,39.18961,DET
58220,Marcus Morris,72.22603,12.0724,DET
58220,Kentavious Caldwell-Pope,56.74007,22.95058,DET
58230,Ball,47.31718,20.30387,Ball
58230,Ed Davis,66.94347,37.08779,POR
58230,Damian Lillard,47.47676,21.66754,POR
58230,Allen Crabbe,80.57752,43.94458,POR
58230,Meyers Leonard,88.02526,1.5117,POR
58230,Maurice Harkless,62.29165,6.78721,POR
58230,Anthony Tolliver,86.09044,10.3958,DET
58230,Aron Baynes,75.01862,31.52065,DET
58230,Reggie Jackson,82.24453,39.48628,DET
58230,Marcus Morris,72.27257,10.877320000000001,DET
58230,Kentavious Caldwell-Pope,57.35519,22.59089,DET
58240,Ball,49.78203,20.20713,Ball
58240,Ed Davis,67.75591,37.09355,POR
58240,Damian Lillard,49.38045,21.51033,POR
58240,Allen Crabbe,77.09334,42.88474,POR
58240,Meyers Leonard,88.13271,1.54188,POR
58240,Maurice Harkless,64.26342,6.13861,POR
58240,Anthony Tolliver,86.19411,10.43658,DET
58240,Aron Baynes,75.42877,31.45927,DET
58240,Reggie Jackson,80.5144,39.19355,DET
58240,Marcus Morris,72.85955,10.24379,DET
58240,Kentavious Caldwell-Pope,57.97458,22.67669,DET
58250,Ball,51.37278,22.05391,Ball
58250,Ed Davis,69.54216,37.05928,POR
58250,Damian Lillard,50.92056,21.99172,POR
58250,Allen Crabbe,72.69317,41.31288,POR
58250,Meyers Leonard,88.12979,1.5113699999999999,POR
58250,Maurice Harkless,66.10274,5.85346,POR
58250,Anthony Tolliver,86.21765,10.55848,DET
58250,Aron Baynes,75.75448,31.4149,DET
58250,Reggie Jackson,77.42157,37.81819,DET
58250,Marcus Morris,73.27596,10.33814,DET
58250,Kentavious Caldwell-Pope,58.61793,22.77856,DET
58260,Ball,51.60585,24.49276,Ball
58260,Ed Davis,72.79687,37.0056,POR
58260,Damian Lillard,52.60647,23.4459,POR
58260,Allen Crabbe,67.38233,38.51386,POR
58260,Meyers Leonard,88.12289,1.45417,POR
58260,Maurice Harkless,67.87553,5.73222,POR
58260,Anthony Tolliver,86.25454,10.3626,DET
58260,Aron Baynes,76.41297,31.80351,DET
58260,Reggie Jackson,74.08494,35.09323,DET
58260,Marcus Morris,73.72363,10.42498,DET
58260,Kentavious Caldwell-Pope,59.24766,23.58521,DET
58270,Ball,57.58039,30.89307,Ball
58270,Ed Davis,76.39239,36.72004,POR
58270,Damian Lillard,54.38662,26.533360000000002,POR
58270,Allen Crabbe,62.4128,35.08319,POR
58270,Meyers Leonard,88.11246,1.425,POR
58270,Maurice Harkless,69.00915,5.9490300000000005,POR
58270,Anthony Tolliver,86.34594,10.42215,DET
58270,Aron Baynes,78.01604,33.03158,DET
58270,Reggie Jackson,70.96943,32.41592,DET
58270,Marcus Morris,74.59606,11.18423,DET
58270,Kentavious Caldwell-Pope,59.94509,26.11628,DET
58280,Ball,57.44666,32.69651,Ball
58280,Ed Davis,77.81791,36.75999,POR
58280,Damian Lillard,55.95198,30.33559,POR
58280,Allen Crabbe,59.09868,31.97048,POR
58280,Meyers Leonard,88.09303,1.47783,POR
58280,Maurice Harkless,69.88044,6.28534,POR
58280,Anthony Tolliver,86.51324,11.37239,DET
58280,Aron Baynes,79.16989,33.73277,DET
58280,Reggie Jackson,68.68382,30.12481,DET
58280,Marcus Morris,75.29615,12.28311,DET
58280,Kentavious Caldwell-Pope,60.89153,29.58555,DET
58290,Ball,57.49405,35.13742,Ball
58290,Ed Davis,75.23512,37.37966,POR
58290,Damian Lillard,57.25277,34.42601,POR
58290,Allen Crabbe,57.62613,28.52913,POR
58290,Meyers Leonard,87.4352,1.40225,POR
58290,Maurice Harkless,70.68273,6.70614,POR
58290,Anthony Tolliver,86.80184,11.83722,DET
58290,Aron Baynes,78.79117,33.64458,DET
58290,Reggie Jackson,67.712,28.18578,DET
58290,Marcus Morris,75.48729,13.25224,DET
58290,Kentavious Caldwell-Pope,62.84735,32.85836,DET
58300,Ball,59.57391,39.70575,Ball
58300,Ed Davis,71.85103,38.1693,POR
58300,Damian Lillard,59.40015,38.02043,POR
58300,Allen Crabbe,57.5154,24.83534,POR
58300,Meyers Leonard,87.19824,1.48858,POR
58300,Maurice Harkless,71.37794,7.01282,POR
58300,Anthony Tolliver,86.52097,12.1222,DET
58300,Aron Baynes,77.46498,34.63559,DET
58300,Reggie Jackson,67.52668,26.40384,DET
58300,Marcus Morris,75.86673,14.28057,DET
58300,Kentavious Caldwell-Pope,65.12833,35.65247,DET
58310,Ball,63.63769,43.25598,Ball
58310,Ed Davis,69.73017,40.00721,POR
58310,Damian Lillard,63.05175,41.60248,POR
58310,Allen Crabbe,58.49843,21.83604,POR
58310,Meyers Leonard,87.38722,1.9353600000000002,POR
58310,Maurice Harkless,71.73675,7.58546,POR
58310,Anthony Tolliver,86.18541,12.84023,DET
58310,Aron Baynes,76.53773,36.66836,DET
58310,Reggie Jackson,68.12869,24.33287,DET
58310,Marcus Morris,76.7074,15.43056,DET
58310,Kentavious Caldwell-Pope,67.59025,38.69933,DET
58320,Ball,68.45609,46.56833,Ball
58320,Ed Davis,69.62545,41.08034,POR
58320,Damian Lillard,68.39067,44.60891,POR
58320,Allen Crabbe,59.54301,20.33608,POR
58320,Meyers Leonard,87.39873,2.45804,POR
58320,Maurice Harkless,71.99191,8.21615,POR
58320,Anthony Tolliver,86.17082,14.12079,DET
58320,Aron Baynes,77.15037,38.672,DET
58320,Reggie Jackson,69.06471,22.86036,DET
58320,Marcus Morris,77.81275,15.97928,DET
58320,Kentavious Caldwell-Pope,69.27762,42.10308,DET
58330,Ball,75.86107,47.6326,Ball
58330,Ed Davis,71.36904,40.3911,POR
58330,Damian Lillard,74.13282,46.39786,POR
58330,Allen Crabbe,60.09522,19.45278,POR
58330,Meyers Leonard,87.47059,2.06148,POR
58330,Maurice Harkless,72.35468,8.58919,POR
58330,Anthony Tolliver,86.64767,15.50729,DET
58330,Aron Baynes,79.29584,39.82312,DET
58330,Reggie Jackson,69.87736,22.50104,DET
58330,Marcus Morris,79.06691,16.37512,DET
58330,Kentavious Caldwell-Pope,71.90156,44.0604,DET
58340,Ball,80.74291,47.63935,Ball
58340,Ed Davis,74.15357,37.22628,POR
58340,Damian Lillard,79.63493,46.45964,POR
58340,Allen Crabbe,60.4315,20.17646,POR
58340,Meyers Leonard,87.45829,1.80788,POR
58340,Maurice Harkless,72.98815,9.0626,POR
58340,Anthony Tolliver,87.18463,17.32199,DET
58340,Aron Baynes,82.09399,40.16949,DET
58340,Reggie Jackson,70.07441,22.5876,DET
58340,Marcus Morris,80.21756,16.94248,DET
58340,Kentavious Caldwell-Pope,75.89021,44.92845,DET
58350,Ball,85.75475,45.13004,Ball
58350,Ed Davis,78.12556,33.3158,POR
58350,Damian Lillard,84.39555,44.35703,POR
58350,Allen Crabbe,60.86252,22.92847,POR
58350,Meyers Leonard,87.45357,1.8352,POR
58350,Maurice Harkless,73.9235,9.87418,POR
58350,Anthony Tolliver,87.80851,18.87582,DET
58350,Aron Baynes,84.58237,38.19072,DET
58350,Reggie Jackson,70.04011,24.06386,DET
58350,Marcus Morris,81.07728,17.663240000000002,DET
58350,Kentavious Caldwell-Pope,80.96271,44.0774,DET
58360,Ball,88.71347,39.84597,Ball
58360,Ed Davis,82.64751,29.80863,POR
58360,Damian Lillard,88.13289,40.42184,POR
58360,Allen Crabbe,61.609,26.60226,POR
58360,Meyers Leonard,87.71896,1.82281,POR
58360,Maurice Harkless,74.64251,10.70018,POR
58360,Anthony Tolliver,87.94497,19.16312,DET
58360,Aron Baynes,86.253,34.32437,DET
58360,Reggie Jackson,69.58656,26.35634,DET
58360,Marcus Morris,81.25183,17.7335,DET
58360,Kentavious Caldwell-Pope,85.9335,40.6152,DET
58370,Ball,93.94451,35.10804,Ball
58370,Ed Davis,85.96203,26.86986,POR
58370,Damian Lillard,89.20185,36.06816,POR
58370,Allen Crabbe,62.90809,30.27507,POR
58370,Meyers Leonard,87.99519,1.75486,POR
58370,Maurice Harkless,75.06919,11.68824,POR
58370,Anthony Tolliver,88.17367,18.66839,DET
58370,Aron Baynes,87.69279,29.4522,DET
58370,Reggie Jackson,70.20095,28.78738,DET
58370,Marcus Morris,81.32025,17.42992,DET
58370,Kentavious Caldwell-Pope,88.82056,36.21239,DET
