16310,Ball,4.1085,22.67585,Ball
16310,Ed Davis,8.13565,29.90898,POR
16310,Damian Lillard,32.38503,45.63871,POR
16310,Allen Crabbe,41.48399,12.63392,POR
16310,Maurice Harkless,22.03256,4.78856,POR
16310,Noah Vonleh,9.03979,19.04305,POR
16310,Steve Blake,20.98293,39.84319,DET
16310,Anthony Tolliver,5.40123,21.09653,DET
16310,Marcus Morris,9.94904,17.05546,DET
16310,Andre Drummond,8.08481,30.56613,DET
16310,Stanley Johnson,14.98678,24.70529,DET
16320,Ball,4.82218,22.77511,Ball
16320,Ed Davis,9.99815,29.81539,POR
16320,Damian Lillard,36.10318,44.20197,POR
16320,Allen Crabbe,44.27692,14.63787,POR
16320,Maurice Harkless,26.64479,6.07094,POR
16320,Noah Vonleh,12.73938,19.73953,POR
16320,Steve Blake,20.23832,39.49987,DET
16320,Anthony Tolliver,4.29771,21.67144,DET
16320,Marcus Morris,12.52632,17.04044,DET
16320,Andre Drummond,9.75096,31.08936,DET
16320,Stanley Johnson,16.8662,27.18593,DET
16330,Ball,1.56676,22.49093,Ball
16330,Ed Davis,12.38142,29.79382,POR
16330,Damian Lillard,39.67656,42.36697,POR
16330,Allen Crabbe,47.04936,16.99346,POR
16330,Maurice Harkless,31.51043,7.02681,POR
16330,Noah Vonleh,17.06666,20.7794,POR
16330,Steve Blake,18.78851,39.67244,DET
16330,Anthony Tolliver,1.34288,21.87095,DET
16330,Marcus Morris,16.05072,16.70327,DET
16330,Andre Drummond,11.37643,31.29003,DET
16330,Stanley Johnson,20.4979,28.52412,DET
16350,Ball,3.87522,27.01846,Ball
16350,Ed Davis,19.69185,30.206,POR
16350,Damian Lillard,46.68722,38.41771,POR
16350,Allen Crabbe,51.76467,22.34052,POR
16350,Maurice Harkless,41.4601,8.21785,POR
16350,Noah Vonleh,28.0573,22.22334,POR
16350,Steve Blake,16.85718,40.28432,DET
16350,Anthony Tolliver,-1.11509,22.28295,DET
16350,Marcus Morris,24.20879,17.59444,DET
16350,Andre Drummond,16.50253,32.27093,DET
16350,Stanley Johnson,29.15606,27.56167,DET
16360,Ball,13.27439,35.21169,Ball
16360,Ed Davis,24.83537,30.49405,POR
16360,Damian Lillard,49.63274,36.75352,POR
16360,Allen Crabbe,54.10911,23.94149,POR
16360,Maurice Harkless,46.19504,9.24418,POR
16360,Noah Vonleh,33.64433,21.98637,POR
16360,Steve Blake,17.72439,40.34261,DET
16360,Anthony Tolliver,0.90919,22.24163,DET
16360,Marcus Morris,29.01818,18.89404,DET
16360,Andre Drummond,20.19843,32.82313,DET
16360,Stanley Johnson,33.08987,25.74557,DET
16370,Ball,19.99302,39.80805,Ball
16370,Ed Davis,30.04749,30.76492,POR
16370,Damian Lillard,52.2776,35.42993,POR
16370,Allen Crabbe,56.6387,23.81528,POR
16370,Maurice Harkless,50.72275,11.13099,POR
16370,Noah Vonleh,39.10183,21.28976,POR
16370,Steve Blake,19.93979,40.75655,DET
16370,Anthony Tolliver,4.9503,21.92408,DET
16370,Marcus Morris,34.22165,20.38691,DET
16370,Andre Drummond,24.48269,33.21598,DET
16370,Stanley Johnson,37.11848,23.18827,DET
16380,Ball,24.30307,41.21697,Ball
16380,Ed Davis,35.32062,30.978,POR
16380,Damian Lillard,54.87668,35.02046,POR
16380,Allen Crabbe,59.36562,22.47753,POR
16380,Maurice Harkless,54.83597,13.97723,POR
16380,Noah Vonleh,44.04843,20.97755,POR
16380,Steve Blake,23.03992,41.12361,DET
16380,Anthony Tolliver,9.93809,22.02339,DET
16380,Marcus Morris,39.42352,22.0691,DET
16380,Andre Drummond,28.8634,32.99321,DET
16380,Stanley Johnson,41.05161,20.05572,DET
16390,Ball,27.73869,41.89103,Ball
16390,Ed Davis,40.55901,31.17732,POR
16390,Damian Lillard,57.32642,34.86167,POR
16390,Allen Crabbe,62.21131,20.80895,POR
16390,Maurice Harkless,58.63065,17.44014,POR
16390,Noah Vonleh,48.3996,21.24532,POR
16390,Steve Blake,26.97629,40.98656,DET
16390,Anthony Tolliver,15.56633,22.41738,DET
16390,Marcus Morris,44.59856,24.03292,DET
16390,Andre Drummond,33.73361,32.08818,DET
16390,Stanley Johnson,45.41861,16.55114,DET
16400,Ball,32.29388,41.19537,Ball
16400,Ed Davis,45.6772,31.38038,POR
16400,Damian Lillard,59.42626,34.79765,POR
16400,Allen Crabbe,64.8974,18.57553,POR
16400,Maurice Harkless,61.97929,21.08887,POR
16400,Noah Vonleh,52.20457,21.58091,POR
16400,Steve Blake,30.9015,40.53784,DET
16400,Anthony Tolliver,21.49092,22.64037,DET
16400,Marcus Morris,49.97846,26.237,DET
16400,Andre Drummond,38.45237,31.42144,DET
16400,Stanley Johnson,49.57869,13.10881,DET
16410,Ball,35.64159,40.7262,Ball
16410,Ed Davis,50.64296,31.36472,POR
16410,Damian Lillard,61.10102,34.94713,POR
16410,Allen Crabbe,67.16701,16.03728,POR
16410,Maurice Harkless,65.22059,24.52108,POR
16410,Noah Vonleh,55.41789,21.86317,POR
16410,Steve Blake,34.82105,39.96171,DET
16410,Anthony Tolliver,27.84557,22.37929,DET
16410,Marcus Morris,55.50047,28.65361,DET
16410,Andre Drummond,43.063,30.89163,DET
16410,Stanley Johnson,53.91472,10.15278,DET
16420,Ball,40.19302,38.73489,Ball
16420,Ed Davis,55.42168,30.9374,POR
16420,Damian Lillard,62.35555,34.80608,POR
16420,Allen Crabbe,69.32619,14.15487,POR
16420,Maurice Harkless,68.44735,27.44471,POR
16420,Noah Vonleh,58.03667,22.14992,POR
16420,Steve Blake,38.60793,38.79954,DET
16420,Anthony Tolliver,34.23445,21.94872,DET
16420,Marcus Morris,60.6685,31.21114,DET
16420,Andre Drummond,47.38372,30.38792,DET
16420,Stanley Johnson,58.27134,7.50659,DET
16430,Ball,42.17404,35.20092,Ball
16430,Ed Davis,59.7174,30.0753,POR
16430,Damian Lillard,63.41483,34.36808,POR
16430,Allen Crabbe,71.47303,13.15247,POR
16430,Maurice Harkless,71.52897,30.22667,POR
16430,Noah Vonleh,60.21912,22.30213,POR
16430,Steve Blake,41.68624,36.56474,DET
16430,Anthony Tolliver,40.24482,21.7475,DET
16430,Marcus Morris,65.31768,33.90433,DET
16430,Andre Drummond,51.61906,29.81894,DET
16430,Stanley Johnson,62.56357,5.53931,DET
16440,Ball,43.60103,32.21709,Ball
16440,Ed Davis,63.34002,29.21056,POR
16440,Damian Lillard,63.36223,32.9631,POR
16440,Allen Crabbe,73.89241,12.6008,POR
16440,Maurice Harkless,74.3854,32.60989,POR
16440,Noah Vonleh,62.59063,22.6862,POR
16440,Steve Blake,44.35926,33.17405,DET
16440,Anthony Tolliver,45.71154,22.77746,DET
16440,Marcus Morris,69.49569,36.96412,DET
16440,Andre Drummond,55.5223,29.6631,DET
16440,Stanley Johnson,66.37412,4.04519,DET
16450,Ball,45.9783,27.48955,Ball
16450,Ed Davis,66.72277,28.59937,POR
16450,Damian Lillard,63.57113,30.66807,POR
16450,Allen Crabbe,76.172,12.06927,POR
16450,Maurice Harkless,76.92824,34.62307,POR
16450,Noah Vonleh,64.73495,23.39486,POR
16450,Steve Blake,46.58938,29.15662,DET
16450,Anthony Tolliver,50.3511,24.68794,DET
16450,Marcus Morris,72.58484,40.10038,DET
16450,Andre Drummond,59.0446,29.58665,DET
16450,Stanley Johnson,69.31537,3.15644,DET
16460,Ball,48.47304,23.74886,Ball
16460,Ed Davis,69.42236,28.41073,POR
16460,Damian Lillard,63.40809,27.29799,POR
16460,Allen Crabbe,77.91218,11.57089,POR
16460,Maurice Harkless,79.20653,36.04875,POR
16460,Noah Vonleh,66.48006,24.25821,POR
16460,Steve Blake,48.95238,24.93784,DET
16460,Anthony Tolliver,54.08529,26.86146,DET
16460,Marcus Morris,75.17186,42.6858,DET
16460,Andre Drummond,61.9472,29.5873,DET
16460,Stanley Johnson,70.77639,2.27862,DET
16470,Ball,51.84327,19.31507,Ball
16470,Ed Davis,71.87446,27.80977,POR
16470,Damian Lillard,64.25189,23.84312,POR
16470,Allen Crabbe,78.89709,11.10749,POR
16470,Maurice Harkless,81.29857,36.69987,POR
16470,Noah Vonleh,68.00018,25.34426,POR
16470,Steve Blake,51.6832,21.13809,DET
16470,Anthony Tolliver,56.74856,28.68074,DET
16470,Marcus Morris,77.09512,44.67403,DET
16470,Andre Drummond,64.38952,30.28603,DET
16470,Stanley Johnson,71.0696,2.29767,DET
16480,Ball,55.55235,17.11598,Ball
16480,Ed Davis,73.95768,26.61707,POR
16480,Damian Lillard,65.18955,20.80934,POR
16480,Allen Crabbe,78.78106,10.76249,POR
16480,Maurice Harkless,83.10332,36.9982,POR
16480,Noah Vonleh,68.44792,26.327,POR
16480,Steve Blake,54.96793,17.90062,DET
16480,Anthony Tolliver,58.56821,29.60447,DET
16480,Marcus Morris,79.12581,46.12117,DET
16480,Andre Drummond,66.63046,30.86924,DET
16480,Stanley Johnson,70.93666,2.56486,DET
16490,Ball,59.56972,13.81388,Ball
16490,Ed Davis,75.84011,25.679380000000002,POR
16490,Damian Lillard,66.64516,18.36711,POR
16490,Allen Crabbe,78.00225,10.81646,POR
16490,Maurice Harkless,84.30494,37.41182,POR
16490,Noah Vonleh,68.22427,26.77578,POR
16490,Steve Blake,58.69839,15.348230000000001,DET
16490,Anthony Tolliver,59.21756,29.6342,DET
16490,Marcus Morris,80.67186,46.99394,DET
16490,Andre Drummond,68.51984,31.50085,DET
16490,Stanley Johnson,71.32191,2.7565,DET
16500,Ball,63.30135,11.89989,Ball
16500,Ed Davis,77.67487,24.56185,POR
16500,Damian Lillard,68.67187,16.8775,POR
16500,Allen Crabbe,76.94865,10.85387,POR
16500,Maurice Harkless,85.28985,37.39936,POR
16500,Noah Vonleh,67.58428,27.16432,POR
16500,Steve Blake,63.16611,12.79668,DET
16500,Anthony Tolliver,59.52289,29.06143,DET
16500,Marcus Morris,81.45162,47.6736,DET
16500,Andre Drummond,70.35824,32.2835,DET
16500,Stanley Johnson,71.50312,3.20726,DET
16510,Ball,68.21585,7.13137,Ball
16510,Ed Davis,79.34567,23.93405,POR
16510,Damian Lillard,71.22513,15.72045,POR
16510,Allen Crabbe,75.33206,11.02232,POR
16510,Maurice Harkless,86.07462,37.22098,POR
16510,Noah Vonleh,67.42744,27.26882,POR
16510,Steve Blake,67.86307,10.33032,DET
16510,Anthony Tolliver,59.94237,28.4725,DET
16510,Marcus Morris,81.97347,47.92954,DET
16510,Andre Drummond,71.61593,32.66819,DET
16510,Stanley Johnson,70.22455,4.57909,DET
16520,Ball,67.33307,7.63081,Ball
16520,Ed Davis,80.20356,24.91429,POR
16520,Damian Lillard,74.09613,14.49552,POR
16520,Allen Crabbe,72.85717,11.62288,POR
16520,Maurice Harkless,86.25785,37.33335,POR
16520,Noah Vonleh,67.66309,26.47999,POR
16520,Steve Blake,71.81512,7.88806,DET
16520,Anthony Tolliver,60.37626,27.58959,DET
16520,Marcus Morris,82.17993,47.93396,DET
16520,Andre Drummond,72.42465,32.8512,DET
16520,Stanley Johnson,68.44014,7.14356,DET
16530,Ball,64.98648,11.95351,Ball
16530,Ed Davis,80.73412,26.31918,POR
16530,Damian Lillard,76.74477,13.690760000000001,POR
16530,Allen Crabbe,71.29646,13.40251,POR
16530,Maurice Harkless,86.0067,37.46913,POR
16530,Noah Vonleh,67.5186,25.2792,POR
16530,Steve Blake,74.99501,5.63105,DET
16530,Anthony Tolliver,60.22365,25.29938,DET
16530,Marcus Morris,82.31354,47.90066,DET
16530,Andre Drummond,73.27669,33.22316,DET
16530,Stanley Johnson,66.68244,11.22312,DET
16540,Ball,61.67517,16.30798,Ball
16540,Ed Davis,80.4234,27.10663,POR
16540,Damian Lillard,78.97691,12.941980000000001,POR
16540,Allen Crabbe,70.40557,16.53817,POR
16540,Maurice Harkless,85.61453,37.55718,POR
16540,Noah Vonleh,67.00859,23.73383,POR
16540,Steve Blake,76.48695,3.70465,DET
16540,Anthony Tolliver,60.38988,21.57498,DET
16540,Marcus Morris,82.37148,48.03784,DET
16540,Andre Drummond,73.36255,33.41362,DET
16540,Stanley Johnson,65.41526,16.05372,DET
16550,Ball,61.50572,15.68765,Ball
16550,Ed Davis,79.46263,27.97986,POR
16550,Damian Lillard,79.98307,12.35153,POR
16550,Allen Crabbe,70.5704,20.12353,POR
16550,Maurice Harkless,85.26945,38.20776,POR
16550,Noah Vonleh,68.02416,21.04773,POR
16550,Steve Blake,76.54295,2.9606,DET
16550,Anthony Tolliver,62.19871,17.790680000000002,DET
16550,Marcus Morris,82.12579,48.27345,DET
16550,Andre Drummond,73.1582,33.2991,DET
16550,Stanley Johnson,65.34339,21.21104,DET
16560,Ball,72.29151,5.9864,Ball
16560,Ed Davis,79.03337,28.83591,POR
16560,Damian Lillard,79.52264,11.19063,POR
16560,Allen Crabbe,70.70704,23.54457,POR
16560,Maurice Harkless,84.80854,38.82585,POR
16560,Noah Vonleh,69.87439,18.094,POR
16560,Steve Blake,75.5328,3.03486,DET
16560,Anthony Tolliver,65.36825,14.59934,DET
16560,Marcus Morris,81.88161,48.40053,DET
16560,Andre Drummond,73.02358,33.12194,DET
16560,Stanley Johnson,65.51022,26.07145,DET
16570,Ball,74.12797,3.9725800000000002,Ball
16570,Ed Davis,79.28451,29.23747,POR
16570,Damian Lillard,77.90341,9.61782,POR
16570,Allen Crabbe,70.74736,26.31375,POR
16570,Maurice Harkless,84.65806,39.26205,POR
16570,Noah Vonleh,72.91735,16.11283,POR
16570,Steve Blake,74.21259,3.68066,DET
16570,Anthony Tolliver,69.43314,12.58661,DET
16570,Marcus Morris,82.00538,48.41756,DET
16570,Andre Drummond,73.45387,32.78134,DET
16570,Stanley Johnson,65.09357,29.84511,DET
16580,Ball,70.09602,6.24191,Ball
16580,Ed Davis,79.9094,29.13794,POR
16580,Damian Lillard,76.51165,9.19964,POR
16580,Allen Crabbe,71.0002,27.33655,POR
16580,Maurice Harkless,85.05955,39.6587,POR
16580,Noah Vonleh,74.64601,15.34198,POR
16580,Steve Blake,71.73465,5.53603,DET
16580,Anthony Tolliver,72.55566,10.97476,DET
16580,Marcus Morris,82.16552,48.40479,DET
16580,Andre Drummond,73.89764,31.78386,DET
16580,Stanley Johnson,63.2535,32.10556,DET
16590,Ball,67.89374,8.66193,Ball
16590,Ed Davis,79.95593,28.77627,POR
16590,Damian Lillard,76.06838,10.65055,POR
16590,Allen Crabbe,70.92455,27.59447,POR
16590,Maurice Harkless,85.26994,39.37423,POR
16590,Noah Vonleh,73.66229,15.60774,POR
16590,Steve Blake,69.31058,8.26788,DET
16590,Anthony Tolliver,74.70562,9.48139,DET
16590,Marcus Morris,82.26647,48.29285,DET
16590,Andre Drummond,74.88603,29.47756,DET
16590,Stanley Johnson,61.57314,33.71971,DET
16600,Ball,66.35281,11.979140000000001,Ball
16600,Ed Davis,79.99603,26.5933,POR
16600,Damian Lillard,76.50181,11.71589,POR
16600,Allen Crabbe,70.06762,28.13469,POR
16600,Maurice Harkless,85.16961,38.90646,POR
16600,Noah Vonleh,71.51783,14.0988,POR
16600,Steve Blake,67.07934,10.4316,DET
16600,Anthony Tolliver,76.48133,7.26607,DET
16600,Marcus Morris,82.27192,48.30956,DET
16600,Andre Drummond,77.23128,27.08788,DET
16600,Stanley Johnson,60.21837,34.49469,DET
16610,Ball,64.2131,12.25044,Ball
16610,Ed Davis,80.71904,23.55996,POR
16610,Damian Lillard,77.95034,11.37095,POR
16610,Allen Crabbe,69.54945,28.52397,POR
16610,Maurice Harkless,84.88635,38.79362,POR
16610,Noah Vonleh,69.88697,13.45256,POR
16610,Steve Blake,64.58865,11.24989,DET
16610,Anthony Tolliver,79.28084,4.91034,DET
16610,Marcus Morris,82.20891,48.28645,DET
16610,Andre Drummond,79.13343,25.83386,DET
16610,Stanley Johnson,58.53985,34.15523,DET
16620,Ball,62.10978,13.2494,Ball
16620,Ed Davis,80.81607,22.37402,POR
16620,Damian Lillard,79.7079,10.76916,POR
16620,Allen Crabbe,69.09001,29.41038,POR
16620,Maurice Harkless,84.21122,38.31726,POR
16620,Noah Vonleh,68.92378,14.71219,POR
16620,Steve Blake,62.50551,12.66533,DET
16620,Anthony Tolliver,82.78291,3.9032400000000003,DET
16620,Marcus Morris,82.12715,48.32908,DET
16620,Andre Drummond,82.05374,26.36505,DET
16620,Stanley Johnson,56.80578,33.56186,DET
16630,Ball,58.9086,23.79223,Ball
16630,Ed Davis,80.88914,23.40804,POR
16630,Damian Lillard,81.80089,10.88196,POR
16630,Allen Crabbe,68.0817,30.24844,POR
16630,Maurice Harkless,83.73224,37.98791,POR
16630,Noah Vonleh,68.24012,16.36023,POR
16630,Steve Blake,61.61165,13.36063,DET
16630,Anthony Tolliver,86.39295,5.22944,DET
16630,Marcus Morris,82.08005,48.35522,DET
16630,Andre Drummond,84.06332,27.74164,DET
16630,Stanley Johnson,55.42284,32.98523,DET
16640,Ball,55.88899,32.0998,Ball
16640,Ed Davis,81.63933,24.90753,POR
16640,Damian Lillard,84.10229,12.08083,POR
16640,Allen Crabbe,66.78116,30.77844,POR
16640,Maurice Harkless,83.51969,38.35308,POR
16640,Noah Vonleh,68.39567,17.33026,POR
16640,Steve Blake,62.28113,12.45863,DET
16640,Anthony Tolliver,89.13594,7.64253,DET
16640,Marcus Morris,81.8213,48.37111,DET
16640,Andre Drummond,84.33345,29.19859,DET
16640,Stanley Johnson,54.83739,32.73028,DET
16650,Ball,54.77787,31.62243,Ball
16650,Ed Davis,81.60725,27.37479,POR
16650,Damian Lillard,85.72437,13.92036,POR
16650,Allen Crabbe,65.73817,30.86826,POR
16650,Maurice Harkless,82.8459,38.94023,POR
16650,Noah Vonleh,69.82369,18.02094,POR
16650,Steve Blake,63.8532,11.45751,DET
16650,Anthony Tolliver,90.53169,9.202960000000001,DET
16650,Marcus Morris,81.3702,48.4418,DET
16650,Andre Drummond,82.0963,30.98688,DET
16650,Stanley Johnson,54.64577,32.34953,DET
16660,Ball,55.64279,31.39804,Ball
16660,Ed Davis,80.57894,29.19828,POR
16660,Damian Lillard,86.48382,15.34094,POR
16660,Allen Crabbe,65.07069,30.48113,POR
16660,Maurice Harkless,82.26368,39.29589,POR
16660,Noah Vonleh,71.68389,18.21982,POR
16660,Steve Blake,65.90025,10.12237,DET
16660,Anthony Tolliver,90.8684,9.59341,DET
16660,Marcus Morris,81.67673,48.53028,DET
16660,Andre Drummond,78.21251,32.36943,DET
16660,Stanley Johnson,55.06845,32.14394,DET
16670,Ball,57.90862,33.3593,Ball
16670,Ed Davis,78.55594,30.51339,POR
16670,Damian Lillard,86.70546,15.96426,POR
16670,Allen Crabbe,64.14012,30.24387,POR
16670,Maurice Harkless,82.61668,39.51569,POR
16670,Noah Vonleh,73.23647,17.31152,POR
16670,Steve Blake,67.52517,8.56767,DET
16670,Anthony Tolliver,91.33058,9.30052,DET
16670,Marcus Morris,82.83389,48.57769,DET
16670,Andre Drummond,74.14088,32.75871,DET
16670,Stanley Johnson,56.68752,32.67931,DET
16680,Ball,59.5418,35.57473,Ball
16680,Ed Davis,76.72306,31.2204,POR
16680,Damian Lillard,87.23414,16.06567,POR
16680,Allen Crabbe,63.48998,31.45125,POR
16680,Maurice Harkless,83.74696,39.69993,POR
16680,Noah Vonleh,74.2828,16.25185,POR
16680,Steve Blake,68.77395,6.88809,DET
16680,Anthony Tolliver,91.59042,8.45727,DET
16680,Marcus Morris,84.20495,48.37318,DET
16680,Andre Drummond,70.76519,33.01679,DET
16680,Stanley Johnson,60.10362,33.67247,DET
16690,Ball,66.27345,36.96856,Ball
16690,Ed Davis,75.48607,31.91444,POR
16690,Damian Lillard,87.52903,16.25173,POR
16690,Allen Crabbe,64.96273,33.69262,POR
16690,Maurice Harkless,85.01851,39.45257,POR
16690,Noah Vonleh,75.75919,16.36988,POR
16690,Steve Blake,69.46955,6.09982,DET
16690,Anthony Tolliver,91.52368,7.0227,DET
16690,Marcus Morris,85.41889,48.14932,DET
16690,Andre Drummond,68.41571,33.74677,DET
16690,Stanley Johnson,64.87769,35.13342,DET
16700,Ball,71.27431,36.23376,Ball
16700,Ed Davis,76.49464,32.72021,POR
16700,Damian Lillard,87.40277,16.33961,POR
16700,Allen Crabbe,68.21166,36.10152,POR
16700,Maurice Harkless,86.20708,39.39033,POR
16700,Noah Vonleh,77.72749,17.19151,POR
16700,Steve Blake,69.10077,6.70714,DET
16700,Anthony Tolliver,91.52777,5.2148900000000005,DET
16700,Marcus Morris,86.27234,48.25647,DET
16700,Andre Drummond,68.06218,34.41688,DET
16700,Stanley Johnson,69.68212,35.88095,DET
16710,Ball,75.47837,36.48559,Ball
16710,Ed Davis,77.9962,33.36273,POR
16710,Damian Lillard,87.60068,15.88049,POR
16710,Allen Crabbe,70.74042,36.04724,POR
16710,Maurice Harkless,86.91155,39.20902,POR
16710,Noah Vonleh,79.79247,18.59508,POR
16710,Steve Blake,68.26049,8.17839,DET
16710,Anthony Tolliver,90.88228,3.45262,DET
16710,Marcus Morris,86.35387,48.40807,DET
16710,Andre Drummond,69.80847,34.27358,DET
16710,Stanley Johnson,74.14204,35.74763,DET
16720,Ball,79.00643,36.62961,Ball
16720,Ed Davis,79.84024,33.5091,POR
16720,Damian Lillard,87.62022,15.55385,POR
16720,Allen Crabbe,74.94089,34.61434,POR
16720,Maurice Harkless,86.94581,38.54905,POR
16720,Noah Vonleh,80.88502,19.51627,POR
16720,Steve Blake,67.28214,9.64363,DET
16720,Anthony Tolliver,89.57782,2.43436,DET
16720,Marcus Morris,86.21316,48.43373,DET
16720,Andre Drummond,71.77883,33.53346,DET
16720,Stanley Johnson,78.70993,35.5922,DET
16730,Ball,80.44965,36.64561,Ball
16730,Ed Davis,81.69861,32.45273,POR
16730,Damian Lillard,87.37386,15.01201,POR
16730,Allen Crabbe,78.1427,33.2745,POR
16730,Maurice Harkless,86.7843,38.07991,POR
16730,Noah Vonleh,79.81139,19.93317,POR
16730,Steve Blake,66.20494,10.75357,DET
16730,Anthony Tolliver,88.07222,2.02302,DET
16730,Marcus Morris,86.24998,48.28825,DET
16730,Andre Drummond,74.64809,32.06502,DET
16730,Stanley Johnson,80.58298,35.3131,DET
16740,Ball,80.83876,36.55998,Ball
16740,Ed Davis,82.46436,32.52623,POR
16740,Damian Lillard,86.95451,14.57869,POR
16740,Allen Crabbe,79.4047,33.61777,POR
16740,Maurice Harkless,86.69879,38.75392,POR
16740,Noah Vonleh,76.82833,19.65297,POR
16740,Steve Blake,64.42207,12.33031,DET
16740,Anthony Tolliver,86.55637,2.23206,DET
16740,Marcus Morris,86.25266,48.21922,DET
16740,Andre Drummond,77.92997,29.58654,DET
16740,Stanley Johnson,80.221,35.29772,DET
16750,Ball,78.55531,38.03591,Ball
16750,Ed Davis,82.72231,31.29365,POR
16750,Damian Lillard,85.78678,14.165,POR
16750,Allen Crabbe,79.72063,33.58574,POR
16750,Maurice Harkless,85.99713,40.21525,POR
16750,Noah Vonleh,73.10906,19.38253,POR
16750,Steve Blake,62.22742,15.38402,DET
16750,Anthony Tolliver,84.80342,3.15761,DET
16750,Marcus Morris,85.61912,48.20663,DET
16750,Andre Drummond,80.31005,27.19286,DET
16750,Stanley Johnson,79.15837,35.38857,DET
16760,Ball,81.50717,46.86313,Ball
16760,Ed Davis,83.03923,28.77957,POR
16760,Damian Lillard,84.05458,13.69764,POR
16760,Allen Crabbe,79.78579,34.03217,POR
16760,Maurice Harkless,84.18056,42.12437,POR
16760,Noah Vonleh,69.85041,20.61957,POR
16760,Steve Blake,60.26667,19.82178,DET
16760,Anthony Tolliver,83.58235,3.64842,DET
16760,Marcus Morris,83.873,48.47408,DET
16760,Andre Drummond,82.45674,24.8026,DET
16760,Stanley Johnson,78.01237,35.86403,DET
16770,Ball,81.18858,49.08421,Ball
16770,Ed Davis,84.20353,27.152,POR
16770,Damian Lillard,82.71664,13.12937,POR
16770,Allen Crabbe,79.40684,34.88828,POR
16770,Maurice Harkless,82.28921,43.75089,POR
16770,Noah Vonleh,67.83765,22.92689,POR
16770,Steve Blake,58.76773,24.74638,DET
16770,Anthony Tolliver,83.54145,3.14605,DET
16770,Marcus Morris,81.63391,48.43768,DET
16770,Andre Drummond,84.21046,23.13708,DET
16770,Stanley Johnson,78.04974,37.48802,DET
16780,Ball,79.41799,48.75093,Ball
16780,Ed Davis,85.56271,25.47352,POR
16780,Damian Lillard,82.31455,13.16975,POR
16780,Allen Crabbe,79.15177,35.85969,POR
16780,Maurice Harkless,80.45091,44.43281,POR
16780,Noah Vonleh,66.94021,25.57059,POR
16780,Steve Blake,57.71452,28.87029,DET
16780,Anthony Tolliver,83.6063,2.49625,DET
16780,Marcus Morris,80.29903,47.9509,DET
16780,Andre Drummond,85.88931,21.72479,DET
16780,Stanley Johnson,77.7866,39.86323,DET
16790,Ball,81.59248,47.03848,Ball
16790,Ed Davis,86.86997,23.69538,POR
16790,Damian Lillard,82.79001,13.33498,POR
16790,Allen Crabbe,78.92182,36.78042,POR
16790,Maurice Harkless,80.56201,44.11502,POR
16790,Noah Vonleh,66.48942,28.09085,POR
16790,Steve Blake,56.50543,30.43641,DET
16790,Anthony Tolliver,82.6877,2.18982,DET
16790,Marcus Morris,81.08635,46.26199,DET
16790,Andre Drummond,86.80096,20.43737,DET
16790,Stanley Johnson,77.36559,41.89152,DET
16800,Ball,86.27679,44.36128,Ball
16800,Ed Davis,87.39739,23.53409,POR
16800,Damian Lillard,83.45893,13.80705,POR
16800,Allen Crabbe,78.40777,37.62511,POR
16800,Maurice Harkless,83.25452,42.61331,POR
16800,Noah Vonleh,67.02227,28.99936,POR
16800,Steve Blake,55.96924,29.47566,DET
16800,Anthony Tolliver,81.2476,1.9929000000000001,DET
16800,Marcus Morris,84.65247,44.25763,DET
16800,Andre Drummond,86.90535,18.99677,DET
16800,Stanley Johnson,76.04556,43.57284,DET
16810,Ball,89.1297,40.85065,Ball
16810,Ed Davis,88.27406,25.45568,POR
16810,Damian Lillard,83.58344,14.26057,POR
16810,Allen Crabbe,78.43809,38.45447,POR
16810,Maurice Harkless,86.96488,39.70803,POR
16810,Noah Vonleh,68.35126,28.32313,POR
16810,Steve Blake,56.38618,27.41444,DET
16810,Anthony Tolliver,79.03703,2.86461,DET
16810,Marcus Morris,87.80638,40.27376,DET
16810,Andre Drummond,86.52171,18.0986,DET
16810,Stanley Johnson,73.87885,44.45564,DET
16820,Ball,91.46009,37.742490000000004,Ball
16820,Ed Davis,89.40243,27.65251,POR
16820,Damian Lillard,84.25395,15.48586,POR
16820,Allen Crabbe,78.06483,39.00622,POR
16820,Maurice Harkless,89.20025,35.86021,POR
16820,Noah Vonleh,70.1481,26.97336,POR
16820,Steve Blake,57.50659,25.13875,DET
16820,Anthony Tolliver,76.2128,5.39731,DET
16820,Marcus Morris,90.42441,36.95321,DET
16820,Andre Drummond,85.28708,18.61102,DET
16820,Stanley Johnson,71.76184,44.96407,DET
16830,Ball,91.79928,38.0564,Ball
16830,Ed Davis,89.96206,28.35311,POR
16830,Damian Lillard,85.59523,17.29096,POR
16830,Allen Crabbe,77.51632,39.14472,POR
16830,Maurice Harkless,90.44014,33.25905,POR
16830,Noah Vonleh,72.40279,25.78524,POR
16830,Steve Blake,58.66852,24.03173,DET
16830,Anthony Tolliver,74.50539,9.47184,DET
16830,Marcus Morris,90.61993,36.29348,DET
16830,Andre Drummond,84.23713,19.42621,DET
16830,Stanley Johnson,69.72668,45.0334,DET
16840,Ball,89.89308,38.82089,Ball
16840,Ed Davis,88.91333,28.14352,POR
16840,Damian Lillard,85.68503,19.58494,POR
16840,Allen Crabbe,77.59443,38.84371,POR
16840,Maurice Harkless,89.25165,33.55033,POR
16840,Noah Vonleh,73.65961,24.71408,POR
16840,Steve Blake,59.618430000000004,24.34784,DET
16840,Anthony Tolliver,73.70931,12.91931,DET
16840,Marcus Morris,88.9383,37.1106,DET
16840,Andre Drummond,83.59989,20.60055,DET
16840,Stanley Johnson,67.25088,45.01344,DET
16850,Ball,86.37359,39.5279,Ball
16850,Ed Davis,87.25154,27.01252,POR
16850,Damian Lillard,83.94177,22.95922,POR
16850,Allen Crabbe,77.49138,38.21705,POR
16850,Maurice Harkless,87.47065,35.19052,POR
16850,Noah Vonleh,72.9144,24.1235,POR
16850,Steve Blake,59.82644,24.43072,DET
16850,Anthony Tolliver,72.71471,12.13371,DET
16850,Marcus Morris,86.93276,38.22454,DET
16850,Andre Drummond,81.23321,22.03435,DET
16850,Stanley Johnson,64.93193,44.49017,DET
16860,Ball,85.68937,40.72017,Ball
16860,Ed Davis,85.49575,26.0701,POR
16860,Damian Lillard,82.56423,21.582160000000002,POR
16860,Allen Crabbe,76.58033,38.0074,POR
16860,Maurice Harkless,86.55728,37.17021,POR
16860,Noah Vonleh,71.31459,24.86484,POR
16860,Steve Blake,59.39202,24.05248,DET
16860,Anthony Tolliver,72.00891,9.38768,DET
16860,Marcus Morris,86.3293,39.61996,DET
16860,Andre Drummond,79.62262,22.68534,DET
16860,Stanley Johnson,63.30613,43.154,DET
16870,Ball,85.99753,38.31535,Ball
16870,Ed Davis,83.91316,26.33533,POR
16870,Damian Lillard,82.83249,19.6925,POR
16870,Allen Crabbe,75.58853,38.30081,POR
16870,Maurice Harkless,86.0128,39.39738,POR
16870,Noah Vonleh,70.95567,25.4833,POR
16870,Steve Blake,58.58328,23.62215,DET
16870,Anthony Tolliver,71.60348,6.9296,DET
16870,Marcus Morris,86.02393,41.47359,DET
16870,Andre Drummond,78.50364,22.72741,DET
16870,Stanley Johnson,62.25542,41.6237,DET
16880,Ball,86.83467,32.80835,Ball
16880,Ed Davis,83.19064,25.47339,POR
16880,Damian Lillard,84.45076,19.40032,POR
16880,Allen Crabbe,73.86412,38.58817,POR
16880,Maurice Harkless,85.44169,41.24595,POR
16880,Noah Vonleh,72.99964,26.41535,POR
16880,Steve Blake,57.51607,23.87797,DET
16880,Anthony Tolliver,70.73326,5.44852,DET
16880,Marcus Morris,85.65183,43.46365,DET
16880,Andre Drummond,78.41873,22.2726,DET
16880,Stanley Johnson,61.05056,39.87447,DET
16890,Ball,87.60846,27.442,Ball
16890,Ed Davis,81.95243,24.97851,POR
16890,Damian Lillard,86.37026,20.38465,POR
16890,Allen Crabbe,71.40846,39.08756,POR
16890,Maurice Harkless,84.29368,42.08536,POR
16890,Noah Vonleh,77.57717,27.74853,POR
16890,Steve Blake,56.26473,23.87094,DET
16890,Anthony Tolliver,68.74986,5.13535,DET
16890,Marcus Morris,85.56662,45.34277,DET
16890,Andre Drummond,78.55373,22.37765,DET
16890,Stanley Johnson,59.79012,38.33777,DET
16900,Ball,84.88067,27.02106,Ball
16900,Ed Davis,81.52735,25.7265,POR
16900,Damian Lillard,87.33179,21.89617,POR
16900,Allen Crabbe,68.52043,39.75038,POR
16900,Maurice Harkless,83.00484,42.72799,POR
16900,Noah Vonleh,82.13309,29.00154,POR
16900,Steve Blake,54.73154,23.88927,DET
16900,Anthony Tolliver,65.71546,5.82977,DET
16900,Marcus Morris,84.94934,47.1073,DET
16900,Andre Drummond,77.29182,22.58012,DET
16900,Stanley Johnson,57.91701,37.0252,DET
16910,Ball,80.61505,29.01684,Ball
16910,Ed Davis,81.68305,26.87968,POR
16910,Damian Lillard,87.62556,22.91491,POR
16910,Allen Crabbe,64.72472,40.18676,POR
16910,Maurice Harkless,80.57491,42.67662,POR
16910,Noah Vonleh,84.43062,29.5942,POR
16910,Steve Blake,52.49561,24.24322,DET
16910,Anthony Tolliver,61.85666,7.4161,DET
16910,Marcus Morris,83.56699,47.90371,DET
16910,Andre Drummond,75.31847,22.68641,DET
16910,Stanley Johnson,55.0775,36.24175,DET
16920,Ball,80.94337,32.12161,Ball
16920,Ed Davis,81.43363,29.65354,POR
16920,Damian Lillard,86.97825,23.59002,POR
16920,Allen Crabbe,59.97376,40.81454,POR
16920,Maurice Harkless,76.54109,41.91013,POR
16920,Noah Vonleh,85.02506,29.60204,POR
16920,Steve Blake,49.50371,24.80642,DET
16920,Anthony Tolliver,57.55782,9.48311,DET
16920,Marcus Morris,80.67799,47.12958,DET
16920,Andre Drummond,72.88171,22.92273,DET
16920,Stanley Johnson,51.31198,36.02654,DET
16930,Ball,80.6624,35.22555,Ball
16930,Ed Davis,80.59368,32.9973,POR
16930,Damian Lillard,85.80988,24.09389,POR
16930,Allen Crabbe,54.71458,42.0917,POR
16930,Maurice Harkless,71.23821,40.93792,POR
16930,Noah Vonleh,84.12801,29.08002,POR
16930,Steve Blake,46.07107,25.57206,DET
16930,Anthony Tolliver,52.892,11.75492,DET
16930,Marcus Morris,76.21016,45.04823,DET
16930,Andre Drummond,70.52391,23.49863,DET
16930,Stanley Johnson,46.88185,36.23752,DET
16940,Ball,79.54108,38.24766,Ball
16940,Ed Davis,79.566,36.05484,POR
16940,Damian Lillard,84.18465,24.51867,POR
16940,Allen Crabbe,48.75407,43.55447,POR
16940,Maurice Harkless,65.41057,41.09369,POR
16940,Noah Vonleh,81.02916,27.81548,POR
16940,Steve Blake,42.49059,26.40956,DET
16940,Anthony Tolliver,48.01639,14.22722,DET
16940,Marcus Morris,70.66458,42.88144,DET
16940,Andre Drummond,68.08862,24.3666,DET
16940,Stanley Johnson,42.13021,36.701480000000004,DET
16950,Ball,77.76397,39.59855,Ball
16950,Ed Davis,78.32746,38.08812,POR
16950,Damian Lillard,81.81134,24.05179,POR
16950,Allen Crabbe,42.69022,44.83173,POR
16950,Maurice Harkless,59.55102,42.58679,POR
16950,Noah Vonleh,76.52127,26.05731,POR
16950,Steve Blake,38.93096,27.05393,DET
16950,Anthony Tolliver,43.20429,17.08276,DET
16950,Marcus Morris,64.3937,41.54234,DET
16950,Andre Drummond,64.73157,25.33627,DET
16950,Stanley Johnson,37.29052,37.29373,DET
16960,Ball,76.59652,38.43465,Ball
16960,Ed Davis,77.23369,38.90459,POR
16960,Damian Lillard,79.07379,24.08515,POR
16960,Allen Crabbe,36.77614,45.81622,POR
16960,Maurice Harkless,53.93575,44.68642,POR
16960,Noah Vonleh,71.02688,24.30266,POR
16960,Steve Blake,35.77844,27.18699,DET
16960,Anthony Tolliver,38.98923,19.99033,DET
16960,Marcus Morris,57.86228,40.85828,DET
16960,Andre Drummond,61.07565,26.29572,DET
16960,Stanley Johnson,32.38419,37.9059,DET
16970,Ball,74.41366,31.45679,Ball
16970,Ed Davis,76.60634,38.78804,POR
16970,Damian Lillard,75.60473,23.59644,POR
16970,Allen Crabbe,31.27737,46.52327,POR
16970,Maurice Harkless,48.68807,46.31663,POR
16970,Noah Vonleh,65.06407,22.89711,POR
16970,Steve Blake,33.68936,26.97854,DET
16970,Anthony Tolliver,35.67796,22.10552,DET
16970,Marcus Morris,51.50404,40.78142,DET
16970,Andre Drummond,56.75652,26.95374,DET
16970,Stanley Johnson,27.44816,38.54897,DET
16980,Ball,71.47975,23.41622,Ball
16980,Ed Davis,75.09944,38.01189,POR
16980,Damian Lillard,71.89549,22.55737,POR
16980,Allen Crabbe,26.28137,46.80575,POR
16980,Maurice Harkless,43.52776,47.29174,POR
16980,Noah Vonleh,58.74755,21.7075,POR
16980,Steve Blake,32.383070000000004,26.63943,DET
16980,Anthony Tolliver,32.58557,22.66072,DET
16980,Marcus Morris,45.41724,41.05349,DET
16980,Andre Drummond,51.78992,27.53225,DET
16980,Stanley Johnson,22.76745,39.15502,DET
16990,Ball,66.46563,20.96495,Ball
16990,Ed Davis,72.23652,36.76999,POR
16990,Damian Lillard,67.72854,21.40445,POR
16990,Allen Crabbe,21.60231,47.02667,POR
16990,Maurice Harkless,38.97025,47.67834,POR
16990,Noah Vonleh,52.30225,20.71398,POR
16990,Steve Blake,31.50878,25.76536,DET
16990,Anthony Tolliver,29.91576,22.07534,DET
16990,Marcus Morris,39.73985,41.21034,DET
16990,Andre Drummond,46.69235,27.85617,DET
16990,Stanley Johnson,18.64025,39.66394,DET
17000,Ball,61.31642,20.2916,Ball
17000,Ed Davis,68.07122,35.44627,POR
17000,Damian Lillard,63.62738,20.27181,POR
17000,Allen Crabbe,17.97622,47.04817,POR
17000,Maurice Harkless,34.99847,47.98012,POR
17000,Noah Vonleh,45.70603,19.83766,POR
17000,Steve Blake,31.37429,24.83975,DET
17000,Anthony Tolliver,27.56306,21.16991,DET
17000,Marcus Morris,34.62277,40.81201,DET
17000,Andre Drummond,41.78849,28.05101,DET
17000,Stanley Johnson,15.37495,40.10744,DET
17010,Ball,57.9843,19.87047,Ball
17010,Ed Davis,63.3766,34.34181,POR
17010,Damian Lillard,59.22621,18.86506,POR
17010,Allen Crabbe,14.89452,47.09448,POR
17010,Maurice Harkless,31.51197,47.913380000000004,POR
17010,Noah Vonleh,39.38121,19.10921,POR
17010,Steve Blake,31.30129,23.70041,DET
17010,Anthony Tolliver,25.43708,19.9636,DET
17010,Marcus Morris,30.33177,39.83454,DET
17010,Andre Drummond,37.00557,27.97253,DET
17010,Stanley Johnson,12.55355,40.15748,DET
17020,Ball,53.42468,18.29266,Ball
17020,Ed Davis,58.34725,33.30489,POR
17020,Damian Lillard,54.95912,17.48311,POR
17020,Allen Crabbe,12.14727,47.11094,POR
17020,Maurice Harkless,28.28118,48.03292,POR
17020,Noah Vonleh,34.0845,18.70383,POR
17020,Steve Blake,31.42624,22.36463,DET
17020,Anthony Tolliver,23.23265,18.8464,DET
17020,Marcus Morris,26.67327,38.49086,DET
17020,Andre Drummond,32.50373,28.03969,DET
17020,Stanley Johnson,10.44903,40.20675,DET
17030,Ball,50.01389,16.94483,Ball
17030,Ed Davis,53.10821,32.21598,POR
17030,Damian Lillard,50.69462,16.11919,POR
17030,Allen Crabbe,10.01983,47.13673,POR
17030,Maurice Harkless,25.598019999999998,47.83485,POR
17030,Noah Vonleh,30.21189,18.83493,POR
17030,Steve Blake,31.93314,20.92284,DET
17030,Anthony Tolliver,21.85891,18.03,DET
17030,Marcus Morris,24.01655,37.14896,DET
17030,Andre Drummond,29.30121,27.87076,DET
17030,Stanley Johnson,8.67345,40.43781,DET
17040,Ball,44.83222,15.71027,Ball
17040,Ed Davis,47.97002,30.93666,POR
17040,Damian Lillard,46.33772,15.04683,POR
17040,Allen Crabbe,8.1619,47.29385,POR
17040,Maurice Harkless,23.413,47.56101,POR
17040,Noah Vonleh,27.2782,18.53259,POR
17040,Steve Blake,32.20475,19.17641,DET
17040,Anthony Tolliver,21.79923,17.56427,DET
17040,Marcus Morris,21.78658,35.99173,DET
17040,Andre Drummond,26.35797,27.70089,DET
17040,Stanley Johnson,6.98255,40.57468,DET
17050,Ball,40.58825,13.41063,Ball
17050,Ed Davis,42.97597,29.50751,POR
17050,Damian Lillard,42.23258,13.99705,POR
17050,Allen Crabbe,6.8505,47.30145,POR
17050,Maurice Harkless,21.96561,47.43701,POR
17050,Noah Vonleh,25.9175,17.16975,POR
17050,Steve Blake,32.41511,17.57276,DET
17050,Anthony Tolliver,22.511400000000002,16.28053,DET
17050,Marcus Morris,19.773130000000002,35.02553,DET
17050,Andre Drummond,24.02133,27.86711,DET
17050,Stanley Johnson,5.8702000000000005,40.81329,DET
17060,Ball,37.58596,11.57332,Ball
17060,Ed Davis,38.38207,27.85245,POR
17060,Damian Lillard,38.07384,12.61705,POR
17060,Allen Crabbe,6.17136,47.67615,POR
17060,Maurice Harkless,21.12409,47.22319,POR
17060,Noah Vonleh,26.14173,15.18473,POR
17060,Steve Blake,32.42124,15.81223,DET
17060,Anthony Tolliver,24.52554,13.77223,DET
17060,Marcus Morris,18.06014,34.45869,DET
17060,Andre Drummond,22.4123,27.30516,DET
17060,Stanley Johnson,5.05872,41.04704,DET
17070,Ball,32.76167,8.48891,Ball
17070,Ed Davis,34.37999,25.94149,POR
17070,Damian Lillard,33.46151,10.18654,POR
17070,Allen Crabbe,6.25804,48.5003,POR
17070,Maurice Harkless,20.67238,47.03567,POR
17070,Noah Vonleh,27.50017,12.7116,POR
17070,Steve Blake,31.83369,13.46388,DET
17070,Anthony Tolliver,26.81337,10.55985,DET
17070,Marcus Morris,16.57947,34.07692,DET
17070,Andre Drummond,20.63351,26.84081,DET
17070,Stanley Johnson,4.66158,40.55854,DET
17080,Ball,28.40235,4.26413,Ball
17080,Ed Davis,30.95394,24.09391,POR
17080,Damian Lillard,28.5668,6.3630700000000004,POR
17080,Allen Crabbe,6.71994,48.88539,POR
17080,Maurice Harkless,20.82262,46.61965,POR
17080,Noah Vonleh,29.03317,10.32203,POR
17080,Steve Blake,29.90422,10.53458,DET
17080,Anthony Tolliver,27.36367,7.85597,DET
17080,Marcus Morris,15.40821,33.43639,DET
17080,Andre Drummond,19.08302,26.50276,DET
17080,Stanley Johnson,4.53718,39.62037,DET
