14980,Ball,15.629950000000001,14.00579,Ball
14980,Alex Len,47.14037,16.33938,PHX
14980,Mirza Teletovic,16.75964,24.71477,PHX
14980,TJ Warren,59.11529,47.08305,PHX
14980,Archie Goodwin,15.00225,13.18924,PHX
14980,Devin Booker,55.01686,3.9452100000000003,PHX
14980,Thabo Sefolosha,67.80205,32.61128,ATL
14980,Mike Scott,46.61163,22.63165,ATL
14980,Kent Bazemore,58.41305,7.39304,ATL
14980,Dennis Schroder,53.76961,17.63314,ATL
14980,Walter Tavares,58.63802,23.1026,ATL
14990,Ball,18.85923,13.61689,Ball
14990,Alex Len,52.20638,15.63867,PHX
14990,Mirza Teletovic,21.65988,25.99614,PHX
14990,TJ Warren,61.82632,47.48352,PHX
14990,Archie Goodwin,18.18081,12.6176,PHX
14990,Devin Booker,60.4078,3.5688500000000003,PHX
14990,Thabo Sefolosha,70.57138,33.4906,ATL
14990,Mike Scott,48.57362,23.39725,ATL
14990,Kent Bazemore,62.56957,7.62845,ATL
14990,Dennis Schroder,55.31941,17.42393,ATL
14990,Walter Tavares,62.16089,21.79196,ATL
15000,Ball,22.85612,12.93874,Ball
15000,Alex Len,56.96945,15.16443,PHX
15000,Mirza Teletovic,26.79263,27.18884,PHX
15000,TJ Warren,64.47194,47.75985,PHX
15000,Archie Goodwin,21.68397,12.15401,PHX
15000,Devin Booker,65.41925,3.31207,PHX
15000,Thabo Sefolosha,72.79856,34.08298,ATL
15000,Mike Scott,50.9044,24.33959,ATL
15000,Kent Bazemore,66.40158,7.97366,ATL
15000,Dennis Schroder,56.95574,17.32178,ATL
15000,Walter Tavares,65.56262,20.9445,ATL
15010,Ball,26.05467,12.7392,Ball
15010,Alex Len,61.23481,15.12509,PHX
15010,Mirza Teletovic,32.00483,28.06501,PHX
15010,TJ Warren,66.97853,48.11398,PHX
15010,Archie Goodwin,25.4817,12.0886,PHX
15010,Devin Booker,70.04562,3.172,PHX
15010,Thabo Sefolosha,74.5729,34.83483,ATL
15010,Mike Scott,53.35526,25.1576,ATL
15010,Kent Bazemore,69.77984000000001,8.11527,ATL
15010,Dennis Schroder,58.56559,16.96963,ATL
15010,Walter Tavares,68.66543,20.28088,ATL
15020,Ball,30.11678,12.74543,Ball
15020,Alex Len,65.17998,15.19482,PHX
15020,Mirza Teletovic,37.11222,28.74058,PHX
15020,TJ Warren,69.33168,48.25593,PHX
15020,Archie Goodwin,29.3353,11.95063,PHX
15020,Devin Booker,74.08805,3.20823,PHX
15020,Thabo Sefolosha,76.02567,35.71777,ATL
15020,Mike Scott,55.58642,25.85678,ATL
15020,Kent Bazemore,72.86595,8.22815,ATL
15020,Dennis Schroder,59.7986,16.517,ATL
15020,Walter Tavares,71.53976,20.12984,ATL
15030,Ball,34.20207,12.46949,Ball
15030,Alex Len,68.65842,14.958870000000001,PHX
15030,Mirza Teletovic,42.13123,29.17434,PHX
15030,TJ Warren,71.73097,48.53478,PHX
15030,Archie Goodwin,33.2943,11.95193,PHX
15030,Devin Booker,77.51784,3.25839,PHX
15030,Thabo Sefolosha,77.43884,36.44866,ATL
15030,Mike Scott,57.51333,26.30006,ATL
15030,Kent Bazemore,75.40457,8.27486,ATL
15030,Dennis Schroder,61.28353,16.30276,ATL
15030,Walter Tavares,73.9646,19.70827,ATL
15040,Ball,37.8945,12.80335,Ball
15040,Alex Len,71.52373,14.52661,PHX
15040,Mirza Teletovic,47.07317,29.5537,PHX
15040,TJ Warren,74.02505,48.62615,PHX
15040,Archie Goodwin,37.30121,11.8896,PHX
15040,Devin Booker,80.32084,3.06935,PHX
15040,Thabo Sefolosha,78.43879,37.08475,ATL
15040,Mike Scott,59.37749,26.52959,ATL
15040,Kent Bazemore,77.6075,8.42957,ATL
15040,Dennis Schroder,62.6543,15.93422,ATL
15040,Walter Tavares,75.83765,19.17918,ATL
15050,Ball,42.99173,12.38122,Ball
15050,Alex Len,73.8025,14.75085,PHX
15050,Mirza Teletovic,51.84837,30.02872,PHX
15050,TJ Warren,76.25781,48.63493,PHX
15050,Archie Goodwin,41.54362,11.63202,PHX
15050,Devin Booker,82.71226,2.60231,PHX
15050,Thabo Sefolosha,79.47552,37.39829,ATL
15050,Mike Scott,61.26252,26.94972,ATL
15050,Kent Bazemore,79.67552,8.35524,ATL
15050,Dennis Schroder,63.87806,15.44909,ATL
15050,Walter Tavares,77.19725,18.9318,ATL
15060,Ball,46.81085,12.44862,Ball
15060,Alex Len,75.72251,15.44272,PHX
15060,Mirza Teletovic,56.17603,30.49551,PHX
15060,TJ Warren,78.23729,48.70389,PHX
15060,Archie Goodwin,46.10298,11.30736,PHX
15060,Devin Booker,84.17237,2.45016,PHX
15060,Thabo Sefolosha,80.63762,37.43712,ATL
15060,Mike Scott,63.42158,27.52177,ATL
15060,Kent Bazemore,81.11177,7.90749,ATL
15060,Dennis Schroder,64.81195,14.63621,ATL
15060,Walter Tavares,78.1821,18.56927,ATL
15070,Ball,52.47936,11.29515,Ball
15070,Alex Len,77.31391,15.95367,PHX
15070,Mirza Teletovic,60.14445,31.09255,PHX
15070,TJ Warren,80.0508,48.47902,PHX
15070,Archie Goodwin,50.67469,10.61467,PHX
15070,Devin Booker,83.39643,2.71606,PHX
15070,Thabo Sefolosha,81.62247,37.56509,ATL
15070,Mike Scott,65.88576,28.3634,ATL
15070,Kent Bazemore,81.92175,7.53795,ATL
15070,Dennis Schroder,65.28563,13.89844,ATL
15070,Walter Tavares,78.96029,18.0254,ATL
15080,Ball,55.90216,10.47806,Ball
15080,Alex Len,78.28327,16.03802,PHX
15080,Mirza Teletovic,63.31459,31.52822,PHX
15080,TJ Warren,81.48064,48.36547,PHX
15080,Archie Goodwin,55.18081,9.77621,PHX
15080,Devin Booker,81.16827,3.83505,PHX
15080,Thabo Sefolosha,82.5504,37.42515,ATL
15080,Mike Scott,68.66283,28.91493,ATL
15080,Kent Bazemore,80.841,6.36363,ATL
15080,Dennis Schroder,66.21334,13.09888,ATL
15080,Walter Tavares,79.01382,17.62366,ATL
15090,Ball,59.59432,7.40469,Ball
15090,Alex Len,78.43948,15.3833,PHX
15090,Mirza Teletovic,66.0644,31.84652,PHX
15090,TJ Warren,82.70877,48.1307,PHX
15090,Archie Goodwin,59.147,8.63078,PHX
15090,Devin Booker,78.67623,5.03897,PHX
15090,Thabo Sefolosha,83.43848,36.91794,ATL
15090,Mike Scott,71.1183,29.4683,ATL
15090,Kent Bazemore,78.07745,5.79498,ATL
15090,Dennis Schroder,67.38587,12.59513,ATL
15090,Walter Tavares,78.56897,17.50507,ATL
15100,Ball,61.92767,6.63753,Ball
15100,Alex Len,77.77588,14.75101,PHX
15100,Mirza Teletovic,68.02592,31.97639,PHX
15100,TJ Warren,83.80697,47.52624,PHX
15100,Archie Goodwin,62.48861,7.48281,PHX
15100,Devin Booker,77.89912,5.89864,PHX
15100,Thabo Sefolosha,84.17728,36.69231,ATL
15100,Mike Scott,73.15454,29.72531,ATL
15100,Kent Bazemore,75.34932,6.80192,ATL
15100,Dennis Schroder,69.28925,12.37313,ATL
15100,Walter Tavares,77.98254,16.72088,ATL
15110,Ball,66.03671,4.54176,Ball
15110,Alex Len,77.10489,14.5711,PHX
15110,Mirza Teletovic,69.54941,31.77007,PHX
15110,TJ Warren,84.59917,46.71783,PHX
15110,Archie Goodwin,65.4571,5.97616,PHX
15110,Devin Booker,79.52371,7.60069,PHX
15110,Thabo Sefolosha,84.83952,36.3694,ATL
15110,Mike Scott,74.4499,29.64988,ATL
15110,Kent Bazemore,74.76511,8.35097,ATL
15110,Dennis Schroder,71.09143,11.78304,ATL
15110,Walter Tavares,77.24778,16.62913,ATL
15120,Ball,68.14609,3.06764,Ball
15120,Alex Len,76.83655,14.92857,PHX
15120,Mirza Teletovic,70.84139,31.80554,PHX
15120,TJ Warren,84.94087,46.01753,PHX
15120,Archie Goodwin,67.87877,4.85072,PHX
15120,Devin Booker,81.04961,8.04971,PHX
15120,Thabo Sefolosha,85.48845,35.39352,ATL
15120,Mike Scott,75.18709,29.67733,ATL
15120,Kent Bazemore,76.53725,10.6053,ATL
15120,Dennis Schroder,72.02831,10.59124,ATL
15120,Walter Tavares,77.36446,17.0181,ATL
15130,Ball,69.94155,2.2431900000000002,Ball
15130,Alex Len,76.75662,15.20022,PHX
15130,Mirza Teletovic,71.80061,31.78757,PHX
15130,TJ Warren,85.44149,45.70644,PHX
15130,Archie Goodwin,70.21318,3.95315,PHX
15130,Devin Booker,80.07234,7.32381,PHX
15130,Thabo Sefolosha,85.87453,34.84266,ATL
15130,Mike Scott,76.13438,29.44071,ATL
15130,Kent Bazemore,78.33232,11.1057,ATL
15130,Dennis Schroder,72.92476,9.26386,ATL
15130,Walter Tavares,77.64824,17.09146,ATL
15140,Ball,73.14467,1.78613,Ball
15140,Alex Len,76.66023,15.35664,PHX
15140,Mirza Teletovic,72.41755,31.62587,PHX
15140,TJ Warren,85.9372,45.79159,PHX
15140,Archie Goodwin,72.245,3.27081,PHX
15140,Devin Booker,77.61298,7.97318,PHX
15140,Thabo Sefolosha,85.89963,34.96239,ATL
15140,Mike Scott,76.78582,29.31388,ATL
15140,Kent Bazemore,78.76242,11.23904,ATL
15140,Dennis Schroder,73.7212,8.61045,ATL
15140,Walter Tavares,77.96139,17.06302,ATL
15150,Ball,75.10441,2.42687,Ball
15150,Alex Len,76.42589,15.58925,PHX
15150,Mirza Teletovic,72.89285,31.77564,PHX
15150,TJ Warren,85.85087,46.13467,PHX
15150,Archie Goodwin,74.35383,2.7729,PHX
15150,Devin Booker,75.44105,10.38267,PHX
15150,Thabo Sefolosha,85.78124,35.13287,ATL
15150,Mike Scott,76.81627,29.48554,ATL
15150,Kent Bazemore,77.45093,11.56645,ATL
15150,Dennis Schroder,74.63348,8.35826,ATL
15150,Walter Tavares,78.31937,16.70661,ATL
15150,Ball,75.28517,2.47247,Ball
15150,Alex Len,76.41724,15.62644,PHX
15150,Mirza Teletovic,72.93716,31.82503,PHX
15150,TJ Warren,85.81784,46.18258,PHX
15150,Archie Goodwin,74.56572,2.7101,PHX
15150,Devin Booker,75.23104,10.73251,PHX
15150,Thabo Sefolosha,85.77661,35.13921,ATL
15150,Mike Scott,76.82366,29.50208,ATL
15150,Kent Bazemore,77.25867,11.71707,ATL
15150,Dennis Schroder,74.77604,8.39402,ATL
15150,Walter Tavares,78.36912,16.67111,ATL
15160,Ball,77.18177,2.6503,Ball
15160,Alex Len,76.78827,15.9565,PHX
15160,Mirza Teletovic,73.23717,32.28299,PHX
15160,TJ Warren,85.47223,46.56811,PHX
15160,Archie Goodwin,76.29769,2.18842,PHX
15160,Devin Booker,73.90092,14.38848,PHX
15160,Thabo Sefolosha,85.77787000000001,35.12012,ATL
15160,Mike Scott,77.03104,29.58697,ATL
15160,Kent Bazemore,76.08138,13.26985,ATL
15160,Dennis Schroder,76.3518,8.21544,ATL
15160,Walter Tavares,79.01731,16.3847,ATL
15170,Ball,79.37496,2.17366,Ball
15170,Alex Len,77.13017,16.43394,PHX
15170,Mirza Teletovic,73.16441,32.32831,PHX
15170,TJ Warren,85.25161,46.74222,PHX
15170,Archie Goodwin,77.5701,1.8869600000000002,PHX
15170,Devin Booker,74.19811,19.0081,PHX
15170,Thabo Sefolosha,85.79726,35.02749,ATL
15170,Mike Scott,77.30315,29.75498,ATL
15170,Kent Bazemore,76.93948,14.52398,ATL
15170,Dennis Schroder,77.58439,7.74342,ATL
15170,Walter Tavares,80.2512,16.41632,ATL
15180,Ball,78.45599,2.5798300000000003,Ball
15180,Alex Len,76.18834,16.77504,PHX
15180,Mirza Teletovic,72.9644,32.25214,PHX
15180,TJ Warren,85.27445,46.3118,PHX
15180,Archie Goodwin,77.74497,1.96699,PHX
15180,Devin Booker,76.74399,23.06678,PHX
15180,Thabo Sefolosha,85.69976,34.89901,ATL
15180,Mike Scott,77.06387,30.31802,ATL
15180,Kent Bazemore,79.34233,15.39502,ATL
15180,Dennis Schroder,78.18945,7.15377,ATL
15180,Walter Tavares,80.90462,17.16423,ATL
15190,Ball,74.19597,3.00999,Ball
15190,Alex Len,73.85122,15.93396,PHX
15190,Mirza Teletovic,72.94346,32.3187,PHX
15190,TJ Warren,85.58507,45.11337,PHX
15190,Archie Goodwin,76.78956,2.49567,PHX
15190,Devin Booker,80.08669,25.80001,PHX
15190,Thabo Sefolosha,85.2979,34.99893,ATL
15190,Mike Scott,76.8472,30.1043,ATL
15190,Kent Bazemore,82.09969,16.43665,ATL
15190,Dennis Schroder,78.0954,6.8579,ATL
15190,Walter Tavares,79.96658,17.96647,ATL
15200,Ball,71.64496,11.74094,Ball
15200,Alex Len,71.13631,15.59292,PHX
15200,Mirza Teletovic,73.65904,32.24552,PHX
15200,TJ Warren,85.95983,42.87641,PHX
15200,Archie Goodwin,76.9076,2.57944,PHX
15200,Devin Booker,82.70858,28.01732,PHX
15200,Thabo Sefolosha,84.26324,35.40516,ATL
15200,Mike Scott,76.54389,30.04657,ATL
15200,Kent Bazemore,84.4504,18.36689,ATL
15200,Dennis Schroder,77.90623,6.84724,ATL
15200,Walter Tavares,77.97021,17.81943,ATL
15200,Ball,71.36869,12.28369,Ball
15200,Alex Len,70.94447,15.60186,PHX
15200,Mirza Teletovic,73.75035,32.23102,PHX
15200,TJ Warren,85.98366,42.59049,PHX
15200,Archie Goodwin,77.02638,2.50781,PHX
15200,Devin Booker,82.88587,28.2268,PHX
15200,Thabo Sefolosha,84.11422,35.44092,ATL
15200,Mike Scott,76.51054,30.06171,ATL
15200,Kent Bazemore,84.65395,18.65589,ATL
15200,Dennis Schroder,77.9311,6.86088,ATL
15200,Walter Tavares,77.79273,17.722360000000002,ATL
15210,Ball,71.13738,15.90648,Ball
15210,Alex Len,70.4088,16.75016,PHX
15210,Mirza Teletovic,74.40929,32.20741,PHX
15210,TJ Warren,86.4305,39.44783,PHX
15210,Archie Goodwin,78.07365,2.17401,PHX
15210,Devin Booker,83.93528,29.95448,PHX
15210,Thabo Sefolosha,82.82712,34.79119,ATL
15210,Mike Scott,76.47871,29.72076,ATL
15210,Kent Bazemore,85.80045,21.49619,ATL
15210,Dennis Schroder,78.47065,7.20949,ATL
15210,Walter Tavares,76.37485,17.50633,ATL
15220,Ball,71.82714,20.96001,Ball
15220,Alex Len,72.1516,19.66032,PHX
15220,Mirza Teletovic,75.23466,32.3692,PHX
15220,TJ Warren,87.9019,35.02755,PHX
15220,Archie Goodwin,79.26699,2.19491,PHX
15220,Devin Booker,83.50895,31.54651,PHX
15220,Thabo Sefolosha,81.7535,31.59354,ATL
15220,Mike Scott,77.30402,29.21096,ATL
15220,Kent Bazemore,85.43984,24.96487,ATL
15220,Dennis Schroder,79.35583,8.03694,ATL
15220,Walter Tavares,76.07175,19.5483,ATL
15230,Ball,76.11068,23.46152,Ball
15230,Alex Len,75.09068,22.94909,PHX
15230,Mirza Teletovic,76.22477,32.29845,PHX
15230,TJ Warren,89.35255,29.66443,PHX
15230,Archie Goodwin,80.28216,2.28705,PHX
15230,Devin Booker,81.44261,33.57038,PHX
15230,Thabo Sefolosha,81.83551,27.4461,ATL
15230,Mike Scott,78.723,28.3295,ATL
15230,Kent Bazemore,83.6331,28.94563,ATL
15230,Dennis Schroder,80.44619,9.22178,ATL
15230,Walter Tavares,77.05164,22.28717,ATL
15240,Ball,79.64092,25.90727,Ball
15240,Alex Len,76.81642,24.93676,PHX
15240,Mirza Teletovic,76.87454,32.75731,PHX
15240,TJ Warren,90.01197,24.35248,PHX
15240,Archie Goodwin,80.84551,2.33411,PHX
15240,Devin Booker,78.1329,35.71891,PHX
15240,Thabo Sefolosha,83.82433,23.65265,ATL
15240,Mike Scott,80.39685,28.24989,ATL
15240,Kent Bazemore,80.49455,32.69751,ATL
15240,Dennis Schroder,81.43137,10.87515,ATL
15240,Walter Tavares,78.52475,24.02241,ATL
15250,Ball,84.82263,21.29308,Ball
15250,Alex Len,77.48029,26.16225,PHX
15250,Mirza Teletovic,76.51716,33.36216,PHX
15250,TJ Warren,90.37546,20.22665,PHX
15250,Archie Goodwin,80.86234,2.3548999999999998,PHX
15250,Devin Booker,74.85157,36.65654,PHX
15250,Thabo Sefolosha,86.06399,22.25787,ATL
15250,Mike Scott,81.51236,29.30728,ATL
15250,Kent Bazemore,76.70409,35.2378,ATL
15250,Dennis Schroder,81.69466,12.50342,ATL
15250,Walter Tavares,79.99522,25.02457,ATL
15250,Ball,85.33205,21.32315,Ball
15250,Alex Len,77.51794,26.25039,PHX
15250,Mirza Teletovic,76.41154,33.40042,PHX
15250,TJ Warren,90.39753,19.81204,PHX
15250,Archie Goodwin,80.83598,2.36552,PHX
15250,Devin Booker,74.50096,36.69074,PHX
15250,Thabo Sefolosha,86.24639,22.24663,ATL
15250,Mike Scott,81.52543,29.3808,ATL
15250,Kent Bazemore,76.3182,35.37512,ATL
15250,Dennis Schroder,81.60921,12.65188,ATL
15250,Walter Tavares,80.17173,25.09093,ATL
15260,Ball,87.00326,23.39716,Ball
15260,Alex Len,77.94347,26.47777,PHX
15260,Mirza Teletovic,75.24591,33.24726,PHX
15260,TJ Warren,89.46063,16.60966,PHX
15260,Archie Goodwin,79.87522,2.62186,PHX
15260,Devin Booker,70.89544,36.69676,PHX
15260,Thabo Sefolosha,87.08716,22.63744,ATL
15260,Mike Scott,80.99745,29.47868,ATL
15260,Kent Bazemore,73.15006,36.06562,ATL
15260,Dennis Schroder,79.56667,13.991060000000001,ATL
15260,Walter Tavares,81.62714,25.01655,ATL
15280,Ball,83.29813,20.2631,Ball
15280,Alex Len,76.14306,26.34309,PHX
15280,Mirza Teletovic,69.29559,31.40868,PHX
15280,TJ Warren,81.86132,14.51872,PHX
15280,Archie Goodwin,71.22416,5.317,PHX
15280,Devin Booker,59.54442,34.5751,PHX
15280,Thabo Sefolosha,83.94925,20.79836,ATL
15280,Mike Scott,72.53536,28.9294,ATL
15280,Kent Bazemore,65.74267,38.11692,ATL
15280,Dennis Schroder,68.39982,16.26577,ATL
15280,Walter Tavares,80.91229,24.80167,ATL
15290,Ball,65.30868,20.31122,Ball
15290,Alex Len,72.56483,25.37389,PHX
15290,Mirza Teletovic,63.70492,30.60262,PHX
15290,TJ Warren,76.33293,15.17602,PHX
15290,Archie Goodwin,64.84012,7.42556,PHX
15290,Devin Booker,52.92685,32.17559,PHX
15290,Thabo Sefolosha,81.95799,19.92006,ATL
15290,Mike Scott,65.83743,27.94557,ATL
15290,Kent Bazemore,60.27112,39.50155,ATL
15290,Dennis Schroder,61.5652,17.70727,ATL
15290,Walter Tavares,77.18364,23.70896,ATL
15300,Ball,52.87123,20.64971,Ball
15300,Alex Len,67.89783,24.73367,PHX
15300,Mirza Teletovic,57.37088,29.8534,PHX
15300,TJ Warren,70.18307,16.27687,PHX
15300,Archie Goodwin,57.74479,9.7383,PHX
15300,Devin Booker,46.0925,29.26726,PHX
15300,Thabo Sefolosha,81.82398,18.77551,ATL
15300,Mike Scott,58.66488,26.24574,ATL
15300,Kent Bazemore,53.52873,40.95031,ATL
15300,Dennis Schroder,54.81129,19.6873,ATL
15300,Walter Tavares,73.02882,23.1466,ATL
15300,Ball,52.31739,20.53836,Ball
15300,Alex Len,67.41813,24.70073,PHX
15300,Mirza Teletovic,56.6835,29.79895,PHX
15300,TJ Warren,69.52597,16.38782,PHX
15300,Archie Goodwin,57.00774,9.97136,PHX
15300,Devin Booker,45.39481,28.97079,PHX
15300,Thabo Sefolosha,81.83087,18.65612,ATL
15300,Mike Scott,57.89712,26.0954,ATL
15300,Kent Bazemore,52.76597,41.06916,ATL
15300,Dennis Schroder,54.08243,19.8889,ATL
15300,Walter Tavares,72.62454,23.08467,ATL
15310,Ball,45.8449,21.64112,Ball
15310,Alex Len,62.91133,24.66019,PHX
15310,Mirza Teletovic,50.08743,29.39926,PHX
15310,TJ Warren,63.51097,17.11367,PHX
15310,Archie Goodwin,50.31701,11.99668,PHX
15310,Devin Booker,38.84028,26.76583,PHX
15310,Thabo Sefolosha,82.21802,17.87654,ATL
15310,Mike Scott,51.29086,24.62996,ATL
15310,Kent Bazemore,45.46251,41.68514,ATL
15310,Dennis Schroder,47.37581,21.76351,ATL
15310,Walter Tavares,69.1977,22.63878,ATL
