38280,Ball,65.25604,7.28014,Ball
38280,Dwyane Wade,86.14707,34.30953,MIA
38280,Chris Bosh,71.19011,13.82188,MIA
38280,Luol Deng,63.26149,10.9492,MIA
38280,Goran Dragic,74.69909,32.49139,MIA
38280,Hassan Whiteside,86.05933,23.87868,MIA
38280,Luis Scola,64.25197,12.55137,TOR
38280,Kyle Lowry,68.51805,43.77711,TOR
38280,James Johnson,86.46454,47.11662,TOR
38280,DeMar DeRozan,65.40892,8.81611,TOR
38280,Bismack Biyombo,88.43617,29.1189,TOR
38290,Ball,71.72126,8.91581,Ball
38290,Dwyane Wade,86.63901,33.63874,MIA
38290,Chris Bosh,73.07522,13.70865,MIA
38290,Luol Deng,66.52998,10.64463,MIA
38290,Goran Dragic,74.33776,30.84524,MIA
38290,Hassan Whiteside,87.00417,25.22807,MIA
38290,Luis Scola,64.88004,12.54219,TOR
38290,Kyle Lowry,67.28527,42.54797,TOR
38290,James Johnson,87.81159,47.73578,TOR
38290,DeMar DeRozan,70.09608,8.77739,TOR
38290,Bismack Biyombo,88.34196,31.460820000000002,TOR
38300,Ball,75.50366,8.10306,Ball
38300,Dwyane Wade,86.75963,33.38616,MIA
38300,Chris Bosh,76.67556,13.61868,MIA
38300,Luol Deng,70.92877,10.30065,MIA
38300,Goran Dragic,74.27751,29.37293,MIA
38300,Hassan Whiteside,87.70972,26.78783,MIA
38300,Luis Scola,64.93558,13.86396,TOR
38300,Kyle Lowry,66.06527,41.80596,TOR
38300,James Johnson,88.65122,47.97806,TOR
38300,DeMar DeRozan,74.9802,8.84152,TOR
38300,Bismack Biyombo,88.20746,33.01018,TOR
38310,Ball,80.70584,8.47653,Ball
38310,Dwyane Wade,86.81367,33.52058,MIA
38310,Chris Bosh,80.25886,13.096260000000001,MIA
38310,Luol Deng,75.49555,10.29496,MIA
38310,Goran Dragic,74.15854,28.47438,MIA
38310,Hassan Whiteside,88.07071,27.66199,MIA
38310,Luis Scola,65.56082,15.57415,TOR
38310,Kyle Lowry,65.16735,40.72438,TOR
38310,James Johnson,88.62273,48.06287,TOR
38310,DeMar DeRozan,79.68462,8.73111,TOR
38310,Bismack Biyombo,88.56037,33.27972,TOR
38320,Ball,83.45274,7.62721,Ball
38320,Dwyane Wade,86.82121,33.61086,MIA
38320,Chris Bosh,83.39867,12.02425,MIA
38320,Luol Deng,79.12947,9.95856,MIA
38320,Goran Dragic,74.00128,27.22407,MIA
38320,Hassan Whiteside,88.03194,28.74371,MIA
38320,Luis Scola,66.59078,15.64931,TOR
38320,Kyle Lowry,64.44734,40.14693,TOR
38320,James Johnson,88.28772,48.16119,TOR
38320,DeMar DeRozan,82.41768,8.60582,TOR
38320,Bismack Biyombo,88.69332,33.49279,TOR
38330,Ball,81.2873,6.00698,Ball
38330,Dwyane Wade,86.81197,33.88651,MIA
38330,Chris Bosh,84.75275,10.56906,MIA
38330,Luol Deng,80.51101,8.3476,MIA
38330,Goran Dragic,73.74855,25.29414,MIA
38330,Hassan Whiteside,88.10381,29.72874,MIA
38330,Luis Scola,68.0065,15.43243,TOR
38330,Kyle Lowry,64.05733,39.95796,TOR
38330,James Johnson,87.90099,48.20653,TOR
38330,DeMar DeRozan,82.33155,7.83715,TOR
38330,Bismack Biyombo,88.65849,33.96733,TOR
38340,Ball,71.33094,12.47656,Ball
38340,Dwyane Wade,86.91399,34.12841,MIA
38340,Chris Bosh,84.56253,10.52163,MIA
38340,Luol Deng,80.83196,6.82522,MIA
38340,Goran Dragic,72.4795,22.23636,MIA
38340,Hassan Whiteside,88.30983,29.80338,MIA
38340,Luis Scola,69.03263,14.73133,TOR
38340,Kyle Lowry,64.22492,39.82732,TOR
38340,James Johnson,87.77375,48.00483,TOR
38340,DeMar DeRozan,82.0524,6.95578,TOR
38340,Bismack Biyombo,88.96775,34.78415,TOR
38350,Ball,70.2535,14.913,Ball
38350,Dwyane Wade,86.94439,34.44035,MIA
38350,Chris Bosh,82.52646,12.3627,MIA
38350,Luol Deng,83.46877,6.38713,MIA
38350,Goran Dragic,70.60324,19.27729,MIA
38350,Hassan Whiteside,88.32716,29.8225,MIA
38350,Luis Scola,69.69205,15.52026,TOR
38350,Kyle Lowry,64.92209,39.96318,TOR
38350,James Johnson,87.49777,47.91714,TOR
38350,DeMar DeRozan,83.69583,6.3841,TOR
38350,Bismack Biyombo,89.21879,35.57639,TOR
38360,Ball,69.796,21.86703,Ball
38360,Dwyane Wade,86.26649,34.91928,MIA
38360,Chris Bosh,79.6909,14.56767,MIA
38360,Luol Deng,85.91554,6.61528,MIA
38360,Goran Dragic,69.26358,20.84359,MIA
38360,Hassan Whiteside,88.29481,29.69235,MIA
38360,Luis Scola,70.33561,15.63255,TOR
38360,Kyle Lowry,66.03104,40.34971,TOR
38360,James Johnson,86.93335,48.04101,TOR
38360,DeMar DeRozan,85.91554,6.61528,TOR
38360,Bismack Biyombo,89.09221,36.38572,TOR
38380,Ball,74.67623,42.72202,Ball
38380,Dwyane Wade,80.94973,36.96838,MIA
38380,Chris Bosh,77.09812,18.52085,MIA
38380,Luol Deng,88.22987,7.53887,MIA
38380,Goran Dragic,69.46376,29.14782,MIA
38380,Hassan Whiteside,87.9694,31.13331,MIA
38380,Luis Scola,71.19411,15.14582,TOR
38380,Kyle Lowry,69.59886,41.56657,TOR
38380,James Johnson,87.93465,48.03833,TOR
38380,DeMar DeRozan,88.22987,7.53887,TOR
38380,Bismack Biyombo,88.94468,36.77469,TOR
38390,Ball,86.88135,47.76372,Ball
38390,Dwyane Wade,79.82678,38.38571,MIA
38390,Chris Bosh,78.06495,19.85579,MIA
38390,Luol Deng,85.39386,8.71912,MIA
38390,Goran Dragic,71.05506,33.54385,MIA
38390,Hassan Whiteside,87.46689,31.27586,MIA
38390,Luis Scola,71.0927,15.55782,TOR
38390,Kyle Lowry,69.65161,41.79346,TOR
38390,James Johnson,87.87033,47.94225,TOR
38390,DeMar DeRozan,87.61719,8.0527,TOR
38390,Bismack Biyombo,89.00009,36.68275,TOR
38400,Ball,87.41934,46.8648,Ball
38400,Dwyane Wade,81.72513000000001,40.19102,MIA
38400,Chris Bosh,80.03924,21.37048,MIA
38400,Luol Deng,82.27992,11.355,MIA
38400,Goran Dragic,72.60686,36.52297,MIA
38400,Hassan Whiteside,87.01927,31.74391,MIA
38400,Luis Scola,70.90301,16.15819,TOR
38400,Kyle Lowry,68.61201,41.3474,TOR
38400,James Johnson,87.14437,47.02185,TOR
38400,DeMar DeRozan,85.89736,8.42686,TOR
38400,Bismack Biyombo,88.72214,37.58528,TOR
38410,Ball,88.10795,43.77117,Ball
38410,Dwyane Wade,84.58463,41.96206,MIA
38410,Chris Bosh,81.4894,22.27329,MIA
38410,Luol Deng,83.41195,13.20797,MIA
38410,Goran Dragic,73.4101,37.80204,MIA
38410,Hassan Whiteside,87.41651,32.93089,MIA
38410,Luis Scola,71.50227,17.35152,TOR
38410,Kyle Lowry,67.0523,40.99256,TOR
38410,James Johnson,85.75685,44.96159,TOR
38410,DeMar DeRozan,83.77959,8.70642,TOR
38410,Bismack Biyombo,87.77996,38.27312,TOR
38420,Ball,88.74197,36.62499,Ball
38420,Dwyane Wade,86.54949,43.73677,MIA
38420,Chris Bosh,83.07335,22.12159,MIA
38420,Luol Deng,84.59646,15.0369,MIA
38420,Goran Dragic,73.98144,37.33574,MIA
38420,Hassan Whiteside,86.73558,32.46257,MIA
38420,Luis Scola,73.33728,18.85223,TOR
38420,Kyle Lowry,65.0675,40.31544,TOR
38420,James Johnson,87.18208,45.52556,TOR
38420,DeMar DeRozan,81.37448,8.82606,TOR
38420,Bismack Biyombo,86.03252,38.78668,TOR
38430,Ball,88.85824,29.53583,Ball
38430,Dwyane Wade,87.19622,44.51447,MIA
38430,Chris Bosh,83.86461,22.52609,MIA
38430,Luol Deng,85.72008,16.59754,MIA
38430,Goran Dragic,74.39804,35.81206,MIA
38430,Hassan Whiteside,85.38083,31.20619,MIA
38430,Luis Scola,76.65188,21.9142,TOR
38430,Kyle Lowry,63.06785,39.47632,TOR
38430,James Johnson,86.77396,47.96887,TOR
38430,DeMar DeRozan,78.63705,9.14252,TOR
38430,Bismack Biyombo,83.77268,38.78852,TOR
38440,Ball,88.42247,24.87609,Ball
38440,Dwyane Wade,86.99197,45.19793,MIA
38440,Chris Bosh,84.31157,22.7886,MIA
38440,Luol Deng,86.16013,17.54072,MIA
38440,Goran Dragic,74.84784,33.84013,MIA
38440,Hassan Whiteside,85.27563,30.33612,MIA
38440,Luis Scola,80.52405,25.54857,TOR
38440,Kyle Lowry,60.64014,38.34722,TOR
38440,James Johnson,84.98361,49.75678,TOR
38440,DeMar DeRozan,75.72281,10.26979,TOR
38440,Bismack Biyombo,81.30803,39.64018,TOR
38450,Ball,85.71619,26.31201,Ball
38450,Dwyane Wade,86.49535,44.81862,MIA
38450,Chris Bosh,84.5327,22.68481,MIA
38450,Luol Deng,86.31282,17.72339,MIA
38450,Goran Dragic,74.78444,31.75613,MIA
38450,Hassan Whiteside,85.49417,29.37871,MIA
38450,Luis Scola,84.72343,27.07064,TOR
38450,Kyle Lowry,58.43547,36.97441,TOR
38450,James Johnson,81.78746,49.20672,TOR
38450,DeMar DeRozan,72.19649,11.76874,TOR
38450,Bismack Biyombo,78.20103,40.17282,TOR
38460,Ball,86.11741,30.52717,Ball
38460,Dwyane Wade,85.68366,43.84209,MIA
38460,Chris Bosh,84.80842,21.48769,MIA
38460,Luol Deng,86.38857,17.20169,MIA
38460,Goran Dragic,74.7193,29.51402,MIA
38460,Hassan Whiteside,85.24861,28.53585,MIA
38460,Luis Scola,87.96347,26.89888,TOR
38460,Kyle Lowry,56.19762,35.83924,TOR
38460,James Johnson,77.60232,48.07618,TOR
38460,DeMar DeRozan,68.20439,13.07536,TOR
38460,Bismack Biyombo,74.64513,40.23752,TOR
38470,Ball,86.05551,32.55654,Ball
38470,Dwyane Wade,84.40818,43.03938,MIA
38470,Chris Bosh,85.23988,21.30132,MIA
38470,Luol Deng,85.8236,16.3746,MIA
38470,Goran Dragic,74.78954,27.21753,MIA
38470,Hassan Whiteside,84.26084,27.83241,MIA
38470,Luis Scola,90.06392,26.80734,TOR
38470,Kyle Lowry,53.98668,34.57698,TOR
38470,James Johnson,72.63854,46.6731,TOR
38470,DeMar DeRozan,64.06664,14.22099,TOR
38470,Bismack Biyombo,70.58,39.62557,TOR
38480,Ball,86.47791,35.74177,Ball
38480,Dwyane Wade,83.56721,42.22449,MIA
38480,Chris Bosh,86.43855,21.63901,MIA
38480,Luol Deng,84.68888,15.55763,MIA
38480,Goran Dragic,74.99706,25.21389,MIA
38480,Hassan Whiteside,82.46284,28.01156,MIA
38480,Luis Scola,89.96844,26.8195,TOR
38480,Kyle Lowry,51.9047,33.40934,TOR
38480,James Johnson,67.56663,45.53708,TOR
38480,DeMar DeRozan,59.74913,14.70659,TOR
38480,Bismack Biyombo,66.06544,38.34476,TOR
38490,Ball,86.50532,38.72544,Ball
38490,Dwyane Wade,83.25897,42.28785,MIA
38490,Chris Bosh,87.8913,22.22413,MIA
38490,Luol Deng,83.21844,14.57131,MIA
38490,Goran Dragic,75.53695,23.14296,MIA
38490,Hassan Whiteside,80.04635,27.73068,MIA
38490,Luis Scola,87.73353,25.88934,TOR
38490,Kyle Lowry,49.91505,32.16065,TOR
38490,James Johnson,62.31181,44.49415,TOR
38490,DeMar DeRozan,55.44601,15.02054,TOR
38490,Bismack Biyombo,61.59396,36.87298,TOR
38500,Ball,86.64185,41.6967,Ball
38500,Dwyane Wade,83.85727,43.40326,MIA
38500,Chris Bosh,89.68682,23.062,MIA
38500,Luol Deng,81.4519,13.9542,MIA
38500,Goran Dragic,76.23963,21.52162,MIA
38500,Hassan Whiteside,76.81292,27.31329,MIA
38500,Luis Scola,84.05944,24.38809,TOR
38500,Kyle Lowry,48.06885,30.85232,TOR
38500,James Johnson,57.24006,43.17083,TOR
38500,DeMar DeRozan,51.54515,15.528,TOR
38500,Bismack Biyombo,57.02292,35.78001,TOR
38510,Ball,86.404,44.30434,Ball
38510,Dwyane Wade,84.93544,44.0688,MIA
38510,Chris Bosh,91.43185,23.60539,MIA
38510,Luol Deng,79.54279,13.63373,MIA
38510,Goran Dragic,77.13616,20.12958,MIA
38510,Hassan Whiteside,72.7213,26.75568,MIA
38510,Luis Scola,79.88031,23.47192,TOR
38510,Kyle Lowry,46.32575,29.55842,TOR
38510,James Johnson,52.27247,41.79146,TOR
38510,DeMar DeRozan,47.9379,15.71819,TOR
38510,Bismack Biyombo,52.49305,34.72407,TOR
38520,Ball,86.08081,45.11379,Ball
38520,Dwyane Wade,85.05076,44.34153,MIA
38520,Chris Bosh,92.82612,24.255020000000002,MIA
38520,Luol Deng,77.54966,13.83139,MIA
38520,Goran Dragic,78.33426,18.98531,MIA
38520,Hassan Whiteside,68.18046,26.19748,MIA
38520,Luis Scola,75.0199,22.21604,TOR
38520,Kyle Lowry,44.75544,28.21601,TOR
38520,James Johnson,47.61073,40.26169,TOR
38520,DeMar DeRozan,44.64885,16.12389,TOR
38520,Bismack Biyombo,48.0103,33.54736,TOR
38540,Ball,90.97293,34.82589,Ball
38540,Dwyane Wade,83.57728,45.2017,MIA
38540,Chris Bosh,95.05491,25.88833,MIA
38540,Luol Deng,73.79797,14.74009,MIA
38540,Goran Dragic,80.85065,17.35541,MIA
38540,Hassan Whiteside,59.17909,26.00919,MIA
38540,Luis Scola,65.43847,21.08745,TOR
38540,Kyle Lowry,41.81939,26.77644,TOR
38540,James Johnson,39.73439,37.169,TOR
38540,DeMar DeRozan,39.18188,16.57563,TOR
38540,Bismack Biyombo,40.27276,31.09245,TOR
38560,Ball,92.43206,25.29689,Ball
38560,Dwyane Wade,80.28555,45.45095,MIA
38560,Chris Bosh,94.54002,26.502299999999998,MIA
38560,Luol Deng,68.82413,16.88435,MIA
38560,Goran Dragic,82.49462,17.21374,MIA
38560,Hassan Whiteside,50.49033,25.4996,MIA
38560,Luis Scola,55.28138,20.57507,TOR
38560,Kyle Lowry,39.08052,25.819960000000002,TOR
38560,James Johnson,33.87538,34.14815,TOR
38560,DeMar DeRozan,34.64142,17.42453,TOR
38560,Bismack Biyombo,33.87422,28.2384,TOR
38570,Ball,87.92834,23.34393,Ball
38570,Dwyane Wade,78.27999,45.77124,MIA
38570,Chris Bosh,92.67921,26.95333,MIA
38570,Luol Deng,66.0541,19.00979,MIA
38570,Goran Dragic,82.40335,17.96234,MIA
38570,Hassan Whiteside,47.27626,25.25639,MIA
38570,Luis Scola,50.64341,20.91804,TOR
38570,Kyle Lowry,38.08591,25.10727,TOR
38570,James Johnson,31.63643,33.21778,TOR
38570,DeMar DeRozan,32.72496,18.41302,TOR
38570,Bismack Biyombo,30.97623,27.42293,TOR
38580,Ball,84.25072,21.85254,Ball
38580,Dwyane Wade,76.00458,45.95755,MIA
38580,Chris Bosh,89.29734,27.39882,MIA
38580,Luol Deng,62.94566,21.41826,MIA
38580,Goran Dragic,81.58442,19.03812,MIA
38580,Hassan Whiteside,44.72919,25.18341,MIA
38580,Luis Scola,46.47472,21.356090000000002,TOR
38580,Kyle Lowry,37.23606,24.64075,TOR
38580,James Johnson,29.70077,33.81015,TOR
38580,DeMar DeRozan,30.93718,19.50251,TOR
38580,Bismack Biyombo,28.74563,26.87091,TOR
38590,Ball,81.59765,21.68599,Ball
38590,Dwyane Wade,73.72917,45.8144,MIA
38590,Chris Bosh,84.80436,28.15273,MIA
38590,Luol Deng,59.39907,23.84912,MIA
38590,Goran Dragic,80.67698,20.3364,MIA
38590,Hassan Whiteside,42.43015,25.163710000000002,MIA
38590,Luis Scola,43.22297,21.92987,TOR
38590,Kyle Lowry,36.73328,24.30322,TOR
38590,James Johnson,27.89568,33.84447,TOR
38590,DeMar DeRozan,29.38924,20.67818,TOR
38590,Bismack Biyombo,26.53889,27.03351,TOR
38600,Ball,78.33162,22.51724,Ball
38600,Dwyane Wade,71.26542,45.0816,MIA
38600,Chris Bosh,79.81389,29.01018,MIA
38600,Luol Deng,55.66024,26.46567,MIA
38600,Goran Dragic,79.50988,22.05595,MIA
38600,Hassan Whiteside,40.28081,25.07571,MIA
38600,Luis Scola,40.67996,22.09747,TOR
38600,Kyle Lowry,36.46869,24.3212,TOR
38600,James Johnson,26.27792,33.80377,TOR
38600,DeMar DeRozan,28.17004,22.41436,TOR
38600,Bismack Biyombo,24.52266,26.87081,TOR
38610,Ball,76.45817,23.52291,Ball
38610,Dwyane Wade,68.42097,43.46993,MIA
38610,Chris Bosh,74.36464,29.84064,MIA
38610,Luol Deng,51.82101,29.16015,MIA
38610,Goran Dragic,77.81328,23.86495,MIA
38610,Hassan Whiteside,38.18662,24.84961,MIA
38610,Luis Scola,39.07842,21.35626,TOR
38610,Kyle Lowry,35.86214,25.65458,TOR
38610,James Johnson,25.06634,34.11972,TOR
38610,DeMar DeRozan,27.37249,24.39285,TOR
38610,Bismack Biyombo,22.98844,26.34102,TOR
38620,Ball,74.16613,25.22594,Ball
38620,Dwyane Wade,65.5434,40.98424,MIA
38620,Chris Bosh,68.31727,29.75227,MIA
38620,Luol Deng,47.88994,31.84442,MIA
38620,Goran Dragic,75.42871,26.03462,MIA
38620,Hassan Whiteside,36.59125,25.17734,MIA
38620,Luis Scola,37.85064,21.58282,TOR
38620,Kyle Lowry,35.16752,26.82258,TOR
38620,James Johnson,24.14778,33.86143,TOR
38620,DeMar DeRozan,26.60106,26.08844,TOR
38620,Bismack Biyombo,21.62935,25.69076,TOR
38630,Ball,70.70627,29.25814,Ball
38630,Dwyane Wade,62.5676,37.85718,MIA
38630,Chris Bosh,62.2085,29.81491,MIA
38630,Luol Deng,43.84098,34.4416,MIA
38630,Goran Dragic,72.64696,28.5249,MIA
38630,Hassan Whiteside,35.3099,25.55198,MIA
38630,Luis Scola,36.84691,22.53179,TOR
38630,Kyle Lowry,35.18579,28.26534,TOR
38630,James Johnson,23.48435,33.26646,TOR
38630,DeMar DeRozan,25.80391,28.26176,TOR
38630,Bismack Biyombo,20.76048,24.94688,TOR
38640,Ball,68.17361,32.19199,Ball
38640,Dwyane Wade,59.54895,34.45869,MIA
38640,Chris Bosh,56.25607,30.53284,MIA
38640,Luol Deng,39.79135,37.00349,MIA
38640,Goran Dragic,69.01043,31.08745,MIA
38640,Hassan Whiteside,33.57221,25.36161,MIA
38640,Luis Scola,35.99292,24.10974,TOR
38640,Kyle Lowry,34.95789,29.95312,TOR
38640,James Johnson,23.17289,32.21794,TOR
38640,DeMar DeRozan,25.16029,30.19575,TOR
38640,Bismack Biyombo,20.36635,24.24138,TOR
38650,Ball,64.31859,34.70082,Ball
38650,Dwyane Wade,56.37358,30.92672,MIA
38650,Chris Bosh,50.2705,30.96397,MIA
38650,Luol Deng,35.83803,39.33087,MIA
38650,Goran Dragic,64.98963,33.27658,MIA
38650,Hassan Whiteside,31.91063,25.39871,MIA
38650,Luis Scola,34.82604,26.29672,TOR
38650,Kyle Lowry,34.44404,31.88801,TOR
38650,James Johnson,22.84331,29.86656,TOR
38650,DeMar DeRozan,24.12153,32.64132,TOR
38650,Bismack Biyombo,20.13114,24.1722,TOR
38660,Ball,60.26359,37.01547,Ball
38660,Dwyane Wade,53.18503,27.58255,MIA
38660,Chris Bosh,44.22356,31.38192,MIA
38660,Luol Deng,31.98482,41.54456,MIA
38660,Goran Dragic,60.87337,35.18188,MIA
38660,Hassan Whiteside,30.83231,25.18151,MIA
38660,Luis Scola,32.63882,28.34449,TOR
38660,Kyle Lowry,33.91844,33.82261,TOR
38660,James Johnson,22.11918,28.32309,TOR
38660,DeMar DeRozan,22.21714,33.79184,TOR
38660,Bismack Biyombo,19.98983,24.58971,TOR
38670,Ball,55.14743,37.95763,Ball
38670,Dwyane Wade,49.86701,24.28901,MIA
38670,Chris Bosh,38.2944,31.63807,MIA
38670,Luol Deng,28.34489,43.20658,MIA
38670,Goran Dragic,56.62879,36.714,MIA
38670,Hassan Whiteside,29.68499,24.66354,MIA
38670,Luis Scola,31.26015,29.11267,TOR
38670,Kyle Lowry,33.19672,35.4857,TOR
38670,James Johnson,21.66864,26.83203,TOR
38670,DeMar DeRozan,20.21682,35.04447,TOR
38670,Bismack Biyombo,20.68061,24.51807,TOR
38680,Ball,51.59088,39.57831,Ball
38680,Dwyane Wade,46.74674,21.0986,MIA
38680,Chris Bosh,32.55677,31.90807,MIA
38680,Luol Deng,24.73631,45.15487,MIA
38680,Goran Dragic,52.48122,38.06483,MIA
38680,Hassan Whiteside,28.49305,24.64232,MIA
38680,Luis Scola,29.28912,30.00495,TOR
38680,Kyle Lowry,32.63509,36.89153,TOR
38680,James Johnson,21.93146,24.15016,TOR
38680,DeMar DeRozan,18.2397,35.97962,TOR
38680,Bismack Biyombo,20.36238,25.2776,TOR
38690,Ball,47.81392,40.45218,Ball
38690,Dwyane Wade,44.07761,18.36168,MIA
38690,Chris Bosh,27.28078,32.89627,MIA
38690,Luol Deng,21.74995,46.27744,MIA
38690,Goran Dragic,49.27747,38.99962,MIA
38690,Hassan Whiteside,27.51131,24.79251,MIA
38690,Luis Scola,26.76523,31.03233,TOR
38690,Kyle Lowry,32.08498,37.92599,TOR
38690,James Johnson,21.90307,21.94447,TOR
38690,DeMar DeRozan,16.40708,36.66407,TOR
38690,Bismack Biyombo,19.60899,25.40444,TOR
38700,Ball,45.67019,41.64989,Ball
38700,Dwyane Wade,41.40919,15.48837,MIA
38700,Chris Bosh,22.25078,33.52505,MIA
38700,Luol Deng,18.56271,47.60865,MIA
38700,Goran Dragic,46.37075,40.04998,MIA
38700,Hassan Whiteside,27.22195,24.12338,MIA
38700,Luis Scola,23.10945,31.33976,TOR
38700,Kyle Lowry,31.29218,38.50123,TOR
38700,James Johnson,21.39213,19.67696,TOR
38700,DeMar DeRozan,14.51918,37.64744,TOR
38700,Bismack Biyombo,19.68244,24.41616,TOR
38710,Ball,42.40007,42.14924,Ball
38710,Dwyane Wade,38.97513,12.95677,MIA
38710,Chris Bosh,18.07741,33.18215,MIA
38710,Luol Deng,15.73486,48.101,MIA
38710,Goran Dragic,43.92063,40.79466,MIA
38710,Hassan Whiteside,28.05691,23.60247,MIA
38710,Luis Scola,19.51511,32.10245,TOR
38710,Kyle Lowry,30.60556,38.39292,TOR
38710,James Johnson,21.23651,17.84908,TOR
38710,DeMar DeRozan,12.9714,38.43777,TOR
38710,Bismack Biyombo,20.21279,23.70511,TOR
38720,Ball,40.5398,42.54629,Ball
38720,Dwyane Wade,37.01321,10.80732,MIA
38720,Chris Bosh,14.90122,33.12089,MIA
38720,Luol Deng,13.25748,48.17415,MIA
38720,Goran Dragic,41.49752,41.10252,MIA
38720,Hassan Whiteside,29.58827,24.26918,MIA
38720,Luis Scola,16.28961,32.00007,TOR
38720,Kyle Lowry,29.90981,38.67048,TOR
38720,James Johnson,20.60453,16.37762,TOR
38720,DeMar DeRozan,11.41259,38.8915,TOR
38720,Bismack Biyombo,21.11624,23.48755,TOR
38730,Ball,38.5839,39.22217,Ball
38730,Dwyane Wade,35.29335,9.40249,MIA
38730,Chris Bosh,12.48459,33.04166,MIA
38730,Luol Deng,11.25411,48.00819,MIA
38730,Goran Dragic,39.24883,40.61892,MIA
38730,Hassan Whiteside,31.23086,24.94695,MIA
38730,Luis Scola,13.69897,31.01489,TOR
38730,Kyle Lowry,29.04792,38.87316,TOR
38730,James Johnson,19.86564,15.41533,TOR
38730,DeMar DeRozan,10.04786,39.48002,TOR
38730,Bismack Biyombo,21.86742,23.45903,TOR
38740,Ball,32.59337,27.69465,Ball
38740,Dwyane Wade,34.31256,8.28076,MIA
38740,Chris Bosh,10.64329,32.31304,MIA
38740,Luol Deng,9.64382,47.14314,MIA
38740,Goran Dragic,36.5405,40.38748,MIA
38740,Hassan Whiteside,32.25867,25.29161,MIA
38740,Luis Scola,12.04498,30.26443,TOR
38740,Kyle Lowry,28.01353,38.08123,TOR
38740,James Johnson,19.98588,14.7216,TOR
38740,DeMar DeRozan,8.884170000000001,39.75927,TOR
38740,Bismack Biyombo,21.93705,22.96074,TOR
38750,Ball,31.89784,25.24434,Ball
38750,Dwyane Wade,34.0268,7.58574,MIA
38750,Chris Bosh,9.55219,31.21175,MIA
38750,Luol Deng,8.13759,46.16206,MIA
38750,Goran Dragic,33.18827,39.59689,MIA
38750,Hassan Whiteside,32.99716,25.04631,MIA
38750,Luis Scola,11.06773,29.29566,TOR
38750,Kyle Lowry,26.18888,37.18424,TOR
38750,James Johnson,20.55504,14.26597,TOR
38750,DeMar DeRozan,7.8391,39.76284,TOR
38750,Bismack Biyombo,21.86372,22.68052,TOR
38760,Ball,33.11676,19.73381,Ball
38760,Dwyane Wade,34.10758,7.53852,MIA
38760,Chris Bosh,8.55026,31.18328,MIA
38760,Luol Deng,6.97045,44.49196,MIA
38760,Goran Dragic,29.84975,37.89637,MIA
38760,Hassan Whiteside,33.42443,23.69627,MIA
38760,Luis Scola,10.15057,29.52661,TOR
38760,Kyle Lowry,24.14816,36.29225,TOR
38760,James Johnson,21.62202,14.00393,TOR
38760,DeMar DeRozan,7.07832,39.77675,TOR
38760,Bismack Biyombo,21.8225,22.69788,TOR
38770,Ball,34.35817,8.41345,Ball
38770,Dwyane Wade,34.19182,7.60505,MIA
38770,Chris Bosh,7.98313,31.90118,MIA
38770,Luol Deng,6.09885,42.22335,MIA
38770,Goran Dragic,26.58387,36.25638,MIA
38770,Hassan Whiteside,33.10976,22.9853,MIA
38770,Luis Scola,9.86834,28.96786,TOR
38770,Kyle Lowry,22.47373,34.92989,TOR
38770,James Johnson,22.84243,13.24878,TOR
38770,DeMar DeRozan,6.36889,38.52167,TOR
38770,Bismack Biyombo,21.57823,22.28184,TOR
38780,Ball,34.17552,8.41697,Ball
38780,Dwyane Wade,34.14872,7.78508,MIA
38780,Chris Bosh,6.9767,32.86371,MIA
38780,Luol Deng,4.96022,39.81391,MIA
38780,Goran Dragic,23.45672,34.72286,MIA
38780,Hassan Whiteside,31.97124,23.08563,MIA
38780,Luis Scola,9.24736,29.01359,TOR
38780,Kyle Lowry,22.14493,33.08664,TOR
38780,James Johnson,23.69616,12.99837,TOR
38780,DeMar DeRozan,5.17132,35.99991,TOR
38780,Bismack Biyombo,20.73412,22.63421,TOR
38790,Ball,33.29187,7.92148,Ball
38790,Dwyane Wade,33.64954,7.68355,MIA
38790,Chris Bosh,5.62636,33.60395,MIA
38790,Luol Deng,3.5596300000000003,35.05487,MIA
38790,Goran Dragic,20.59544,33.50047,MIA
38790,Hassan Whiteside,29.956220000000002,23.53088,MIA
38790,Luis Scola,8.93388,29.36512,TOR
38790,Kyle Lowry,22.04709,31.29946,TOR
38790,James Johnson,24.34924,13.21766,TOR
38790,DeMar DeRozan,3.73284,33.15213,TOR
38790,Bismack Biyombo,19.94311,22.55426,TOR
38800,Ball,31.26834,6.42969,Ball
38800,Dwyane Wade,32.1064,6.78859,MIA
38800,Chris Bosh,5.34173,33.80678,MIA
38800,Luol Deng,2.47484,29.40502,MIA
38800,Goran Dragic,17.91047,32.41584,MIA
38800,Hassan Whiteside,27.30415,24.18311,MIA
38800,Luis Scola,8.94515,29.58018,TOR
38800,Kyle Lowry,20.23899,30.72502,TOR
38800,James Johnson,24.2953,12.50661,TOR
38800,DeMar DeRozan,3.06855,29.25525,TOR
38800,Bismack Biyombo,19.77081,22.12752,TOR
38810,Ball,29.61278,4.49633,Ball
38810,Dwyane Wade,30.37149,6.01349,MIA
38810,Chris Bosh,5.87988,33.98792,MIA
38810,Luol Deng,0.54815,25.29336,MIA
38810,Goran Dragic,15.14612,30.9927,MIA
38810,Hassan Whiteside,24.60884,24.5261,MIA
38810,Luis Scola,9.48166,30.07112,TOR
38810,Kyle Lowry,18.33364,30.63523,TOR
38810,James Johnson,23.44545,11.6001,TOR
38810,DeMar DeRozan,3.14286,25.71162,TOR
38810,Bismack Biyombo,19.42045,22.15783,TOR
38820,Ball,28.2364,3.91854,Ball
38820,Dwyane Wade,28.67874,5.3084,MIA
38820,Chris Bosh,7.3674,33.70174,MIA
38820,Luol Deng,0.9975100000000001,20.4787,MIA
38820,Goran Dragic,12.94172,30.49471,MIA
38820,Hassan Whiteside,22.14981,25.97539,MIA
38820,Luis Scola,10.44931,30.72516,TOR
38820,Kyle Lowry,16.41645,29.69214,TOR
38820,James Johnson,22.29281,10.63648,TOR
38820,DeMar DeRozan,3.56416,22.67766,TOR
38820,Bismack Biyombo,18.40668,22.4031,TOR
38830,Ball,25.91647,3.58908,Ball
38830,Dwyane Wade,27.30094,4.867,MIA
38830,Chris Bosh,10.17845,34.35507,MIA
38830,Luol Deng,3.19652,16.08577,MIA
38830,Goran Dragic,12.89541,31.04494,MIA
38830,Hassan Whiteside,20.29508,26.89211,MIA
38830,Luis Scola,11.54676,32.40046,TOR
38830,Kyle Lowry,14.77213,29.42631,TOR
38830,James Johnson,21.44888,10.26155,TOR
38830,DeMar DeRozan,4.20931,19.12321,TOR
38830,Bismack Biyombo,17.36055,22.43743,TOR
38840,Ball,25.34977,3.43199,Ball
38840,Dwyane Wade,27.06693,4.91569,MIA
38840,Chris Bosh,13.90277,35.43064,MIA
38840,Luol Deng,5.95397,13.06706,MIA
38840,Goran Dragic,12.92582,31.86611,MIA
38840,Hassan Whiteside,19.33979,28.0448,MIA
38840,Luis Scola,12.91286,33.6749,TOR
38840,Kyle Lowry,13.39585,29.59067,TOR
38840,James Johnson,21.56712,10.14001,TOR
38840,DeMar DeRozan,5.82279,16.16087,TOR
38840,Bismack Biyombo,16.6194,22.88249,TOR
38850,Ball,26.34834,5.7878,Ball
38850,Dwyane Wade,27.49672,5.50088,MIA
38850,Chris Bosh,18.11205,35.71714,MIA
38850,Luol Deng,8.11329,11.67057,MIA
38850,Goran Dragic,12.03365,33.70091,MIA
38850,Hassan Whiteside,19.07868,30.42938,MIA
38850,Luis Scola,16.12652,34.19344,TOR
38850,Kyle Lowry,12.15955,29.96361,TOR
38850,James Johnson,22.97002,9.94833,TOR
38850,DeMar DeRozan,7.74545,14.22471,TOR
38850,Bismack Biyombo,16.28108,23.71112,TOR
38860,Ball,28.87374,8.00754,Ball
38860,Dwyane Wade,28.39544,6.5659600000000005,MIA
38860,Chris Bosh,22.27754,34.37637,MIA
38860,Luol Deng,9.07892,11.4466,MIA
38860,Goran Dragic,11.02913,35.99815,MIA
38860,Hassan Whiteside,19.50908,31.91968,MIA
38860,Luis Scola,19.50807,33.77763,TOR
38860,Kyle Lowry,11.56977,30.82665,TOR
38860,James Johnson,25.7148,8.92345,TOR
38860,DeMar DeRozan,9.54244,13.80293,TOR
38860,Bismack Biyombo,15.66206,23.64386,TOR
38870,Ball,29.54816,19.04476,Ball
38870,Dwyane Wade,29.37855,7.38946,MIA
38870,Chris Bosh,26.0526,32.63982,MIA
38870,Luol Deng,9.41126,10.36315,MIA
38870,Goran Dragic,10.61485,39.32364,MIA
38870,Hassan Whiteside,19.2505,31.76274,MIA
38870,Luis Scola,22.90096,31.19469,TOR
38870,Kyle Lowry,11.68944,32.13583,TOR
38870,James Johnson,28.40226,8.90164,TOR
38870,DeMar DeRozan,10.72089,13.96264,TOR
38870,Bismack Biyombo,14.79967,23.96179,TOR
38880,Ball,30.4591,29.27799,Ball
38880,Dwyane Wade,30.78157,7.37579,MIA
38880,Chris Bosh,28.77486,30.49083,MIA
38880,Luol Deng,8.96151,8.85659,MIA
38880,Goran Dragic,11.0948,42.44038,MIA
38880,Hassan Whiteside,17.92478,31.65872,MIA
38880,Luis Scola,26.0606,28.58974,TOR
38880,Kyle Lowry,12.08535,33.78944,TOR
38880,James Johnson,28.51838,9.51852,TOR
38880,DeMar DeRozan,10.82269,13.51683,TOR
38880,Bismack Biyombo,14.09016,25.85909,TOR
38890,Ball,29.82998,28.85763,Ball
38890,Dwyane Wade,31.77816,6.80541,MIA
38890,Chris Bosh,30.24156,29.67079,MIA
38890,Luol Deng,8.08043,7.52708,MIA
38890,Goran Dragic,12.83557,45.07301,MIA
38890,Hassan Whiteside,15.12903,32.23948,MIA
38890,Luis Scola,26.96146,27.72276,TOR
38890,Kyle Lowry,13.22403,36.45965,TOR
38890,James Johnson,27.40698,10.32962,TOR
38890,DeMar DeRozan,10.36854,12.87034,TOR
38890,Bismack Biyombo,14.33901,27.26486,TOR
38900,Ball,28.45638,31.99677,Ball
38900,Dwyane Wade,32.01963,6.19056,MIA
38900,Chris Bosh,28.96049,30.44999,MIA
38900,Luol Deng,7.27159,5.94943,MIA
38900,Goran Dragic,15.40137,47.06772,MIA
38900,Hassan Whiteside,13.37454,31.78975,MIA
38900,Luis Scola,26.37429,28.63842,TOR
38900,Kyle Lowry,15.80857,39.66777,TOR
38900,James Johnson,25.99354,11.42847,TOR
38900,DeMar DeRozan,9.90126,13.35183,TOR
38900,Bismack Biyombo,14.31215,28.6334,TOR
38910,Ball,17.98357,41.94984,Ball
38910,Dwyane Wade,31.50708,5.92952,MIA
38910,Chris Bosh,26.66512,32.57923,MIA
38910,Luol Deng,6.43674,4.5503800000000005,MIA
38910,Goran Dragic,18.12127,47.67014,MIA
38910,Hassan Whiteside,11.870940000000001,31.66813,MIA
38910,Luis Scola,24.7375,30.08652,TOR
38910,Kyle Lowry,18.3985,42.27544,TOR
38910,James Johnson,24.38321,12.75384,TOR
38910,DeMar DeRozan,9.31074,14.13259,TOR
38910,Bismack Biyombo,13.40899,29.92378,TOR
38920,Ball,20.00074,43.61642,Ball
38920,Dwyane Wade,30.94278,6.07542,MIA
38920,Chris Bosh,24.61269,35.28234,MIA
38920,Luol Deng,5.7677,3.29938,MIA
38920,Goran Dragic,20.84148,48.10082,MIA
38920,Hassan Whiteside,10.07714,31.39188,MIA
38920,Luis Scola,22.82066,32.2287,TOR
38920,Kyle Lowry,20.26283,43.99919,TOR
38920,James Johnson,22.86598,14.5136,TOR
38920,DeMar DeRozan,8.47831,14.85599,TOR
38920,Bismack Biyombo,12.19586,31.32514,TOR
38930,Ball,21.52235,45.57702,Ball
38930,Dwyane Wade,30.43791,6.51859,MIA
38930,Chris Bosh,22.95613,37.23067,MIA
38930,Luol Deng,5.39389,2.17373,MIA
38930,Goran Dragic,22.30858,48.25763,MIA
38930,Hassan Whiteside,8.59206,31.15526,MIA
38930,Luis Scola,20.58617,35.2303,TOR
38930,Kyle Lowry,21.96537,46.1,TOR
38930,James Johnson,21.97101,15.89516,TOR
38930,DeMar DeRozan,7.85666,15.96296,TOR
38930,Bismack Biyombo,11.49528,32.50668,TOR
38940,Ball,19.80702,48.49606,Ball
38940,Dwyane Wade,29.76684,6.95767,MIA
38940,Chris Bosh,22.46873,39.2784,MIA
38940,Luol Deng,5.04029,1.54108,MIA
38940,Goran Dragic,21.37659,48.05843,MIA
38940,Hassan Whiteside,7.47703,29.27909,MIA
38940,Luis Scola,18.17651,38.71083,TOR
38940,Kyle Lowry,20.68789,47.94764,TOR
38940,James Johnson,22.00276,16.74904,TOR
38940,DeMar DeRozan,7.53155,16.69152,TOR
38940,Bismack Biyombo,10.56032,32.63026,TOR
38950,Ball,17.37532,48.06729,Ball
38950,Dwyane Wade,29.2865,7.23147,MIA
38950,Chris Bosh,22.87804,40.40295,MIA
38950,Luol Deng,4.9616,1.3778000000000001,MIA
38950,Goran Dragic,19.31311,47.67494,MIA
38950,Hassan Whiteside,6.91921,27.06672,MIA
38950,Luis Scola,16.16653,41.76345,TOR
38950,Kyle Lowry,19.32017,47.52728,TOR
38950,James Johnson,22.11276,17.8231,TOR
38950,DeMar DeRozan,7.65455,16.67153,TOR
38950,Bismack Biyombo,9.40189,32.08428,TOR
38960,Ball,14.11803,49.29906,Ball
38960,Dwyane Wade,29.05847,7.64125,MIA
38960,Chris Bosh,23.0938,39.37653,MIA
38960,Luol Deng,5.20019,1.37405,MIA
38960,Goran Dragic,16.3765,47.87986,MIA
38960,Hassan Whiteside,6.34956,25.01491,MIA
38960,Luis Scola,14.82978,43.08227,TOR
38960,Kyle Lowry,17.79937,45.97449,TOR
38960,James Johnson,21.35369,19.51468,TOR
38960,DeMar DeRozan,7.78553,17.29263,TOR
38960,Bismack Biyombo,8.44726,31.53629,TOR
38970,Ball,10.851140000000001,47.92153,Ball
38970,Dwyane Wade,29.06428,8.48357,MIA
38970,Chris Bosh,22.81916,37.43042,MIA
38970,Luol Deng,5.35118,1.40269,MIA
38970,Goran Dragic,12.74935,46.53162,MIA
38970,Hassan Whiteside,5.98183,22.93513,MIA
38970,Luis Scola,15.10584,42.38402,TOR
38970,Kyle Lowry,15.24693,44.7337,TOR
38970,James Johnson,20.45925,21.72792,TOR
38970,DeMar DeRozan,8.01946,17.96276,TOR
38970,Bismack Biyombo,7.74033,31.09786,TOR
38980,Ball,7.31956,42.68202,Ball
38980,Dwyane Wade,28.70757,9.3624,MIA
38980,Chris Bosh,22.36245,36.9736,MIA
38980,Luol Deng,5.31701,1.42265,MIA
38980,Goran Dragic,8.91541,43.02134,MIA
38980,Hassan Whiteside,5.98701,21.3353,MIA
38980,Luis Scola,16.807290000000002,40.7019,TOR
38980,Kyle Lowry,11.3263,42.65722,TOR
38980,James Johnson,19.85049,24.74261,TOR
38980,DeMar DeRozan,8.0127,18.61941,TOR
38980,Bismack Biyombo,7.25418,30.54146,TOR
