30430,Ball,16.51177,34.00343,Ball
30430,George Hill,16.78163,34.64196,IND
30430,Monta Ellis,45.94486,7.01617,IND
30430,Jordan Hill,9.26416,22.58087,IND
30430,Lavoy Allen,47.94016,32.47496,IND
30430,Paul George,38.50502,35.84443,IND
30430,Amir Johnson,59.13727,27.8811,BOS
30430,Isaiah Thomas,68.00782,13.10672,BOS
30430,Avery Bradley,51.18708,30.87083,BOS
30430,Jae Crowder,44.31507,36.30715,BOS
30430,Jared Sullinger,52.48693,23.66031,BOS
30440,Ball,19.39659,32.62762,Ball
30440,George Hill,18.83619,33.70909,IND
30440,Monta Ellis,50.5485,6.00603,IND
30440,Jordan Hill,14.12512,22.21313,IND
30440,Lavoy Allen,53.19273,33.36761,IND
30440,Paul George,44.02212,37.62139,IND
30440,Amir Johnson,62.68426,28.79325,BOS
30440,Isaiah Thomas,69.00883,12.45601,BOS
30440,Avery Bradley,51.68346,30.94411,BOS
30440,Jae Crowder,48.91249,37.05225,BOS
30440,Jared Sullinger,56.99405,24.15741,BOS
30450,Ball,20.97072,32.04017,Ball
30450,George Hill,20.95259,32.58866,IND
30450,Monta Ellis,55.11546,5.1106,IND
30450,Jordan Hill,19.34303,21.75807,IND
30450,Lavoy Allen,58.22668,34.11164,IND
30450,Paul George,49.6535,39.36269,IND
30450,Amir Johnson,66.02088,29.55698,BOS
30450,Isaiah Thomas,70.15082,12.11709,BOS
30450,Avery Bradley,51.74051,30.57753,BOS
30450,Jae Crowder,53.28568,38.11481,BOS
30450,Jared Sullinger,60.57436,24.78304,BOS
30460,Ball,24.34997,30.44708,Ball
30460,George Hill,23.54979,31.67696,IND
30460,Monta Ellis,59.51011,4.31265,IND
30460,Jordan Hill,24.78118,21.27934,IND
30460,Lavoy Allen,63.12865,34.39862,IND
30460,Paul George,55.30478,40.86328,IND
30460,Amir Johnson,68.77957,30.54816,BOS
30460,Isaiah Thomas,71.34384,11.67393,BOS
30460,Avery Bradley,51.60437,29.97073,BOS
30460,Jae Crowder,57.60258,39.07131,BOS
30460,Jared Sullinger,63.57581,25.17454,BOS
30470,Ball,25.93407,28.95169,Ball
30470,George Hill,26.56714,30.36042,IND
30470,Monta Ellis,63.77523,3.63621,IND
30470,Jordan Hill,30.2986,20.67183,IND
30470,Lavoy Allen,67.54206,34.36079,IND
30470,Paul George,60.75723,42.11835,IND
30470,Amir Johnson,71.67454,30.99886,BOS
30470,Isaiah Thomas,72.4193,11.25167,BOS
30470,Avery Bradley,51.2434,29.36293,BOS
30470,Jae Crowder,61.85758,39.93447,BOS
30470,Jared Sullinger,66.0221,24.7504,BOS
30480,Ball,32.09735,28.31328,Ball
30480,George Hill,30.24862,29.2552,IND
30480,Monta Ellis,67.75395,3.07403,IND
30480,Jordan Hill,35.63547,20.11163,IND
30480,Lavoy Allen,71.296,33.86073,IND
30480,Paul George,65.78521,42.99595,IND
30480,Amir Johnson,73.97188,31.21307,BOS
30480,Isaiah Thomas,73.66312,11.17214,BOS
30480,Avery Bradley,51.36582,28.69276,BOS
30480,Jae Crowder,65.97018,40.71536,BOS
30480,Jared Sullinger,67.99745,24.31134,BOS
30490,Ball,35.55698,29.42458,Ball
30490,George Hill,34.08977,28.6539,IND
30490,Monta Ellis,71.26748,2.42249,IND
30490,Jordan Hill,40.92963,19.4914,IND
30490,Lavoy Allen,74.24823,33.12438,IND
30490,Paul George,70.51003,43.71387,IND
30490,Amir Johnson,75.73212,31.23138,BOS
30490,Isaiah Thomas,75.0355,11.05033,BOS
30490,Avery Bradley,52.35666,28.1206,BOS
30490,Jae Crowder,70.07423,41.20557,BOS
30490,Jared Sullinger,69.88453,24.223,BOS
30500,Ball,38.813,29.09231,Ball
30500,George Hill,37.76409,28.04436,IND
30500,Monta Ellis,74.4159,1.96699,IND
30500,Jordan Hill,45.95071,18.80496,IND
30500,Lavoy Allen,76.02321,32.33201,IND
30500,Paul George,74.75354,44.6379,IND
30500,Amir Johnson,76.68864,31.14725,BOS
30500,Isaiah Thomas,76.40426,10.7729,BOS
30500,Avery Bradley,53.98241,27.9642,BOS
30500,Jae Crowder,74.17075,41.19639,BOS
30500,Jared Sullinger,71.77055,23.65059,BOS
30510,Ball,42.14438,29.07548,Ball
30510,George Hill,41.3148,27.5185,IND
30510,Monta Ellis,77.00564,1.67189,IND
30510,Jordan Hill,50.91264,18.21275,IND
30510,Lavoy Allen,76.87574,32.36992,IND
30510,Paul George,78.46605,45.18264,IND
30510,Amir Johnson,77.36279,31.0041,BOS
30510,Isaiah Thomas,77.8338,10.77853,BOS
30510,Avery Bradley,55.87962,27.71026,BOS
30510,Jae Crowder,78.1115,40.89503,BOS
30510,Jared Sullinger,73.14105,22.79893,BOS
30520,Ball,45.84944,28.95784,Ball
30520,George Hill,44.91126,27.02667,IND
30520,Monta Ellis,79.33464,1.52927,IND
30520,Jordan Hill,55.5237,17.60008,IND
30520,Lavoy Allen,77.61619,32.89547,IND
30520,Paul George,81.60553,45.17016,IND
30520,Amir Johnson,77.89507,30.66308,BOS
30520,Isaiah Thomas,79.20682,10.81595,BOS
30520,Avery Bradley,57.89183,27.70814,BOS
30520,Jae Crowder,81.52075,40.74416,BOS
30520,Jared Sullinger,74.58512,21.96335,BOS
30530,Ball,49.66815,26.4973,Ball
30530,George Hill,48.35641,26.60841,IND
30530,Monta Ellis,81.52155,1.38046,IND
30530,Jordan Hill,59.94488,17.20917,IND
30530,Lavoy Allen,77.67491,32.18267,IND
30530,Paul George,84.22531,45.01781,IND
30530,Amir Johnson,77.73214,30.12497,BOS
30530,Isaiah Thomas,80.35675,10.75952,BOS
30530,Avery Bradley,60.002,27.39643,BOS
30530,Jae Crowder,84.33547,40.60401,BOS
30530,Jared Sullinger,75.49641,21.20714,BOS
30540,Ball,52.05011,24.45306,Ball
30540,George Hill,51.69655,26.02954,IND
30540,Monta Ellis,83.11218,1.39791,IND
30540,Jordan Hill,63.90685,17.01705,IND
30540,Lavoy Allen,77.49858,31.36219,IND
30540,Paul George,85.92882,44.80591,IND
30540,Amir Johnson,77.50952,29.67714,BOS
30540,Isaiah Thomas,81.19105,11.03243,BOS
30540,Avery Bradley,61.93554,27.01736,BOS
30540,Jae Crowder,86.21739,40.89145,BOS
30540,Jared Sullinger,76.00365,20.2683,BOS
30550,Ball,55.08412,23.77695,Ball
30550,George Hill,54.44528,25.53138,IND
30550,Monta Ellis,84.73114,1.62385,IND
30550,Jordan Hill,67.44826,17.22105,IND
30550,Lavoy Allen,76.60107,31.16604,IND
30550,Paul George,87.05628,44.41621,IND
30550,Amir Johnson,76.73948,29.79936,BOS
30550,Isaiah Thomas,81.99694,11.07993,BOS
30550,Avery Bradley,63.15034,26.11643,BOS
30550,Jae Crowder,87.422,41.07271,BOS
30550,Jared Sullinger,76.34471,19.84753,BOS
30560,Ball,57.45439,24.07011,Ball
30560,George Hill,56.85276,24.64017,IND
30560,Monta Ellis,86.08366,1.80477,IND
30560,Jordan Hill,70.39246,17.68176,IND
30560,Lavoy Allen,75.54072,30.77614,IND
30560,Paul George,88.07553,44.05958,IND
30560,Amir Johnson,75.75653,30.13662,BOS
30560,Isaiah Thomas,83.02298,10.78448,BOS
30560,Avery Bradley,63.94297,24.64603,BOS
30560,Jae Crowder,88.14443,40.71313,BOS
30560,Jared Sullinger,76.54458,19.42718,BOS
30570,Ball,59.57854,22.88405,Ball
30570,George Hill,59.21744,24.43107,IND
30570,Monta Ellis,86.92823,1.98006,IND
30570,Jordan Hill,72.66159,17.99743,IND
30570,Lavoy Allen,73.78585,30.60054,IND
30570,Paul George,88.73777,43.85937,IND
30570,Amir Johnson,75.81883,29.69801,BOS
30570,Isaiah Thomas,83.44876,10.63084,BOS
30570,Avery Bradley,64.72033,23.86473,BOS
30570,Jae Crowder,88.21692,40.51859,BOS
30570,Jared Sullinger,76.60885,19.17448,BOS
30580,Ball,61.81746,29.01716,Ball
30580,George Hill,60.51019,25.41723,IND
30580,Monta Ellis,87.75429,2.23006,IND
30580,Jordan Hill,73.5786,17.93154,IND
30580,Lavoy Allen,71.94702,31.23096,IND
30580,Paul George,89.04666,43.82194,IND
30580,Amir Johnson,75.08707,30.18967,BOS
30580,Isaiah Thomas,83.85194,10.44807,BOS
30580,Avery Bradley,66.30884,24.65261,BOS
30580,Jae Crowder,87.93674,40.41126,BOS
30580,Jared Sullinger,76.5619,19.49825,BOS
30590,Ball,68.17444,33.4678,Ball
30590,George Hill,61.65376,24.65399,IND
30590,Monta Ellis,88.44794,2.13252,IND
30590,Jordan Hill,73.25317,17.97258,IND
30590,Lavoy Allen,70.34107,32.40919,IND
30590,Paul George,89.04945,43.72624,IND
30590,Amir Johnson,73.72956,31.17769,BOS
30590,Isaiah Thomas,84.77355,10.27048,BOS
30590,Avery Bradley,67.65504,25.42619,BOS
30590,Jae Crowder,87.87565,39.8495,BOS
30590,Jared Sullinger,76.65123,19.88112,BOS
30600,Ball,69.89926,33.34456,Ball
30600,George Hill,64.00992,21.9809,IND
30600,Monta Ellis,88.48934,1.89263,IND
30600,Jordan Hill,73.07158,18.2331,IND
30600,Lavoy Allen,70.52836,33.02987,IND
30600,Paul George,88.73266,43.769,IND
30600,Amir Johnson,73.21042,31.93225,BOS
30600,Isaiah Thomas,85.21029,10.67806,BOS
30600,Avery Bradley,68.91961,23.99579,BOS
30600,Jae Crowder,87.93247,39.75504,BOS
30600,Jared Sullinger,77.29992,20.65474,BOS
30610,Ball,71.08334,34.39228,Ball
30610,George Hill,67.17068,19.10459,IND
30610,Monta Ellis,88.27326,1.97517,IND
30610,Jordan Hill,73.22799,18.42962,IND
30610,Lavoy Allen,71.28355,34.11021,IND
30610,Paul George,88.34761,43.87395,IND
30610,Amir Johnson,73.36169,32.99742,BOS
30610,Isaiah Thomas,85.36686,11.30682,BOS
30610,Avery Bradley,70.00393,20.36696,BOS
30610,Jae Crowder,88.08915,39.88951,BOS
30610,Jared Sullinger,78.53122,21.23949,BOS
30620,Ball,71.41701,36.53539,Ball
30620,George Hill,71.11696,15.7786,IND
30620,Monta Ellis,87.47142,2.66356,IND
30620,Jordan Hill,73.37426,18.53508,IND
30620,Lavoy Allen,71.13701,35.44468,IND
30620,Paul George,88.23217,43.5816,IND
30620,Amir Johnson,73.26143,34.46401,BOS
30620,Isaiah Thomas,85.28443,11.43628,BOS
30620,Avery Bradley,72.12305,17.33576,BOS
30620,Jae Crowder,88.39099,40.2007,BOS
30620,Jared Sullinger,80.12985,21.58046,BOS
30630,Ball,71.34929,35.49106,Ball
30630,George Hill,74.74202,13.969,IND
30630,Monta Ellis,85.51178,4.16144,IND
30630,Jordan Hill,73.22095,18.07029,IND
30630,Lavoy Allen,70.7737,35.72725,IND
30630,Paul George,88.23205,43.38495,IND
30630,Amir Johnson,73.31283,34.67916,BOS
30630,Isaiah Thomas,84.86544,12.04614,BOS
30630,Avery Bradley,75.40535,15.81814,BOS
30630,Jae Crowder,88.23522,40.50246,BOS
30630,Jared Sullinger,81.08566,22.02783,BOS
30640,Ball,69.99255,32.67607,Ball
30640,George Hill,77.0974,14.03727,IND
30640,Monta Ellis,83.77495,6.28176,IND
30640,Jordan Hill,73.38473,17.51778,IND
30640,Lavoy Allen,70.22251,33.83583,IND
30640,Paul George,88.20146,43.27311,IND
30640,Amir Johnson,73.62372,33.48112,BOS
30640,Isaiah Thomas,83.77274,12.62335,BOS
30640,Avery Bradley,78.42809,15.76678,BOS
30640,Jae Crowder,88.42059,40.47587,BOS
30640,Jared Sullinger,81.56635,22.18956,BOS
30650,Ball,69.13693,28.51326,Ball
30650,George Hill,78.18882,14.834810000000001,IND
30650,Monta Ellis,84.0717,10.07571,IND
30650,Jordan Hill,73.83011,17.20834,IND
30650,Lavoy Allen,70.00622,30.71748,IND
30650,Paul George,88.27835,42.8336,IND
30650,Amir Johnson,73.77836,31.41878,BOS
30650,Isaiah Thomas,81.71443,13.21296,BOS
30650,Avery Bradley,79.92991,16.46313,BOS
30650,Jae Crowder,88.4044,39.99597,BOS
30650,Jared Sullinger,81.18311,21.63616,BOS
30660,Ball,68.37323,26.0435,Ball
30660,George Hill,78.56392,15.08348,IND
30660,Monta Ellis,85.86473,15.27018,IND
30660,Jordan Hill,74.21645,16.70294,IND
30660,Lavoy Allen,69.64329,27.12477,IND
30660,Paul George,87.99807,42.53858,IND
30660,Amir Johnson,74.20345,28.69066,BOS
30660,Isaiah Thomas,79.7736,15.4093,BOS
30660,Avery Bradley,80.04904,16.94173,BOS
30660,Jae Crowder,88.09296,39.00423,BOS
30660,Jared Sullinger,81.13986,21.78471,BOS
30670,Ball,70.56787,24.81743,Ball
30670,George Hill,78.48764,15.40386,IND
30670,Monta Ellis,87.20228,21.19777,IND
30670,Jordan Hill,75.47711,17.37854,IND
30670,Lavoy Allen,69.87931,25.45172,IND
30670,Paul George,87.44707,43.04121,IND
30670,Amir Johnson,74.61335,26.25128,BOS
30670,Isaiah Thomas,80.31341,18.09478,BOS
30670,Avery Bradley,79.72586,17.37373,BOS
30670,Jae Crowder,87.54825,37.86755,BOS
30670,Jared Sullinger,82.46073,23.08547,BOS
30680,Ball,70.30526,24.93034,Ball
30680,George Hill,77.92074,15.24181,IND
30680,Monta Ellis,87.51412,26.63488,IND
30680,Jordan Hill,76.19668,17.79992,IND
30680,Lavoy Allen,70.06824,24.92697,IND
30680,Paul George,87.11841,43.732,IND
30680,Amir Johnson,74.23789,25.4382,BOS
30680,Isaiah Thomas,83.51121,21.78368,BOS
30680,Avery Bradley,78.43486,17.16856,BOS
30680,Jae Crowder,86.78673,36.96363,BOS
30680,Jared Sullinger,83.87567,25.26429,BOS
30690,Ball,69.4687,23.58526,Ball
30690,George Hill,76.47766,14.69381,IND
30690,Monta Ellis,87.78508,31.05466,IND
30690,Jordan Hill,77.24236,16.40755,IND
30690,Lavoy Allen,69.58821,24.32974,IND
30690,Paul George,86.23794,44.64798,IND
30690,Amir Johnson,73.41873,25.23427,BOS
30690,Isaiah Thomas,85.77494,25.76141,BOS
30690,Avery Bradley,77.98758,16.14078,BOS
30690,Jae Crowder,86.05263,36.75276,BOS
30690,Jared Sullinger,84.07146,25.62401,BOS
30700,Ball,68.9086,21.8533,Ball
30700,George Hill,73.55964,15.14563,IND
30700,Monta Ellis,88.32616,34.36012,IND
30700,Jordan Hill,78.21296,15.70684,IND
30700,Lavoy Allen,69.35921,24.06678,IND
30700,Paul George,83.98439,45.21849,IND
30700,Amir Johnson,71.76677,24.47837,BOS
30700,Isaiah Thomas,86.89554,28.56862,BOS
30700,Avery Bradley,77.15346,14.94902,BOS
30700,Jae Crowder,85.65018,36.87005,BOS
30700,Jared Sullinger,83.22466,23.69679,BOS
30710,Ball,68.97093,17.403950000000002,Ball
30710,George Hill,69.68655,16.66439,IND
30710,Monta Ellis,89.11613,37.22021,IND
30710,Jordan Hill,78.95884,14.2142,IND
30710,Lavoy Allen,68.89576,23.67997,IND
30710,Paul George,81.05439,45.3035,IND
30710,Amir Johnson,70.64278,24.62434,BOS
30710,Isaiah Thomas,87.21922,30.93587,BOS
30710,Avery Bradley,74.64961,15.91622,BOS
30710,Jae Crowder,84.17867,36.85117,BOS
30710,Jared Sullinger,81.95837,20.60626,BOS
30720,Ball,65.9727,20.41288,Ball
30720,George Hill,66.58395,19.47587,IND
30720,Monta Ellis,89.91967,39.62068,IND
30720,Jordan Hill,80.21666,13.96105,IND
30720,Lavoy Allen,68.24849,22.93258,IND
30720,Paul George,78.42699,45.51443,IND
30720,Amir Johnson,70.79913,25.28261,BOS
30720,Isaiah Thomas,87.02214,32.74039,BOS
30720,Avery Bradley,71.25477,18.42427,BOS
30720,Jae Crowder,81.88161,36.72505,BOS
30720,Jared Sullinger,81.1531,17.7311,BOS
30730,Ball,63.68314,25.01516,Ball
30730,George Hill,65.49186,22.54849,IND
30730,Monta Ellis,90.26508,41.78527,IND
30730,Jordan Hill,80.93412000000001,14.0684,IND
30730,Lavoy Allen,68.56845,22.29384,IND
30730,Paul George,76.30652,45.37327,IND
30730,Amir Johnson,72.2082,25.56404,BOS
30730,Isaiah Thomas,87.04789,34.25908,BOS
30730,Avery Bradley,67.8426,20.8963,BOS
30730,Jae Crowder,79.41503,36.79466,BOS
30730,Jared Sullinger,81.59136,16.34642,BOS
30740,Ball,65.26319,30.0641,Ball
30740,George Hill,66.29033,24.78102,IND
30740,Monta Ellis,90.33108,43.4173,IND
30740,Jordan Hill,81.61567,14.70925,IND
30740,Lavoy Allen,70.0615,21.88543,IND
30740,Paul George,74.83757,45.6638,IND
30740,Amir Johnson,73.71227,26.56443,BOS
30740,Isaiah Thomas,87.20475,35.4186,BOS
30740,Avery Bradley,66.26181,24.54804,BOS
30740,Jae Crowder,77.98835,36.98172,BOS
30740,Jared Sullinger,82.51519,16.74944,BOS
30750,Ball,70.59813,33.17796,Ball
30750,George Hill,67.88404,28.44285,IND
30750,Monta Ellis,90.15263,45.06229,IND
30750,Jordan Hill,81.21091,14.93288,IND
30750,Lavoy Allen,73.73604,22.01001,IND
30750,Paul George,74.31444,46.40431,IND
30750,Amir Johnson,75.66711,27.9426,BOS
30750,Isaiah Thomas,87.10439,35.69865,BOS
30750,Avery Bradley,68.06761,28.26723,BOS
30750,Jae Crowder,76.90627,36.2332,BOS
30750,Jared Sullinger,83.11952,18.94176,BOS
30760,Ball,73.19179,32.95216,Ball
30760,George Hill,71.95146,31.36955,IND
30760,Monta Ellis,89.56379,46.40557,IND
30760,Jordan Hill,78.34935,13.98342,IND
30760,Lavoy Allen,77.58427,22.57229,IND
30760,Paul George,74.32937,46.88895,IND
30760,Amir Johnson,78.59455,28.4139,BOS
30760,Isaiah Thomas,86.77674,35.97683,BOS
30760,Avery Bradley,72.12857,29.99793,BOS
30760,Jae Crowder,76.14561,36.19509,BOS
30760,Jared Sullinger,83.05471,20.99397,BOS
30770,Ball,74.34668,25.16182,Ball
30770,George Hill,74.66629,32.07321,IND
30770,Monta Ellis,89.14529,47.19532,IND
30770,Jordan Hill,75.68492,13.68648,IND
30770,Lavoy Allen,80.3807,23.95689,IND
30770,Paul George,73.83097,46.72917,IND
30770,Amir Johnson,81.0195,27.48936,BOS
30770,Isaiah Thomas,86.66749,36.41958,BOS
30770,Avery Bradley,75.02962,30.75446,BOS
30770,Jae Crowder,76.43932,37.57572,BOS
30770,Jared Sullinger,82.17442,22.20623,BOS
30780,Ball,74.65946,14.51009,Ball
30780,George Hill,75.85579,31.55523,IND
30780,Monta Ellis,88.55624,47.76837,IND
30780,Jordan Hill,74.4774,13.49233,IND
30780,Lavoy Allen,82.55508,24.71774,IND
30780,Paul George,72.53014,45.99788,IND
30780,Amir Johnson,82.54254,25.76515,BOS
30780,Isaiah Thomas,86.84018,36.05472,BOS
30780,Avery Bradley,77.03197,31.0687,BOS
30780,Jae Crowder,77.24964,38.07511,BOS
30780,Jared Sullinger,81.05221,20.88617,BOS
30790,Ball,74.49833,13.54238,Ball
30790,George Hill,74.90436,30.63169,IND
30790,Monta Ellis,87.34016,48.08255,IND
30790,Jordan Hill,74.21239,13.31997,IND
30790,Lavoy Allen,84.3565,25.17208,IND
30790,Paul George,70.92103,44.72567,IND
30790,Amir Johnson,83.91725,25.83792,BOS
30790,Isaiah Thomas,87.11015,35.60307,BOS
30790,Avery Bradley,78.80192,30.56958,BOS
30790,Jae Crowder,78.18971,37.34531,BOS
30790,Jared Sullinger,79.27428,18.53233,BOS
30800,Ball,78.07598,16.47681,Ball
30800,George Hill,73.32443,30.29986,IND
30800,Monta Ellis,85.62393,47.83498,IND
30800,Jordan Hill,74.3214,13.21208,IND
30800,Lavoy Allen,85.29787,25.66484,IND
30800,Paul George,69.18734,43.32083,IND
30800,Amir Johnson,85.75688,25.88117,BOS
30800,Isaiah Thomas,87.72710000000001,34.63186,BOS
30800,Avery Bradley,80.50406,29.51793,BOS
30800,Jae Crowder,79.87211,36.04163,BOS
30800,Jared Sullinger,76.09988,16.1793,BOS
30810,Ball,83.67461,21.11268,Ball
30810,George Hill,71.41246,29.83825,IND
30810,Monta Ellis,83.63227,47.15597,IND
30810,Jordan Hill,72.78242,12.3769,IND
30810,Lavoy Allen,86.47811,25.32514,IND
30810,Paul George,67.596,41.69731,IND
30810,Amir Johnson,86.47811,25.32514,BOS
30810,Isaiah Thomas,88.34228,33.27607,BOS
30810,Avery Bradley,82.7445,28.25376,BOS
30810,Jae Crowder,81.93054,33.84473,BOS
30810,Jared Sullinger,72.0028,14.01278,BOS
30820,Ball,88.32497,25.49588,Ball
30820,George Hill,69.40226,29.42541,IND
30820,Monta Ellis,81.54238,46.26598,IND
30820,Jordan Hill,70.01388,11.74066,IND
30820,Lavoy Allen,86.80959,24.6639,IND
30820,Paul George,65.92355,40.00249,IND
30820,Amir Johnson,86.80959,24.6639,BOS
30820,Isaiah Thomas,88.73841,31.92546,BOS
30820,Avery Bradley,85.03246,27.46892,BOS
30820,Jae Crowder,83.73271,31.76071,BOS
30820,Jared Sullinger,67.83416,12.58486,BOS
30830,Ball,87.43441,27.89108,Ball
30830,George Hill,67.49311,29.06176,IND
30830,Monta Ellis,79.62721,45.10557,IND
30830,Jordan Hill,67.08538,11.47112,IND
30830,Lavoy Allen,87.42075,26.21553,IND
30830,Paul George,64.5872,38.53686,IND
30830,Amir Johnson,87.25174,25.71797,BOS
30830,Isaiah Thomas,88.84751,30.93056,BOS
30830,Avery Bradley,86.09294,26.79601,BOS
30830,Jae Crowder,85.41665,30.14096,BOS
30830,Jared Sullinger,63.44649,11.81072,BOS
30840,Ball,88.00755,27.766,Ball
30840,George Hill,65.45297,28.24631,IND
30840,Monta Ellis,77.6477,43.90962,IND
30840,Jordan Hill,65.24473,12.01715,IND
30840,Lavoy Allen,88.19954,28.56775,IND
30840,Paul George,63.40309,36.95933,IND
30840,Amir Johnson,87.89497,27.05214,BOS
30840,Isaiah Thomas,88.47163,31.19202,BOS
30840,Avery Bradley,84.65687,25.19072,BOS
30840,Jae Crowder,86.49683,29.80034,BOS
30840,Jared Sullinger,59.37523,11.42506,BOS
30850,Ball,91.01767,24.88935,Ball
30850,George Hill,63.35167,27.9094,IND
30850,Monta Ellis,75.54266,42.77485,IND
30850,Jordan Hill,65.80869,13.47624,IND
30850,Lavoy Allen,89.14557,32.08994,IND
30850,Paul George,62.50427,35.64242,IND
30850,Amir Johnson,89.0481,28.8405,BOS
30850,Isaiah Thomas,88.89957,32.50643,BOS
30850,Avery Bradley,85.14651,23.56312,BOS
30850,Jae Crowder,85.96462,29.50159,BOS
30850,Jared Sullinger,55.84116,12.10112,BOS
