52300,Ball,93.69179,23.0812,Ball
52300,LeBron James,76.06687,41.56744,CLE
52300,Jared Cunningham,78.41112,17.4601,CLE
52300,Matthew Dellavedova,81.63741,28.03556,CLE
52300,Timofey Mozgov,72.12539,9.35092,CLE
52300,Tristan Thompson,94.65805,24.2586,CLE
52300,Monta Ellis,43.42993,25.29433,IND
52300,Chase Budinger,71.03868,17.61071,IND
52300,Lavoy Allen,61.76462,13.29479,IND
52300,Paul George,53.63771,46.57492,IND
52300,Myles Turner,66.96125,30.86377,IND
52310,Ball,93.81481,23.56729,Ball
52310,LeBron James,73.24798,42.25119,CLE
52310,Jared Cunningham,73.59793,15.17548,CLE
52310,Matthew Dellavedova,83.43851,28.3439,CLE
52310,Timofey Mozgov,68.36308,8.45607,CLE
52310,Tristan Thompson,95.51441,24.28756,CLE
52310,Monta Ellis,40.96407,25.76269,IND
52310,Chase Budinger,65.21301,17.34814,IND
52310,Lavoy Allen,56.57738,14.32455,IND
52310,Paul George,49.29551,44.55131,IND
52310,Myles Turner,60.92934,30.12761,IND
52320,Ball,87.16996,27.90804,Ball
52320,LeBron James,69.64245,42.5704,CLE
52320,Jared Cunningham,68.54889,12.52933,CLE
52320,Matthew Dellavedova,84.78905,28.89886,CLE
52320,Timofey Mozgov,63.80875,8.42803,CLE
52320,Tristan Thompson,94.57312,24.07805,CLE
52320,Monta Ellis,38.90051,26.76233,IND
52320,Chase Budinger,58.97944,16.57513,IND
52320,Lavoy Allen,51.49315,15.52071,IND
52320,Paul George,44.9679,42.88985,IND
52320,Myles Turner,54.92519,29.44359,IND
52330,Ball,83.38435,29.38945,Ball
52330,LeBron James,65.01277,42.6113,CLE
52330,Jared Cunningham,62.80936,9.42755,CLE
52330,Matthew Dellavedova,84.44442,29.69068,CLE
52330,Timofey Mozgov,58.60157,9.00194,CLE
52330,Tristan Thompson,91.87912,23.77503,CLE
52330,Monta Ellis,36.80258,27.43388,IND
52330,Chase Budinger,52.03318,15.22687,IND
52330,Lavoy Allen,46.35742,17.249390000000002,IND
52330,Paul George,40.27335,41.84635,IND
52330,Myles Turner,48.57369,28.36699,IND
52340,Ball,81.17753,30.08286,Ball
52340,LeBron James,60.91501,42.17954,CLE
52340,Jared Cunningham,57.9172,7.23355,CLE
52340,Matthew Dellavedova,83.11179,30.17626,CLE
52340,Timofey Mozgov,54.34709,10.07251,CLE
52340,Tristan Thompson,88.73557,23.03547,CLE
52340,Monta Ellis,35.61871,28.03963,IND
52340,Chase Budinger,46.48081,14.05249,IND
52340,Lavoy Allen,42.8133,18.88206,IND
52340,Paul George,36.61925,41.06122,IND
52340,Myles Turner,43.81288,27.28229,IND
52340,Ball,80.93831,30.06077,Ball
52340,LeBron James,60.43562,42.0655,CLE
52340,Jared Cunningham,57.36338,7.01187,CLE
52340,Matthew Dellavedova,82.91829,30.2052,CLE
52340,Timofey Mozgov,53.90292,10.19515,CLE
52340,Tristan Thompson,88.35862,22.91487,CLE
52340,Monta Ellis,35.52034,28.10571,IND
52340,Chase Budinger,45.87736,13.914670000000001,IND
52340,Lavoy Allen,42.4519,19.04742,IND
52340,Paul George,36.22864,40.96234,IND
52340,Myles Turner,43.30172,27.15494,IND
52350,Ball,79.85172,29.72435,Ball
52350,LeBron James,56.04766,40.91342,CLE
52350,Jared Cunningham,52.38935,5.29082,CLE
52350,Matthew Dellavedova,80.85349,30.5811,CLE
52350,Timofey Mozgov,49.82688,11.38303,CLE
52350,Tristan Thompson,84.69498,21.7934,CLE
52350,Monta Ellis,34.62502,28.54908,IND
52350,Chase Budinger,40.46726,12.87237,IND
52350,Lavoy Allen,39.39189,20.50476,IND
52350,Paul George,32.77051,39.93204,IND
52350,Myles Turner,38.9347,26.04375,IND
52360,Ball,77.34008,30.63992,Ball
52360,LeBron James,51.27844,39.21291,CLE
52360,Jared Cunningham,46.84115,3.8884600000000002,CLE
52360,Matthew Dellavedova,78.03303,31.41808,CLE
52360,Timofey Mozgov,45.52522,12.892,CLE
52360,Tristan Thompson,80.30417,20.48202,CLE
52360,Monta Ellis,33.864,28.84771,IND
52360,Chase Budinger,35.014,11.8065,IND
52360,Lavoy Allen,36.65475,21.96811,IND
52360,Paul George,29.15563,38.37626,IND
52360,Myles Turner,34.77597,24.50248,IND
52370,Ball,74.12538,30.7162,Ball
52370,LeBron James,46.76796,37.14311,CLE
52370,Jared Cunningham,41.31814,2.88197,CLE
52370,Matthew Dellavedova,74.95971,31.91094,CLE
52370,Timofey Mozgov,41.5915,14.3269,CLE
52370,Tristan Thompson,75.54826,19.11419,CLE
52370,Monta Ellis,33.33962,29.77387,IND
52370,Chase Budinger,30.42164,11.06039,IND
52370,Lavoy Allen,34.32706,22.78126,IND
52370,Paul George,25.93472,36.7405,IND
52370,Myles Turner,31.016,23.23793,IND
52380,Ball,70.18358,31.08513,Ball
52380,LeBron James,42.12958,34.52677,CLE
52380,Jared Cunningham,35.3762,1.89167,CLE
52380,Matthew Dellavedova,71.22694,32.45314,CLE
52380,Timofey Mozgov,37.59536,15.97135,CLE
52380,Tristan Thompson,70.0791,17.71002,CLE
52380,Monta Ellis,32.95053,31.19776,IND
52380,Chase Budinger,25.94674,11.20885,IND
52380,Lavoy Allen,31.90887,23.36436,IND
52380,Paul George,23.08275,34.34485,IND
52380,Myles Turner,28.34059,21.93939,IND
52390,Ball,66.38955,32.70625,Ball
52390,LeBron James,38.60605,32.32429,CLE
52390,Jared Cunningham,30.81953,1.76369,CLE
52390,Matthew Dellavedova,68.05753,33.01435,CLE
52390,Timofey Mozgov,34.75372,17.06361,CLE
52390,Tristan Thompson,65.50994,16.6843,CLE
52390,Monta Ellis,32.82824,32.1278,IND
52390,Chase Budinger,22.86642,11.8256,IND
52390,Lavoy Allen,30.3033,23.71459,IND
52390,Paul George,21.24501,32.48731,IND
52390,Myles Turner,26.20163,21.65997,IND
52390,Ball,66.20958,32.895270000000004,Ball
52390,LeBron James,38.242,32.10372,CLE
52390,Jared Cunningham,30.32459,1.78472,CLE
52390,Matthew Dellavedova,67.69473,33.05294,CLE
52390,Timofey Mozgov,34.48695,17.19668,CLE
52390,Tristan Thompson,65.00321,16.55737,CLE
52390,Monta Ellis,32.80951,32.21949,IND
52390,Chase Budinger,22.55099,11.890460000000001,IND
52390,Lavoy Allen,30.11926,23.71634,IND
52390,Paul George,21.06019,32.28684,IND
52390,Myles Turner,25.95573,21.66466,IND
52400,Ball,62.26089,33.13433,Ball
52400,LeBron James,35.27083,29.96357,CLE
52400,Jared Cunningham,26.07311,2.23167,CLE
52400,Matthew Dellavedova,64.39477,33.28312,CLE
52400,Timofey Mozgov,32.49321,18.60997,CLE
52400,Tristan Thompson,60.60743,15.60244,CLE
52400,Monta Ellis,32.58849,32.67754,IND
52400,Chase Budinger,19.78368,12.30616,IND
52400,Lavoy Allen,28.33635,23.54316,IND
52400,Paul George,19.60941,30.44517,IND
52400,Myles Turner,24.03842,21.96186,IND
52410,Ball,59.34743,33.5639,Ball
52410,LeBron James,32.49743,27.72611,CLE
52410,Jared Cunningham,21.77413,2.89257,CLE
52410,Matthew Dellavedova,61.11801,33.02692,CLE
52410,Timofey Mozgov,30.33472,20.24453,CLE
52410,Tristan Thompson,55.87613,14.7407,CLE
52410,Monta Ellis,32.5906,32.47935,IND
52410,Chase Budinger,17.11088,12.610430000000001,IND
52410,Lavoy Allen,26.1518,22.67303,IND
52410,Paul George,18.37788,28.16301,IND
52410,Myles Turner,22.4134,22.800910000000002,IND
52420,Ball,56.86977,33.82496,Ball
52420,LeBron James,30.46783,25.90538,CLE
52420,Jared Cunningham,17.93213,3.68157,CLE
52420,Matthew Dellavedova,57.71739,32.97484,CLE
52420,Timofey Mozgov,28.07047,21.81932,CLE
52420,Tristan Thompson,51.32895,14.05355,CLE
52420,Monta Ellis,32.75622,32.12924,IND
52420,Chase Budinger,15.01108,12.74466,IND
52420,Lavoy Allen,24.38726,21.75454,IND
52420,Paul George,17.9236,26.29307,IND
52420,Myles Turner,20.99691,23.8011,IND
52430,Ball,52.42257,32.18127,Ball
52430,LeBron James,28.49083,24.30063,CLE
52430,Jared Cunningham,14.50557,4.25732,CLE
52430,Matthew Dellavedova,54.36889,32.71849,CLE
52430,Timofey Mozgov,26.0291,24.30655,CLE
52430,Tristan Thompson,46.52594,13.76197,CLE
52430,Monta Ellis,32.97544,32.19535,IND
52430,Chase Budinger,13.00026,13.07431,IND
52430,Lavoy Allen,22.70222,21.43565,IND
52430,Paul George,18.4419,24.59184,IND
52430,Myles Turner,20.39234,24.69759,IND
52440,Ball,50.94086,31.41238,Ball
52440,LeBron James,27.20475,23.12918,CLE
52440,Jared Cunningham,12.56902,4.8988700000000005,CLE
52440,Matthew Dellavedova,51.72424,32.50197,CLE
52440,Timofey Mozgov,24.46279,26.43261,CLE
52440,Tristan Thompson,42.8826,14.23288,CLE
52440,Monta Ellis,33.46555,32.12414,IND
52440,Chase Budinger,11.77909,13.71814,IND
52440,Lavoy Allen,21.48862,20.74162,IND
52440,Paul George,18.88495,23.24851,IND
52440,Myles Turner,19.86729,26.25409,IND
52440,Ball,50.75354,31.34537,Ball
52440,LeBron James,27.09079,22.979680000000002,CLE
52440,Jared Cunningham,12.37796,4.98161,CLE
52440,Matthew Dellavedova,51.44944,32.47511,CLE
52440,Timofey Mozgov,24.30354,26.60747,CLE
52440,Tristan Thompson,42.50095,14.3477,CLE
52440,Monta Ellis,33.54481,32.09563,IND
52440,Chase Budinger,11.6619,13.77774,IND
52440,Lavoy Allen,21.36837,20.66621,IND
52440,Paul George,18.90205,23.12408,IND
52440,Myles Turner,19.78093,26.46782,IND
52450,Ball,48.85224,30.96543,Ball
52450,LeBron James,26.24835,22.1119,CLE
52450,Jared Cunningham,10.70308,5.56386,CLE
52450,Matthew Dellavedova,49.16571,32.06646,CLE
52450,Timofey Mozgov,23.47189,28.4236,CLE
52450,Tristan Thompson,39.2921,15.65298,CLE
52450,Monta Ellis,34.45717,31.75318,IND
52450,Chase Budinger,10.60057,14.13307,IND
52450,Lavoy Allen,20.33276,19.96562,IND
52450,Paul George,19.05366,22.43733,IND
52450,Myles Turner,19.40164,27.95672,IND
52460,Ball,46.54577,29.78098,Ball
52460,LeBron James,25.51731,21.31389,CLE
52460,Jared Cunningham,9.16046,5.68228,CLE
52460,Matthew Dellavedova,47.04001,31.3525,CLE
52460,Timofey Mozgov,22.74227,30.30756,CLE
52460,Tristan Thompson,36.12246,17.37423,CLE
52460,Monta Ellis,35.63534,31.39097,IND
52460,Chase Budinger,9.5163,14.71071,IND
52460,Lavoy Allen,19.24229,19.57329,IND
52460,Paul George,19.22811,22.25453,IND
52460,Myles Turner,19.1348,29.46861,IND
52470,Ball,45.23015,29.06763,Ball
52470,LeBron James,25.09927,20.18026,CLE
52470,Jared Cunningham,8.14472,5.17285,CLE
52470,Matthew Dellavedova,45.26701,30.27285,CLE
52470,Timofey Mozgov,22.33639,32.43424,CLE
52470,Tristan Thompson,33.58623,19.54586,CLE
52470,Monta Ellis,36.22649,30.52212,IND
52470,Chase Budinger,9.14299,15.27248,IND
52470,Lavoy Allen,18.92106,19.58024,IND
52470,Paul George,19.47414,22.10472,IND
52470,Myles Turner,18.73929,30.85467,IND
52480,Ball,43.35389,28.04741,Ball
52480,LeBron James,25.16115,19.38518,CLE
52480,Jared Cunningham,6.9374400000000005,4.15987,CLE
52480,Matthew Dellavedova,43.6648,29.55178,CLE
52480,Timofey Mozgov,22.06812,34.3099,CLE
52480,Tristan Thompson,30.89474,22.83886,CLE
52480,Monta Ellis,36.29227,29.58467,IND
52480,Chase Budinger,8.85463,15.07345,IND
52480,Lavoy Allen,18.80185,20.23751,IND
52480,Paul George,19.80552,22.35029,IND
52480,Myles Turner,17.97207,32.08918,IND
52490,Ball,43.28047,27.06744,Ball
52490,LeBron James,25.115,18.89997,CLE
52490,Jared Cunningham,6.12224,3.43594,CLE
52490,Matthew Dellavedova,42.97922,28.55047,CLE
52490,Timofey Mozgov,21.71017,35.23262,CLE
52490,Tristan Thompson,29.08286,26.12776,CLE
52490,Monta Ellis,36.15054,28.98499,IND
52490,Chase Budinger,8.62637,14.46711,IND
52490,Lavoy Allen,17.93386,21.87315,IND
52490,Paul George,20.38759,22.01954,IND
52490,Myles Turner,17.2482,32.48409,IND
52490,Ball,43.35181,26.89184,Ball
52490,LeBron James,25.09926,18.86242,CLE
52490,Jared Cunningham,6.05,3.3669700000000002,CLE
52490,Matthew Dellavedova,42.89718,28.43274,CLE
52490,Timofey Mozgov,21.65965,35.30841,CLE
52490,Tristan Thompson,28.89032,26.50276,CLE
52490,Monta Ellis,36.12111,28.91239,IND
52490,Chase Budinger,8.61112,14.39934,IND
52490,Lavoy Allen,17.8324,22.05009,IND
52490,Paul George,20.44756,21.9076,IND
52490,Myles Turner,17.13049,32.49011,IND
52500,Ball,41.9323,26.46158,Ball
52500,LeBron James,24.84677,18.82877,CLE
52500,Jared Cunningham,5.56082,2.6478200000000003,CLE
52500,Matthew Dellavedova,41.99507,27.58504,CLE
52500,Timofey Mozgov,21.28684,35.85131,CLE
52500,Tristan Thompson,27.38206,29.76208,CLE
52500,Monta Ellis,35.8713,28.21797,IND
52500,Chase Budinger,8.6865,13.94041,IND
52500,Lavoy Allen,16.85202,23.56719,IND
52500,Paul George,20.92918,20.87587,IND
52500,Myles Turner,16.03793,32.16543,IND
52510,Ball,41.30071,25.00967,Ball
52510,LeBron James,24.20878,18.97336,CLE
52510,Jared Cunningham,5.12411,1.85425,CLE
52510,Matthew Dellavedova,41.01851,26.65342,CLE
52510,Timofey Mozgov,21.22957,36.9725,CLE
52510,Tristan Thompson,25.57268,33.14425,CLE
52510,Monta Ellis,35.43143,27.12809,IND
52510,Chase Budinger,8.76483,13.57305,IND
52510,Lavoy Allen,15.28263,26.18904,IND
52510,Paul George,21.45589,20.31614,IND
52510,Myles Turner,15.68487,32.12916,IND
52520,Ball,40.88649,24.16765,Ball
52520,LeBron James,23.79842,19.01195,CLE
52520,Jared Cunningham,4.7083200000000005,1.46249,CLE
52520,Matthew Dellavedova,40.33537,25.70056,CLE
52520,Timofey Mozgov,21.43189,38.99201,CLE
52520,Tristan Thompson,23.98973,36.0007,CLE
52520,Monta Ellis,34.7098,25.88114,IND
52520,Chase Budinger,8.30874,13.00736,IND
52520,Lavoy Allen,14.01494,28.89756,IND
52520,Paul George,21.53421,20.02302,IND
52520,Myles Turner,15.90422,32.45389,IND
52530,Ball,39.43965,24.21122,Ball
52530,LeBron James,23.34837,19.11552,CLE
52530,Jared Cunningham,4.35413,1.22926,CLE
52530,Matthew Dellavedova,39.45129,25.7009,CLE
52530,Timofey Mozgov,22.37702,40.77393,CLE
52530,Tristan Thompson,21.95454,37.60523,CLE
52530,Monta Ellis,33.92557,25.33724,IND
52530,Chase Budinger,8.02307,12.74753,IND
52530,Lavoy Allen,12.82195,31.35471,IND
52530,Paul George,21.5377,19.88784,IND
52530,Myles Turner,16.01072,32.37441,IND
52540,Ball,39.63022,23.70343,Ball
52540,LeBron James,22.25715,18.98981,CLE
52540,Jared Cunningham,4.47084,1.16919,CLE
52540,Matthew Dellavedova,38.91571,25.25711,CLE
52540,Timofey Mozgov,22.89192,41.72571,CLE
52540,Tristan Thompson,20.16948,39.13186,CLE
52540,Monta Ellis,33.47947,25.84912,IND
52540,Chase Budinger,8.11748,12.86412,IND
52540,Lavoy Allen,12.45187,32.95227,IND
52540,Paul George,21.59672,19.18464,IND
52540,Myles Turner,15.94118,32.86737,IND
52540,Ball,39.41952,23.4662,Ball
52540,LeBron James,22.13606,18.88899,CLE
52540,Jared Cunningham,4.50927,1.16532,CLE
52540,Matthew Dellavedova,38.85033,25.19416,CLE
52540,Timofey Mozgov,22.93127,41.7985,CLE
52540,Tristan Thompson,19.9853,39.24889,CLE
52540,Monta Ellis,33.45544,25.9058,IND
52540,Chase Budinger,8.12881,12.87565,IND
52540,Lavoy Allen,12.42869,33.08605,IND
52540,Paul George,21.61221,19.07043,IND
52540,Myles Turner,15.9181,32.96046,IND
52550,Ball,37.698,23.45756,Ball
52550,LeBron James,21.64965,18.49212,CLE
52550,Jared Cunningham,4.88238,1.13874,CLE
52550,Matthew Dellavedova,38.23087,24.84656,CLE
52550,Timofey Mozgov,23.39778,42.14197,CLE
52550,Tristan Thompson,18.09089,39.55874,CLE
52550,Monta Ellis,33.49338,26.10111,IND
52550,Chase Budinger,8.23915,12.74603,IND
52550,Lavoy Allen,12.07316,33.88632,IND
52550,Paul George,21.64965,18.49212,IND
52550,Myles Turner,15.76514,33.956360000000004,IND
52560,Ball,38.88122,23.1013,Ball
52560,LeBron James,22.15469,18.18902,CLE
52560,Jared Cunningham,5.14485,1.2596,CLE
52560,Matthew Dellavedova,38.00147,24.83743,CLE
52560,Timofey Mozgov,23.72472,41.51045,CLE
52560,Tristan Thompson,15.81513,39.75053,CLE
52560,Monta Ellis,33.85774,26.21482,IND
52560,Chase Budinger,8.21478,12.13149,IND
52560,Lavoy Allen,11.41815,34.47767,IND
52560,Paul George,22.15469,18.18902,IND
52560,Myles Turner,15.289,34.17767,IND
52570,Ball,38.56891,22.96603,Ball
52570,LeBron James,22.756,18.12873,CLE
52570,Jared Cunningham,5.21177,1.47936,CLE
52570,Matthew Dellavedova,38.16154,24.81662,CLE
52570,Timofey Mozgov,23.13649,38.91788,CLE
52570,Tristan Thompson,14.00863,39.67459,CLE
52570,Monta Ellis,34.24442,26.45553,IND
52570,Chase Budinger,8.21929,11.72148,IND
52570,Lavoy Allen,10.79719,34.22277,IND
52570,Paul George,22.40708,17.95814,IND
52570,Myles Turner,14.75772,33.77124,IND
52580,Ball,39.58498,23.89507,Ball
52580,LeBron James,22.94678,17.96925,CLE
52580,Jared Cunningham,5.29788,1.65755,CLE
52580,Matthew Dellavedova,38.79774,24.99277,CLE
52580,Timofey Mozgov,20.72405,34.80618,CLE
52580,Tristan Thompson,11.72396,39.83045,CLE
52580,Monta Ellis,34.39702,26.48503,IND
52580,Chase Budinger,8.31781,11.74935,IND
52580,Lavoy Allen,10.09499,33.77571,IND
52580,Paul George,22.59447,17.76925,IND
52580,Myles Turner,14.8894,32.42395,IND
52590,Ball,40.28742,23.68999,Ball
52590,LeBron James,23.71755,18.16076,CLE
52590,Jared Cunningham,5.79041,1.5695100000000002,CLE
52590,Matthew Dellavedova,39.49957,25.0466,CLE
52590,Timofey Mozgov,18.10373,30.34704,CLE
52590,Tristan Thompson,9.93313,40.37155,CLE
52590,Monta Ellis,34.51542,26.60019,IND
52590,Chase Budinger,8.18577,11.5289,IND
52590,Lavoy Allen,9.53889,33.85675,IND
52590,Paul George,22.46078,17.73428,IND
52590,Myles Turner,14.99908,30.67658,IND
52590,Ball,40.05815,23.82671,Ball
52590,LeBron James,23.82338,18.15074,CLE
52590,Jared Cunningham,5.86787,1.5480800000000001,CLE
52590,Matthew Dellavedova,39.53509,25.07318,CLE
52590,Timofey Mozgov,17.80564,29.91345,CLE
52590,Tristan Thompson,9.76685,40.40014,CLE
52590,Monta Ellis,34.52218,26.6123,IND
52590,Chase Budinger,8.16025,11.48626,IND
52590,Lavoy Allen,9.47719,33.86647,IND
52590,Paul George,22.44851,17.68388,IND
52590,Myles Turner,14.98928,30.47009,IND
52600,Ball,40.35482,24.06359,Ball
52600,LeBron James,24.83978,18.13859,CLE
52600,Jared Cunningham,6.58744,1.41721,CLE
52600,Matthew Dellavedova,39.45187,25.28697,CLE
52600,Timofey Mozgov,14.97807,26.47795,CLE
52600,Tristan Thompson,8.53719,40.846940000000004,CLE
52600,Monta Ellis,34.38592,26.63544,IND
52600,Chase Budinger,8.1059,11.17536,IND
52600,Lavoy Allen,8.73286,34.02388,IND
52600,Paul George,22.77303,17.74172,IND
52600,Myles Turner,14.05396,28.46706,IND
52610,Ball,38.74093,23.50698,Ball
52610,LeBron James,26.23771,18.81006,CLE
52610,Jared Cunningham,7.26729,1.46637,CLE
52610,Matthew Dellavedova,38.47772,24.8081,CLE
52610,Timofey Mozgov,11.42467,23.25168,CLE
52610,Tristan Thompson,7.43971,41.34772,CLE
52610,Monta Ellis,34.23665,26.40398,IND
52610,Chase Budinger,8.62676,11.23576,IND
52610,Lavoy Allen,8.37944,34.1725,IND
52610,Paul George,23.77787,17.81077,IND
52610,Myles Turner,12.31906,26.23505,IND
52620,Ball,37.54794,21.44432,Ball
52620,LeBron James,27.89656,19.81914,CLE
52620,Jared Cunningham,7.77028,1.36204,CLE
52620,Matthew Dellavedova,36.38131,23.73172,CLE
52620,Timofey Mozgov,7.7158999999999995,20.46211,CLE
52620,Tristan Thompson,6.17762,41.41971,CLE
52620,Monta Ellis,33.78866,24.60176,IND
52620,Chase Budinger,9.63214,11.46179,IND
52620,Lavoy Allen,8.63487,34.63596,IND
52620,Paul George,26.35371,17.76485,IND
52620,Myles Turner,10.73454,24.29736,IND
52630,Ball,35.9703,17.89281,Ball
52630,LeBron James,30.27115,21.87673,CLE
52630,Jared Cunningham,7.858,1.11277,CLE
52630,Matthew Dellavedova,34.53824,19.72297,CLE
52630,Timofey Mozgov,4.81246,18.14494,CLE
52630,Tristan Thompson,4.75887,41.13857,CLE
52630,Monta Ellis,32.67141,20.94132,IND
52630,Chase Budinger,10.87318,11.99632,IND
52630,Lavoy Allen,8.27182,35.11729,IND
52630,Paul George,29.52268,18.05504,IND
52630,Myles Turner,8.82335,22.28713,IND
52640,Ball,34.59842,14.49819,Ball
52640,LeBron James,31.62454,24.18552,CLE
52640,Jared Cunningham,7.68807,1.00633,CLE
52640,Matthew Dellavedova,32.79221,15.29655,CLE
52640,Timofey Mozgov,3.46188,15.76806,CLE
52640,Tristan Thompson,3.97577,40.08199,CLE
52640,Monta Ellis,31.4012,17.43556,IND
52640,Chase Budinger,11.50679,12.482240000000001,IND
52640,Lavoy Allen,7.60982,34.66397,IND
52640,Paul George,30.11377,19.11022,IND
52640,Myles Turner,7.18776,21.21261,IND
52640,Ball,34.27798,13.85941,Ball
52640,LeBron James,31.74857,24.48185,CLE
52640,Jared Cunningham,7.6726,0.9964900000000001,CLE
52640,Matthew Dellavedova,32.4612,14.92819,CLE
52640,Timofey Mozgov,3.32175,15.51641,CLE
52640,Tristan Thompson,3.89901,39.92209,CLE
52640,Monta Ellis,31.13154,17.02833,IND
52640,Chase Budinger,11.5528,12.50638,IND
52640,Lavoy Allen,7.53828,34.54359,IND
52640,Paul George,30.0671,19.24591,IND
52640,Myles Turner,7.025,21.12281,IND
52650,Ball,27.478180000000002,10.63265,Ball
52650,LeBron James,32.29801,27.18495,CLE
52650,Jared Cunningham,7.63746,0.9989500000000001,CLE
52650,Matthew Dellavedova,28.54441,12.74132,CLE
52650,Timofey Mozgov,1.99357,13.48186,CLE
52650,Tristan Thompson,3.20043,38.52055,CLE
52650,Monta Ellis,27.80191,14.28673,IND
52650,Chase Budinger,11.73987,12.3594,IND
52650,Lavoy Allen,6.84289,33.31005,IND
52650,Paul George,29.232,20.96945,IND
52650,Myles Turner,5.76903,20.42894,IND
52660,Ball,22.64096,9.68061,Ball
52660,LeBron James,31.90362,29.04881,CLE
52660,Jared Cunningham,8.21885,1.07104,CLE
52660,Matthew Dellavedova,23.27378,11.70628,CLE
52660,Timofey Mozgov,1.49759,11.62864,CLE
52660,Tristan Thompson,2.98247,36.90663,CLE
52660,Monta Ellis,22.83806,13.51203,IND
52660,Chase Budinger,11.3529,10.93866,IND
52660,Lavoy Allen,6.09722,31.99078,IND
52660,Paul George,27.49308,23.61879,IND
52660,Myles Turner,4.74646,19.41785,IND
52670,Ball,19.32809,8.73417,Ball
52670,LeBron James,31.67441,29.38397,CLE
52670,Jared Cunningham,10.15216,1.54695,CLE
52670,Matthew Dellavedova,19.08327,10.29071,CLE
52670,Timofey Mozgov,1.57634,10.45891,CLE
52670,Tristan Thompson,3.25389,35.33096,CLE
52670,Monta Ellis,18.23537,13.72904,IND
52670,Chase Budinger,11.28215,8.83547,IND
52670,Lavoy Allen,5.62625,30.6208,IND
52670,Paul George,26.11473,25.11493,IND
52670,Myles Turner,4.10874,18.13865,IND
52680,Ball,18.87466,6.04439,Ball
52680,LeBron James,31.811890000000002,29.11691,CLE
52680,Jared Cunningham,14.91994,2.76642,CLE
52680,Matthew Dellavedova,16.63712,7.03443,CLE
52680,Timofey Mozgov,1.78266,9.75991,CLE
52680,Tristan Thompson,3.6845600000000003,34.1872,CLE
52680,Monta Ellis,15.6674,13.19393,IND
52680,Chase Budinger,13.70228,7.317,IND
52680,Lavoy Allen,4.69344,30.67434,IND
52680,Paul George,25.93501,24.82579,IND
52680,Myles Turner,3.74307,16.80875,IND
52690,Ball,20.62423,5.37371,Ball
52690,LeBron James,31.97662,29.35957,CLE
52690,Jared Cunningham,19.2885,4.89303,CLE
52690,Matthew Dellavedova,15.27208,4.78745,CLE
52690,Timofey Mozgov,1.7771500000000002,9.80627,CLE
52690,Tristan Thompson,4.08994,34.00962,CLE
52690,Monta Ellis,14.3584,12.11495,IND
52690,Chase Budinger,16.49376,7.9237400000000004,IND
52690,Lavoy Allen,4.29252,30.88342,IND
52690,Paul George,26.25513,24.31354,IND
52690,Myles Turner,3.82845,16.20118,IND
52690,Ball,21.04535,5.61145,Ball
52690,LeBron James,32.02238,29.40465,CLE
52690,Jared Cunningham,19.72572,5.19837,CLE
52690,Matthew Dellavedova,15.14468,4.57057,CLE
52690,Timofey Mozgov,1.78011,9.82836,CLE
52690,Tristan Thompson,4.14649,34.06366,CLE
52690,Monta Ellis,14.23373,11.97776,IND
52690,Chase Budinger,16.78095,8.11893,IND
52690,Lavoy Allen,4.33756,30.85393,IND
52690,Paul George,26.27915,24.29299,IND
52690,Myles Turner,3.87239,16.20371,IND
52700,Ball,24.55498,8.89871,Ball
52700,LeBron James,32.6503,30.02902,CLE
52700,Jared Cunningham,22.46329,9.35295,CLE
52700,Matthew Dellavedova,13.86526,2.78773,CLE
52700,Timofey Mozgov,1.95459,9.6931,CLE
52700,Tristan Thompson,4.35254,34.59436,CLE
52700,Monta Ellis,13.3574,10.77517,IND
52700,Chase Budinger,19.06053,10.85069,IND
52700,Lavoy Allen,4.83394,30.81493,IND
52700,Paul George,26.51242,24.38708,IND
52700,Myles Turner,4.13816,16.24556,IND
52710,Ball,23.78801,17.30202,Ball
52710,LeBron James,33.2872,31.16339,CLE
52710,Jared Cunningham,22.15055,15.3745,CLE
52710,Matthew Dellavedova,12.37011,1.65222,CLE
52710,Timofey Mozgov,2.16979,9.51354,CLE
52710,Tristan Thompson,4.43806,35.64084,CLE
52710,Monta Ellis,12.32734,9.89245,IND
52710,Chase Budinger,19.75902,15.50484,IND
52710,Lavoy Allen,5.24789,31.57133,IND
52710,Paul George,26.41446,25.12367,IND
52710,Myles Turner,3.95203,16.32059,IND
52720,Ball,20.33111,22.72353,Ball
52720,LeBron James,34.28773,31.88659,CLE
52720,Jared Cunningham,19.44242,20.41386,CLE
52720,Matthew Dellavedova,11.97959,1.36768,CLE
52720,Timofey Mozgov,2.72581,9.57654,CLE
52720,Tristan Thompson,4.88867,37.29399,CLE
52720,Monta Ellis,11.54962,9.87639,IND
52720,Chase Budinger,18.5864,20.89292,IND
52720,Lavoy Allen,5.66004,31.91312,IND
52720,Paul George,24.76697,26.34608,IND
52720,Myles Turner,3.61133,16.77849,IND
52730,Ball,17.59894,24.71314,Ball
52730,LeBron James,34.93155,32.11258,CLE
52730,Jared Cunningham,16.81853,24.19845,CLE
52730,Matthew Dellavedova,12.65753,1.59571,CLE
52730,Timofey Mozgov,3.9189800000000004,10.38856,CLE
52730,Tristan Thompson,6.095,39.06065,CLE
52730,Monta Ellis,11.30345,10.7929,IND
52730,Chase Budinger,15.02695,25.12768,IND
52730,Lavoy Allen,5.56211,32.64404,IND
52730,Paul George,22.8337,27.50035,IND
52730,Myles Turner,3.71812,17.54961,IND
52740,Ball,15.14085,25.74305,Ball
52740,LeBron James,34.70793,32.15014,CLE
52740,Jared Cunningham,15.45538,26.41221,CLE
52740,Matthew Dellavedova,13.36783,1.8635000000000002,CLE
52740,Timofey Mozgov,4.84412,12.07068,CLE
52740,Tristan Thompson,7.15459,40.71618,CLE
52740,Monta Ellis,11.51754,11.3165,IND
52740,Chase Budinger,12.96166,26.84461,IND
52740,Lavoy Allen,5.22678,33.32012,IND
52740,Paul George,22.37908,27.85002,IND
52740,Myles Turner,3.96386,17.32538,IND
52740,Ball,14.69782,25.62157,Ball
52740,LeBron James,34.65989,32.14911,CLE
52740,Jared Cunningham,15.35135,26.65753,CLE
52740,Matthew Dellavedova,13.47026,1.91418,CLE
52740,Timofey Mozgov,4.96976,12.3343,CLE
52740,Tristan Thompson,7.21989,40.85936,CLE
52740,Monta Ellis,11.56984,11.34895,IND
52740,Chase Budinger,12.77501,26.98239,IND
52740,Lavoy Allen,5.23468,33.27739,IND
52740,Paul George,22.34329,27.8311,IND
52740,Myles Turner,4.0061,17.3293,IND
52750,Ball,9.66304,25.75747,Ball
52750,LeBron James,34.4298,32.0741,CLE
52750,Jared Cunningham,14.85429,28.71442,CLE
52750,Matthew Dellavedova,14.65429,2.6462,CLE
52750,Timofey Mozgov,6.27619,15.24204,CLE
52750,Tristan Thompson,7.54553,41.47861,CLE
52750,Monta Ellis,12.03158,11.8866,IND
52750,Chase Budinger,11.78488,27.72478,IND
52750,Lavoy Allen,5.41896,32.46786,IND
52750,Paul George,22.00375,27.16248,IND
52750,Myles Turner,4.94036,17.99152,IND
52760,Ball,5.01564,26.28008,Ball
52760,LeBron James,34.80364,31.8307,CLE
52760,Jared Cunningham,15.19192,30.23247,CLE
52760,Matthew Dellavedova,16.54903,4.11061,CLE
52760,Timofey Mozgov,7.38119,18.68534,CLE
52760,Tristan Thompson,7.69579,41.20109,CLE
52760,Monta Ellis,12.01992,12.83635,IND
52760,Chase Budinger,11.36302,27.90307,IND
52760,Lavoy Allen,6.00688,30.7236,IND
52760,Paul George,21.93354,25.18237,IND
52760,Myles Turner,5.93056,20.20411,IND
52770,Ball,8.83524,26.33866,Ball
52770,LeBron James,36.18992,31.12206,CLE
52770,Jared Cunningham,15.56899,30.86697,CLE
52770,Matthew Dellavedova,19.58012,5.80958,CLE
52770,Timofey Mozgov,8.18196,21.26362,CLE
52770,Tristan Thompson,8.42809,40.45062,CLE
52770,Monta Ellis,11.78008,13.72378,IND
52770,Chase Budinger,10.37932,27.64788,IND
52770,Lavoy Allen,7.59208,29.0287,IND
52770,Paul George,23.56931,21.6321,IND
52770,Myles Turner,7.14735,23.48404,IND
52780,Ball,10.03072,26.0197,Ball
52780,LeBron James,39.07783,29.41519,CLE
52780,Jared Cunningham,15.56231,30.86322,CLE
52780,Matthew Dellavedova,23.99422,7.6621,CLE
52780,Timofey Mozgov,9.45154,23.4606,CLE
52780,Tristan Thompson,9.78223,39.23263,CLE
52780,Monta Ellis,10.24068,14.21918,IND
52780,Chase Budinger,8.981770000000001,27.38744,IND
52780,Lavoy Allen,9.256,26.41526,IND
52780,Paul George,27.36854,17.24614,IND
52780,Myles Turner,8.46481,26.7055,IND
52790,Ball,10.714,26.5926,Ball
52790,LeBron James,42.21355,27.2754,CLE
52790,Jared Cunningham,15.79064,30.83955,CLE
52790,Matthew Dellavedova,27.8886,8.96429,CLE
52790,Timofey Mozgov,12.59474,23.42894,CLE
52790,Tristan Thompson,11.43007,38.41836,CLE
52790,Monta Ellis,8.35492,13.93049,IND
52790,Chase Budinger,10.38768,28.60328,IND
52790,Lavoy Allen,10.1836,25.43197,IND
52790,Paul George,31.26013,15.01467,IND
52790,Myles Turner,7.50608,28.23168,IND
52790,Ball,10.82548,26.43595,Ball
52790,LeBron James,42.58287,27.00061,CLE
52790,Jared Cunningham,15.82217,30.83259,CLE
52790,Matthew Dellavedova,28.31914,9.09322,CLE
52790,Timofey Mozgov,13.06874,23.28879,CLE
52790,Tristan Thompson,11.65795,38.37593,CLE
52790,Monta Ellis,8.18092,13.89553,IND
52790,Chase Budinger,10.61482,28.76948,IND
52790,Lavoy Allen,10.26947,25.49249,IND
52790,Paul George,31.69381,14.81189,IND
52790,Myles Turner,7.31768,28.3398,IND
52800,Ball,10.80312,23.80584,Ball
52800,LeBron James,46.18821,24.25952,CLE
52800,Jared Cunningham,16.58632,31.05867,CLE
52800,Matthew Dellavedova,32.20854,10.0415,CLE
52800,Timofey Mozgov,17.3984,23.27566,CLE
52800,Tristan Thompson,14.37079,37.87797,CLE
52800,Monta Ellis,7.44251,13.21642,IND
52800,Chase Budinger,11.40316,30.06009,IND
52800,Lavoy Allen,10.92075,25.47185,IND
52800,Paul George,35.94699,13.04494,IND
52800,Myles Turner,7.6734100000000005,29.78375,IND
52810,Ball,9.71251,13.85733,Ball
52810,LeBron James,50.47951,21.12865,CLE
52810,Jared Cunningham,18.86451,31.81158,CLE
52810,Matthew Dellavedova,36.55767,10.44946,CLE
52810,Timofey Mozgov,22.96918,23.56066,CLE
52810,Tristan Thompson,18.59837,37.2876,CLE
52810,Monta Ellis,9.00608,11.72237,IND
52810,Chase Budinger,13.33234,32.10095,IND
52810,Lavoy Allen,12.40656,24.89706,IND
52810,Paul George,41.03148,11.10154,IND
52810,Myles Turner,9.80893,31.30989,IND
52820,Ball,13.60855,9.12098,Ball
52820,LeBron James,54.88514,17.91205,CLE
52820,Jared Cunningham,22.21886,32.88862,CLE
52820,Matthew Dellavedova,41.28846,11.00939,CLE
52820,Timofey Mozgov,29.314329999999998,24.06104,CLE
52820,Tristan Thompson,23.90501,36.99295,CLE
52820,Monta Ellis,12.80783,9.60377,IND
52820,Chase Budinger,16.49704,34.41545,IND
52820,Lavoy Allen,15.47999,24.59994,IND
52820,Paul George,46.1338,8.78794,IND
52820,Myles Turner,13.42229,32.22706,IND
52830,Ball,19.38977,6.42812,Ball
52830,LeBron James,59.3432,14.57519,CLE
52830,Jared Cunningham,27.51614,34.0558,CLE
52830,Matthew Dellavedova,46.67246,11.59652,CLE
52830,Timofey Mozgov,36.80143,24.62579,CLE
52830,Tristan Thompson,30.87597,36.40383,CLE
52830,Monta Ellis,18.82647,7.45172,IND
52830,Chase Budinger,21.50054,37.22157,IND
52830,Lavoy Allen,20.1847,24.89666,IND
52830,Paul George,52.05908,6.45655,IND
52830,Myles Turner,18.51663,32.53522,IND
52840,Ball,25.98152,5.49906,Ball
52840,LeBron James,62.94366,11.95623,CLE
52840,Jared Cunningham,32.68405,34.83183,CLE
52840,Matthew Dellavedova,50.97743,11.9399,CLE
52840,Timofey Mozgov,42.99784,25.0814,CLE
52840,Tristan Thompson,36.66784,35.81092,CLE
52840,Monta Ellis,24.74335,6.21984,IND
52840,Chase Budinger,26.41917,39.10191,IND
52840,Lavoy Allen,24.99761,25.29698,IND
52840,Paul George,57.06359,5.56939,IND
52840,Myles Turner,23.34383,32.45652,IND
52840,Ball,27.01467,5.436,Ball
52840,LeBron James,63.32106,11.68994,CLE
52840,Jared Cunningham,33.28751,34.89885,CLE
52840,Matthew Dellavedova,51.45513,11.94952,CLE
52840,Timofey Mozgov,43.69452,25.12715,CLE
52840,Tristan Thompson,37.32171,35.71402,CLE
52840,Monta Ellis,25.4272,6.11718,IND
52840,Chase Budinger,26.96997,39.33375,IND
52840,Lavoy Allen,25.60363,25.34219,IND
52840,Paul George,57.611,5.54177,IND
52840,Myles Turner,23.893250000000002,32.42372,IND
52850,Ball,34.16241,6.40083,Ball
52850,LeBron James,66.58064,9.63987,CLE
52850,Jared Cunningham,38.94315,35.43971,CLE
52850,Matthew Dellavedova,55.60954,11.82226,CLE
52850,Timofey Mozgov,49.93129,25.42359,CLE
52850,Tristan Thompson,43.2411,34.77195,CLE
52850,Monta Ellis,31.82651,5.57875,IND
52850,Chase Budinger,32.12304,41.74533,IND
52850,Lavoy Allen,31.27469,25.71059,IND
52850,Paul George,62.50828,6.7888,IND
52850,Myles Turner,28.91128,31.954720000000002,IND
52860,Ball,39.9598,6.6774000000000004,Ball
52860,LeBron James,69.81775,9.23966,CLE
52860,Jared Cunningham,45.55515,35.9809,CLE
52860,Matthew Dellavedova,59.93406,11.68973,CLE
52860,Timofey Mozgov,56.43109,25.38092,CLE
52860,Tristan Thompson,49.63252,33.78112,CLE
52860,Monta Ellis,39.31937,5.33123,IND
52860,Chase Budinger,38.38399,43.71568,IND
52860,Lavoy Allen,37.92029,26.01627,IND
52860,Paul George,67.32676,10.1453,IND
52860,Myles Turner,34.41261,31.33279,IND
52870,Ball,47.66094,6.63259,Ball
52870,LeBron James,72.96396,10.55713,CLE
52870,Jared Cunningham,52.38633,36.44936,CLE
52870,Matthew Dellavedova,64.11123,11.40995,CLE
52870,Timofey Mozgov,62.05648,24.87798,CLE
52870,Tristan Thompson,55.63756,32.61214,CLE
52870,Monta Ellis,46.59391,5.22819,IND
52870,Chase Budinger,44.69971,45.15834,IND
52870,Lavoy Allen,45.47037,25.91101,IND
52870,Paul George,71.73619,15.13395,IND
52870,Myles Turner,39.82341,30.48767,IND
52880,Ball,55.44398,6.81266,Ball
52880,LeBron James,76.23815,13.77565,CLE
52880,Jared Cunningham,59.87757,36.768,CLE
52880,Matthew Dellavedova,68.2893,11.15061,CLE
52880,Timofey Mozgov,67.45547,24.05862,CLE
52880,Tristan Thompson,61.01509,31.06134,CLE
52880,Monta Ellis,54.24024,5.35694,IND
52880,Chase Budinger,51.61267,46.55003,IND
52880,Lavoy Allen,53.88974,25.2742,IND
52880,Paul George,76.10786,21.9048,IND
52880,Myles Turner,45.67651,29.61283,IND
52890,Ball,59.69191,7.74934,Ball
52890,LeBron James,78.87094,16.76109,CLE
52890,Jared Cunningham,65.70881,36.71901,CLE
52890,Matthew Dellavedova,71.04106,11.05401,CLE
52890,Timofey Mozgov,71.15588,23.21223,CLE
52890,Tristan Thompson,64.35587,29.43118,CLE
52890,Monta Ellis,59.72167,6.0339,IND
52890,Chase Budinger,56.71442,47.06514,IND
52890,Lavoy Allen,60.52429,24.52219,IND
52890,Paul George,79.20374,27.71008,IND
52890,Myles Turner,50.24719,29.05206,IND
52890,Ball,60.04895,8.11065,Ball
52890,LeBron James,79.15573,17.12194,CLE
52890,Jared Cunningham,66.31,36.69736,CLE
52890,Matthew Dellavedova,71.2932,11.05927,CLE
52890,Timofey Mozgov,71.54592,23.08257,CLE
52890,Tristan Thompson,64.69547,29.25207,CLE
52890,Monta Ellis,60.29316,6.14084,IND
52890,Chase Budinger,57.20463,47.04809,IND
52890,Lavoy Allen,61.2417,24.42872,IND
52890,Paul George,79.48034,28.31263,IND
52890,Myles Turner,50.74275,29.0144,IND
52900,Ball,64.7255,9.21551,Ball
52900,LeBron James,81.37756,20.66687,CLE
52900,Jared Cunningham,71.27856,36.54513,CLE
52900,Matthew Dellavedova,73.44166,11.64663,CLE
52900,Timofey Mozgov,74.68662,21.91459,CLE
52900,Tristan Thompson,67.63671,28.20396,CLE
52900,Monta Ellis,64.79747,7.67414,IND
52900,Chase Budinger,61.28269,46.60502,IND
52900,Lavoy Allen,67.37313,23.92061,IND
52900,Paul George,82.54076,33.5267,IND
52900,Myles Turner,54.88984,28.5161,IND
52910,Ball,67.88579,11.71192,Ball
52910,LeBron James,83.31656,24.78793,CLE
52910,Jared Cunningham,75.06089,36.36953,CLE
52910,Matthew Dellavedova,75.49797,13.37768,CLE
52910,Timofey Mozgov,77.56906,21.46644,CLE
52910,Tristan Thompson,70.45499,27.52203,CLE
52910,Monta Ellis,68.94927,10.48872,IND
52910,Chase Budinger,64.97216,46.20255,IND
52910,Lavoy Allen,73.20283,24.25519,IND
52910,Paul George,85.71468,38.0131,IND
52910,Myles Turner,58.79659,27.76225,IND
52920,Ball,71.12423,14.827960000000001,Ball
52920,LeBron James,84.68948,28.42672,CLE
52920,Jared Cunningham,76.4718,36.35011,CLE
52920,Matthew Dellavedova,76.5596,15.19522,CLE
52920,Timofey Mozgov,79.97265,22.21231,CLE
52920,Tristan Thompson,73.43022,26.67362,CLE
52920,Monta Ellis,71.52425,13.30016,IND
52920,Chase Budinger,66.9962,45.05372,IND
52920,Lavoy Allen,78.02766,25.1144,IND
52920,Paul George,87.73985,41.62219,IND
52920,Myles Turner,61.92869,27.14265,IND
52930,Ball,72.80997,15.20185,Ball
52930,LeBron James,85.70445,31.37392,CLE
52930,Jared Cunningham,76.62988,36.35101,CLE
52930,Matthew Dellavedova,77.61643,17.37181,CLE
52930,Timofey Mozgov,82.11764,23.55203,CLE
52930,Tristan Thompson,76.38396,25.4706,CLE
52930,Monta Ellis,72.69526,15.32367,IND
52930,Chase Budinger,68.44608,43.55185,IND
52930,Lavoy Allen,81.87079,26.68835,IND
52930,Paul George,88.5268,45.00329,IND
52930,Myles Turner,64.66539,26.99888,IND
52940,Ball,74.41756,16.38914,Ball
52940,LeBron James,86.48236,33.13153,CLE
52940,Jared Cunningham,76.63121,36.20833,CLE
52940,Matthew Dellavedova,77.46451,18.3167,CLE
52940,Timofey Mozgov,83.51058,24.72557,CLE
52940,Tristan Thompson,77.71031,24.90946,CLE
52940,Monta Ellis,73.18971,15.90607,IND
52940,Chase Budinger,69.14732,42.51407,IND
52940,Lavoy Allen,83.93369,27.16994,IND
52940,Paul George,87.83166,46.5281,IND
52940,Myles Turner,66.62967,27.51834,IND
52940,Ball,75.05295,16.76927,Ball
52940,LeBron James,86.57607,33.27714,CLE
52940,Jared Cunningham,76.63547,36.1914,CLE
52940,Matthew Dellavedova,77.35672,18.32606,CLE
52940,Timofey Mozgov,83.63449,24.81127,CLE
52940,Tristan Thompson,77.81815,24.87152,CLE
52940,Monta Ellis,73.23317,15.94216,IND
52940,Chase Budinger,69.18271,42.40927,IND
52940,Lavoy Allen,84.11361,27.17422,IND
52940,Paul George,87.73979,46.62053,IND
52940,Myles Turner,66.79603,27.55219,IND
