32510,Ball,21.02157,16.580750000000002,Ball
32510,Dwyane Wade,9.88619,13.84171,MIA
32510,Chris Bosh,5.6404,22.82811,MIA
32510,Luol Deng,20.2712,32.89795,MIA
32510,Goran Dragic,20.0674,19.94742,MIA
32510,Hassan Whiteside,16.57274,20.58282,MIA
32510,Joe Johnson,32.32814,38.10167,BKN
32510,Jarrett Jack,20.44138,17.82324,BKN
32510,Thaddeus Young,3.65913,16.18542,BKN
32510,Brook Lopez,14.03257,28.27304,BKN
32510,Bojan Bogdanovic,5.58098,1.79309,BKN
32520,Ball,15.86743,22.52403,Ball
32520,Dwyane Wade,8.58537,15.2614,MIA
32520,Chris Bosh,6.81267,24.24177,MIA
32520,Luol Deng,23.26879,31.60407,MIA
32520,Goran Dragic,18.33176,19.60343,MIA
32520,Hassan Whiteside,15.79197,19.07865,MIA
32520,Joe Johnson,31.65362,34.78099,BKN
32520,Jarrett Jack,19.52773,16.60391,BKN
32520,Thaddeus Young,3.83996,16.54665,BKN
32520,Brook Lopez,10.33035,28.13508,BKN
32520,Bojan Bogdanovic,5.86118,1.6445400000000001,BKN
32530,Ball,10.39718,29.80041,Ball
32530,Dwyane Wade,7.67573,16.56211,MIA
32530,Chris Bosh,8.25809,26.4316,MIA
32530,Luol Deng,25.46451,31.21428,MIA
32530,Goran Dragic,17.41506,19.55079,MIA
32530,Hassan Whiteside,14.88521,17.57121,MIA
32530,Joe Johnson,31.69523,32.88481,BKN
32530,Jarrett Jack,19.52547,14.1285,BKN
32530,Thaddeus Young,4.22033,18.07329,BKN
32530,Brook Lopez,9.31484,28.1031,BKN
32530,Bojan Bogdanovic,6.5094,1.78784,BKN
32540,Ball,11.27741,29.86439,Ball
32540,Dwyane Wade,6.86556,18.35749,MIA
32540,Chris Bosh,9.46319,27.88785,MIA
32540,Luol Deng,25.40105,31.78125,MIA
32540,Goran Dragic,18.17599,19.7342,MIA
32540,Hassan Whiteside,12.96765,18.56721,MIA
32540,Joe Johnson,32.74953,31.91907,BKN
32540,Jarrett Jack,21.20206,11.98861,BKN
32540,Thaddeus Young,4.88326,19.97568,BKN
32540,Brook Lopez,9.61954,29.38107,BKN
32540,Bojan Bogdanovic,7.49071,2.1431,BKN
32550,Ball,22.93039,29.56757,Ball
32550,Dwyane Wade,6.49914,19.52929,MIA
32550,Chris Bosh,9.8938,28.82228,MIA
32550,Luol Deng,24.47352,32.23957,MIA
32550,Goran Dragic,19.06577,20.76638,MIA
32550,Hassan Whiteside,11.10959,19.1429,MIA
32550,Joe Johnson,34.02742,31.05324,BKN
32550,Jarrett Jack,23.43627,10.35885,BKN
32550,Thaddeus Young,5.1313,21.28865,BKN
32550,Brook Lopez,10.312570000000001,30.06516,BKN
32550,Bojan Bogdanovic,8.36796,2.3538,BKN
32560,Ball,34.27807,29.22993,Ball
32560,Dwyane Wade,6.56845,18.61161,MIA
32560,Chris Bosh,10.26969,29.52773,MIA
32560,Luol Deng,24.06042,31.51485,MIA
32560,Goran Dragic,20.17658,21.11029,MIA
32560,Hassan Whiteside,9.25265,21.11628,MIA
32560,Joe Johnson,34.81813,30.05637,BKN
32560,Jarrett Jack,25.92772,9.28519,BKN
32560,Thaddeus Young,4.66369,21.42672,BKN
32560,Brook Lopez,11.22091,30.49485,BKN
32560,Bojan Bogdanovic,8.93233,1.8522,BKN
32570,Ball,34.12215,28.9361,Ball
32570,Dwyane Wade,6.63086,17.11089,MIA
32570,Chris Bosh,10.69028,29.05916,MIA
32570,Luol Deng,24.34563,31.10088,MIA
32570,Goran Dragic,20.69305,20.22671,MIA
32570,Hassan Whiteside,8.21486,22.91047,MIA
32570,Joe Johnson,34.18093,29.85588,BKN
32570,Jarrett Jack,27.38215,8.16806,BKN
32570,Thaddeus Young,4.47834,20.57132,BKN
32570,Brook Lopez,11.63115,30.88793,BKN
32570,Bojan Bogdanovic,8.48604,1.5067,BKN
32570,Ball,33.67533,28.79599,Ball
32570,Dwyane Wade,6.61474,17.01014,MIA
32570,Chris Bosh,10.74282,28.9491,MIA
32570,Luol Deng,24.41531,31.06307,MIA
32570,Goran Dragic,20.72836,20.06558,MIA
32570,Hassan Whiteside,8.17894,23.02072,MIA
32570,Joe Johnson,34.05161,29.90177,BKN
32570,Jarrett Jack,27.41242,8.08603,BKN
32570,Thaddeus Young,4.5156,20.40729,BKN
32570,Brook Lopez,11.63304,30.93345,BKN
32570,Bojan Bogdanovic,8.41954,1.48533,BKN
32580,Ball,31.71985,30.18014,Ball
32580,Dwyane Wade,6.74776,15.71099,MIA
32580,Chris Bosh,11.3322,28.57061,MIA
32580,Luol Deng,24.94383,29.9312,MIA
32580,Goran Dragic,21.253,18.03121,MIA
32580,Hassan Whiteside,8.14469,24.18638,MIA
32580,Joe Johnson,32.92479,30.12394,BKN
32580,Jarrett Jack,27.07048,7.2645,BKN
32580,Thaddeus Young,4.94413,18.69739,BKN
32580,Brook Lopez,11.42515,31.20695,BKN
32580,Bojan Bogdanovic,7.99203,1.23957,BKN
32590,Ball,18.97753,33.5535,Ball
32590,Dwyane Wade,6.77366,15.27241,MIA
32590,Chris Bosh,12.19833,29.04096,MIA
32590,Luol Deng,25.57956,28.87217,MIA
32590,Goran Dragic,21.64974,15.94221,MIA
32590,Hassan Whiteside,8.1262,23.71133,MIA
32590,Joe Johnson,32.33592,29.71611,BKN
32590,Jarrett Jack,26.08416,7.06983,BKN
32590,Thaddeus Young,5.55797,17.18007,BKN
32590,Brook Lopez,10.80413,31.39446,BKN
32590,Bojan Bogdanovic,7.96183,1.11166,BKN
32600,Ball,9.04011,36.32605,Ball
32600,Dwyane Wade,6.72836,15.21085,MIA
32600,Chris Bosh,12.05872,30.25076,MIA
32600,Luol Deng,25.85002,28.02802,MIA
32600,Goran Dragic,20.95603,15.1051,MIA
32600,Hassan Whiteside,7.56266,22.67596,MIA
32600,Joe Johnson,32.54506,29.82921,BKN
32600,Jarrett Jack,25.15904,7.11737,BKN
32600,Thaddeus Young,5.75749,17.15498,BKN
32600,Brook Lopez,9.35485,33.15714,BKN
32600,Bojan Bogdanovic,7.86432,1.15991,BKN
32610,Ball,7.25493,37.34084,Ball
32610,Dwyane Wade,6.86082,14.60753,MIA
32610,Chris Bosh,10.3077,31.71897,MIA
32610,Luol Deng,25.07075,27.65033,MIA
32610,Goran Dragic,19.57786,14.93577,MIA
32610,Hassan Whiteside,7.05874,22.18894,MIA
32610,Joe Johnson,32.80326,29.23383,BKN
32610,Jarrett Jack,24.51911,7.14067,BKN
32610,Thaddeus Young,5.90965,16.53057,BKN
32610,Brook Lopez,7.97939,34.87455,BKN
32610,Bojan Bogdanovic,7.87556,1.35325,BKN
32620,Ball,6.58077,37.67777,Ball
32620,Dwyane Wade,6.85317,14.12181,MIA
32620,Chris Bosh,8.91027,32.95349,MIA
32620,Luol Deng,23.19257,27.88929,MIA
32620,Goran Dragic,18.06372,15.04916,MIA
32620,Hassan Whiteside,6.73657,22.15119,MIA
32620,Joe Johnson,33.32648,28.53347,BKN
32620,Jarrett Jack,24.57904,7.28245,BKN
32620,Thaddeus Young,6.29374,16.19652,BKN
32620,Brook Lopez,6.9272,35.45485,BKN
32620,Bojan Bogdanovic,8.08543,1.6850200000000002,BKN
32630,Ball,7.26388,37.92465,Ball
32630,Dwyane Wade,6.74332,14.33443,MIA
32630,Chris Bosh,8.60207,33.54144,MIA
32630,Luol Deng,21.35163,28.50853,MIA
32630,Goran Dragic,16.730620000000002,15.87992,MIA
32630,Hassan Whiteside,6.81266,21.86609,MIA
32630,Joe Johnson,33.55665,28.1837,BKN
32630,Jarrett Jack,24.74086,7.46201,BKN
32630,Thaddeus Young,6.895490000000001,16.13533,BKN
32630,Brook Lopez,6.53995,35.39996,BKN
32630,Bojan Bogdanovic,8.72992,1.89864,BKN
32640,Ball,6.06306,37.9119,Ball
32640,Dwyane Wade,6.55988,14.9026,MIA
32640,Chris Bosh,8.27241,33.56288,MIA
32640,Luol Deng,19.76288,29.28888,MIA
32640,Goran Dragic,16.50495,16.59862,MIA
32640,Hassan Whiteside,6.90384,20.77377,MIA
32640,Joe Johnson,32.5364,26.81815,BKN
32640,Jarrett Jack,24.5571,7.53314,BKN
32640,Thaddeus Young,7.74712,16.10182,BKN
32640,Brook Lopez,6.44019,35.27443,BKN
32640,Bojan Bogdanovic,9.43377,1.9148200000000002,BKN
32650,Ball,7.22107,36.27946,Ball
32650,Dwyane Wade,6.02519,15.50687,MIA
32650,Chris Bosh,8.03609,33.35442,MIA
32650,Luol Deng,18.10602,30.02145,MIA
32650,Goran Dragic,17.19876,17.50148,MIA
32650,Hassan Whiteside,6.97422,19.87266,MIA
32650,Joe Johnson,30.60215,24.50331,BKN
32650,Jarrett Jack,24.42262,7.97801,BKN
32650,Thaddeus Young,7.61078,15.32455,BKN
32650,Brook Lopez,6.96931,33.90539,BKN
32650,Bojan Bogdanovic,9.69732,1.85288,BKN
32670,Ball,5.07045,30.43366,Ball
32670,Dwyane Wade,5.84181,15.91655,MIA
32670,Chris Bosh,8.17591,31.4281,MIA
32670,Luol Deng,13.52629,32.31143,MIA
32670,Goran Dragic,18.81607,20.17705,MIA
32670,Hassan Whiteside,6.56603,22.17958,MIA
32670,Joe Johnson,28.10198,24.69292,BKN
32670,Jarrett Jack,24.25639,8.24842,BKN
32670,Thaddeus Young,7.45706,15.74666,BKN
32670,Brook Lopez,6.368,31.38437,BKN
32670,Bojan Bogdanovic,11.13703,1.5712000000000002,BKN
32670,Ball,4.889,30.2867,Ball
32670,Dwyane Wade,5.79287,16.00888,MIA
32670,Chris Bosh,8.12997,31.26282,MIA
32670,Luol Deng,13.24283,32.3954,MIA
32670,Goran Dragic,18.90531,20.41003,MIA
32670,Hassan Whiteside,6.4942,22.41463,MIA
32670,Joe Johnson,28.08428,24.98069,BKN
32670,Jarrett Jack,24.24304,8.24372,BKN
32670,Thaddeus Young,7.4595400000000005,15.70008,BKN
32670,Brook Lopez,6.28301,31.04025,BKN
32670,Bojan Bogdanovic,11.1534,1.5869,BKN
32680,Ball,4.39621,26.66889,Ball
32680,Dwyane Wade,5.38603,17.52593,MIA
32680,Chris Bosh,7.47907,29.77151,MIA
32680,Luol Deng,10.96781,32.55598,MIA
32680,Goran Dragic,19.48378,22.6629,MIA
32680,Hassan Whiteside,6.22588,24.61855,MIA
32680,Joe Johnson,28.04833,27.99458,BKN
32680,Jarrett Jack,24.14609,8.33551,BKN
32680,Thaddeus Young,7.4003,16.78925,BKN
32680,Brook Lopez,4.97647,28.27158,BKN
32680,Bojan Bogdanovic,11.27828,1.6337100000000002,BKN
32690,Ball,4.88542,23.39665,Ball
32690,Dwyane Wade,5.21347,18.88615,MIA
32690,Chris Bosh,6.79714,28.52166,MIA
32690,Luol Deng,9.07231,32.27266,MIA
32690,Goran Dragic,19.7836,24.05995,MIA
32690,Hassan Whiteside,6.27079,25.82736,MIA
32690,Joe Johnson,28.602,31.72709,BKN
32690,Jarrett Jack,24.13925,8.43606,BKN
32690,Thaddeus Young,7.87481,19.39258,BKN
32690,Brook Lopez,4.03378,26.4175,BKN
32690,Bojan Bogdanovic,11.35196,1.50006,BKN
32700,Ball,5.13792,24.67858,Ball
32700,Dwyane Wade,4.60522,19.26771,MIA
32700,Chris Bosh,6.58526,27.77065,MIA
32700,Luol Deng,7.93701,32.18763,MIA
32700,Goran Dragic,19.99543,24.14107,MIA
32700,Hassan Whiteside,6.21944,25.97685,MIA
32700,Joe Johnson,29.34715,34.44326,BKN
32700,Jarrett Jack,24.09096,8.47262,BKN
32700,Thaddeus Young,7.78137,22.23779,BKN
32700,Brook Lopez,3.24988,23.92881,BKN
32700,Bojan Bogdanovic,11.13705,1.36093,BKN
32710,Ball,7.12426,26.76503,Ball
32710,Dwyane Wade,4.90433,19.62744,MIA
32710,Chris Bosh,6.83384,27.8745,MIA
32710,Luol Deng,8.45675,31.97142,MIA
32710,Goran Dragic,20.13957,24.12112,MIA
32710,Hassan Whiteside,5.62542,26.26194,MIA
32710,Joe Johnson,30.60235,36.22524,BKN
32710,Jarrett Jack,24.36024,8.57129,BKN
32710,Thaddeus Young,7.47884,23.84821,BKN
32710,Brook Lopez,1.62969,24.57509,BKN
32710,Bojan Bogdanovic,11.4899,1.7004700000000001,BKN
32720,Ball,9.89979,32.36194,Ball
32720,Dwyane Wade,5.69527,19.55154,MIA
32720,Chris Bosh,7.20432,28.38595,MIA
32720,Luol Deng,9.98206,32.41632,MIA
32720,Goran Dragic,20.57851,25.21887,MIA
32720,Hassan Whiteside,5.26329,26.43896,MIA
32720,Joe Johnson,32.50051,37.24291,BKN
32720,Jarrett Jack,25.17407,9.30185,BKN
32720,Thaddeus Young,7.37111,25.07413,BKN
32720,Brook Lopez,1.02793,25.80521,BKN
32720,Bojan Bogdanovic,12.60137,2.40069,BKN
32730,Ball,12.841190000000001,38.04031,Ball
32730,Dwyane Wade,7.43642,19.74523,MIA
32730,Chris Bosh,7.94188,29.30476,MIA
32730,Luol Deng,12.10764,34.46097,MIA
32730,Goran Dragic,22.38109,27.46949,MIA
32730,Hassan Whiteside,5.52059,26.22543,MIA
32730,Joe Johnson,35.15072,37.85611,BKN
32730,Jarrett Jack,27.3174,11.40665,BKN
32730,Thaddeus Young,6.86161,25.10815,BKN
32730,Brook Lopez,1.47789,26.62949,BKN
32730,Bojan Bogdanovic,15.05714,3.71923,BKN
32740,Ball,15.41263,43.27848,Ball
32740,Dwyane Wade,9.38944,19.84757,MIA
32740,Chris Bosh,9.5032,31.85296,MIA
32740,Luol Deng,14.17178,38.69512,MIA
32740,Goran Dragic,24.97536,31.02416,MIA
32740,Hassan Whiteside,6.19411,27.10556,MIA
32740,Joe Johnson,38.69793,37.90289,BKN
32740,Jarrett Jack,31.11938,14.24378,BKN
32740,Thaddeus Young,6.44037,27.23977,BKN
32740,Brook Lopez,3.52839,27.13372,BKN
32740,Bojan Bogdanovic,18.8219,5.95939,BKN
32750,Ball,17.65876,46.77788,Ball
32750,Dwyane Wade,11.90689,19.37675,MIA
32750,Chris Bosh,12.22731,34.88485,MIA
32750,Luol Deng,16.78433,43.21655,MIA
32750,Goran Dragic,27.91449,35.41315,MIA
32750,Hassan Whiteside,6.60643,28.24619,MIA
32750,Joe Johnson,42.1457,38.38494,BKN
32750,Jarrett Jack,35.30871,17.7281,BKN
32750,Thaddeus Young,7.9421800000000005,29.61773,BKN
32750,Brook Lopez,6.34817,26.65776,BKN
32750,Bojan Bogdanovic,23.20409,8.32179,BKN
32760,Ball,20.33132,46.96864,Ball
32760,Dwyane Wade,15.12821,18.0924,MIA
32760,Chris Bosh,16.015,37.52796,MIA
32760,Luol Deng,19.37029,46.11511,MIA
32760,Goran Dragic,31.33196,39.65611,MIA
32760,Hassan Whiteside,8.7871,29.05093,MIA
32760,Joe Johnson,45.44305,39.21716,BKN
32760,Jarrett Jack,39.78862,21.33307,BKN
32760,Thaddeus Young,11.16569,30.18503,BKN
32760,Brook Lopez,9.17776,26.36666,BKN
32760,Bojan Bogdanovic,27.64358,10.81034,BKN
32770,Ball,31.79532,44.96245,Ball
32770,Dwyane Wade,18.88499,16.39813,MIA
32770,Chris Bosh,20.92298,40.20431,MIA
32770,Luol Deng,21.80983,46.5922,MIA
32770,Goran Dragic,35.32352,43.11831,MIA
32770,Hassan Whiteside,11.90277,29.18694,MIA
32770,Joe Johnson,49.22856,40.07704,BKN
32770,Jarrett Jack,44.46985,24.74477,BKN
32770,Thaddeus Young,15.84899,29.8289,BKN
32770,Brook Lopez,13.35414,25.80569,BKN
32770,Bojan Bogdanovic,32.46296,12.80709,BKN
32780,Ball,39.11593,44.06244,Ball
32780,Dwyane Wade,23.28125,14.61179,MIA
32780,Chris Bosh,26.2382,41.96606,MIA
32780,Luol Deng,24.66551,45.51782,MIA
32780,Goran Dragic,39.75053,44.92982,MIA
32780,Hassan Whiteside,15.56986,28.79134,MIA
32780,Joe Johnson,53.03184,40.52796,BKN
32780,Jarrett Jack,48.92221,27.67403,BKN
32780,Thaddeus Young,21.20703,29.80334,BKN
32780,Brook Lopez,17.41567,26.16358,BKN
32780,Bojan Bogdanovic,37.28006,14.06418,BKN
32790,Ball,44.39516,44.64443,Ball
32790,Dwyane Wade,28.59137,12.57258,MIA
32790,Chris Bosh,32.68675,43.10968,MIA
32790,Luol Deng,28.35523,43.90265,MIA
32790,Goran Dragic,45.29977,45.85165,MIA
32790,Hassan Whiteside,20.22218,28.02496,MIA
32790,Joe Johnson,57.72842,40.59221,BKN
32790,Jarrett Jack,54.08678,30.55742,BKN
32790,Thaddeus Young,27.91854,30.27002,BKN
32790,Brook Lopez,22.66086,26.63027,BKN
32790,Bojan Bogdanovic,43.05508,14.8657,BKN
32800,Ball,53.57457,45.46217,Ball
32800,Dwyane Wade,34.29995,10.50189,MIA
32800,Chris Bosh,39.35453,43.87755,MIA
32800,Luol Deng,31.87702,41.17238,MIA
32800,Goran Dragic,51.20026,46.13327,MIA
32800,Hassan Whiteside,25.08335,25.75917,MIA
32800,Joe Johnson,62.61533,39.59658,BKN
32800,Jarrett Jack,59.2064,32.98987,BKN
32800,Thaddeus Young,35.29,30.45637,BKN
32800,Brook Lopez,28.387340000000002,26.94518,BKN
32800,Bojan Bogdanovic,49.02705,15.29081,BKN
32810,Ball,58.33875,47.54076,Ball
32810,Dwyane Wade,40.32204,8.49001,MIA
32810,Chris Bosh,46.03036,44.58606,MIA
32810,Luol Deng,35.18134,37.44062,MIA
32810,Goran Dragic,57.0534,46.02557,MIA
32810,Hassan Whiteside,30.44238,23.35132,MIA
32810,Joe Johnson,67.3661,37.64338,BKN
32810,Jarrett Jack,63.99751,34.99002,BKN
32810,Thaddeus Young,42.87735,31.03053,BKN
32810,Brook Lopez,34.86379,26.17802,BKN
32810,Bojan Bogdanovic,55.09605,15.66355,BKN
32820,Ball,63.12164,46.10054,Ball
32820,Dwyane Wade,46.44636,6.64804,MIA
32820,Chris Bosh,52.30855,44.54003,MIA
32820,Luol Deng,38.39703,33.30051,MIA
32820,Goran Dragic,61.86055,45.65227,MIA
32820,Hassan Whiteside,36.03602,22.0109,MIA
32820,Joe Johnson,70.8503,34.52773,BKN
32820,Jarrett Jack,68.201,36.88811,BKN
32820,Thaddeus Young,50.5358,31.83355,BKN
32820,Brook Lopez,41.21418,25.73637,BKN
32820,Bojan Bogdanovic,61.07918,15.35937,BKN
32830,Ball,65.29791,43.84601,Ball
32830,Dwyane Wade,52.34379,4.94548,MIA
32830,Chris Bosh,57.98554,43.99433,MIA
32830,Luol Deng,41.63376,29.09358,MIA
32830,Goran Dragic,65.56594,45.59912,MIA
32830,Hassan Whiteside,41.94016,20.86176,MIA
32830,Joe Johnson,72.35777,30.78191,BKN
32830,Jarrett Jack,70.68099,37.88204,BKN
32830,Thaddeus Young,57.76096,33.30206,BKN
32830,Brook Lopez,47.60179,24.89108,BKN
32830,Bojan Bogdanovic,66.23019,14.68327,BKN
32840,Ball,67.94729,44.08264,Ball
32840,Dwyane Wade,58.12666,3.53278,MIA
32840,Chris Bosh,62.73495,43.11265,MIA
32840,Luol Deng,44.97874,25.05811,MIA
32840,Goran Dragic,68.24785,46.01662,MIA
32840,Hassan Whiteside,47.76701,20.36618,MIA
32840,Joe Johnson,72.91064,27.51128,BKN
32840,Jarrett Jack,72.15523,38.495,BKN
32840,Thaddeus Young,64.5944,34.71704,BKN
32840,Brook Lopez,53.89534,23.9177,BKN
32840,Bojan Bogdanovic,70.71947,15.03843,BKN
32850,Ball,68.99935,44.68175,Ball
32850,Dwyane Wade,63.745,2.4326,MIA
32850,Chris Bosh,66.23695,42.02037,MIA
32850,Luol Deng,48.21315,21.23005,MIA
32850,Goran Dragic,70.03318,46.32111,MIA
32850,Hassan Whiteside,53.55084,20.46385,MIA
32850,Joe Johnson,72.79653,24.30599,BKN
32850,Jarrett Jack,73.83825,39.92037,BKN
32850,Thaddeus Young,69.99538,35.0443,BKN
32850,Brook Lopez,59.92123,23.27743,BKN
32850,Bojan Bogdanovic,74.39652,15.16563,BKN
32860,Ball,69.07044,45.37218,Ball
32860,Dwyane Wade,69.28731,1.69507,MIA
32860,Chris Bosh,68.69201,40.03548,MIA
32860,Luol Deng,51.3908,17.779,MIA
32860,Goran Dragic,70.5577,46.05403,MIA
32860,Hassan Whiteside,58.80018,21.49213,MIA
32860,Joe Johnson,72.73558,22.20873,BKN
32860,Jarrett Jack,74.32941,41.6685,BKN
32860,Thaddeus Young,73.12874,35.68468,BKN
32860,Brook Lopez,65.66556,23.25156,BKN
32860,Bojan Bogdanovic,77.88171,16.01122,BKN
32870,Ball,67.72104,44.36216,Ball
32870,Dwyane Wade,74.43029,1.1102,MIA
32870,Chris Bosh,70.42347,39.226820000000004,MIA
32870,Luol Deng,54.38019,14.73606,MIA
32870,Goran Dragic,69.04735,44.58805,MIA
32870,Hassan Whiteside,63.21883,23.4239,MIA
32870,Joe Johnson,72.76038,20.90228,BKN
32870,Jarrett Jack,73.06863,42.2324,BKN
32870,Thaddeus Young,72.06916,36.04507,BKN
32870,Brook Lopez,70.15271,23.77718,BKN
32870,Bojan Bogdanovic,80.72701,16.66147,BKN
32880,Ball,65.19683,42.31419,Ball
32880,Dwyane Wade,79.30468,0.8172,MIA
32880,Chris Bosh,73.13393,39.46215,MIA
32880,Luol Deng,57.33292,11.85254,MIA
32880,Goran Dragic,67.14258,42.5299,MIA
32880,Hassan Whiteside,66.30586,25.42534,MIA
32880,Joe Johnson,73.39226,20.20095,BKN
32880,Jarrett Jack,70.17507,41.30697,BKN
32880,Thaddeus Young,69.67081,37.09073,BKN
32880,Brook Lopez,73.52595,24.91264,BKN
32880,Bojan Bogdanovic,83.14109,18.46854,BKN
32890,Ball,64.70299,42.65741,Ball
32890,Dwyane Wade,83.12832,1.13182,MIA
32890,Chris Bosh,76.80503,40.11975,MIA
32890,Luol Deng,59.91654,9.67133,MIA
32890,Goran Dragic,65.48536,42.91774,MIA
32890,Hassan Whiteside,67.9935,26.78313,MIA
32890,Joe Johnson,73.58004,19.28886,BKN
32890,Jarrett Jack,68.30175,39.27244,BKN
32890,Thaddeus Young,69.94106,37.29377,BKN
32890,Brook Lopez,75.68084,26.91203,BKN
32890,Bojan Bogdanovic,84.69551,21.11454,BKN
32900,Ball,75.25479,40.4916,Ball
32900,Dwyane Wade,86.54233,1.7929,MIA
32900,Chris Bosh,80.41917,40.13383,MIA
32900,Luol Deng,62.58257,7.64807,MIA
32900,Goran Dragic,64.5248,43.98582,MIA
32900,Hassan Whiteside,69.19418,27.19912,MIA
32900,Joe Johnson,73.78222,18.65523,BKN
32900,Jarrett Jack,67.9415,37.20894,BKN
32900,Thaddeus Young,73.50462,36.33445,BKN
32900,Brook Lopez,78.32747,29.28663,BKN
32900,Bojan Bogdanovic,85.87628,24.53652,BKN
32910,Ball,84.23483,37.12005,Ball
32910,Dwyane Wade,89.34867,4.03978,MIA
32910,Chris Bosh,84.06702,38.10637,MIA
32910,Luol Deng,64.70135,6.30876,MIA
32910,Goran Dragic,63.73715,44.21803,MIA
32910,Hassan Whiteside,70.74244,27.27491,MIA
32910,Joe Johnson,75.03216,19.10646,BKN
32910,Jarrett Jack,69.0274,36.45421,BKN
32910,Thaddeus Young,77.95219,35.610640000000004,BKN
32910,Brook Lopez,81.82295,30.77504,BKN
32910,Bojan Bogdanovic,86.79856,26.47276,BKN
32920,Ball,89.34754,35.22133,Ball
32920,Dwyane Wade,91.35352,8.54858,MIA
32920,Chris Bosh,88.07935,34.472,MIA
32920,Luol Deng,66.82024,6.62056,MIA
32920,Goran Dragic,63.39671,43.66666,MIA
32920,Hassan Whiteside,74.12549,26.92551,MIA
32920,Joe Johnson,77.04425,20.0915,BKN
32920,Jarrett Jack,70.98387,36.31934,BKN
32920,Thaddeus Young,81.43348,34.95585,BKN
32920,Brook Lopez,85.61785,31.10041,BKN
32920,Bojan Bogdanovic,88.0841,25.2711,BKN
32930,Ball,91.80454,25.8314,Ball
32930,Dwyane Wade,92.46295,13.7123,MIA
32930,Chris Bosh,90.78612,30.59686,MIA
32930,Luol Deng,68.33834,7.08376,MIA
32930,Goran Dragic,63.36457,42.79346,MIA
32930,Hassan Whiteside,77.84617,26.56247,MIA
32930,Joe Johnson,78.94934,18.70152,BKN
32930,Jarrett Jack,72.94198,35.17784,BKN
32930,Thaddeus Young,83.37501,33.06516,BKN
32930,Brook Lopez,88.69641,29.5827,BKN
32930,Bojan Bogdanovic,89.16674,22.35236,BKN
32940,Ball,90.97538,17.82142,Ball
32940,Dwyane Wade,92.69738,18.10374,MIA
32940,Chris Bosh,91.90864,27.27524,MIA
32940,Luol Deng,69.0507,6.08013,MIA
32940,Goran Dragic,63.7389,41.54281,MIA
32940,Hassan Whiteside,81.27165,25.74241,MIA
32940,Joe Johnson,80.57175,15.76252,BKN
32940,Jarrett Jack,74.67759,34.50345,BKN
32940,Thaddeus Young,84.3703,31.22195,BKN
32940,Brook Lopez,89.95445,26.31624,BKN
32940,Bojan Bogdanovic,90.0298,18.20293,BKN
32950,Ball,85.6622,17.66669,Ball
32950,Dwyane Wade,92.62959,20.99238,MIA
32950,Chris Bosh,92.65657,26.97888,MIA
32950,Luol Deng,69.06291,5.50005,MIA
32950,Goran Dragic,63.86255,39.97735,MIA
32950,Hassan Whiteside,83.56386,24.66604,MIA
32950,Joe Johnson,81.60122,13.50284,BKN
32950,Jarrett Jack,76.13423,33.69479,BKN
32950,Thaddeus Young,84.81822,29.8103,BKN
32950,Brook Lopez,89.84341,24.57455,BKN
32950,Bojan Bogdanovic,89.69905,13.95824,BKN
32960,Ball,81.28127,18.09887,Ball
32960,Dwyane Wade,92.28229,21.854680000000002,MIA
32960,Chris Bosh,92.66796,27.08211,MIA
32960,Luol Deng,67.87519,6.1489,MIA
32960,Goran Dragic,63.29207,38.22994,MIA
32960,Hassan Whiteside,83.50416,22.83399,MIA
32960,Joe Johnson,81.84541,13.0445,BKN
32960,Jarrett Jack,75.34564,33.5752,BKN
32960,Thaddeus Young,83.66558,28.84813,BKN
32960,Brook Lopez,87.56722,22.782890000000002,BKN
32960,Bojan Bogdanovic,86.82057,10.19998,BKN
32970,Ball,76.99131,18.71624,Ball
32970,Dwyane Wade,92.0349,20.6778,MIA
32970,Chris Bosh,91.80257,27.23626,MIA
32970,Luol Deng,65.74341,7.66526,MIA
32970,Goran Dragic,62.04215,36.53842,MIA
32970,Hassan Whiteside,81.16444,19.53503,MIA
32970,Joe Johnson,80.3795,14.732,BKN
32970,Jarrett Jack,72.51927,34.4807,BKN
32970,Thaddeus Young,79.92284,29.07871,BKN
32970,Brook Lopez,84.41129,21.59711,BKN
32970,Bojan Bogdanovic,81.80773,8.11547,BKN
32980,Ball,73.77033,20.20652,Ball
32980,Dwyane Wade,91.4622,19.53876,MIA
32980,Chris Bosh,90.77887,28.98258,MIA
32980,Luol Deng,63.41153,10.07711,MIA
32980,Goran Dragic,60.42748,34.87035,MIA
32980,Hassan Whiteside,77.39201,18.62781,MIA
32980,Joe Johnson,77.39785,16.97339,BKN
32980,Jarrett Jack,70.54765,35.08477,BKN
32980,Thaddeus Young,75.69922,28.86201,BKN
32980,Brook Lopez,81.63634,22.63892,BKN
32980,Bojan Bogdanovic,76.14374,7.63108,BKN
32990,Ball,70.26644,24.18054,Ball
32990,Dwyane Wade,90.68924,18.87034,MIA
32990,Chris Bosh,89.51668,30.86682,MIA
32990,Luol Deng,61.23878,12.50221,MIA
32990,Goran Dragic,58.91433,33.01546,MIA
32990,Hassan Whiteside,74.65114,18.98414,MIA
32990,Joe Johnson,74.84027,16.26983,BKN
32990,Jarrett Jack,68.88064,34.66955,BKN
32990,Thaddeus Young,71.53747,26.87961,BKN
32990,Brook Lopez,78.53813,23.74656,BKN
32990,Bojan Bogdanovic,71.25916,8.88332,BKN
33000,Ball,64.76646,24.67568,Ball
33000,Dwyane Wade,90.19869,18.01869,MIA
33000,Chris Bosh,87.67095,32.23622,MIA
33000,Luol Deng,58.23055,14.35022,MIA
33000,Goran Dragic,56.80175,31.48059,MIA
33000,Hassan Whiteside,73.46645,17.51718,MIA
33000,Joe Johnson,72.91376,14.87352,BKN
33000,Jarrett Jack,65.38829,35.25065,BKN
33000,Thaddeus Young,66.658,23.6418,BKN
33000,Brook Lopez,74.05261,25.29741,BKN
33000,Bojan Bogdanovic,65.98256,10.00843,BKN
33010,Ball,59.74445,23.53506,Ball
33010,Dwyane Wade,89.98004,17.70158,MIA
33010,Chris Bosh,85.53215,33.71082,MIA
33010,Luol Deng,54.10157,15.19877,MIA
33010,Goran Dragic,52.96327,30.82729,MIA
33010,Hassan Whiteside,71.35091,17.13939,MIA
33010,Joe Johnson,70.23569,13.27118,BKN
33010,Jarrett Jack,60.71619,36.38348,BKN
33010,Thaddeus Young,60.87246,21.84375,BKN
33010,Brook Lopez,69.26956,26.51471,BKN
33010,Bojan Bogdanovic,59.68218,9.18388,BKN
33020,Ball,54.22139,24.08461,Ball
33020,Dwyane Wade,89.45482,18.08276,MIA
33020,Chris Bosh,81.94722,34.59893,MIA
33020,Luol Deng,48.11857,16.06566,MIA
33020,Goran Dragic,47.04169,30.41745,MIA
33020,Hassan Whiteside,69.46292,16.59453,MIA
33020,Joe Johnson,66.0443,11.53987,BKN
33020,Jarrett Jack,54.19163,38.07828,BKN
33020,Thaddeus Young,53.62595,21.90002,BKN
33020,Brook Lopez,62.64923,27.04955,BKN
33020,Bojan Bogdanovic,51.81991,8.47876,BKN
33030,Ball,44.9324,24.59306,Ball
33030,Dwyane Wade,87.82792,18.28677,MIA
33030,Chris Bosh,77.08284,35.35996,MIA
33030,Luol Deng,41.15924,17.84,MIA
33030,Goran Dragic,39.85542,29.598,MIA
33030,Hassan Whiteside,68.83779,16.47566,MIA
33030,Joe Johnson,61.26818,10.99043,BKN
33030,Jarrett Jack,46.57506,39.4159,BKN
33030,Thaddeus Young,45.62823,22.72696,BKN
33030,Brook Lopez,55.4872,26.81761,BKN
33030,Bojan Bogdanovic,42.88536,8.29076,BKN
33040,Ball,37.83244,26.88093,Ball
33040,Dwyane Wade,85.24231,17.80114,MIA
33040,Chris Bosh,71.32295,35.3333,MIA
33040,Luol Deng,34.03029,19.80283,MIA
33040,Goran Dragic,31.70463,28.69856,MIA
33040,Hassan Whiteside,68.66553,16.51982,MIA
33040,Joe Johnson,56.3489,10.54479,BKN
33040,Jarrett Jack,38.50222,39.88831,BKN
33040,Thaddeus Young,37.27911,23.89299,BKN
33040,Brook Lopez,48.03567,26.56766,BKN
33040,Bojan Bogdanovic,33.43532,9.07213,BKN
33050,Ball,29.02171,30.52177,Ball
33050,Dwyane Wade,82.03059,17.22826,MIA
33050,Chris Bosh,65.52503,35.74685,MIA
33050,Luol Deng,26.81239,21.68847,MIA
33050,Goran Dragic,23.52738,28.22946,MIA
33050,Hassan Whiteside,68.40058,16.65477,MIA
33050,Joe Johnson,51.59458,10.74697,BKN
33050,Jarrett Jack,30.36706,39.73795,BKN
33050,Thaddeus Young,29.77435,26.4222,BKN
33050,Brook Lopez,40.44559,26.35817,BKN
33050,Bojan Bogdanovic,24.58892,10.75963,BKN
33060,Ball,22.29599,32.45134,Ball
33060,Dwyane Wade,78.68153,16.78115,MIA
33060,Chris Bosh,60.02885,35.93494,MIA
33060,Luol Deng,20.32162,23.79164,MIA
33060,Goran Dragic,17.12351,28.90364,MIA
33060,Hassan Whiteside,67.72517,17.19172,MIA
33060,Joe Johnson,47.16641,11.2811,BKN
33060,Jarrett Jack,22.89793,38.96833,BKN
33060,Thaddeus Young,22.88265,30.11554,BKN
33060,Brook Lopez,33.06243,26.16823,BKN
33060,Bojan Bogdanovic,17.20271,11.88217,BKN
33070,Ball,17.16366,35.15579,Ball
33070,Dwyane Wade,74.64679,16.10133,MIA
33070,Chris Bosh,54.36693,35.61754,MIA
33070,Luol Deng,15.27158,26.38568,MIA
33070,Goran Dragic,13.44207,31.02703,MIA
33070,Hassan Whiteside,66.89088,17.88428,MIA
33070,Joe Johnson,43.07259,12.02334,BKN
33070,Jarrett Jack,16.54403,38.23083,BKN
33070,Thaddeus Young,16.27129,33.33058,BKN
33070,Brook Lopez,26.30341,25.7782,BKN
33070,Bojan Bogdanovic,11.76487,12.67418,BKN
33080,Ball,13.58442,37.52695,Ball
33080,Dwyane Wade,70.06318,15.3544,MIA
33080,Chris Bosh,48.52698,33.8925,MIA
33080,Luol Deng,11.32787,28.38397,MIA
33080,Goran Dragic,11.60018,33.29909,MIA
33080,Hassan Whiteside,66.0425,18.45401,MIA
33080,Joe Johnson,38.99389,12.84935,BKN
33080,Jarrett Jack,12.35424,37.72546,BKN
33080,Thaddeus Young,9.4959,35.96191,BKN
33080,Brook Lopez,20.30669,25.35689,BKN
33080,Bojan Bogdanovic,8.4126,11.28202,BKN
33090,Ball,10.66318,30.30912,Ball
33090,Dwyane Wade,64.86944,14.59844,MIA
33090,Chris Bosh,42.48268,30.5036,MIA
33090,Luol Deng,8.49545,29.5179,MIA
33090,Goran Dragic,10.20827,35.04103,MIA
33090,Hassan Whiteside,64.47511,18.87935,MIA
33090,Joe Johnson,34.37726,13.87029,BKN
33090,Jarrett Jack,9.73397,37.43916,BKN
33090,Thaddeus Young,3.86375,37.32816,BKN
33090,Brook Lopez,15.23998,24.8958,BKN
33090,Bojan Bogdanovic,7.02747,8.4898,BKN
33100,Ball,7.44936,17.81273,Ball
33100,Dwyane Wade,59.18882,13.11344,MIA
33100,Chris Bosh,35.94774,26.31072,MIA
33100,Luol Deng,6.7927800000000005,29.62709,MIA
33100,Goran Dragic,9.02428,35.64974,MIA
33100,Hassan Whiteside,62.59071,18.7215,MIA
33100,Joe Johnson,29.65479,15.14295,BKN
33100,Jarrett Jack,8.04516,37.81161,BKN
33100,Thaddeus Young,0.97918,36.99426,BKN
33100,Brook Lopez,10.49115,25.30446,BKN
33100,Bojan Bogdanovic,6.77072,5.51355,BKN
33110,Ball,4.8343,5.95821,Ball
33110,Dwyane Wade,53.58406,11.96829,MIA
33110,Chris Bosh,28.83937,22.29357,MIA
33110,Luol Deng,6.23606,28.52925,MIA
33110,Goran Dragic,8.06286,34.60858,MIA
33110,Hassan Whiteside,60.29575,18.71077,MIA
33110,Joe Johnson,25.18688,16.85449,BKN
33110,Jarrett Jack,7.31864,38.7135,BKN
33110,Thaddeus Young,-0.24221,35.70568,BKN
33110,Brook Lopez,6.95362,24.99602,BKN
33110,Bojan Bogdanovic,5.62597,3.37782,BKN
33120,Ball,4.01058,4.16002,Ball
33120,Dwyane Wade,48.00443,11.06465,MIA
33120,Chris Bosh,22.92463,19.33977,MIA
33120,Luol Deng,6.65718,26.46957,MIA
33120,Goran Dragic,7.52083,33.72478,MIA
33120,Hassan Whiteside,57.93646,18.91941,MIA
33120,Joe Johnson,21.14173,18.33574,BKN
33120,Jarrett Jack,7.41304,39.62615,BKN
33120,Thaddeus Young,0.13263,34.20189,BKN
33120,Brook Lopez,5.25203,25.51898,BKN
33120,Bojan Bogdanovic,5.38835,2.30521,BKN
33130,Ball,5.7162,3.43798,Ball
33130,Dwyane Wade,41.38146,11.33875,MIA
33130,Chris Bosh,17.65791,17.99626,MIA
33130,Luol Deng,7.39748,24.32192,MIA
33130,Goran Dragic,7.11105,33.33419,MIA
33130,Hassan Whiteside,53.98044,19.50448,MIA
33130,Joe Johnson,16.78296,18.49955,BKN
33130,Jarrett Jack,7.72515,40.51589,BKN
33130,Thaddeus Young,1.31587,32.46368,BKN
33130,Brook Lopez,5.07532,25.65594,BKN
33130,Bojan Bogdanovic,5.60563,2.0314,BKN
33140,Ball,5.68351,2.37701,Ball
33140,Dwyane Wade,34.95721,13.3045,MIA
33140,Chris Bosh,13.30635,14.80308,MIA
33140,Luol Deng,7.92713,23.5334,MIA
33140,Goran Dragic,6.66298,32.79436,MIA
33140,Hassan Whiteside,49.48449,20.3558,MIA
33140,Joe Johnson,12.59059,19.0788,BKN
33140,Jarrett Jack,8.70674,41.07677,BKN
33140,Thaddeus Young,3.11241,30.416150000000002,BKN
33140,Brook Lopez,6.01731,24.4489,BKN
33140,Bojan Bogdanovic,5.77084,1.77634,BKN
33150,Ball,5.41582,7.81243,Ball
33150,Dwyane Wade,28.86528,16.47481,MIA
33150,Chris Bosh,9.23656,10.01302,MIA
33150,Luol Deng,9.11289,22.744790000000002,MIA
33150,Goran Dragic,6.42509,31.52574,MIA
33150,Hassan Whiteside,44.63639,21.56584,MIA
33150,Joe Johnson,10.60847,19.01102,BKN
33150,Jarrett Jack,10.09117,40.70123,BKN
33150,Thaddeus Young,4.40052,29.70793,BKN
33150,Brook Lopez,7.1814,23.89976,BKN
33150,Bojan Bogdanovic,6.10137,1.45412,BKN
33160,Ball,5.06371,15.13838,Ball
33160,Dwyane Wade,23.24485,19.64459,MIA
33160,Chris Bosh,5.45927,4.9241,MIA
33160,Luol Deng,10.07545,21.77962,MIA
33160,Goran Dragic,6.16629,30.13938,MIA
33160,Hassan Whiteside,39.85947,23.15914,MIA
33160,Joe Johnson,10.03931,18.50617,BKN
33160,Jarrett Jack,11.67979,40.18321,BKN
33160,Thaddeus Young,5.14572,29.13937,BKN
33160,Brook Lopez,8.47215,24.01435,BKN
33160,Bojan Bogdanovic,6.82588,1.10628,BKN
