53220,Ball,66.00534,5.30277,Ball
53220,Corey Brewer,72.81734,46.80903,HOU
53220,Ty Lawson,70.19855,7.40606,HOU
53220,Marcus Thornton,66.05722,5.97272,HOU
53220,Terrence Jones,83.33354,47.25491,HOU
53220,Clint Capela,68.86536,16.61953,HOU
53220,Kobe Bryant,77.70422,36.29639,LAL
53220,Lou Williams,71.03601,9.65055,LAL
53220,Robert Sacre,74.00678,17.4609,LAL
53220,Marcelo Huertas,73.29038,11.35337,LAL
53220,Julius Randle,84.26729,32.80332,LAL
53230,Ball,64.67646,8.46177,Ball
53230,Corey Brewer,73.12217,46.83609,HOU
53230,Ty Lawson,75.06434,6.30708,HOU
53230,Marcus Thornton,64.9142,8.14432,HOU
53230,Terrence Jones,84.68049,47.1253,HOU
53230,Clint Capela,68.08778,14.27607,HOU
53230,Kobe Bryant,77.07383,35.54474,LAL
53230,Lou Williams,68.89551,11.01629,LAL
53230,Robert Sacre,73.70864,18.28147,LAL
53230,Marcelo Huertas,76.26591,11.5849,LAL
53230,Julius Randle,85.9705,32.92816,LAL
53240,Ball,62.73804,14.20375,Ball
53240,Corey Brewer,72.84135,46.93757,HOU
53240,Ty Lawson,79.23032,4.7677,HOU
53240,Marcus Thornton,64.07356,12.09035,HOU
53240,Terrence Jones,85.58575,47.00764,HOU
53240,Clint Capela,66.86602,13.01673,HOU
53240,Kobe Bryant,76.32885,35.1922,LAL
53240,Lou Williams,66.40671,11.85806,LAL
53240,Robert Sacre,73.18815,19.30908,LAL
53240,Marcelo Huertas,78.52385,11.87637,LAL
53240,Julius Randle,87.20878,33.03474,LAL
53250,Ball,63.92347,19.03407,Ball
53250,Corey Brewer,72.35162,47.05328,HOU
53250,Ty Lawson,82.27477,3.26037,HOU
53250,Marcus Thornton,64.36368,17.28032,HOU
53250,Terrence Jones,86.08089,46.85344,HOU
53250,Clint Capela,68.21654,13.84574,HOU
53250,Kobe Bryant,75.80108,35.573,LAL
53250,Lou Williams,65.10951,13.30579,LAL
53250,Robert Sacre,72.96817,21.24175,LAL
53250,Marcelo Huertas,79.33977,13.49514,LAL
53250,Julius Randle,87.93418,33.18585,LAL
53270,Ball,72.16196,26.78008,Ball
53270,Corey Brewer,72.27325,47.23364,HOU
53270,Ty Lawson,85.13446,1.7792400000000002,HOU
53270,Marcus Thornton,70.43034,25.473770000000002,HOU
53270,Terrence Jones,86.5545,46.84133,HOU
53270,Clint Capela,76.42587,16.95724,HOU
53270,Kobe Bryant,75.53804,35.81865,LAL
53270,Lou Williams,67.10214,20.66372,LAL
53270,Robert Sacre,76.37228,23.23343,LAL
53270,Marcelo Huertas,79.08643000000001,14.25843,LAL
53270,Julius Randle,87.82329,33.16325,LAL
53280,Ball,71.72478,26.95004,Ball
53280,Corey Brewer,72.11397,47.01432,HOU
53280,Ty Lawson,85.42946,1.68503,HOU
53280,Marcus Thornton,72.2842,27.1224,HOU
53280,Terrence Jones,86.64888,46.83291,HOU
53280,Clint Capela,81.56019,19.11239,HOU
53280,Kobe Bryant,75.45215,35.33236,LAL
53280,Lou Williams,70.87319,24.4349,LAL
53280,Robert Sacre,79.67449,24.12278,LAL
53280,Marcelo Huertas,79.4353,12.33901,LAL
53280,Julius Randle,87.56611,32.50744,LAL
53290,Ball,74.66053,26.95114,Ball
53290,Corey Brewer,71.56499,46.57096,HOU
53290,Ty Lawson,84.52935,1.9866800000000002,HOU
53290,Marcus Thornton,72.24598,27.51534,HOU
53290,Terrence Jones,86.59807,46.70858,HOU
53290,Clint Capela,85.65656,21.38105,HOU
53290,Kobe Bryant,75.44031,34.20791,LAL
53290,Lou Williams,74.83116,26.48129,LAL
53290,Robert Sacre,83.30162,23.75813,LAL
53290,Marcelo Huertas,80.79096,12.40742,LAL
53290,Julius Randle,87.49374,32.35024,LAL
53300,Ball,80.72235,25.31332,Ball
53300,Corey Brewer,70.68803,45.68752,HOU
53300,Ty Lawson,82.46487,2.87264,HOU
53300,Marcus Thornton,70.84277,27.73706,HOU
53300,Terrence Jones,86.44054,46.90129,HOU
53300,Clint Capela,86.9222,22.24463,HOU
53300,Kobe Bryant,75.92045,32.26501,LAL
53300,Lou Williams,78.52384,28.54712,LAL
53300,Robert Sacre,86.30586,22.54611,LAL
53300,Marcelo Huertas,81.63,14.3218,LAL
53300,Julius Randle,87.29653,32.13005,LAL
53310,Ball,87.37763,24.89775,Ball
53310,Corey Brewer,69.48198,44.5815,HOU
53310,Ty Lawson,79.71937,4.38107,HOU
53310,Marcus Thornton,68.42842,28.11542,HOU
53310,Terrence Jones,85.89902,46.49378,HOU
53310,Clint Capela,86.55131,22.36764,HOU
53310,Kobe Bryant,76.97805,29.49215,LAL
53310,Lou Williams,81.08303,30.11667,LAL
53310,Robert Sacre,86.81416,22.59325,LAL
53310,Marcelo Huertas,81.55751,16.50385,LAL
53310,Julius Randle,86.84591,30.51964,LAL
53320,Ball,88.6697,23.6538,Ball
53320,Corey Brewer,68.03297,43.53092,HOU
53320,Ty Lawson,76.82398,6.33805,HOU
53320,Marcus Thornton,65.34455,28.4182,HOU
53320,Terrence Jones,85.15105,45.46293,HOU
53320,Clint Capela,85.12442,23.09011,HOU
53320,Kobe Bryant,77.9118,26.1468,LAL
53320,Lou Williams,82.18471,31.2435,LAL
53320,Robert Sacre,86.37609,21.5001,LAL
53320,Marcelo Huertas,81.95424,17.92831,LAL
53320,Julius Randle,86.85045,27.74663,LAL
53330,Ball,89.45837,22.4057,Ball
53330,Corey Brewer,66.4117,42.16828,HOU
53330,Ty Lawson,74.23611,8.26894,HOU
53330,Marcus Thornton,61.69118,28.44668,HOU
53330,Terrence Jones,84.23764,44.29867,HOU
53330,Clint Capela,84.61189,22.912770000000002,HOU
53330,Kobe Bryant,77.78851,22.63564,LAL
53330,Lou Williams,82.92198,31.6969,LAL
53330,Robert Sacre,86.29909,21.26262,LAL
53330,Marcelo Huertas,83.52625,16.77018,LAL
53330,Julius Randle,88.34744,24.78134,LAL
53340,Ball,90.91829,23.24637,Ball
53340,Corey Brewer,64.67238,40.9865,HOU
53340,Ty Lawson,72.75403,9.65356,HOU
53340,Marcus Thornton,58.31106,28.44399,HOU
53340,Terrence Jones,83.21094,43.05139,HOU
53340,Clint Capela,86.26701,22.78077,HOU
53340,Kobe Bryant,77.55085,19.96563,LAL
53340,Lou Williams,83.74569,32.023,LAL
53340,Robert Sacre,88.13152,20.46139,LAL
53340,Marcelo Huertas,85.57054,14.6544,LAL
53340,Julius Randle,89.12358,22.11586,LAL
53340,Ball,91.27268,23.53619,Ball
53340,Corey Brewer,64.48683,40.86987,HOU
53340,Ty Lawson,72.63699,9.79112,HOU
53340,Marcus Thornton,57.93992,28.44293,HOU
53340,Terrence Jones,83.04689,42.95169,HOU
53340,Clint Capela,86.44467,22.86956,HOU
53340,Kobe Bryant,77.54804,19.69155,LAL
53340,Lou Williams,83.85155,32.04311,LAL
53340,Robert Sacre,88.29927,20.49683,LAL
53340,Marcelo Huertas,85.80464,14.43892,LAL
53340,Julius Randle,89.28086,21.87016,LAL
53360,Ball,93.9879,27.94955,Ball
53360,Corey Brewer,42.63098,19.94306,HOU
53360,Ty Lawson,77.92236,23.34543,HOU
53360,Marcus Thornton,49.80033,31.39508,HOU
53360,Terrence Jones,81.06987,33.9899,HOU
53360,Clint Capela,50.83147,23.82612,HOU
53360,Kobe Bryant,71.70783,10.51618,LAL
53360,Lou Williams,88.57649,35.61226,LAL
53360,Robert Sacre,58.48222,14.38817,LAL
53360,Marcelo Huertas,78.53925,22.21596,LAL
53360,Julius Randle,96.44329,33.19764,LAL
53360,Ball,93.97293,27.782,Ball
53360,Corey Brewer,42.56413,19.85841,HOU
53360,Ty Lawson,77.97482,23.43388,HOU
53360,Marcus Thornton,49.88666,31.47525,HOU
53360,Terrence Jones,81.19396,34.01668,HOU
53360,Clint Capela,50.50097,23.80893,HOU
53360,Kobe Bryant,71.85801,10.36392,LAL
53360,Lou Williams,88.63628,35.60193,LAL
53360,Robert Sacre,58.21407,14.31153,LAL
53360,Marcelo Huertas,78.509,22.18922,LAL
53360,Julius Randle,96.4257,33.19847,LAL
53360,Ball,93.8593,27.4427,Ball
53360,Corey Brewer,54.54898,13.21865,HOU
53360,Ty Lawson,81.62947,25.91096,HOU
53360,Marcus Thornton,54.34766,32.23616,HOU
53360,Terrence Jones,87.56328,35.96769,HOU
53360,Clint Capela,30.13918,21.14479,HOU
53360,Kobe Bryant,85.74235,6.7201,LAL
53360,Lou Williams,87.28221,37.25924,LAL
53360,Robert Sacre,37.18015,10.87941,LAL
53360,Marcelo Huertas,82.13347,24.26903,LAL
53360,Julius Randle,95.5062,32.0489,LAL
53360,Ball,93.54932,26.14607,Ball
53360,Corey Brewer,54.79149,13.1553,HOU
53360,Ty Lawson,81.53843,25.83148,HOU
53360,Marcus Thornton,54.30009,32.23302,HOU
53360,Terrence Jones,87.60984,35.99794,HOU
53360,Clint Capela,29.98246,21.10599,HOU
53360,Kobe Bryant,85.84694,6.70808,LAL
53360,Lou Williams,87.20573,37.34612,LAL
53360,Robert Sacre,36.9756,10.86434,LAL
53360,Marcelo Huertas,82.13809,24.30201,LAL
53360,Julius Randle,95.46812,31.95455,LAL
53360,Ball,93.09141,25.20787,Ball
53360,Corey Brewer,55.04206,13.09101,HOU
53360,Ty Lawson,81.43365,25.73683,HOU
53360,Marcus Thornton,54.24672,32.22858,HOU
53360,Terrence Jones,87.65216,36.02211,HOU
53360,Clint Capela,29.8263,21.07778,HOU
53360,Kobe Bryant,85.94777,6.70276,LAL
53360,Lou Williams,87.1143,37.4557,LAL
53360,Robert Sacre,36.79036,10.870470000000001,LAL
53360,Marcelo Huertas,82.15433,24.36573,LAL
53360,Julius Randle,95.40372,31.89547,LAL
53360,Ball,92.61747,24.18222,Ball
53360,Corey Brewer,55.28903,13.02452,HOU
53360,Ty Lawson,81.32397,25.63318,HOU
53360,Marcus Thornton,54.18114,32.22429,HOU
53360,Terrence Jones,87.68184,36.04605,HOU
53360,Clint Capela,29.66724,21.05524,HOU
53360,Kobe Bryant,86.04579,6.74115,LAL
53360,Lou Williams,87.02411,37.55951,LAL
53360,Robert Sacre,36.6074,10.86479,LAL
53360,Marcelo Huertas,82.16539,24.43917,LAL
53360,Julius Randle,95.34192,31.84298,LAL
53360,Ball,92.44057,23.12175,Ball
53360,Corey Brewer,55.54128,12.95453,HOU
53360,Ty Lawson,81.20465,25.48047,HOU
53360,Marcus Thornton,54.10887,32.2205,HOU
53360,Terrence Jones,87.69639,36.07246,HOU
53360,Clint Capela,29.50821,21.03125,HOU
53360,Kobe Bryant,86.10836,6.73429,LAL
53360,Lou Williams,86.93399,37.63643,LAL
53360,Robert Sacre,36.38144,10.88021,LAL
53360,Marcelo Huertas,82.17429,24.51572,LAL
53360,Julius Randle,95.27365,31.80352,LAL
53360,Ball,91.75313,21.81405,Ball
53360,Corey Brewer,55.79271,12.883,HOU
53360,Ty Lawson,81.09573,25.35573,HOU
53360,Marcus Thornton,54.02955,32.22262,HOU
53360,Terrence Jones,87.67979,36.10558,HOU
53360,Clint Capela,29.3468,21.01586,HOU
53360,Kobe Bryant,86.18716,6.7620000000000005,LAL
53360,Lou Williams,86.86684,37.71432,LAL
53360,Robert Sacre,36.1562,10.91516,LAL
53360,Marcelo Huertas,82.17348,24.61068,LAL
53360,Julius Randle,95.21249,31.83055,LAL
53360,Ball,91.37981,20.82772,Ball
53360,Corey Brewer,56.04443,12.816,HOU
53360,Ty Lawson,80.98341,25.21382,HOU
53360,Marcus Thornton,53.94712,32.22928,HOU
53360,Terrence Jones,87.63211,36.13458,HOU
53360,Clint Capela,29.18872,21.00374,HOU
53360,Kobe Bryant,86.25704,6.78768,LAL
53360,Lou Williams,86.81136,37.79361,LAL
53360,Robert Sacre,35.93767,10.95009,LAL
53360,Marcelo Huertas,82.17662,24.71301,LAL
53360,Julius Randle,95.14744,31.82088,LAL
53360,Ball,91.0155,19.36659,Ball
53360,Corey Brewer,56.28642,12.74557,HOU
53360,Ty Lawson,80.86817,25.06978,HOU
53360,Marcus Thornton,53.85371,32.23626,HOU
53360,Terrence Jones,87.55204,36.16721,HOU
53360,Clint Capela,29.03442,20.98451,HOU
53360,Kobe Bryant,86.32453,6.80338,LAL
53360,Lou Williams,86.76464,37.9275,LAL
53360,Robert Sacre,35.71551,10.98198,LAL
53360,Marcelo Huertas,82.16836,24.80661,LAL
53360,Julius Randle,95.04391,31.73551,LAL
53360,Ball,90.5373,18.45462,Ball
53360,Corey Brewer,56.52146,12.67518,HOU
53360,Ty Lawson,80.74536,24.91735,HOU
53360,Marcus Thornton,53.75352,32.24922,HOU
53360,Terrence Jones,87.45854,36.19208,HOU
53360,Clint Capela,28.89162,20.93545,HOU
53360,Kobe Bryant,86.38174,6.8141,LAL
53360,Lou Williams,86.71709,38.12701,LAL
53360,Robert Sacre,35.49514,11.0133,LAL
53360,Marcelo Huertas,82.16013,24.91465,LAL
53360,Julius Randle,94.92011,31.66498,LAL
53360,Ball,90.12286,17.24956,Ball
53360,Corey Brewer,56.74892,12.60836,HOU
53360,Ty Lawson,80.60641,24.74364,HOU
53360,Marcus Thornton,53.64782,32.26479,HOU
53360,Terrence Jones,87.37023,36.20907,HOU
53360,Clint Capela,28.75134,20.87992,HOU
53360,Kobe Bryant,86.43493,6.81953,LAL
53360,Lou Williams,86.65966,38.29293,LAL
53360,Robert Sacre,35.28046,11.05408,LAL
53360,Marcelo Huertas,82.13988,25.02671,LAL
53360,Julius Randle,94.79635,31.58388,LAL
53360,Ball,89.66008,16.30609,Ball
53360,Corey Brewer,56.97583,12.54833,HOU
53360,Ty Lawson,80.4633,24.55697,HOU
53360,Marcus Thornton,53.53712,32.28611,HOU
53360,Terrence Jones,87.27516,36.21871,HOU
53360,Clint Capela,28.6195,20.81388,HOU
53360,Kobe Bryant,86.48168,6.81649,LAL
53360,Lou Williams,86.58838,38.5038,LAL
53360,Robert Sacre,35.05693,11.08842,LAL
53360,Marcelo Huertas,82.10268,25.14635,LAL
53360,Julius Randle,94.6611,31.51007,LAL
53360,Ball,89.14193,15.10622,Ball
53360,Corey Brewer,57.19505,12.4858,HOU
53360,Ty Lawson,80.32204,24.36665,HOU
53360,Marcus Thornton,53.42004,32.30962,HOU
53360,Terrence Jones,87.17281,36.22186,HOU
53360,Clint Capela,28.48919,20.74458,HOU
53360,Kobe Bryant,86.52662,6.81237,LAL
53360,Lou Williams,86.52205,38.71196,LAL
53360,Robert Sacre,34.8304,11.12333,LAL
53360,Marcelo Huertas,82.05675,25.27989,LAL
53360,Julius Randle,94.51576,31.43808,LAL
53360,Ball,88.90129,13.99069,Ball
53360,Corey Brewer,57.41375,12.43199,HOU
53360,Ty Lawson,80.18233,24.17509,HOU
53360,Marcus Thornton,53.30023,32.33895,HOU
53360,Terrence Jones,87.06328,36.22707,HOU
53360,Clint Capela,28.36373,20.67824,HOU
53360,Kobe Bryant,86.56961,6.80005,LAL
53360,Lou Williams,86.46202,38.91425,LAL
53360,Robert Sacre,34.55916,11.13812,LAL
53360,Marcelo Huertas,81.98227,25.40484,LAL
53360,Julius Randle,94.36938,31.36361,LAL
53360,Ball,88.73737,13.50844,Ball
53360,Corey Brewer,57.63104,12.38266,HOU
53360,Ty Lawson,80.01067,23.96938,HOU
53360,Marcus Thornton,53.17496,32.36976,HOU
53360,Terrence Jones,86.96561,36.24072,HOU
53360,Clint Capela,28.23854,20.61359,HOU
53360,Kobe Bryant,86.60995,6.7846400000000004,LAL
53360,Lou Williams,86.40463,39.10608,LAL
53360,Robert Sacre,34.32505,11.16089,LAL
53360,Marcelo Huertas,81.95976,25.54028,LAL
53360,Julius Randle,94.20883,31.28848,LAL
53360,Ball,88.37854,12.86774,Ball
53360,Corey Brewer,57.84217,12.33482,HOU
53360,Ty Lawson,79.87457,23.77803,HOU
53360,Marcus Thornton,53.04704,32.40619,HOU
53360,Terrence Jones,86.86502,36.2502,HOU
53360,Clint Capela,28.10866,20.55686,HOU
53360,Kobe Bryant,86.64729,6.75821,LAL
53360,Lou Williams,86.34741,39.28471,LAL
53360,Robert Sacre,34.07796,11.19279,LAL
53360,Marcelo Huertas,81.86887,25.69819,LAL
53360,Julius Randle,94.04488,31.24412,LAL
53360,Ball,88.35879,12.42218,Ball
53360,Corey Brewer,58.04496,12.29206,HOU
53360,Ty Lawson,79.74424,23.59267,HOU
53360,Marcus Thornton,52.91878,32.44097,HOU
53360,Terrence Jones,86.7441,36.24338,HOU
53360,Clint Capela,27.98396,20.50167,HOU
53360,Kobe Bryant,86.67606,6.73351,LAL
53360,Lou Williams,86.28789,39.44578,LAL
53360,Robert Sacre,33.80514,11.23885,LAL
53360,Marcelo Huertas,81.74504,25.83922,LAL
53360,Julius Randle,93.87881,31.23977,LAL
53360,Ball,88.04926,11.89593,Ball
53360,Corey Brewer,58.24537,12.24804,HOU
53360,Ty Lawson,79.60938,23.41576,HOU
53360,Marcus Thornton,52.78938,32.47653,HOU
53360,Terrence Jones,86.60484,36.21999,HOU
53360,Clint Capela,27.85926,20.44619,HOU
53360,Kobe Bryant,86.70373,6.75036,LAL
53360,Lou Williams,86.17351,39.51107,LAL
53360,Robert Sacre,33.55674,11.25664,LAL
53360,Marcelo Huertas,81.6335,25.99968,LAL
53360,Julius Randle,93.70244,31.25743,LAL
53360,Ball,87.94309,11.42582,Ball
53360,Corey Brewer,58.44041,12.20704,HOU
53360,Ty Lawson,79.47873,23.24409,HOU
53360,Marcus Thornton,52.65582,32.51727,HOU
53360,Terrence Jones,86.44788,36.19313,HOU
53360,Clint Capela,27.73303,20.38829,HOU
53360,Kobe Bryant,86.7346,6.76692,LAL
53360,Lou Williams,86.04936,39.56078,LAL
53360,Robert Sacre,33.29195,11.2647,LAL
53360,Marcelo Huertas,81.50022,26.15065,LAL
53360,Julius Randle,93.52975,31.26096,LAL
53360,Ball,87.84867,10.95543,Ball
53360,Corey Brewer,58.63705,12.16349,HOU
53360,Ty Lawson,79.35012,23.08189,HOU
53360,Marcus Thornton,52.51949,32.55295,HOU
53360,Terrence Jones,86.27785,36.1747,HOU
53360,Clint Capela,27.60962,20.32443,HOU
53360,Kobe Bryant,86.75848,6.73352,LAL
53360,Lou Williams,85.9013,39.6078,LAL
53360,Robert Sacre,33.02881,11.27635,LAL
53360,Marcelo Huertas,81.34665,26.31087,LAL
53360,Julius Randle,93.34611,31.24951,LAL
53360,Ball,87.62928,10.42208,Ball
53360,Corey Brewer,58.82788,12.12845,HOU
53360,Ty Lawson,79.21805,22.96193,HOU
53360,Marcus Thornton,52.38506,32.59175,HOU
53360,Terrence Jones,86.10371,36.15294,HOU
53360,Clint Capela,27.48753,20.26517,HOU
53360,Kobe Bryant,86.80135,6.73963,LAL
53360,Lou Williams,85.74705,39.67243,LAL
53360,Robert Sacre,32.81275,11.26647,LAL
53360,Marcelo Huertas,81.17851,26.47491,LAL
53360,Julius Randle,93.15922,31.23389,LAL
53360,Ball,87.41534,9.88634,Ball
53360,Corey Brewer,59.00704,12.09202,HOU
53360,Ty Lawson,79.06924,22.81433,HOU
53360,Marcus Thornton,52.2433,32.62611,HOU
53360,Terrence Jones,85.92897,36.12475,HOU
53360,Clint Capela,27.37054,20.19458,HOU
53360,Kobe Bryant,86.81627,6.71027,LAL
53360,Lou Williams,85.57597,39.72606,LAL
53360,Robert Sacre,32.59778,11.24816,LAL
53360,Marcelo Huertas,81.00564,26.65203,LAL
53360,Julius Randle,92.96452,31.22204,LAL
53360,Ball,87.32069,9.40251,Ball
53360,Corey Brewer,59.18158,12.05454,HOU
53360,Ty Lawson,78.90445,22.67479,HOU
53360,Marcus Thornton,52.09213,32.65475,HOU
53360,Terrence Jones,85.74902,36.0952,HOU
53360,Clint Capela,27.25324,20.12253,HOU
53360,Kobe Bryant,86.82798,6.68164,LAL
53360,Lou Williams,85.39312,39.76599,LAL
53360,Robert Sacre,32.37611,11.22796,LAL
53360,Marcelo Huertas,80.81423,26.81698,LAL
53360,Julius Randle,92.75561,31.23435,LAL
53360,Ball,87.05937,8.83547,Ball
53360,Corey Brewer,59.35228,12.00871,HOU
53360,Ty Lawson,78.72965,22.54357,HOU
53360,Marcus Thornton,51.94367,32.67958,HOU
53360,Terrence Jones,85.55515,36.06476,HOU
53360,Clint Capela,27.13436,20.06505,HOU
53360,Kobe Bryant,86.82739,6.65515,LAL
53360,Lou Williams,85.2091,39.76834,LAL
53360,Robert Sacre,32.15659,11.19506,LAL
53360,Marcelo Huertas,80.61118,27.00323,LAL
53360,Julius Randle,92.54098,31.248,LAL
53360,Ball,86.87388,8.37613,Ball
53360,Corey Brewer,59.51577,11.96335,HOU
53360,Ty Lawson,78.54706,22.41617,HOU
53360,Marcus Thornton,51.78403,32.7067,HOU
53360,Terrence Jones,85.35445,36.03197,HOU
53360,Clint Capela,27.00871,20.02501,HOU
53360,Kobe Bryant,86.81451,6.62287,LAL
53360,Lou Williams,85.00756,39.71936,LAL
53360,Robert Sacre,31.935,11.15971,LAL
53360,Marcelo Huertas,80.39468,27.17734,LAL
53360,Julius Randle,92.32951,31.25424,LAL
53360,Ball,86.722,7.96388,Ball
53360,Corey Brewer,59.67341,11.91588,HOU
53360,Ty Lawson,78.36331,22.30867,HOU
53360,Marcus Thornton,51.62353,32.72988,HOU
53360,Terrence Jones,85.15368,35.99709,HOU
53360,Clint Capela,26.87958,19.99671,HOU
53360,Kobe Bryant,86.78039,6.587,LAL
53360,Lou Williams,84.80138,39.67992,LAL
53360,Robert Sacre,31.7092,11.1159,LAL
53360,Marcelo Huertas,80.1768,27.36754,LAL
53360,Julius Randle,92.11695,31.26272,LAL
53360,Ball,86.57246,7.58441,Ball
53360,Corey Brewer,59.82125,11.8617,HOU
53360,Ty Lawson,78.16366,22.21389,HOU
53360,Marcus Thornton,51.46046,32.74763,HOU
53360,Terrence Jones,84.94294,35.95986,HOU
53360,Clint Capela,26.74437,19.98271,HOU
53360,Kobe Bryant,86.71821,6.52057,LAL
53360,Lou Williams,84.58286,39.63625,LAL
53360,Robert Sacre,31.4846,11.06409,LAL
53360,Marcelo Huertas,79.95757,27.56366,LAL
53360,Julius Randle,91.89816,31.26725,LAL
53360,Ball,86.39395,7.22341,Ball
53360,Corey Brewer,59.96586,11.8084,HOU
53360,Ty Lawson,77.94934,22.12712,HOU
53360,Marcus Thornton,51.30217,32.76288,HOU
53360,Terrence Jones,84.7279,35.92425,HOU
53360,Clint Capela,26.61196,19.96974,HOU
53360,Kobe Bryant,86.63789,6.4498,LAL
53360,Lou Williams,84.36239,39.59522,LAL
53360,Robert Sacre,31.26095,11.00814,LAL
53360,Marcelo Huertas,79.74265,27.77297,LAL
53360,Julius Randle,91.68767,31.27453,LAL
53360,Ball,86.15503,6.89234,Ball
53360,Corey Brewer,60.10446,11.75615,HOU
53360,Ty Lawson,77.72186,22.04761,HOU
53360,Marcus Thornton,51.13591,32.78465,HOU
53360,Terrence Jones,84.51176,35.88496,HOU
53360,Clint Capela,26.47755,19.95524,HOU
53360,Kobe Bryant,86.58445,6.42694,LAL
53360,Lou Williams,84.13293,39.55748,LAL
53360,Robert Sacre,31.04455,10.95168,LAL
53360,Marcelo Huertas,79.50979,27.97845,LAL
53360,Julius Randle,91.47072,31.29326,LAL
53360,Ball,85.94188,6.55428,Ball
53360,Corey Brewer,60.23484,11.70313,HOU
53360,Ty Lawson,77.4875,21.97957,HOU
53360,Marcus Thornton,50.97011,32.80084,HOU
53360,Terrence Jones,84.27684,35.82959,HOU
53360,Clint Capela,26.34267,19.94324,HOU
53360,Kobe Bryant,86.51643,6.39695,LAL
53360,Lou Williams,83.89151,39.52288,LAL
53360,Robert Sacre,30.83232,10.89086,LAL
53360,Marcelo Huertas,79.25477,28.18248,LAL
53360,Julius Randle,91.25459,31.31128,LAL
53360,Ball,85.75101,6.21087,Ball
53360,Corey Brewer,60.35641,11.64307,HOU
53360,Ty Lawson,77.2413,21.91877,HOU
53360,Marcus Thornton,50.79992,32.80658,HOU
53360,Terrence Jones,84.0331,35.76901,HOU
53360,Clint Capela,26.20964,19.92877,HOU
53360,Kobe Bryant,86.41362,6.3194,LAL
53360,Lou Williams,83.6296,39.49548,LAL
53360,Robert Sacre,30.617,10.82237,LAL
53360,Marcelo Huertas,78.986,28.34908,LAL
53360,Julius Randle,91.0296,31.3298,LAL
53360,Ball,85.58823,5.85937,Ball
53360,Corey Brewer,60.46451,11.57826,HOU
53360,Ty Lawson,76.98555,21.86971,HOU
53360,Marcus Thornton,50.62788,32.81154,HOU
53360,Terrence Jones,83.78931,35.71889,HOU
53360,Clint Capela,26.07267,19.91441,HOU
53360,Kobe Bryant,86.30182,6.23622,LAL
53360,Lou Williams,83.35228,39.47413,LAL
53360,Robert Sacre,30.40955,10.75482,LAL
53360,Marcelo Huertas,78.72791,28.53404,LAL
53360,Julius Randle,90.80028,31.35014,LAL
53360,Ball,85.36706,5.52309,Ball
53360,Corey Brewer,60.55878,11.51278,HOU
53360,Ty Lawson,76.71642,21.83124,HOU
53360,Marcus Thornton,50.4497,32.81582,HOU
53360,Terrence Jones,83.55706,35.67873,HOU
53360,Clint Capela,25.93852,19.88885,HOU
53360,Kobe Bryant,86.18788,6.15673,LAL
53360,Lou Williams,83.12702,39.49611,LAL
53360,Robert Sacre,30.20703,10.69457,LAL
53360,Marcelo Huertas,78.45434,28.71787,LAL
53360,Julius Randle,90.56807,31.37634,LAL
53360,Ball,84.70867,4.7256800000000005,Ball
53360,Corey Brewer,60.77064,11.29716,HOU
53360,Ty Lawson,75.84924,21.810200000000002,HOU
53360,Marcus Thornton,49.91579,32.83378,HOU
53360,Terrence Jones,82.87391,35.53128,HOU
53360,Clint Capela,25.54407,19.78208,HOU
53360,Kobe Bryant,85.7839,5.9078,LAL
53360,Lou Williams,82.47654,39.57103,LAL
53360,Robert Sacre,29.6287,10.52871,LAL
53360,Marcelo Huertas,77.6026,29.26064,LAL
53360,Julius Randle,89.86982,31.50299,LAL
53370,Ball,82.65194,4.36037,Ball
53370,Corey Brewer,60.87946,10.553560000000001,HOU
53370,Ty Lawson,72.42964,22.3708,HOU
53370,Marcus Thornton,48.11505,33.08763,HOU
53370,Terrence Jones,80.29343,34.8907,HOU
53370,Clint Capela,24.2447,19.10059,HOU
53370,Kobe Bryant,84.17484,5.51033,LAL
53370,Lou Williams,80.44356,39.90444,LAL
53370,Robert Sacre,27.67393,10.08351,LAL
53370,Marcelo Huertas,74.32385,31.07741,LAL
53370,Julius Randle,87.53798,32.19754,LAL
53380,Ball,81.94651,3.99257,Ball
53380,Corey Brewer,60.33697,10.05726,HOU
53380,Ty Lawson,68.39298,23.76619,HOU
53380,Marcus Thornton,46.30476,33.28825,HOU
53380,Terrence Jones,77.53387,34.44013,HOU
53380,Clint Capela,22.73372,18.33943,HOU
53380,Kobe Bryant,82.1278,5.24449,LAL
53380,Lou Williams,78.47323,39.94502,LAL
53380,Robert Sacre,25.22983,9.46583,LAL
53380,Marcelo Huertas,70.25073,32.58295,LAL
53380,Julius Randle,85.04916,33.01132,LAL
53390,Ball,78.36683,4.09023,Ball
53390,Corey Brewer,59.26418,9.66659,HOU
53390,Ty Lawson,64.0004,25.58946,HOU
53390,Marcus Thornton,44.51015,33.2622,HOU
53390,Terrence Jones,74.20909,33.92558,HOU
53390,Clint Capela,21.20903,17.68485,HOU
53390,Kobe Bryant,79.66295,5.30908,LAL
53390,Lou Williams,76.27522,39.97888,LAL
53390,Robert Sacre,23.05898,8.80025,LAL
53390,Marcelo Huertas,65.79619,33.97659,LAL
53390,Julius Randle,82.37718,33.53822,LAL
53400,Ball,74.76663,6.28927,Ball
53400,Corey Brewer,57.92626,9.18086,HOU
53400,Ty Lawson,59.19434,27.36636,HOU
53400,Marcus Thornton,42.88245,33.38961,HOU
53400,Terrence Jones,70.51553,33.28365,HOU
53400,Clint Capela,19.46437,17.29391,HOU
53400,Kobe Bryant,76.58959,5.89174,LAL
53400,Lou Williams,74.31562,40.07578,LAL
53400,Robert Sacre,21.30402,8.18035,LAL
53400,Marcelo Huertas,60.99163,35.11564,LAL
53400,Julius Randle,79.59963,34.05028,LAL
53410,Ball,72.91132,7.8056,Ball
53410,Corey Brewer,56.31995,9.03203,HOU
53410,Ty Lawson,54.40701,29.26015,HOU
53410,Marcus Thornton,41.3866,33.33503,HOU
53410,Terrence Jones,66.86611,32.96104,HOU
53410,Clint Capela,18.18899,16.742820000000002,HOU
53410,Kobe Bryant,73.20731,6.55165,LAL
53410,Lou Williams,72.26078,39.93992,LAL
53410,Robert Sacre,18.96888,7.90235,LAL
53410,Marcelo Huertas,56.15956,36.33255,LAL
53410,Julius Randle,76.53388,34.27537,LAL
53420,Ball,69.39585,8.65183,Ball
53420,Corey Brewer,54.62051,9.04625,HOU
53420,Ty Lawson,50.12805,30.99208,HOU
53420,Marcus Thornton,40.09848,33.31309,HOU
53420,Terrence Jones,63.58159,32.55504,HOU
53420,Clint Capela,16.9619,16.85684,HOU
53420,Kobe Bryant,70.29054,7.12574,LAL
53420,Lou Williams,70.19116,39.83301,LAL
53420,Robert Sacre,16.92602,8.09618,LAL
53420,Marcelo Huertas,51.66756,37.387950000000004,LAL
53420,Julius Randle,73.51937,34.48477,LAL
53430,Ball,66.65863,9.65724,Ball
53430,Corey Brewer,52.32799,9.50357,HOU
53430,Ty Lawson,44.95229,33.01865,HOU
53430,Marcus Thornton,38.62481,33.48842,HOU
53430,Terrence Jones,59.42557,31.5466,HOU
53430,Clint Capela,15.70061,16.94369,HOU
53430,Kobe Bryant,66.5922,8.44677,LAL
53430,Lou Williams,67.9477,39.56294,LAL
53430,Robert Sacre,14.62475,8.21721,LAL
53430,Marcelo Huertas,46.24247,38.866460000000004,LAL
53430,Julius Randle,69.56026,34.58389,LAL
53440,Ball,62.54419,10.49659,Ball
53440,Corey Brewer,50.38605,10.07811,HOU
53440,Ty Lawson,40.84907,34.64667,HOU
53440,Marcus Thornton,37.41024,33.43938,HOU
53440,Terrence Jones,55.81284,29.82421,HOU
53440,Clint Capela,14.34971,17.12763,HOU
53440,Kobe Bryant,63.44776,9.30374,LAL
53440,Lou Williams,65.94378,39.21308,LAL
53440,Robert Sacre,12.67234,8.0999,LAL
53440,Marcelo Huertas,41.87252,40.06972,LAL
53440,Julius Randle,65.88791,34.78106,LAL
53440,Ball,61.99073,10.59023,Ball
53440,Corey Brewer,50.16469,10.1436,HOU
53440,Ty Lawson,40.39352,34.8216,HOU
53440,Marcus Thornton,37.27057,33.42543,HOU
53440,Terrence Jones,55.38719,29.55885,HOU
53440,Clint Capela,14.18161,17.15678,HOU
53440,Kobe Bryant,63.10158,9.38188,LAL
53440,Lou Williams,65.6919,39.1756,LAL
53440,Robert Sacre,12.4599,8.09694,LAL
53440,Marcelo Huertas,41.40671,40.22346,LAL
53440,Julius Randle,65.44567,34.80487,LAL
53450,Ball,59.72296,11.46262,Ball
53450,Corey Brewer,48.23613,10.8959,HOU
53450,Ty Lawson,36.40686,36.03813,HOU
53450,Marcus Thornton,35.96893,33.50226,HOU
53450,Terrence Jones,51.92765,27.15167,HOU
53450,Clint Capela,12.78909,17.53566,HOU
53450,Kobe Bryant,60.05005,10.20446,LAL
53450,Lou Williams,63.42151,38.86847,LAL
53450,Robert Sacre,10.59432,8.10605,LAL
53450,Marcelo Huertas,37.1823,41.4658,LAL
53450,Julius Randle,61.3531,35.25061,LAL
53460,Ball,55.57155,12.10627,Ball
53460,Corey Brewer,46.258070000000004,11.85323,HOU
53460,Ty Lawson,32.28994,37.09149,HOU
53460,Marcus Thornton,34.50692,33.62904,HOU
53460,Terrence Jones,48.08004,25.40533,HOU
53460,Clint Capela,11.62889,17.7325,HOU
53460,Kobe Bryant,56.77619,10.9481,LAL
53460,Lou Williams,60.90671,38.52795,LAL
53460,Robert Sacre,8.5719,8.45813,LAL
53460,Marcelo Huertas,32.65298,42.658500000000004,LAL
53460,Julius Randle,56.42875,36.02949,LAL
53470,Ball,53.2569,12.55649,Ball
53470,Corey Brewer,44.63197,12.54641,HOU
53470,Ty Lawson,28.27551,37.92948,HOU
53470,Marcus Thornton,32.99524,33.36567,HOU
53470,Terrence Jones,43.78589,25.75196,HOU
53470,Clint Capela,10.37052,17.39891,HOU
53470,Kobe Bryant,53.59087,11.41008,LAL
53470,Lou Williams,58.00545,38.56158,LAL
53470,Robert Sacre,6.78343,9.0881,LAL
53470,Marcelo Huertas,28.25646,43.80823,LAL
53470,Julius Randle,51.11918,37.01294,LAL
53480,Ball,49.25483,11.94959,Ball
53480,Corey Brewer,42.92718,12.793330000000001,HOU
53480,Ty Lawson,24.46385,38.60041,HOU
53480,Marcus Thornton,31.51793,33.13167,HOU
53480,Terrence Jones,39.49336,27.16034,HOU
53480,Clint Capela,9.08213,17.33175,HOU
53480,Kobe Bryant,50.79043,11.51814,LAL
53480,Lou Williams,54.93161,38.55715,LAL
53480,Robert Sacre,5.5052,9.219,LAL
53480,Marcelo Huertas,24.2674,44.74848,LAL
53480,Julius Randle,45.82921,38.03545,LAL
53490,Ball,47.65831,9.6936,Ball
53490,Corey Brewer,41.18803,12.95173,HOU
53490,Ty Lawson,20.96332,39.06707,HOU
53490,Marcus Thornton,30.21733,33.12058,HOU
53490,Terrence Jones,35.0738,28.67155,HOU
53490,Clint Capela,7.98506,17.36736,HOU
53490,Kobe Bryant,48.19142,10.98143,LAL
53490,Lou Williams,51.99207,38.63909,LAL
53490,Robert Sacre,4.56114,9.73389,LAL
53490,Marcelo Huertas,20.59618,45.47087,LAL
53490,Julius Randle,40.56981,38.91651,LAL
53500,Ball,45.06603,9.98256,Ball
53500,Corey Brewer,39.42841,12.747160000000001,HOU
53500,Ty Lawson,17.83428,39.38931,HOU
53500,Marcus Thornton,29.06466,32.80309,HOU
53500,Terrence Jones,30.61525,29.64975,HOU
53500,Clint Capela,6.85652,17.12437,HOU
53500,Kobe Bryant,46.23609,10.84815,LAL
53500,Lou Williams,49.35715,38.83291,LAL
53500,Robert Sacre,3.53357,10.6498,LAL
53500,Marcelo Huertas,17.3069,46.03282,LAL
53500,Julius Randle,35.38776,39.72639,LAL
53510,Ball,45.04593,9.36477,Ball
53510,Corey Brewer,37.8061,12.72219,HOU
53510,Ty Lawson,15.08668,39.5789,HOU
53510,Marcus Thornton,27.65587,33.16612,HOU
53510,Terrence Jones,26.30016,30.16871,HOU
53510,Clint Capela,5.79603,17.01085,HOU
53510,Kobe Bryant,45.14716,10.79678,LAL
53510,Lou Williams,47.01316,39.28026,LAL
53510,Robert Sacre,2.80032,10.84617,LAL
53510,Marcelo Huertas,14.33745,46.44403,LAL
53510,Julius Randle,30.43993,40.36841,LAL
53520,Ball,43.35494,9.09244,Ball
53520,Corey Brewer,36.48073,12.56284,HOU
53520,Ty Lawson,12.80399,39.69532,HOU
53520,Marcus Thornton,26.46855,33.47275,HOU
53520,Terrence Jones,22.13988,30.39936,HOU
53520,Clint Capela,5.07749,17.11293,HOU
53520,Kobe Bryant,44.22819,10.62044,LAL
53520,Lou Williams,44.90708,39.67083,LAL
53520,Robert Sacre,2.3048,10.84246,LAL
53520,Marcelo Huertas,11.83172,47.12994,LAL
53520,Julius Randle,25.58863,41.02679,LAL
53530,Ball,42.92253,10.96251,Ball
53530,Corey Brewer,35.52323,12.36803,HOU
53530,Ty Lawson,11.12898,39.7673,HOU
53530,Marcus Thornton,25.49196,33.31489,HOU
53530,Terrence Jones,18.42352,30.62544,HOU
53530,Clint Capela,4.57984,16.97506,HOU
53530,Kobe Bryant,43.78181,10.5918,LAL
53530,Lou Williams,43.18944,39.98926,LAL
53530,Robert Sacre,2.09653,10.71737,LAL
53530,Marcelo Huertas,9.79733,48.09784,LAL
53530,Julius Randle,21.04453,41.59019,LAL
53540,Ball,43.34931,13.24501,Ball
53540,Corey Brewer,35.14842,12.82506,HOU
53540,Ty Lawson,10.11789,39.2605,HOU
53540,Marcus Thornton,24.33453,33.46829,HOU
53540,Terrence Jones,15.18284,30.85961,HOU
53540,Clint Capela,4.40362,16.71256,HOU
53540,Kobe Bryant,43.56722,11.20354,LAL
53540,Lou Williams,41.64832,40.16696,LAL
53540,Robert Sacre,1.7612100000000002,10.60924,LAL
53540,Marcelo Huertas,8.4254,48.96883,LAL
53540,Julius Randle,16.74541,42.11667,LAL
53550,Ball,42.64804,12.84279,Ball
53550,Corey Brewer,35.03999,13.36155,HOU
53550,Ty Lawson,9.8598,38.38148,HOU
53550,Marcus Thornton,23.49471,33.71338,HOU
53550,Terrence Jones,12.47852,31.19788,HOU
53550,Clint Capela,4.55546,16.63257,HOU
53550,Kobe Bryant,43.24958,12.09447,LAL
53550,Lou Williams,40.19604,40.14089,LAL
53550,Robert Sacre,1.33124,10.83635,LAL
53550,Marcelo Huertas,7.37733,49.28112,LAL
53550,Julius Randle,12.89417,42.46988,LAL
53560,Ball,43.16676,14.76024,Ball
53560,Corey Brewer,35.04478,13.792,HOU
53560,Ty Lawson,10.12205,37.74137,HOU
53560,Marcus Thornton,23.26414,33.71915,HOU
53560,Terrence Jones,10.04264,31.68544,HOU
53560,Clint Capela,4.72403,16.67806,HOU
53560,Kobe Bryant,42.88839,13.27893,LAL
53560,Lou Williams,38.88324,40.30018,LAL
53560,Robert Sacre,1.04376,11.04078,LAL
53560,Marcelo Huertas,6.429,49.1654,LAL
53560,Julius Randle,9.58244,42.44734,LAL
53570,Ball,42.75491,15.63972,Ball
53570,Corey Brewer,35.08446,14.963,HOU
53570,Ty Lawson,10.51409,37.53242,HOU
53570,Marcus Thornton,23.70022,34.0774,HOU
53570,Terrence Jones,8.07581,32.04096,HOU
53570,Clint Capela,4.70006,16.53906,HOU
53570,Kobe Bryant,42.55368,14.47572,LAL
53570,Lou Williams,37.77179,40.46674,LAL
53570,Robert Sacre,0.9775,11.09018,LAL
53570,Marcelo Huertas,6.14705,49.0949,LAL
53570,Julius Randle,6.88912,42.37092,LAL
53580,Ball,42.3983,17.02213,Ball
53580,Corey Brewer,35.37418,16.11112,HOU
53580,Ty Lawson,10.74251,36.88224,HOU
53580,Marcus Thornton,24.30554,34.66162,HOU
53580,Terrence Jones,6.43576,32.53082,HOU
53580,Clint Capela,4.40289,16.26025,HOU
53580,Kobe Bryant,42.28813,15.42818,LAL
53580,Lou Williams,36.83577,40.51364,LAL
53580,Robert Sacre,0.9821500000000001,11.0398,LAL
53580,Marcelo Huertas,6.44825,49.01211,LAL
53580,Julius Randle,4.95446,41.81745,LAL
53590,Ball,42.76588,17.34723,Ball
53590,Corey Brewer,35.62437,17.07065,HOU
53590,Ty Lawson,10.70946,36.12978,HOU
53590,Marcus Thornton,24.97643,35.16051,HOU
53590,Terrence Jones,5.01196,32.86375,HOU
53590,Clint Capela,4.2964400000000005,16.28872,HOU
53590,Kobe Bryant,42.21554,16.27239,LAL
53590,Lou Williams,36.26858,40.94283,LAL
53590,Robert Sacre,0.9122300000000001,10.780850000000001,LAL
53590,Marcelo Huertas,6.76752,48.95556,LAL
53590,Julius Randle,3.50821,41.06291,LAL
53600,Ball,42.01186,18.78561,Ball
53600,Corey Brewer,35.49399,18.00601,HOU
53600,Ty Lawson,10.59089,35.73374,HOU
53600,Marcus Thornton,26.0636,35.46633,HOU
53600,Terrence Jones,4.17837,33.13037,HOU
53600,Clint Capela,4.32723,16.4741,HOU
53600,Kobe Bryant,42.30832,16.92066,LAL
53600,Lou Williams,35.98094,41.70485,LAL
53600,Robert Sacre,0.8881,10.16136,LAL
53600,Marcelo Huertas,6.63505,48.89707,LAL
53600,Julius Randle,2.41752,40.58499,LAL
53610,Ball,42.8242,18.37552,Ball
53610,Corey Brewer,35.49849,18.10271,HOU
53610,Ty Lawson,10.57794,35.70484,HOU
53610,Marcus Thornton,26.9239,35.93903,HOU
53610,Terrence Jones,3.5448,33.78743,HOU
53610,Clint Capela,4.34923,16.52529,HOU
53610,Kobe Bryant,42.63332,17.22326,LAL
53610,Lou Williams,35.90873,42.61586,LAL
53610,Robert Sacre,1.2009400000000001,9.39509,LAL
53610,Marcelo Huertas,6.25117,48.83553,LAL
53610,Julius Randle,1.67164,39.87251,LAL
53620,Ball,42.35353,18.646630000000002,Ball
53620,Corey Brewer,35.53832,17.81464,HOU
53620,Ty Lawson,10.53739,35.80421,HOU
53620,Marcus Thornton,27.55537,36.34911,HOU
53620,Terrence Jones,3.06685,34.24493,HOU
53620,Clint Capela,4.36648,16.51028,HOU
53620,Kobe Bryant,42.76733,17.42669,LAL
53620,Lou Williams,35.86387,43.54139,LAL
53620,Robert Sacre,1.55071,8.80495,LAL
53620,Marcelo Huertas,6.28585,48.80434,LAL
53620,Julius Randle,1.36122,39.33342,LAL
53630,Ball,42.44781,18.71332,Ball
53630,Corey Brewer,35.58097,17.80653,HOU
53630,Ty Lawson,10.48499,35.89866,HOU
53630,Marcus Thornton,27.98579,36.40878,HOU
53630,Terrence Jones,3.19682,34.1666,HOU
53630,Clint Capela,4.38931,16.4302,HOU
53630,Kobe Bryant,42.66691,17.29138,LAL
53630,Lou Williams,35.55322,44.52598,LAL
53630,Robert Sacre,1.52046,8.47423,LAL
53630,Marcelo Huertas,6.74318,48.81691,LAL
53630,Julius Randle,1.07295,38.98996,LAL
53640,Ball,42.61455,18.87956,Ball
53640,Corey Brewer,35.75442,18.05206,HOU
53640,Ty Lawson,10.4983,35.64718,HOU
53640,Marcus Thornton,27.87322,36.65068,HOU
53640,Terrence Jones,3.3891,33.98547,HOU
53640,Clint Capela,4.21472,16.5556,HOU
53640,Kobe Bryant,42.61924,17.31149,LAL
53640,Lou Williams,35.39072,45.17314,LAL
53640,Robert Sacre,1.34742,8.40142,LAL
53640,Marcelo Huertas,6.96832,48.77206,LAL
53640,Julius Randle,0.7889700000000001,38.81555,LAL
53640,Ball,42.5867,18.936890000000002,Ball
53640,Corey Brewer,35.7917,18.07947,HOU
53640,Ty Lawson,10.50521,35.58369,HOU
53640,Marcus Thornton,27.82691,36.70528,HOU
53640,Terrence Jones,3.39436,33.97069,HOU
53640,Clint Capela,4.20462,16.52751,HOU
53640,Kobe Bryant,42.62208,17.31057,LAL
53640,Lou Williams,35.39117,45.21611,LAL
53640,Robert Sacre,1.33317,8.40688,LAL
53640,Marcelo Huertas,6.96387,48.76721,LAL
53640,Julius Randle,0.7738700000000001,38.81823,LAL
53650,Ball,42.30847,19.23474,Ball
53650,Corey Brewer,36.43288,18.11468,HOU
53650,Ty Lawson,10.52765,34.9845,HOU
53650,Marcus Thornton,27.30166,37.24142,HOU
53650,Terrence Jones,3.43547,33.70932,HOU
53650,Clint Capela,4.1315100000000005,16.09997,HOU
53650,Kobe Bryant,42.60939,17.12065,LAL
53650,Lou Williams,35.49311,45.40364,LAL
53650,Robert Sacre,1.29681,8.44357,LAL
53650,Marcelo Huertas,6.67895,48.7745,LAL
53650,Julius Randle,0.7767000000000001,39.02979,LAL
53660,Ball,43.53304,18.14047,Ball
53660,Corey Brewer,37.26032,17.87372,HOU
53660,Ty Lawson,10.50198,34.72891,HOU
53660,Marcus Thornton,26.65868,37.57788,HOU
53660,Terrence Jones,3.5165100000000002,33.42277,HOU
53660,Clint Capela,4.22443,15.73786,HOU
53660,Kobe Bryant,42.33252,16.29307,LAL
53660,Lou Williams,35.89377,45.50431,LAL
53660,Robert Sacre,1.3279,8.39787,LAL
53660,Marcelo Huertas,6.63074,48.82426,LAL
53660,Julius Randle,0.7691,39.64431,LAL
53670,Ball,42.74578,15.78227,Ball
53670,Corey Brewer,37.16606,17.61759,HOU
53670,Ty Lawson,10.4107,34.74066,HOU
53670,Marcus Thornton,26.05655,37.78947,HOU
53670,Terrence Jones,3.38978,33.61907,HOU
53670,Clint Capela,4.27964,15.74565,HOU
53670,Kobe Bryant,42.07861,14.88012,LAL
53670,Lou Williams,36.00871,45.62403,LAL
53670,Robert Sacre,1.35228,8.39504,LAL
53670,Marcelo Huertas,6.93179,48.84811,LAL
53670,Julius Randle,0.69735,40.1551,LAL
