62280,Ball,80.92213,25.80598,Ball
62280,Dwyane Wade,82.5818,31.646160000000002,MIA
62280,Beno Udrih,80.4665,22.97347,MIA
62280,Gerald Green,73.03951,16.52916,MIA
62280,Hassan Whiteside,81.66312,26.94149,MIA
62280,Justise Winslow,81.56991,27.7999,MIA
62280,Kyle Lowry,39.23198,27.30127,TOR
62280,James Johnson,41.52323,22.12452,TOR
62280,Patrick Patterson,82.40897,32.07708,TOR
62280,DeMar DeRozan,77.1237,20.26872,TOR
62280,Bismack Biyombo,72.29641,20.73762,TOR
62290,Ball,78.29192,26.04542,Ball
62290,Dwyane Wade,82.38732,32.37945,MIA
62290,Beno Udrih,81.6794,21.56469,MIA
62290,Gerald Green,72.31109,14.78197,MIA
62290,Hassan Whiteside,79.59177,26.60652,MIA
62290,Justise Winslow,80.55993,29.02414,MIA
62290,Kyle Lowry,38.777,27.11847,TOR
62290,James Johnson,40.29533,22.08653,TOR
62290,Patrick Patterson,79.63361,34.13912,TOR
62290,DeMar DeRozan,75.01468,20.05588,TOR
62290,Bismack Biyombo,67.6658,20.76689,TOR
62290,Ball,78.24394,26.00679,Ball
62290,Dwyane Wade,82.3924,32.47643,MIA
62290,Beno Udrih,81.81616,21.40203,MIA
62290,Gerald Green,72.20199,14.60223,MIA
62290,Hassan Whiteside,79.38505,26.48407,MIA
62290,Justise Winslow,80.38703,29.24135,MIA
62290,Kyle Lowry,38.71288,27.08552,TOR
62290,James Johnson,40.15172,22.05648,TOR
62290,Patrick Patterson,79.22602,34.36343,TOR
62290,DeMar DeRozan,74.7354,20.05129,TOR
62290,Bismack Biyombo,67.20553,20.856090000000002,TOR
62300,Ball,79.88728,25.05254,Ball
62300,Dwyane Wade,81.99425,33.67856,MIA
62300,Beno Udrih,82.81366,20.55587,MIA
62300,Gerald Green,70.86163,13.11349,MIA
62300,Hassan Whiteside,78.5665,26.33533,MIA
62300,Justise Winslow,78.34622,31.37395,MIA
62300,Kyle Lowry,37.97808,26.57523,TOR
62300,James Johnson,38.8277,21.75054,TOR
62300,Patrick Patterson,75.24612,35.08945,TOR
62300,DeMar DeRozan,71.92316,19.27522,TOR
62300,Bismack Biyombo,62.70691,21.53077,TOR
62310,Ball,83.04254,20.09614,Ball
62310,Dwyane Wade,80.63591,34.74879,MIA
62310,Beno Udrih,83.11607,18.99084,MIA
62310,Gerald Green,68.81418,11.85918,MIA
62310,Hassan Whiteside,78.18209,25.87087,MIA
62310,Justise Winslow,74.57162,32.78977,MIA
62310,Kyle Lowry,37.27358,25.87269,TOR
62310,James Johnson,37.29386,21.57362,TOR
62310,Patrick Patterson,70.22931,35.03733,TOR
62310,DeMar DeRozan,67.33001,18.92107,TOR
62310,Bismack Biyombo,57.34369,22.23414,TOR
62320,Ball,80.85375,19.622,Ball
62320,Dwyane Wade,78.7851,35.52167,MIA
62320,Beno Udrih,81.87321,17.92449,MIA
62320,Gerald Green,65.7727,10.37737,MIA
62320,Hassan Whiteside,77.06619,25.5978,MIA
62320,Justise Winslow,69.86324,34.01468,MIA
62320,Kyle Lowry,36.61115,24.9929,TOR
62320,James Johnson,35.79805,21.41243,TOR
62320,Patrick Patterson,64.89427,34.81411,TOR
62320,DeMar DeRozan,62.41296,19.53046,TOR
62320,Bismack Biyombo,52.14799,23.04552,TOR
62330,Ball,79.26282,19.83088,Ball
62330,Dwyane Wade,76.06949,36.57438,MIA
62330,Beno Udrih,79.53221,17.65533,MIA
62330,Gerald Green,61.4861,8.3575,MIA
62330,Hassan Whiteside,74.62161,25.96052,MIA
62330,Justise Winslow,63.90748,35.72048,MIA
62330,Kyle Lowry,35.74791,23.96643,TOR
62330,James Johnson,33.80992,21.37889,TOR
62330,Patrick Patterson,58.73102,34.4684,TOR
62330,DeMar DeRozan,56.77183,20.32964,TOR
62330,Bismack Biyombo,46.51771,23.88877,TOR
62340,Ball,74.74169,18.50912,Ball
62340,Dwyane Wade,72.94254,37.62384,MIA
62340,Beno Udrih,76.92605,17.68861,MIA
62340,Gerald Green,57.15016,6.8593,MIA
62340,Hassan Whiteside,71.49023,25.89383,MIA
62340,Justise Winslow,58.34715,37.41063,MIA
62340,Kyle Lowry,34.82639,23.29356,TOR
62340,James Johnson,32.05356,21.54287,TOR
62340,Patrick Patterson,53.11798,34.53488,TOR
62340,DeMar DeRozan,51.5457,20.07325,TOR
62340,Bismack Biyombo,41.63019,24.72983,TOR
62350,Ball,72.04673,16.82179,Ball
62350,Dwyane Wade,69.41798,38.49046,MIA
62350,Beno Udrih,73.66775,17.29313,MIA
62350,Gerald Green,52.45338,5.67175,MIA
62350,Hassan Whiteside,67.70441,26.48084,MIA
62350,Justise Winslow,52.57181,39.43794,MIA
62350,Kyle Lowry,34.14506,22.5207,TOR
62350,James Johnson,30.1099,22.84082,TOR
62350,Patrick Patterson,47.56619,34.44988,TOR
62350,DeMar DeRozan,46.34792,18.94894,TOR
62350,Bismack Biyombo,36.46857,25.01804,TOR
62360,Ball,68.064,16.73694,Ball
62360,Dwyane Wade,65.73296,39.15028,MIA
62360,Beno Udrih,70.27201,17.13471,MIA
62360,Gerald Green,47.63294,4.70554,MIA
62360,Hassan Whiteside,63.03017,26.48129,MIA
62360,Justise Winslow,46.72201,41.3444,MIA
62360,Kyle Lowry,33.32887,21.98914,TOR
62360,James Johnson,28.00168,24.90586,TOR
62360,Patrick Patterson,42.16424,34.60135,TOR
62360,DeMar DeRozan,41.24472,17.30301,TOR
62360,Bismack Biyombo,32.44678,25.63553,TOR
62370,Ball,64.76583,18.0864,Ball
62370,Dwyane Wade,62.01866,39.81593,MIA
62370,Beno Udrih,66.39316,17.17837,MIA
62370,Gerald Green,42.82226,3.94976,MIA
62370,Hassan Whiteside,57.8099,26.53262,MIA
62370,Justise Winslow,40.91828,43.18553,MIA
62370,Kyle Lowry,32.33948,21.6219,TOR
62370,James Johnson,26.59031,26.55405,TOR
62370,Patrick Patterson,36.89889,34.58262,TOR
62370,DeMar DeRozan,36.3711,15.74969,TOR
62370,Bismack Biyombo,29.91917,25.84784,TOR
62380,Ball,59.83723,17.65628,Ball
62380,Dwyane Wade,58.41942,40.53888,MIA
62380,Beno Udrih,61.95133,16.61956,MIA
62380,Gerald Green,38.01391,3.19652,MIA
62380,Hassan Whiteside,52.13189,26.70403,MIA
62380,Justise Winslow,35.34093,44.34322,MIA
62380,Kyle Lowry,31.1592,21.36567,TOR
62380,James Johnson,25.76804,28.44107,TOR
62380,Patrick Patterson,31.83416,35.45922,TOR
62380,DeMar DeRozan,31.79081,14.0877,TOR
62380,Bismack Biyombo,27.31472,25.22308,TOR
62390,Ball,56.40539,17.50631,Ball
62390,Dwyane Wade,54.90278,41.37964,MIA
62390,Beno Udrih,57.1356,16.32406,MIA
62390,Gerald Green,33.33073,2.74726,MIA
62390,Hassan Whiteside,46.21525,26.60647,MIA
62390,Justise Winslow,29.75905,46.20671,MIA
62390,Kyle Lowry,30.13956,20.58247,TOR
62390,James Johnson,25.64143,29.8044,TOR
62390,Patrick Patterson,26.92176,36.209,TOR
62390,DeMar DeRozan,27.78928,12.54966,TOR
62390,Bismack Biyombo,25.1997,24.68294,TOR
62400,Ball,51.99687,15.95753,Ball
62400,Dwyane Wade,51.59006,42.09311,MIA
62400,Beno Udrih,52.34655,16.14313,MIA
62400,Gerald Green,28.84774,2.29305,MIA
62400,Hassan Whiteside,40.31688,26.04284,MIA
62400,Justise Winslow,24.34159,47.18626,MIA
62400,Kyle Lowry,28.79837,20.26477,TOR
62400,James Johnson,25.38213,31.31043,TOR
62400,Patrick Patterson,22.36953,37.24336,TOR
62400,DeMar DeRozan,23.89452,12.58063,TOR
62400,Bismack Biyombo,23.44262,24.09603,TOR
62410,Ball,47.06759,16.32208,Ball
62410,Dwyane Wade,48.70528,42.64846,MIA
62410,Beno Udrih,47.58158,16.21989,MIA
62410,Gerald Green,24.66481,1.95164,MIA
62410,Hassan Whiteside,34.51115,25.00836,MIA
62410,Justise Winslow,19.35059,47.66695,MIA
62410,Kyle Lowry,27.53117,19.98267,TOR
62410,James Johnson,25.06472,32.94215,TOR
62410,Patrick Patterson,18.4766,36.81636,TOR
62410,DeMar DeRozan,20.55041,12.54557,TOR
62410,Bismack Biyombo,21.245260000000002,24.71112,TOR
62420,Ball,42.92321,16.66893,Ball
62420,Dwyane Wade,46.26506,42.80618,MIA
62420,Beno Udrih,43.19784,16.70552,MIA
62420,Gerald Green,20.78731,1.61611,MIA
62420,Hassan Whiteside,28.9729,23.64623,MIA
62420,Justise Winslow,14.62604,47.98711,MIA
62420,Kyle Lowry,26.82975,19.942050000000002,TOR
62420,James Johnson,24.83927,34.13898,TOR
62420,Patrick Patterson,15.17531,35.56721,TOR
62420,DeMar DeRozan,17.810200000000002,12.06,TOR
62420,Bismack Biyombo,19.48186,24.41915,TOR
62430,Ball,39.74079,18.72062,Ball
62430,Dwyane Wade,44.01882,42.98554,MIA
62430,Beno Udrih,39.54319,17.86272,MIA
62430,Gerald Green,17.16798,1.5453100000000002,MIA
62430,Hassan Whiteside,23.91932,22.05564,MIA
62430,Justise Winslow,10.56052,48.192,MIA
62430,Kyle Lowry,26.6701,20.03817,TOR
62430,James Johnson,24.35881,34.85637,TOR
62430,Patrick Patterson,12.45202,34.68118,TOR
62430,DeMar DeRozan,15.61493,11.16069,TOR
62430,Bismack Biyombo,18.1312,22.66316,TOR
62440,Ball,36.87871,20.56767,Ball
62440,Dwyane Wade,41.9606,42.86047,MIA
62440,Beno Udrih,36.60563,19.09888,MIA
62440,Gerald Green,14.00139,1.45323,MIA
62440,Hassan Whiteside,19.4386,20.16378,MIA
62440,Justise Winslow,7.5812100000000004,48.08355,MIA
62440,Kyle Lowry,26.13341,21.15719,TOR
62440,James Johnson,24.11486,34.84274,TOR
62440,Patrick Patterson,10.54663,33.95615,TOR
62440,DeMar DeRozan,13.41112,11.74043,TOR
62440,Bismack Biyombo,16.88744,22.02193,TOR
62450,Ball,33.77182,21.30169,Ball
62450,Dwyane Wade,40.25703,42.57449,MIA
62450,Beno Udrih,34.12652,20.60693,MIA
62450,Gerald Green,11.54134,1.58789,MIA
62450,Hassan Whiteside,15.80379,18.89952,MIA
62450,Justise Winslow,5.38093,48.01377,MIA
62450,Kyle Lowry,25.50459,22.60091,TOR
62450,James Johnson,24.12444,35.00103,TOR
62450,Patrick Patterson,8.85149,34.28635,TOR
62450,DeMar DeRozan,11.77574,11.745470000000001,TOR
62450,Bismack Biyombo,15.40263,22.02345,TOR
62460,Ball,34.59932,29.46601,Ball
62460,Dwyane Wade,38.57567,42.23944,MIA
62460,Beno Udrih,32.27318,22.81139,MIA
62460,Gerald Green,9.70311,1.52867,MIA
62460,Hassan Whiteside,13.12493,18.26822,MIA
62460,Justise Winslow,4.43813,48.01091,MIA
62460,Kyle Lowry,24.90501,24.15107,TOR
62460,James Johnson,24.15737,35.37073,TOR
62460,Patrick Patterson,7.86423,35.33461,TOR
62460,DeMar DeRozan,10.49461,11.66881,TOR
62460,Bismack Biyombo,13.34314,21.87157,TOR
62470,Ball,36.98898,40.77401,Ball
62470,Dwyane Wade,37.09379,41.90426,MIA
62470,Beno Udrih,29.35179,23.90023,MIA
62470,Gerald Green,8.13319,1.74613,MIA
62470,Hassan Whiteside,12.06114,18.66246,MIA
62470,Justise Winslow,4.54382,48.11286,MIA
62470,Kyle Lowry,24.06728,25.397100000000002,TOR
62470,James Johnson,24.48056,36.01596,TOR
62470,Patrick Patterson,7.38135,35.74841,TOR
62470,DeMar DeRozan,9.75823,12.17108,TOR
62470,Bismack Biyombo,11.61878,21.71373,TOR
62480,Ball,36.0977,39.27825,Ball
62480,Dwyane Wade,35.67179,41.1524,MIA
62480,Beno Udrih,24.89963,23.42336,MIA
62480,Gerald Green,7.02146,1.69889,MIA
62480,Hassan Whiteside,12.92045,19.09537,MIA
62480,Justise Winslow,5.12379,48.24972,MIA
62480,Kyle Lowry,22.40224,26.64837,TOR
62480,James Johnson,24.88391,36.1828,TOR
62480,Patrick Patterson,7.33138,35.52311,TOR
62480,DeMar DeRozan,9.35226,12.43803,TOR
62480,Bismack Biyombo,11.1168,22.07845,TOR
62490,Ball,35.82646,38.57356,Ball
62490,Dwyane Wade,34.60396,40.34431,MIA
62490,Beno Udrih,20.84923,23.80605,MIA
62490,Gerald Green,6.42751,1.4535500000000001,MIA
62490,Hassan Whiteside,14.98912,20.91143,MIA
62490,Justise Winslow,5.46815,48.24428,MIA
62490,Kyle Lowry,20.32619,26.83055,TOR
62490,James Johnson,24.99087,35.75729,TOR
62490,Patrick Patterson,7.40342,35.42847,TOR
62490,DeMar DeRozan,9.20794,12.43192,TOR
62490,Bismack Biyombo,11.78767,22.92063,TOR
62490,Ball,35.20433,38.39745,Ball
62490,Dwyane Wade,34.50589,40.21658,MIA
62490,Beno Udrih,20.39332,23.980620000000002,MIA
62490,Gerald Green,6.38724,1.4415,MIA
62490,Hassan Whiteside,15.15167,21.1402,MIA
62490,Justise Winslow,5.4783100000000005,48.25185,MIA
62490,Kyle Lowry,20.08949,26.82013,TOR
62490,James Johnson,25.0079,35.66549,TOR
62490,Patrick Patterson,7.41577,35.42197,TOR
62490,DeMar DeRozan,9.1965,12.4453,TOR
62490,Bismack Biyombo,11.90833,22.99738,TOR
62500,Ball,34.18436,36.49512,Ball
62500,Dwyane Wade,33.769,38.62008,MIA
62500,Beno Udrih,16.65453,25.73694,MIA
62500,Gerald Green,6.48858,1.31034,MIA
62500,Hassan Whiteside,16.68934,22.85105,MIA
62500,Justise Winslow,5.18626,48.33937,MIA
62500,Kyle Lowry,17.943550000000002,26.83249,TOR
62500,James Johnson,25.10199,34.83578,TOR
62500,Patrick Patterson,7.55384,35.47294,TOR
62500,DeMar DeRozan,9.08434,12.80357,TOR
62500,Bismack Biyombo,13.40442,23.49019,TOR
62510,Ball,32.39439,35.24858,Ball
62510,Dwyane Wade,32.63508,36.46413,MIA
62510,Beno Udrih,14.16788,25.98029,MIA
62510,Gerald Green,7.23642,1.24723,MIA
62510,Hassan Whiteside,18.95562,25.56034,MIA
62510,Justise Winslow,4.10488,48.18082,MIA
62510,Kyle Lowry,15.47908,27.20702,TOR
62510,James Johnson,24.85298,33.72505,TOR
62510,Patrick Patterson,7.92612,35.73147,TOR
62510,DeMar DeRozan,8.94188,12.90818,TOR
62510,Bismack Biyombo,15.66646,23.57216,TOR
62520,Ball,32.36202,32.36619,Ball
62520,Dwyane Wade,31.8137,34.34861,MIA
62520,Beno Udrih,12.02593,23.76013,MIA
62520,Gerald Green,7.88967,1.41677,MIA
62520,Hassan Whiteside,20.84646,28.82433,MIA
62520,Justise Winslow,3.56228,48.07428,MIA
62520,Kyle Lowry,13.59078,26.75041,TOR
62520,James Johnson,24.10038,32.2785,TOR
62520,Patrick Patterson,8.57268,35.45657,TOR
62520,DeMar DeRozan,8.92406,12.40023,TOR
62520,Bismack Biyombo,17.23322,23.95748,TOR
62530,Ball,30.65816,30.54662,Ball
62530,Dwyane Wade,30.50375,32.87239,MIA
62530,Beno Udrih,8.62324,20.47428,MIA
62530,Gerald Green,8.75344,1.59794,MIA
62530,Hassan Whiteside,22.0038,31.04494,MIA
62530,Justise Winslow,3.89535,48.1906,MIA
62530,Kyle Lowry,11.94494,25.76343,TOR
62530,James Johnson,23.84517,29.8096,TOR
62530,Patrick Patterson,8.90253,35.41765,TOR
62530,DeMar DeRozan,9.18696,12.18454,TOR
62530,Bismack Biyombo,17.88984,25.74577,TOR
62540,Ball,27.51203,35.70954,Ball
62540,Dwyane Wade,27.71953,34.26734,MIA
62540,Beno Udrih,5.59128,16.47562,MIA
62540,Gerald Green,9.99775,1.63876,MIA
62540,Hassan Whiteside,22.20871,30.31681,MIA
62540,Justise Winslow,4.16084,48.25722,MIA
62540,Kyle Lowry,10.56029,24.47566,TOR
62540,James Johnson,23.69671,28.52399,TOR
62540,Patrick Patterson,8.91115,35.67256,TOR
62540,DeMar DeRozan,9.61108,12.28037,TOR
62540,Bismack Biyombo,17.52892,28.20267,TOR
62550,Ball,23.56361,36.74079,Ball
62550,Dwyane Wade,24.17563,35.61992,MIA
62550,Beno Udrih,4.00547,12.04588,MIA
62550,Gerald Green,12.05205,1.76376,MIA
62550,Hassan Whiteside,20.7868,28.88413,MIA
62550,Justise Winslow,4.21959,48.19664,MIA
62550,Kyle Lowry,9.44655,23.32117,TOR
62550,James Johnson,22.6522,30.09484,TOR
62550,Patrick Patterson,8.72109,36.50824,TOR
62550,DeMar DeRozan,9.9266,13.28008,TOR
62550,Bismack Biyombo,16.31407,30.23813,TOR
62560,Ball,19.44584,36.93514,Ball
62560,Dwyane Wade,20.0255,35.51193,MIA
62560,Beno Udrih,3.86232,7.85012,MIA
62560,Gerald Green,15.20165,2.36484,MIA
62560,Hassan Whiteside,17.72764,27.47718,MIA
62560,Justise Winslow,4.45701,48.18499,MIA
62560,Kyle Lowry,8.93263,22.79255,TOR
62560,James Johnson,21.7657,31.59642,TOR
62560,Patrick Patterson,8.38684,36.91309,TOR
62560,DeMar DeRozan,10.29258,15.1448,TOR
62560,Bismack Biyombo,14.22585,31.05617,TOR
62570,Ball,15.2078,33.60473,Ball
62570,Dwyane Wade,15.85393,33.36645,MIA
62570,Beno Udrih,4.6746300000000005,4.70286,MIA
62570,Gerald Green,18.85445,3.91064,MIA
62570,Hassan Whiteside,13.99371,27.04174,MIA
62570,Justise Winslow,4.58145,48.12017,MIA
62570,Kyle Lowry,9.11227,23.71784,TOR
62570,James Johnson,19.3517,31.37411,TOR
62570,Patrick Patterson,8.36355,36.58634,TOR
62570,DeMar DeRozan,12.00099,16.10321,TOR
62570,Bismack Biyombo,11.66383,31.16491,TOR
62580,Ball,14.9728,30.99187,Ball
62580,Dwyane Wade,13.61626,29.35627,MIA
62580,Beno Udrih,6.05471,3.00962,MIA
62580,Gerald Green,22.31793,6.34268,MIA
62580,Hassan Whiteside,10.65354,26.69783,MIA
62580,Justise Winslow,5.47924,48.1419,MIA
62580,Kyle Lowry,9.0812,24.35904,TOR
62580,James Johnson,16.29277,30.06622,TOR
62580,Patrick Patterson,7.7091,37.36742,TOR
62580,DeMar DeRozan,14.94944,16.26885,TOR
62580,Bismack Biyombo,10.17027,29.23102,TOR
62590,Ball,12.3067,26.19121,Ball
62590,Dwyane Wade,12.52757,27.22342,MIA
62590,Beno Udrih,7.02967,2.37102,MIA
62590,Gerald Green,25.09829,9.23183,MIA
62590,Hassan Whiteside,7.74321,26.82814,MIA
62590,Justise Winslow,6.16062,48.28251,MIA
62590,Kyle Lowry,8.70427,23.5387,TOR
62590,James Johnson,13.99135,26.67642,TOR
62590,Patrick Patterson,7.09903,37.36992,TOR
62590,DeMar DeRozan,18.20423,16.35944,TOR
62590,Bismack Biyombo,8.920350000000001,27.6067,TOR
62600,Ball,9.1938,25.3575,Ball
62600,Dwyane Wade,11.89181,26.19096,MIA
62600,Beno Udrih,7.57757,2.37648,MIA
62600,Gerald Green,27.73358,12.25403,MIA
62600,Hassan Whiteside,6.24953,25.85951,MIA
62600,Justise Winslow,6.05004,48.18541,MIA
62600,Kyle Lowry,7.73243,23.49533,TOR
62600,James Johnson,13.6409,25.29257,TOR
62600,Patrick Patterson,6.5174900000000004,35.35972,TOR
62600,DeMar DeRozan,20.64056,16.70503,TOR
62600,Bismack Biyombo,8.42694,26.77837,TOR
62610,Ball,6.02416,24.92069,Ball
62610,Dwyane Wade,10.91196,23.6298,MIA
62610,Beno Udrih,9.43181,2.98684,MIA
62610,Gerald Green,30.288710000000002,14.80448,MIA
62610,Hassan Whiteside,6.26552,25.91185,MIA
62610,Justise Winslow,6.66545,47.90671,MIA
62610,Kyle Lowry,6.58136,25.5058,TOR
62610,James Johnson,13.28336,25.29825,TOR
62610,Patrick Patterson,6.04749,32.16023,TOR
62610,DeMar DeRozan,22.72166,17.53956,TOR
62610,Bismack Biyombo,7.7731200000000005,25.8138,TOR
62620,Ball,4.89327,24.71926,Ball
62620,Dwyane Wade,10.27161,21.53372,MIA
62620,Beno Udrih,12.68199,4.168,MIA
62620,Gerald Green,33.30869,16.76322,MIA
62620,Hassan Whiteside,5.71401,27.19154,MIA
62620,Justise Winslow,7.94893,47.65638,MIA
62620,Kyle Lowry,5.71401,27.19154,TOR
62620,James Johnson,13.0246,26.66517,TOR
62620,Patrick Patterson,6.16928,30.48263,TOR
62620,DeMar DeRozan,23.88883,16.51396,TOR
62620,Bismack Biyombo,6.34296,25.87332,TOR
62630,Ball,4.68302,25.15397,Ball
62630,Dwyane Wade,8.82221,20.83337,MIA
62630,Beno Udrih,16.24044,6.04208,MIA
62630,Gerald Green,36.51912,18.13696,MIA
62630,Hassan Whiteside,4.43618,28.33309,MIA
62630,Justise Winslow,9.07961,46.40803,MIA
62630,Kyle Lowry,3.9754,28.80597,TOR
62630,James Johnson,13.5257,27.66271,TOR
62630,Patrick Patterson,6.9476700000000005,30.56844,TOR
62630,DeMar DeRozan,24.64351,15.25647,TOR
62630,Bismack Biyombo,7.0661,26.06698,TOR
62640,Ball,5.10828,25.19419,Ball
62640,Dwyane Wade,7.72077,21.21432,MIA
62640,Beno Udrih,19.81303,8.34387,MIA
62640,Gerald Green,39.83296,18.79809,MIA
62640,Hassan Whiteside,3.85676,28.79602,MIA
62640,Justise Winslow,10.59186,45.46732,MIA
62640,Kyle Lowry,3.17487,29.25779,TOR
62640,James Johnson,14.5681,29.3187,TOR
62640,Patrick Patterson,7.40835,30.25193,TOR
62640,DeMar DeRozan,25.22723,14.90566,TOR
62640,Bismack Biyombo,6.74552,25.7067,TOR
62640,Ball,5.17146,25.25072,Ball
62640,Dwyane Wade,7.6802600000000005,21.28807,MIA
62640,Beno Udrih,20.17965,8.57787,MIA
62640,Gerald Green,40.15248,18.81956,MIA
62640,Hassan Whiteside,3.97555,28.62229,MIA
62640,Justise Winslow,10.79625,45.44767,MIA
62640,Kyle Lowry,3.11371,29.13664,TOR
62640,James Johnson,14.69075,29.42957,TOR
62640,Patrick Patterson,7.48103,30.16143,TOR
62640,DeMar DeRozan,25.2594,14.864090000000001,TOR
62640,Bismack Biyombo,6.70597,25.4454,TOR
62650,Ball,5.6458200000000005,25.23912,Ball
62650,Dwyane Wade,8.14948,22.02115,MIA
62650,Beno Udrih,23.57282,10.65664,MIA
62650,Gerald Green,42.84109,18.994510000000002,MIA
62650,Hassan Whiteside,5.97858,25.38953,MIA
62650,Justise Winslow,13.09704,45.21257,MIA
62650,Kyle Lowry,2.7088200000000002,28.71274,TOR
62650,James Johnson,15.91604,30.47189,TOR
62650,Patrick Patterson,8.1809,30.04178,TOR
62650,DeMar DeRozan,25.0587,14.42099,TOR
62650,Bismack Biyombo,6.61791,23.95166,TOR
62660,Ball,5.11433,24.51007,Ball
62660,Dwyane Wade,10.65896,23.13429,MIA
62660,Beno Udrih,27.42169,12.81409,MIA
62660,Gerald Green,45.50521,19.02842,MIA
62660,Hassan Whiteside,7.57927,25.03961,MIA
62660,Justise Winslow,16.61805,44.13155,MIA
62660,Kyle Lowry,2.31645,28.34873,TOR
62660,James Johnson,17.50834,31.35812,TOR
62660,Patrick Patterson,9.76763,31.70931,TOR
62660,DeMar DeRozan,24.99541,13.80462,TOR
62660,Bismack Biyombo,5.92397,24.43337,TOR
62670,Ball,3.11043,24.34774,Ball
62670,Dwyane Wade,15.15643,24.4793,MIA
62670,Beno Udrih,30.94234,15.44498,MIA
62670,Gerald Green,47.83683,18.73636,MIA
62670,Hassan Whiteside,10.8098,26.3357,MIA
62670,Justise Winslow,21.18049,42.93067,MIA
62670,Kyle Lowry,2.57083,29.37035,TOR
62670,James Johnson,19.88306,32.09288,TOR
62670,Patrick Patterson,12.09381,33.12842,TOR
62670,DeMar DeRozan,25.77631,13.08064,TOR
62670,Bismack Biyombo,3.82938,24.53182,TOR
62680,Ball,0.9088400000000001,25.14964,Ball
62680,Dwyane Wade,20.83392,25.348,MIA
62680,Beno Udrih,34.48418,18.15196,MIA
62680,Gerald Green,50.04853,18.32823,MIA
62680,Hassan Whiteside,15.21913,26.92729,MIA
62680,Justise Winslow,26.26599,41.46249,MIA
62680,Kyle Lowry,3.88396,29.72642,TOR
62680,James Johnson,23.45744,33.68639,TOR
62680,Patrick Patterson,15.14792,33.91004,TOR
62680,DeMar DeRozan,27.03839,11.98167,TOR
62680,Bismack Biyombo,1.24074,24.82375,TOR
62700,Ball,4.06433,26.70178,Ball
62700,Dwyane Wade,32.1995,27.98479,MIA
62700,Beno Udrih,39.93949,21.55332,MIA
62700,Gerald Green,53.76679,16.88838,MIA
62700,Hassan Whiteside,26.88025,25.16807,MIA
62700,Justise Winslow,34.76521,39.03565,MIA
62700,Kyle Lowry,8.88672,28.17998,TOR
62700,James Johnson,32.11401,34.74738,TOR
62700,Patrick Patterson,21.21248,36.32012,TOR
62700,DeMar DeRozan,30.29447,9.07324,TOR
62700,Bismack Biyombo,-0.40142000000000005,24.55504,TOR
62710,Ball,10.97353,26.66885,Ball
62710,Dwyane Wade,37.94756,28.88096,MIA
62710,Beno Udrih,42.29504,22.26982,MIA
62710,Gerald Green,55.64997,16.03684,MIA
62710,Hassan Whiteside,32.91495,25.38061,MIA
62710,Justise Winslow,38.0069,37.88034,MIA
62710,Kyle Lowry,11.70936,27.13985,TOR
62710,James Johnson,36.8569,34.9319,TOR
62710,Patrick Patterson,24.69559,36.61202,TOR
62710,DeMar DeRozan,32.55041,7.54527,TOR
62710,Bismack Biyombo,0.46521,24.50273,TOR
62720,Ball,14.6391,24.80675,Ball
62720,Dwyane Wade,43.45892,29.44477,MIA
62720,Beno Udrih,44.20596,22.73011,MIA
62720,Gerald Green,57.57243,15.22304,MIA
62720,Hassan Whiteside,38.80042,25.21385,MIA
62720,Justise Winslow,41.06137,37.30513,MIA
62720,Kyle Lowry,14.96219,25.58578,TOR
62720,James Johnson,41.91231,35.22354,TOR
62720,Patrick Patterson,28.71046,36.74718,TOR
62720,DeMar DeRozan,35.45318,6.43415,TOR
62720,Bismack Biyombo,2.42011,25.90004,TOR
62730,Ball,19.03814,23.19393,Ball
62730,Dwyane Wade,48.7696,30.36405,MIA
62730,Beno Udrih,46.07399,22.66261,MIA
62730,Gerald Green,59.47649,14.64187,MIA
62730,Hassan Whiteside,44.33126,25.21671,MIA
62730,Justise Winslow,43.8714,36.58864,MIA
62730,Kyle Lowry,18.67724,24.08147,TOR
62730,James Johnson,46.94096,35.35188,TOR
62730,Patrick Patterson,32.82996,37.07048,TOR
62730,DeMar DeRozan,38.61881,5.38481,TOR
62730,Bismack Biyombo,5.70789,27.10951,TOR
62740,Ball,23.42789,21.74615,Ball
62740,Dwyane Wade,53.95775,31.13647,MIA
62740,Beno Udrih,48.08333,22.29658,MIA
62740,Gerald Green,61.36184,14.00223,MIA
62740,Hassan Whiteside,49.37956,25.20923,MIA
62740,Justise Winslow,46.73505,36.21291,MIA
62740,Kyle Lowry,22.62989,22.5465,TOR
62740,James Johnson,51.80781,35.50971,TOR
62740,Patrick Patterson,36.9296,37.31619,TOR
62740,DeMar DeRozan,41.90194,4.59528,TOR
62740,Bismack Biyombo,9.68435,28.15994,TOR
62750,Ball,28.30075,21.47816,Ball
62750,Dwyane Wade,58.78747,31.51395,MIA
62750,Beno Udrih,50.03417,21.59596,MIA
62750,Gerald Green,63.36539,13.72991,MIA
62750,Hassan Whiteside,53.78773,25.26271,MIA
62750,Justise Winslow,49.65768,35.95955,MIA
62750,Kyle Lowry,27.0249,21.5767,TOR
62750,James Johnson,56.65997,35.33607,TOR
62750,Patrick Patterson,40.87714,37.49959,TOR
62750,DeMar DeRozan,45.373780000000004,4.0052,TOR
62750,Bismack Biyombo,14.03298,29.11314,TOR
62760,Ball,32.0132,21.29864,Ball
62760,Dwyane Wade,63.42646,31.60578,MIA
62760,Beno Udrih,51.78615,20.6627,MIA
62760,Gerald Green,65.43128,13.27986,MIA
62760,Hassan Whiteside,57.80972,24.67266,MIA
62760,Justise Winslow,52.38402,35.35843,MIA
62760,Kyle Lowry,31.22747,20.50604,TOR
62760,James Johnson,61.78441,35.14824,TOR
62760,Patrick Patterson,44.58206,37.51019,TOR
62760,DeMar DeRozan,49.22931,4.03786,TOR
62760,Bismack Biyombo,18.62793,29.86404,TOR
62770,Ball,36.93725,18.88576,Ball
62770,Dwyane Wade,67.99064,32.33185,MIA
62770,Beno Udrih,53.56712,19.78965,MIA
62770,Gerald Green,67.32734,13.01466,MIA
62770,Hassan Whiteside,61.32849,24.61438,MIA
62770,Justise Winslow,55.08469,34.79794,MIA
62770,Kyle Lowry,34.84183,19.05224,TOR
62770,James Johnson,66.58617,34.48179,TOR
62770,Patrick Patterson,47.88932,37.39599,TOR
62770,DeMar DeRozan,53.37078,5.36352,TOR
62770,Bismack Biyombo,23.28318,30.66164,TOR
