43620,Ball,24.82516,12.38122,Ball
43620,Tobias Harris,25.35343,6.5164,ORL
43620,Dewayne Dedmon,8.67487,36.77747,ORL
43620,Elfrid Payton,23.24938,23.96174,ORL
43620,Evan Fournier,8.02375,2.0853,ORL
43620,Aaron Gordon,26.29989,26.61598,ORL
43620,Metta World Peace,19.05608,14.88591,LAL
43620,Roy Hibbert,17.16051,25.17052,LAL
43620,Jordan Clarkson,19.54474,24.16119,LAL
43620,Julius Randle,7.44123,33.51416,LAL
43620,D'Angelo Russell,10.09986,14.28868,LAL
43630,Ball,21.67872,6.30012,Ball
43630,Tobias Harris,23.37939,6.46026,ORL
43630,Dewayne Dedmon,8.59208,36.6046,ORL
43630,Elfrid Payton,26.18368,20.9895,ORL
43630,Evan Fournier,8.54918,2.24832,ORL
43630,Aaron Gordon,23.81039,29.00703,ORL
43630,Metta World Peace,19.10552,13.7791,LAL
43630,Roy Hibbert,16.62334,25.42536,LAL
43630,Jordan Clarkson,19.86549,21.10788,LAL
43630,Julius Randle,7.08366,33.65888,LAL
43630,D'Angelo Russell,9.11738,12.48327,LAL
43640,Ball,11.02525,2.87163,Ball
43640,Tobias Harris,18.94153,7.77431,ORL
43640,Dewayne Dedmon,9.34221,36.91088,ORL
43640,Elfrid Payton,28.97522,19.97856,ORL
43640,Evan Fournier,10.06704,2.31594,ORL
43640,Aaron Gordon,21.53931,30.96589,ORL
43640,Metta World Peace,18.13691,12.21135,LAL
43640,Roy Hibbert,16.09021,26.15395,LAL
43640,Jordan Clarkson,20.67254,19.00073,LAL
43640,Julius Randle,6.69926,33.41342,LAL
43640,D'Angelo Russell,8.95049,10.64854,LAL
43650,Ball,14.84929,2.7832,Ball
43650,Tobias Harris,13.77361,10.61863,ORL
43650,Dewayne Dedmon,11.01954,37.84438,ORL
43650,Elfrid Payton,31.29144,20.3204,ORL
43650,Evan Fournier,13.13766,2.70897,ORL
43650,Aaron Gordon,19.52975,32.12994,ORL
43650,Metta World Peace,14.99066,12.26186,LAL
43650,Roy Hibbert,14.65648,27.02479,LAL
43650,Jordan Clarkson,22.26417,17.95128,LAL
43650,Julius Randle,6.58837,33.03962,LAL
43650,D'Angelo Russell,9.93586,9.03495,LAL
43660,Ball,19.08622,3.79999,Ball
43660,Tobias Harris,9.11657,14.85714,ORL
43660,Dewayne Dedmon,12.43244,39.54968,ORL
43660,Elfrid Payton,32.89858,21.91967,ORL
43660,Evan Fournier,16.87548,4.43532,ORL
43660,Aaron Gordon,17.94967,33.37961,ORL
43660,Metta World Peace,11.44142,14.78216,LAL
43660,Roy Hibbert,13.21799,27.77614,LAL
43660,Jordan Clarkson,23.19354,17.44077,LAL
43660,Julius Randle,6.66098,32.99049,LAL
43660,D'Angelo Russell,11.78874,8.7809,LAL
43670,Ball,21.78959,5.9241600000000005,Ball
43670,Tobias Harris,5.7345500000000005,19.81585,ORL
43670,Dewayne Dedmon,13.16682,41.8892,ORL
43670,Elfrid Payton,33.54087,24.57041,ORL
43670,Evan Fournier,20.25658,6.6007,ORL
43670,Aaron Gordon,16.72851,34.06561,ORL
43670,Metta World Peace,9.39676,18.26291,LAL
43670,Roy Hibbert,12.51806,28.77859,LAL
43670,Jordan Clarkson,23.5365,17.70082,LAL
43670,Julius Randle,6.80555,33.19939,LAL
43670,D'Angelo Russell,14.17847,9.86837,LAL
43680,Ball,25.15131,9.62513,Ball
43680,Tobias Harris,3.86428,25.4638,ORL
43680,Dewayne Dedmon,13.70269,44.4533,ORL
43680,Elfrid Payton,33.59948,27.59741,ORL
43680,Evan Fournier,23.31719,9.08831,ORL
43680,Aaron Gordon,15.17643,34.25954,ORL
43680,Metta World Peace,7.49404,22.38502,LAL
43680,Roy Hibbert,12.55584,29.81961,LAL
43680,Jordan Clarkson,24.20709,19.39911,LAL
43680,Julius Randle,7.16697,33.53163,LAL
43680,D'Angelo Russell,16.38859,11.67769,LAL
43690,Ball,27.35261,11.19147,Ball
43690,Tobias Harris,3.50057,30.9263,ORL
43690,Dewayne Dedmon,15.03982,46.067,ORL
43690,Elfrid Payton,33.39873,30.49436,ORL
43690,Evan Fournier,25.7479,11.22664,ORL
43690,Aaron Gordon,13.72144,33.71886,ORL
43690,Metta World Peace,6.53732,26.44273,LAL
43690,Roy Hibbert,12.5798,30.56727,LAL
43690,Jordan Clarkson,24.37714,22.12823,LAL
43690,Julius Randle,8.19766,34.56633,LAL
43690,D'Angelo Russell,18.25314,13.37857,LAL
43700,Ball,28.29755,13.822140000000001,Ball
43700,Tobias Harris,3.80338,36.22805,ORL
43700,Dewayne Dedmon,16.6391,46.74275,ORL
43700,Elfrid Payton,33.36254,32.95355,ORL
43700,Evan Fournier,27.57491,12.44332,ORL
43700,Aaron Gordon,12.38161,33.1587,ORL
43700,Metta World Peace,6.1781,30.93852,LAL
43700,Roy Hibbert,11.75881,31.24474,LAL
43700,Jordan Clarkson,24.06912,24.85688,LAL
43700,Julius Randle,9.59082,35.933840000000004,LAL
43700,D'Angelo Russell,20.21612,14.6863,LAL
43710,Ball,28.66231,14.00719,Ball
43710,Tobias Harris,4.75983,40.5553,ORL
43710,Dewayne Dedmon,16.85208,46.11649,ORL
43710,Elfrid Payton,33.55131,34.87474,ORL
43710,Evan Fournier,28.83759,13.54191,ORL
43710,Aaron Gordon,11.1134,33.16124,ORL
43710,Metta World Peace,6.69819,34.27399,LAL
43710,Roy Hibbert,10.9699,30.79014,LAL
43710,Jordan Clarkson,23.80593,27.17625,LAL
43710,Julius Randle,11.09793,36.85863,LAL
43710,D'Angelo Russell,22.25569,15.69615,LAL
43720,Ball,30.81756,27.22528,Ball
43720,Tobias Harris,6.37173,44.05927,ORL
43720,Dewayne Dedmon,15.97158,44.26421,ORL
43720,Elfrid Payton,33.4141,36.43602,ORL
43720,Evan Fournier,29.64487,14.18705,ORL
43720,Aaron Gordon,10.27047,33.40822,ORL
43720,Metta World Peace,7.51285,36.36962,LAL
43720,Roy Hibbert,10.35576,30.63456,LAL
43720,Jordan Clarkson,24.05792,29.19088,LAL
43720,Julius Randle,12.19837,37.02651,LAL
43720,D'Angelo Russell,23.749670000000002,16.2277,LAL
43730,Ball,32.11614,37.32687,Ball
43730,Tobias Harris,8.40145,46.29833,ORL
43730,Dewayne Dedmon,14.2956,41.83312,ORL
43730,Elfrid Payton,32.86252,37.58347,ORL
43730,Evan Fournier,29.78315,13.96756,ORL
43730,Aaron Gordon,9.44122,33.62928,ORL
43730,Metta World Peace,8.52194,38.19959,LAL
43730,Roy Hibbert,9.82957,31.07934,LAL
43730,Jordan Clarkson,25.15898,31.16993,LAL
43730,Julius Randle,12.72683,36.91841,LAL
43730,D'Angelo Russell,24.21415,16.64159,LAL
43740,Ball,31.27052,38.32106,Ball
43740,Tobias Harris,10.27261,47.41214,ORL
43740,Dewayne Dedmon,12.05312,39.48098,ORL
43740,Elfrid Payton,31.91808,38.0971,ORL
43740,Evan Fournier,29.59791,13.08517,ORL
43740,Aaron Gordon,8.40298,34.30647,ORL
43740,Metta World Peace,9.78704,39.44263,LAL
43740,Roy Hibbert,9.46684,31.24277,LAL
43740,Jordan Clarkson,26.18078,32.99281,LAL
43740,Julius Randle,13.01149,36.24654,LAL
43740,D'Angelo Russell,23.78078,16.36087,LAL
43750,Ball,30.81121,38.09078,Ball
43750,Tobias Harris,11.95031,47.97049,ORL
43750,Dewayne Dedmon,9.0534,37.37916,ORL
43750,Elfrid Payton,31.29069,38.02089,ORL
43750,Evan Fournier,29.30607,12.11382,ORL
43750,Aaron Gordon,7.9087,34.46555,ORL
43750,Metta World Peace,10.98174,41.07798,LAL
43750,Roy Hibbert,9.25786,31.91404,LAL
43750,Jordan Clarkson,27.10021,34.23209,LAL
43750,Julius Randle,12.08299,34.97767,LAL
43750,D'Angelo Russell,22.75912,16.3934,LAL
43760,Ball,30.3002,38.75949,Ball
43760,Tobias Harris,13.17957,48.20696,ORL
43760,Dewayne Dedmon,7.37065,35.50513,ORL
43760,Elfrid Payton,31.30276,38.1683,ORL
43760,Evan Fournier,29.07653,11.04503,ORL
43760,Aaron Gordon,6.58628,34.04847,ORL
43760,Metta World Peace,12.24685,42.20748,LAL
43760,Roy Hibbert,8.79102,32.65223,LAL
43760,Jordan Clarkson,27.51806,34.56324,LAL
43760,Julius Randle,10.83866,33.58516,LAL
43760,D'Angelo Russell,21.66727,17.09617,LAL
43770,Ball,32.66979,39.94394,Ball
43770,Tobias Harris,13.85302,48.23406,ORL
43770,Dewayne Dedmon,9.0033,35.23541,ORL
43770,Elfrid Payton,32.36069,38.86555,ORL
43770,Evan Fournier,28.80466,10.03355,ORL
43770,Aaron Gordon,3.22675,31.85774,ORL
43770,Metta World Peace,13.25359,42.83389,LAL
43770,Roy Hibbert,8.16167,33.52884,LAL
43770,Jordan Clarkson,27.83349,34.52341,LAL
43770,Julius Randle,10.36417,31.60108,LAL
43770,D'Angelo Russell,21.24625,17.95978,LAL
43780,Ball,33.64056,40.9572,Ball
43780,Tobias Harris,13.43285,48.25689,ORL
43780,Dewayne Dedmon,10.73839,35.8199,ORL
43780,Elfrid Payton,34.02023,39.89482,ORL
43780,Evan Fournier,28.3343,8.87797,ORL
43780,Aaron Gordon,1.64628,28.06279,ORL
43780,Metta World Peace,13.79501,43.04123,LAL
43780,Roy Hibbert,8.75544,33.5478,LAL
43780,Jordan Clarkson,28.76519,34.60639,LAL
43780,Julius Randle,9.99529,29.52889,LAL
43780,D'Angelo Russell,20.77368,18.92186,LAL
43790,Ball,34.5538,41.48789,Ball
43790,Tobias Harris,11.99428,48.43403,ORL
43790,Dewayne Dedmon,13.46859,36.59512,ORL
43790,Elfrid Payton,35.83839,40.4455,ORL
43790,Evan Fournier,28.13169,8.00362,ORL
43790,Aaron Gordon,1.28463,23.44895,ORL
43790,Metta World Peace,13.93398,42.70867,LAL
43790,Roy Hibbert,10.58119,33.7718,LAL
43790,Jordan Clarkson,29.57439,35.32285,LAL
43790,Julius Randle,9.63356,26.4269,LAL
43790,D'Angelo Russell,20.64282,19.06203,LAL
43800,Ball,36.10825,42.2687,Ball
43800,Tobias Harris,10.50159,48.3592,ORL
43800,Dewayne Dedmon,15.97331,37.01772,ORL
43800,Elfrid Payton,36.96669,40.83144,ORL
43800,Evan Fournier,28.27114,7.26175,ORL
43800,Aaron Gordon,1.54108,20.32279,ORL
43800,Metta World Peace,13.406,42.62437,LAL
43800,Roy Hibbert,12.06741,34.84107,LAL
43800,Jordan Clarkson,30.93598,35.75478,LAL
43800,Julius Randle,9.35621,24.70295,LAL
43800,D'Angelo Russell,20.71208,18.7951,LAL
43810,Ball,36.42365,41.96184,Ball
43810,Tobias Harris,9.08242,48.62472,ORL
43810,Dewayne Dedmon,18.60601,37.27367,ORL
43810,Elfrid Payton,37.96682,41.22268,ORL
43810,Evan Fournier,28.03279,6.81069,ORL
43810,Aaron Gordon,2.43044,16.40475,ORL
43810,Metta World Peace,12.55186,42.10148,LAL
43810,Roy Hibbert,14.27694,35.40563,LAL
43810,Jordan Clarkson,32.14523,36.86238,LAL
43810,Julius Randle,8.92606,23.34421,LAL
43810,D'Angelo Russell,20.7008,18.80176,LAL
43820,Ball,37.68804,43.01945,Ball
43820,Tobias Harris,7.63876,48.73688,ORL
43820,Dewayne Dedmon,21.06624,37.6436,ORL
43820,Elfrid Payton,38.30901,41.74522,ORL
43820,Evan Fournier,27.86498,6.45841,ORL
43820,Aaron Gordon,3.22168,13.37558,ORL
43820,Metta World Peace,11.8408,41.11671,LAL
43820,Roy Hibbert,15.74958,36.07369,LAL
43820,Jordan Clarkson,33.27386,37.94773,LAL
43820,Julius Randle,8.63005,22.27965,LAL
43820,D'Angelo Russell,20.60532,19.54627,LAL
43830,Ball,37.19358,43.64749,Ball
43830,Tobias Harris,6.52432,48.596940000000004,ORL
43830,Dewayne Dedmon,23.44523,37.98077,ORL
43830,Elfrid Payton,38.02568,42.3314,ORL
43830,Evan Fournier,27.84106,6.35426,ORL
43830,Aaron Gordon,3.9604600000000003,10.01455,ORL
43830,Metta World Peace,10.958590000000001,40.49771,LAL
43830,Roy Hibbert,17.40964,36.64026,LAL
43830,Jordan Clarkson,34.58416,38.60246,LAL
43830,Julius Randle,8.59133,22.45521,LAL
43830,D'Angelo Russell,20.50503,20.57628,LAL
43840,Ball,33.50311,44.21963,Ball
43840,Tobias Harris,6.10503,48.58345,ORL
43840,Dewayne Dedmon,26.2281,38.69264,ORL
43840,Elfrid Payton,35.5209,42.99307,ORL
43840,Evan Fournier,27.85851,6.75904,ORL
43840,Aaron Gordon,4.10935,7.46591,ORL
43840,Metta World Peace,10.07784,40.0641,LAL
43840,Roy Hibbert,19.24815,36.57009,LAL
43840,Jordan Clarkson,34.1373,39.16035,LAL
43840,Julius Randle,8.69591,21.98923,LAL
43840,D'Angelo Russell,20.38614,21.78598,LAL
43850,Ball,30.09984,44.74751,Ball
43850,Tobias Harris,6.30157,48.77287,ORL
43850,Dewayne Dedmon,28.37627,38.71921,ORL
43850,Elfrid Payton,30.39631,43.13428,ORL
43850,Evan Fournier,27.35437,7.56208,ORL
43850,Aaron Gordon,4.22653,5.447,ORL
43850,Metta World Peace,9.48409,39.6054,LAL
43850,Roy Hibbert,19.67558,36.23295,LAL
43850,Jordan Clarkson,31.1164,38.39568,LAL
43850,Julius Randle,8.48415,20.77445,LAL
43850,D'Angelo Russell,20.22543,23.10157,LAL
43860,Ball,23.01769,40.59491,Ball
43860,Tobias Harris,6.45234,48.81434,ORL
43860,Dewayne Dedmon,29.08406,37.33048,ORL
43860,Elfrid Payton,24.92555,41.18232,ORL
43860,Evan Fournier,26.68245,8.73324,ORL
43860,Aaron Gordon,4.12215,4.01446,ORL
43860,Metta World Peace,9.05425,39.37608,LAL
43860,Roy Hibbert,18.72751,35.46425,LAL
43860,Jordan Clarkson,27.43119,35.91823,LAL
43860,Julius Randle,7.974,19.03973,LAL
43860,D'Angelo Russell,20.18534,23.94269,LAL
