43770,Ball,85.3972,22.47051,Ball
43770,Carmelo Anthony,88.39055,23.78805,NYK
43770,Jose Calderon,79.38257,45.58418,NYK
43770,Robin Lopez,84.66741,20.56881,NYK
43770,Langston Galloway,69.24198,36.07574,NYK
43770,Kristaps Porzingis,66.29584,9.79598,NYK
43770,Kobe Bryant,90.10382,22.65988,LAL
43770,Roy Hibbert,84.90802,21.65011,LAL
43770,Jordan Clarkson,77.29171,26.65482,LAL
43770,Julius Randle,81.83332,21.10966,LAL
43770,D'Angelo Russell,86.72098,31.24149,LAL
43780,Ball,88.96638,25.36539,Ball
43780,Carmelo Anthony,87.38067,24.3857,NYK
43780,Jose Calderon,77.67648,44.29061,NYK
43780,Robin Lopez,84.48369,19.44909,NYK
43780,Langston Galloway,68.8827,35.68308,NYK
43780,Kristaps Porzingis,64.17331,10.74855,NYK
43780,Kobe Bryant,89.19221,23.27267,LAL
43780,Roy Hibbert,84.91754,20.30835,LAL
43780,Jordan Clarkson,75.87904,26.12486,LAL
43780,Julius Randle,84.05422,23.9262,LAL
43780,D'Angelo Russell,87.78735,29.54436,LAL
43790,Ball,74.31015,25.92271,Ball
43790,Carmelo Anthony,86.16922,25.21932,NYK
43790,Jose Calderon,76.14614,42.83216,NYK
43790,Robin Lopez,83.0188,19.20373,NYK
43790,Langston Galloway,68.30616,34.85441,NYK
43790,Kristaps Porzingis,61.58576,11.81183,NYK
43790,Kobe Bryant,89.01029,23.33598,LAL
43790,Roy Hibbert,85.02286,21.12339,LAL
43790,Jordan Clarkson,74.03765,26.667,LAL
43790,Julius Randle,84.96161,25.78841,LAL
43790,D'Angelo Russell,88.85861,28.62049,LAL
43800,Ball,72.34028,27.62574,Ball
43800,Carmelo Anthony,85.68814,25.44103,NYK
43800,Jose Calderon,74.3007,40.89168,NYK
43800,Robin Lopez,79.56936,19.67682,NYK
43800,Langston Galloway,67.39438,33.4579,NYK
43800,Kristaps Porzingis,58.47204,13.10895,NYK
43800,Kobe Bryant,89.28989,22.84557,LAL
43800,Roy Hibbert,84.8912,20.90448,LAL
43800,Jordan Clarkson,72.0948,27.70597,LAL
43800,Julius Randle,84.19807,27.50612,LAL
43800,D'Angelo Russell,89.87922,27.70327,LAL
43810,Ball,69.38136,29.18523,Ball
43810,Carmelo Anthony,85.21302,25.10121,NYK
43810,Jose Calderon,71.56397,38.82396,NYK
43810,Robin Lopez,74.52962,20.52549,NYK
43810,Langston Galloway,65.22063,31.9435,NYK
43810,Kristaps Porzingis,54.85034,14.50785,NYK
43810,Kobe Bryant,88.92526,21.35102,LAL
43810,Roy Hibbert,84.25555,20.5631,LAL
43810,Jordan Clarkson,69.91245,29.18516,LAL
43810,Julius Randle,82.65632,29.64918,LAL
43810,D'Angelo Russell,91.1992,27.14319,LAL
43820,Ball,67.69452,30.87447,Ball
43820,Carmelo Anthony,83.56429,24.05151,NYK
43820,Jose Calderon,68.40487,36.73606,NYK
43820,Robin Lopez,68.53992,21.27402,NYK
43820,Langston Galloway,61.9373,31.37615,NYK
43820,Kristaps Porzingis,51.05178,15.82784,NYK
43820,Kobe Bryant,87.50379,19.7708,LAL
43820,Roy Hibbert,83.10957,20.6541,LAL
43820,Jordan Clarkson,67.35753,30.98952,LAL
43820,Julius Randle,80.79118,31.96704,LAL
43820,D'Angelo Russell,92.69577,26.34886,LAL
43830,Ball,73.87908,30.97731,Ball
43830,Carmelo Anthony,80.09544,21.98314,NYK
43830,Jose Calderon,65.3509,34.38939,NYK
43830,Robin Lopez,61.29251,21.87334,NYK
43830,Langston Galloway,57.53987,31.83236,NYK
43830,Kristaps Porzingis,46.71886,17.17577,NYK
43830,Kobe Bryant,84.65068,17.71385,LAL
43830,Roy Hibbert,81.45485,20.88799,LAL
43830,Jordan Clarkson,64.02688,33.14862,LAL
43830,Julius Randle,78.85039,34.07221,LAL
43830,D'Angelo Russell,94.22348,26.06904,LAL
43840,Ball,93.29829,25.38431,Ball
43840,Carmelo Anthony,76.50153,20.30737,NYK
43840,Jose Calderon,63.6751,32.17443,NYK
43840,Robin Lopez,54.47039,22.37931,NYK
43840,Langston Galloway,53.34568,33.05457,NYK
43840,Kristaps Porzingis,43.07343,18.44946,NYK
43840,Kobe Bryant,81.21664,15.48181,LAL
43840,Roy Hibbert,80.21094,21.07308,LAL
43840,Jordan Clarkson,60.79618,34.99997,LAL
43840,Julius Randle,77.73271,35.22529,LAL
43840,D'Angelo Russell,94.63972,25.89296,LAL
43850,Ball,88.84614,29.24062,Ball
43850,Carmelo Anthony,72.1576,17.94032,NYK
43850,Jose Calderon,61.44875,30.11663,NYK
43850,Robin Lopez,47.7342,22.86477,NYK
43850,Langston Galloway,49.38261,34.78393,NYK
43850,Kristaps Porzingis,39.94993,19.21206,NYK
43850,Kobe Bryant,77.19563,13.39061,LAL
43850,Roy Hibbert,79.71898,21.60098,LAL
43850,Jordan Clarkson,57.18663,37.18979,LAL
43850,Julius Randle,77.35223,36.08844,LAL
43850,D'Angelo Russell,93.85927,26.56819,LAL
43860,Ball,80.90259,34.51846,Ball
43860,Carmelo Anthony,67.11666,16.18489,NYK
43860,Jose Calderon,58.81567,28.80848,NYK
43860,Robin Lopez,41.08116,23.52809,NYK
43860,Langston Galloway,45.32408,36.68043,NYK
43860,Kristaps Porzingis,37.60557,20.00488,NYK
43860,Kobe Bryant,72.63888,11.42871,LAL
43860,Roy Hibbert,78.70376,21.88385,LAL
43860,Jordan Clarkson,53.55135,39.60647,LAL
43860,Julius Randle,77.41304,36.63693,LAL
43860,D'Angelo Russell,92.35008,27.1945,LAL
43870,Ball,78.18111,36.97246,Ball
43870,Carmelo Anthony,61.83733,14.67812,NYK
43870,Jose Calderon,56.09396,28.27262,NYK
43870,Robin Lopez,35.03212,24.41721,NYK
43870,Langston Galloway,41.39243,38.67871,NYK
43870,Kristaps Porzingis,35.79157,20.82444,NYK
43870,Kobe Bryant,67.67042000000001,9.747160000000001,LAL
43870,Roy Hibbert,76.78384,21.90618,LAL
43870,Jordan Clarkson,49.69528,42.01593,LAL
43870,Julius Randle,77.05077,37.12395,LAL
43870,D'Angelo Russell,90.04445,27.90792,LAL
43880,Ball,77.86528,36.58213,Ball
43880,Carmelo Anthony,55.94955,13.30668,NYK
43880,Jose Calderon,53.13109,27.9991,NYK
43880,Robin Lopez,28.97534,25.24229,NYK
43880,Langston Galloway,37.10375,40.6221,NYK
43880,Kristaps Porzingis,34.43895,22.55803,NYK
43880,Kobe Bryant,62.06384,8.20716,LAL
43880,Roy Hibbert,74.18279,21.69988,LAL
43880,Jordan Clarkson,45.19439,44.3131,LAL
43880,Julius Randle,75.68305,37.3916,LAL
43880,D'Angelo Russell,86.64544,29.72521,LAL
43890,Ball,77.9066,35.36359,Ball
43890,Carmelo Anthony,50.50979,12.48314,NYK
43890,Jose Calderon,50.47274,28.37589,NYK
43890,Robin Lopez,24.41196,25.92718,NYK
43890,Langston Galloway,32.99063,41.51336,NYK
43890,Kristaps Porzingis,33.56585,24.39191,NYK
43890,Kobe Bryant,56.90674,7.14612,LAL
43890,Roy Hibbert,70.92693,21.04379,LAL
43890,Jordan Clarkson,40.91045,46.04495,LAL
43890,Julius Randle,74.19733,37.0843,LAL
43890,D'Angelo Russell,83.17387,31.49886,LAL
43900,Ball,77.61996,34.83525,Ball
43900,Carmelo Anthony,45.21606,12.03842,NYK
43900,Jose Calderon,48.15509,28.91948,NYK
43900,Robin Lopez,21.53951,25.58132,NYK
43900,Langston Galloway,29.464480000000002,42.73629,NYK
43900,Kristaps Porzingis,32.54137,25.69707,NYK
43900,Kobe Bryant,51.77295,6.35007,LAL
43900,Roy Hibbert,66.79629,20.36466,LAL
43900,Jordan Clarkson,36.50995,47.28136,LAL
43900,Julius Randle,72.373,36.24141,LAL
43900,D'Angelo Russell,79.27774,33.7394,LAL
43910,Ball,75.30394,35.66296,Ball
43910,Carmelo Anthony,40.38924,11.99044,NYK
43910,Jose Calderon,46.09622,29.40824,NYK
43910,Robin Lopez,19.55239,24.28572,NYK
43910,Langston Galloway,26.20728,43.56606,NYK
43910,Kristaps Porzingis,31.26216,26.70802,NYK
43910,Kobe Bryant,46.60776,5.76832,LAL
43910,Roy Hibbert,62.20058,19.85918,LAL
43910,Jordan Clarkson,32.16264,48.01904,LAL
43910,Julius Randle,69.69774,35.05916,LAL
43910,D'Angelo Russell,75.1694,35.89943,LAL
43920,Ball,68.7349,38.47456,Ball
43920,Carmelo Anthony,35.92319,11.826550000000001,NYK
43920,Jose Calderon,44.18282,30.48184,NYK
43920,Robin Lopez,18.3576,22.9256,NYK
43920,Langston Galloway,22.98659,43.35337,NYK
43920,Kristaps Porzingis,29.88485,27.00022,NYK
43920,Kobe Bryant,41.62266,5.1834,LAL
43920,Roy Hibbert,57.47691,19.61501,LAL
43920,Jordan Clarkson,27.84119,48.4183,LAL
43920,Julius Randle,66.3405,33.19954,LAL
43920,D'Angelo Russell,70.97935,37.65538,LAL
43930,Ball,64.14607,38.5986,Ball
43930,Carmelo Anthony,31.84816,11.279,NYK
43930,Jose Calderon,42.24753,31.46003,NYK
43930,Robin Lopez,17.96372,21.7437,NYK
43930,Langston Galloway,19.64403,43.34396,NYK
43930,Kristaps Porzingis,28.61431,27.15657,NYK
43930,Kobe Bryant,36.31195,4.54233,LAL
43930,Roy Hibbert,52.36433,19.38691,LAL
43930,Jordan Clarkson,23.27573,48.77086,LAL
43930,Julius Randle,62.08381,30.717,LAL
43930,D'Angelo Russell,66.13746,39.19805,LAL
43940,Ball,59.90977,38.79294,Ball
43940,Carmelo Anthony,28.2007,10.76787,NYK
43940,Jose Calderon,40.72764,32.32541,NYK
43940,Robin Lopez,18.24199,21.16437,NYK
43940,Langston Galloway,16.90494,43.70281,NYK
43940,Kristaps Porzingis,27.61895,27.27034,NYK
43940,Kobe Bryant,31.67795,3.8166700000000002,LAL
43940,Roy Hibbert,47.96151,19.21024,LAL
43940,Jordan Clarkson,19.40765,48.80657,LAL
43940,Julius Randle,58.0519,28.29214,LAL
43940,D'Angelo Russell,61.71998,40.21605,LAL
43950,Ball,55.87537,39.73501,Ball
43950,Carmelo Anthony,25.15139,10.77525,NYK
43950,Jose Calderon,39.34321,33.37009,NYK
43950,Robin Lopez,18.6369,20.87492,NYK
43950,Langston Galloway,14.52277,43.87422,NYK
43950,Kristaps Porzingis,26.70452,27.06674,NYK
43950,Kobe Bryant,27.35239,3.01819,LAL
43950,Roy Hibbert,43.68438,18.91115,LAL
43950,Jordan Clarkson,16.02706,48.88566,LAL
43950,Julius Randle,54.16191,25.7932,LAL
43950,D'Angelo Russell,57.25004,40.51976,LAL
43960,Ball,51.93101,40.34767,Ball
43960,Carmelo Anthony,22.35675,10.81297,NYK
43960,Jose Calderon,37.88295,34.35997,NYK
43960,Robin Lopez,18.61277,19.86658,NYK
43960,Langston Galloway,12.43922,43.94799,NYK
43960,Kristaps Porzingis,25.71264,26.7657,NYK
43960,Kobe Bryant,23.20582,2.77087,LAL
43960,Roy Hibbert,39.63379,18.79569,LAL
43960,Jordan Clarkson,13.10502,48.63697,LAL
43960,Julius Randle,50.22616,23.40907,LAL
43960,D'Angelo Russell,53.1875,40.93797,LAL
43970,Ball,48.42253,40.37052,Ball
43970,Carmelo Anthony,19.82662,10.86846,NYK
43970,Jose Calderon,36.53927,35.70157,NYK
43970,Robin Lopez,18.43923,19.58157,NYK
43970,Langston Galloway,10.41042,43.80226,NYK
43970,Kristaps Porzingis,24.88312,26.56041,NYK
43970,Kobe Bryant,19.7204,2.18152,LAL
43970,Roy Hibbert,35.69303,18.68114,LAL
43970,Jordan Clarkson,10.80814,48.44888,LAL
43970,Julius Randle,46.38282,21.13577,LAL
43970,D'Angelo Russell,49.34662,41.36364,LAL
43980,Ball,44.28543,41.02314,Ball
43980,Carmelo Anthony,17.51178,10.95208,NYK
43980,Jose Calderon,34.95207,37.23801,NYK
43980,Robin Lopez,18.2474,19.76761,NYK
43980,Langston Galloway,8.86816,43.81496,NYK
43980,Kristaps Porzingis,24.08535,25.32092,NYK
43980,Kobe Bryant,16.38642,1.9817500000000001,LAL
43980,Roy Hibbert,31.55799,18.82305,LAL
43980,Jordan Clarkson,8.58161,48.2106,LAL
43980,Julius Randle,42.18161,19.02067,LAL
43980,D'Angelo Russell,45.47315,41.82469,LAL
43990,Ball,42.78225,41.36615,Ball
43990,Carmelo Anthony,15.5448,11.1204,NYK
43990,Jose Calderon,33.28425,38.09461,NYK
43990,Robin Lopez,18.02824,20.04542,NYK
43990,Langston Galloway,8.1332,43.95013,NYK
43990,Kristaps Porzingis,23.3505,23.94303,NYK
43990,Kobe Bryant,13.81396,2.50366,LAL
43990,Roy Hibbert,28.45652,19.36989,LAL
43990,Jordan Clarkson,7.0827,48.57273,LAL
43990,Julius Randle,38.73157,17.36649,LAL
43990,D'Angelo Russell,42.4965,42.16756,LAL
44000,Ball,39.40115,41.75461,Ball
44000,Carmelo Anthony,13.94006,11.58258,NYK
44000,Jose Calderon,31.63542,38.76419,NYK
44000,Robin Lopez,18.05281,21.1192,NYK
44000,Langston Galloway,8.02716,43.75044,NYK
44000,Kristaps Porzingis,22.9342,22.77815,NYK
44000,Kobe Bryant,12.06179,2.82703,LAL
44000,Roy Hibbert,26.04397,19.95259,LAL
44000,Jordan Clarkson,6.07952,48.51402,LAL
44000,Julius Randle,35.92335,15.990120000000001,LAL
44000,D'Angelo Russell,39.86925,42.52004,LAL
44010,Ball,36.82832,44.39943,Ball
44010,Carmelo Anthony,12.7096,11.88595,NYK
44010,Jose Calderon,29.80262,39.50394,NYK
44010,Robin Lopez,18.08878,22.30149,NYK
44010,Langston Galloway,7.8783900000000004,43.5052,NYK
44010,Kristaps Porzingis,22.26174,21.769660000000002,NYK
44010,Kobe Bryant,10.33702,3.47249,LAL
44010,Roy Hibbert,24.57468,20.47975,LAL
44010,Jordan Clarkson,5.82138,47.66884,LAL
44010,Julius Randle,33.29565,15.10719,LAL
44010,D'Angelo Russell,37.52155,43.08219,LAL
44020,Ball,34.23501,44.52864,Ball
44020,Carmelo Anthony,11.66962,12.11915,NYK
44020,Jose Calderon,28.45245,40.30894,NYK
44020,Robin Lopez,17.66777,23.51802,NYK
44020,Langston Galloway,7.9026,42.99557,NYK
44020,Kristaps Porzingis,22.08153,21.75256,NYK
44020,Kobe Bryant,9.11703,4.39351,LAL
44020,Roy Hibbert,24.08919,21.52601,LAL
44020,Jordan Clarkson,6.92107,46.44494,LAL
44020,Julius Randle,30.94413,14.44755,LAL
44020,D'Angelo Russell,35.24638,43.67316,LAL
44030,Ball,32.81748,45.22405,Ball
44030,Carmelo Anthony,10.84547,12.75071,NYK
44030,Jose Calderon,27.56,41.007,NYK
44030,Robin Lopez,17.89797,24.87918,NYK
44030,Langston Galloway,9.10441,42.11524,NYK
44030,Kristaps Porzingis,20.25546,19.22803,NYK
44030,Kobe Bryant,8.57729,5.07764,LAL
44030,Roy Hibbert,23.4441,22.89202,LAL
44030,Jordan Clarkson,9.79812,44.44515,LAL
44030,Julius Randle,28.58426,14.31148,LAL
44030,D'Angelo Russell,33.08356,43.80565,LAL
44040,Ball,29.62527,45.21983,Ball
44040,Carmelo Anthony,10.22399,13.22426,NYK
44040,Jose Calderon,26.35356,41.20869,NYK
44040,Robin Lopez,18.16756,25.58686,NYK
44040,Langston Galloway,11.45511,41.29052,NYK
44040,Kristaps Porzingis,18.88086,17.96689,NYK
44040,Kobe Bryant,8.2518,5.2711,LAL
44040,Roy Hibbert,23.06907,24.01909,LAL
44040,Jordan Clarkson,13.21534,43.2857,LAL
44040,Julius Randle,26.49968,14.16303,LAL
44040,D'Angelo Russell,30.9539,44.26651,LAL
44050,Ball,28.07622,46.30732,Ball
44050,Carmelo Anthony,10.15014,13.1209,NYK
44050,Jose Calderon,24.80533,41.46051,NYK
44050,Robin Lopez,18.2355,26.10974,NYK
44050,Langston Galloway,14.2526,40.96957,NYK
44050,Kristaps Porzingis,17.8344,18.8302,NYK
44050,Kobe Bryant,8.56393,4.97086,LAL
44050,Roy Hibbert,22.99231,25.60822,LAL
44050,Jordan Clarkson,16.45805,42.12817,LAL
44050,Julius Randle,24.61259,14.11281,LAL
44050,D'Angelo Russell,28.01862,44.84317,LAL
44060,Ball,22.75104,47.15891,Ball
44060,Carmelo Anthony,10.79048,13.29775,NYK
44060,Jose Calderon,22.59942,42.8611,NYK
44060,Robin Lopez,18.7415,27.49244,NYK
44060,Langston Galloway,15.81133,41.08237,NYK
44060,Kristaps Porzingis,16.14069,19.8402,NYK
44060,Kobe Bryant,9.17279,4.43198,LAL
44060,Roy Hibbert,23.06838,27.3553,LAL
44060,Jordan Clarkson,18.78776,41.61806,LAL
44060,Julius Randle,23.09724,14.09816,LAL
44060,D'Angelo Russell,23.69788,46.01236,LAL
44070,Ball,20.28903,46.94796,Ball
44070,Carmelo Anthony,11.39971,14.84211,NYK
44070,Jose Calderon,19.03072,44.2424,NYK
44070,Robin Lopez,18.16166,29.10184,NYK
44070,Langston Galloway,15.653880000000001,41.2588,NYK
44070,Kristaps Porzingis,14.35072,20.29842,NYK
44070,Kobe Bryant,9.41754,4.36451,LAL
44070,Roy Hibbert,23.09897,29.54029,LAL
44070,Jordan Clarkson,20.7315,42.09963,LAL
44070,Julius Randle,21.98239,13.97701,LAL
44070,D'Angelo Russell,18.88492,46.16603,LAL
44080,Ball,13.12697,44.04896,Ball
44080,Carmelo Anthony,11.37229,15.44959,NYK
44080,Jose Calderon,14.61061,44.36749,NYK
44080,Robin Lopez,16.04808,30.03821,NYK
44080,Langston Galloway,16.71077,39.71205,NYK
44080,Kristaps Porzingis,12.97203,20.74443,NYK
44080,Kobe Bryant,9.37379,4.69515,LAL
44080,Roy Hibbert,22.2194,32.67033,LAL
44080,Jordan Clarkson,23.64391,40.93716,LAL
44080,Julius Randle,21.41872,13.74443,LAL
44080,D'Angelo Russell,13.97012,45.99515,LAL
44090,Ball,10.50407,46.35202,Ball
44090,Carmelo Anthony,11.01041,15.90442,NYK
44090,Jose Calderon,11.39761,42.94933,NYK
44090,Robin Lopez,13.47985,30.03287,NYK
44090,Langston Galloway,19.68214,38.48813,NYK
44090,Kristaps Porzingis,12.68909,20.84631,NYK
44090,Kobe Bryant,9.07063,4.97081,LAL
44090,Roy Hibbert,20.18158,35.31349,LAL
44090,Jordan Clarkson,26.87979,38.51572,LAL
44090,Julius Randle,21.40487,13.77436,LAL
44090,D'Angelo Russell,10.97108,45.40087,LAL
44100,Ball,9.11016,45.97345,Ball
44100,Carmelo Anthony,10.46066,16.03552,NYK
44100,Jose Calderon,9.6381,41.29003,NYK
44100,Robin Lopez,10.84172,30.84198,NYK
44100,Langston Galloway,22.71581,37.00704,NYK
44100,Kristaps Porzingis,12.58902,21.45383,NYK
44100,Kobe Bryant,8.58317,5.71671,LAL
44100,Roy Hibbert,17.45587,37.13667,LAL
44100,Jordan Clarkson,29.66265,35.37276,LAL
44100,Julius Randle,21.37756,13.83759,LAL
44100,D'Angelo Russell,9.35474,44.66919,LAL
44110,Ball,9.97734,43.29284,Ball
44110,Carmelo Anthony,10.50049,16.02621,NYK
44110,Jose Calderon,9.80094,40.48981,NYK
44110,Robin Lopez,9.20683,31.2674,NYK
44110,Langston Galloway,24.05335,34.18069,NYK
44110,Kristaps Porzingis,12.50549,21.74118,NYK
44110,Kobe Bryant,8.86883,5.89534,LAL
44110,Roy Hibbert,15.27595,38.67251,LAL
44110,Jordan Clarkson,31.54202,31.73148,LAL
44110,Julius Randle,21.30103,13.88381,LAL
44110,D'Angelo Russell,9.965770000000001,43.70873,LAL
44120,Ball,13.13284,44.36787,Ball
44120,Carmelo Anthony,10.51249,16.05778,NYK
44120,Jose Calderon,11.45626,40.18022,NYK
44120,Robin Lopez,8.880980000000001,31.82508,NYK
44120,Langston Galloway,24.2006,31.52645,NYK
44120,Kristaps Porzingis,13.66228,21.30799,NYK
44120,Kobe Bryant,9.19843,6.1814,LAL
44120,Roy Hibbert,13.5007,40.28349,LAL
44120,Jordan Clarkson,32.78763,27.94741,LAL
44120,Julius Randle,21.20921,13.94586,LAL
44120,D'Angelo Russell,12.6148,42.59324,LAL
44130,Ball,17.65769,42.08975,Ball
44130,Carmelo Anthony,10.58307,15.9869,NYK
44130,Jose Calderon,12.49865,38.5088,NYK
44130,Robin Lopez,8.36594,31.918,NYK
44130,Langston Galloway,24.41816,29.31757,NYK
44130,Kristaps Porzingis,14.09669,21.37262,NYK
44130,Kobe Bryant,9.24781,6.38962,LAL
44130,Roy Hibbert,13.38265,41.33907,LAL
44130,Jordan Clarkson,33.8134,24.4791,LAL
44130,Julius Randle,21.08629,13.94929,LAL
44130,D'Angelo Russell,16.03246,41.22897,LAL
44130,Ball,17.75341,41.78761,Ball
44130,Carmelo Anthony,10.59161,15.981020000000001,NYK
44130,Jose Calderon,12.56677,38.22777,NYK
44130,Robin Lopez,8.28088,31.94844,NYK
44130,Langston Galloway,24.41174,29.12087,NYK
44130,Kristaps Porzingis,14.13456,21.43178,NYK
44130,Kobe Bryant,9.25806,6.39415,LAL
44130,Roy Hibbert,13.3612,41.35441,LAL
44130,Jordan Clarkson,33.88749,24.15693,LAL
44130,Julius Randle,21.06766,13.94726,LAL
44130,D'Angelo Russell,16.35102,40.99885,LAL
44140,Ball,18.57697,37.07766,Ball
44140,Carmelo Anthony,10.56059,15.87907,NYK
44140,Jose Calderon,13.74894,36.28899,NYK
44140,Robin Lopez,7.78775,32.02659,NYK
44140,Langston Galloway,23.79749,27.5529,NYK
44140,Kristaps Porzingis,14.62268,21.41616,NYK
44140,Kobe Bryant,9.21269,6.48381,LAL
44140,Roy Hibbert,13.51955,40.05057,LAL
44140,Jordan Clarkson,34.16709,21.20408,LAL
44140,Julius Randle,20.73625,13.74401,LAL
44140,D'Angelo Russell,18.73566,38.44031,LAL
44150,Ball,20.4273,35.29831,Ball
44150,Carmelo Anthony,10.1168,15.77543,NYK
44150,Jose Calderon,16.05786,35.06921,NYK
44150,Robin Lopez,8.23455,31.55494,NYK
44150,Langston Galloway,23.11917,26.20455,NYK
44150,Kristaps Porzingis,15.22389,19.91652,NYK
44150,Kobe Bryant,9.0059,6.87492,LAL
44150,Roy Hibbert,13.2019,36.51656,LAL
44150,Jordan Clarkson,33.75663,18.99628,LAL
44150,Julius Randle,20.40742,13.4213,LAL
44150,D'Angelo Russell,19.95237,36.05851,LAL
44160,Ball,20.32292,36.6233,Ball
44160,Carmelo Anthony,9.74795,15.84769,NYK
44160,Jose Calderon,17.85542,34.62593,NYK
44160,Robin Lopez,9.16869,31.95086,NYK
44160,Langston Galloway,23.33494,24.7288,NYK
44160,Kristaps Porzingis,14.89814,19.21759,NYK
44160,Kobe Bryant,9.67271,6.52606,LAL
44160,Roy Hibbert,12.35112,34.73491,LAL
44160,Jordan Clarkson,33.08678,17.602,LAL
44160,Julius Randle,20.48572,13.45629,LAL
44160,D'Angelo Russell,19.36525,36.37685,LAL
44170,Ball,15.95429,40.09256,Ball
44170,Carmelo Anthony,9.51928,15.74977,NYK
44170,Jose Calderon,17.00284,36.05617,NYK
44170,Robin Lopez,9.65137,32.97042,NYK
44170,Langston Galloway,23.66421,23.62331,NYK
44170,Kristaps Porzingis,14.53875,18.81388,NYK
44170,Kobe Bryant,10.24226,6.15659,LAL
44170,Roy Hibbert,11.01617,34.91417,LAL
44170,Jordan Clarkson,33.00107,17.43175,LAL
44170,Julius Randle,20.48295,14.08422,LAL
44170,D'Angelo Russell,17.12455,38.05091,LAL
44180,Ball,15.31566,42.377,Ball
44180,Carmelo Anthony,9.38198,15.55654,NYK
44180,Jose Calderon,15.52004,38.28145,NYK
44180,Robin Lopez,9.10059,33.7278,NYK
44180,Langston Galloway,23.61755,24.0968,NYK
44180,Kristaps Porzingis,14.22449,18.72989,NYK
44180,Kobe Bryant,10.62362,6.26706,LAL
44180,Roy Hibbert,10.25651,35.45676,LAL
44180,Jordan Clarkson,33.2549,18.57139,LAL
44180,Julius Randle,19.92337,15.70255,LAL
44180,D'Angelo Russell,16.09086,39.89797,LAL
44190,Ball,15.82823,45.51928,Ball
44190,Carmelo Anthony,9.42065,15.70291,NYK
44190,Jose Calderon,14.88815,41.20491,NYK
44190,Robin Lopez,8.43909,33.9391,NYK
44190,Langston Galloway,23.85733,24.97929,NYK
44190,Kristaps Porzingis,14.10412,18.16905,NYK
44190,Kobe Bryant,11.36088,6.40495,LAL
44190,Roy Hibbert,9.61285,35.25893,LAL
44190,Jordan Clarkson,33.47289,20.27588,LAL
44190,Julius Randle,18.87376,19.44969,LAL
44190,D'Angelo Russell,16.39938,42.04745,LAL
44200,Ball,16.25336,44.89779,Ball
44200,Carmelo Anthony,9.92517,14.7927,NYK
44200,Jose Calderon,15.89194,43.12143,NYK
44200,Robin Lopez,8.35569,34.809,NYK
44200,Langston Galloway,24.53906,25.32511,NYK
44200,Kristaps Porzingis,13.73754,20.39063,NYK
44200,Kobe Bryant,12.39987,6.84173,LAL
44200,Roy Hibbert,9.78963,35.17571,LAL
44200,Jordan Clarkson,34.18854,21.63193,LAL
44200,Julius Randle,18.26731,24.17464,LAL
44200,D'Angelo Russell,16.70933,43.99023,LAL
44210,Ball,15.79041,45.91241,Ball
44210,Carmelo Anthony,10.32448,14.01006,NYK
44210,Jose Calderon,16.63975,44.15342,NYK
44210,Robin Lopez,8.10282,36.61889,NYK
44210,Langston Galloway,25.23917,26.28903,NYK
44210,Kristaps Porzingis,13.69684,24.33614,NYK
44210,Kobe Bryant,13.23347,8.04113,LAL
44210,Roy Hibbert,9.45131,35.67391,LAL
44210,Jordan Clarkson,34.99293,22.19303,LAL
44210,Julius Randle,18.56134,28.29858,LAL
44210,D'Angelo Russell,17.8146,46.14429,LAL
44220,Ball,12.06025,38.05018,Ball
44220,Carmelo Anthony,10.64422,15.38869,NYK
44220,Jose Calderon,17.34858,44.73672,NYK
44220,Robin Lopez,7.64455,37.68866,NYK
44220,Langston Galloway,25.916150000000002,26.73641,NYK
44220,Kristaps Porzingis,14.73414,29.37442,NYK
44220,Kobe Bryant,13.84634,9.6054,LAL
44220,Roy Hibbert,9.20744,35.68379,LAL
44220,Jordan Clarkson,35.6474,22.0534,LAL
44220,Julius Randle,19.76064,31.5512,LAL
44220,D'Angelo Russell,18.73987,47.78125,LAL
44230,Ball,11.68457,35.06058,Ball
44230,Carmelo Anthony,11.50804,16.12997,NYK
44230,Jose Calderon,17.00303,44.39078,NYK
44230,Robin Lopez,7.08703,36.62365,NYK
44230,Langston Galloway,26.10582,26.62715,NYK
44230,Kristaps Porzingis,16.0904,32.96685,NYK
44230,Kobe Bryant,14.2562,11.47015,LAL
44230,Roy Hibbert,9.85431,35.6011,LAL
44230,Jordan Clarkson,36.23896,22.10238,LAL
44230,Julius Randle,20.47165,33.22109,LAL
44230,D'Angelo Russell,19.91384,47.81332,LAL
44240,Ball,10.96206,30.93029,Ball
44240,Carmelo Anthony,11.66826,16.70469,NYK
44240,Jose Calderon,15.843350000000001,42.2245,NYK
44240,Robin Lopez,6.973990000000001,32.6713,NYK
44240,Langston Galloway,26.04283,25.60864,NYK
44240,Kristaps Porzingis,16.15826,32.56494,NYK
44240,Kobe Bryant,14.47363,13.04752,LAL
44240,Roy Hibbert,10.58607,31.59057,LAL
44240,Jordan Clarkson,37.10908,22.59147,LAL
44240,Julius Randle,19.47142,31.62251,LAL
44240,D'Angelo Russell,21.53639,47.02228,LAL
44250,Ball,10.63667,25.41408,Ball
44250,Carmelo Anthony,11.64039,16.67337,NYK
44250,Jose Calderon,14.5489,39.65368,NYK
44250,Robin Lopez,7.3928,28.83588,NYK
44250,Langston Galloway,25.29137,24.74869,NYK
44250,Kristaps Porzingis,14.79064,31.3322,NYK
44250,Kobe Bryant,14.895340000000001,14.2152,LAL
44250,Roy Hibbert,9.56803,27.04188,LAL
44250,Jordan Clarkson,37.86059,22.71125,LAL
44250,Julius Randle,16.35356,29.02424,LAL
44250,D'Angelo Russell,22.66914,45.90339,LAL
44260,Ball,8.541080000000001,23.16106,Ball
44260,Carmelo Anthony,11.20386,16.17222,NYK
44260,Jose Calderon,12.91782,37.33416,NYK
44260,Robin Lopez,7.70343,25.65853,NYK
44260,Langston Galloway,24.60429,24.01773,NYK
44260,Kristaps Porzingis,12.65997,30.1203,NYK
44260,Kobe Bryant,15.19213,15.54812,LAL
44260,Roy Hibbert,8.03131,23.08046,LAL
44260,Jordan Clarkson,38.85269,22.41411,LAL
44260,Julius Randle,12.23832,27.69745,LAL
44260,D'Angelo Russell,23.79283,44.871,LAL
44270,Ball,5.66498,23.17546,Ball
44270,Carmelo Anthony,10.90531,15.41342,NYK
44270,Jose Calderon,10.92765,35.17652,NYK
44270,Robin Lopez,7.95333,22.76622,NYK
44270,Langston Galloway,24.16672,24.14934,NYK
44270,Kristaps Porzingis,9.8816,28.50879,NYK
44270,Kobe Bryant,15.25475,17.0181,LAL
44270,Roy Hibbert,6.9308,18.72847,LAL
44270,Jordan Clarkson,40.11197,22.56309,LAL
44270,Julius Randle,8.56335,26.81857,LAL
44270,D'Angelo Russell,24.67751,43.84384,LAL
44280,Ball,7.22443,24.16943,Ball
44280,Carmelo Anthony,11.08585,15.3711,NYK
44280,Jose Calderon,9.3424,33.3549,NYK
44280,Robin Lopez,8.52346,20.37062,NYK
44280,Langston Galloway,23.20173,24.61399,NYK
44280,Kristaps Porzingis,7.20809,26.86367,NYK
44280,Kobe Bryant,15.34275,18.72233,LAL
44280,Roy Hibbert,6.42392,14.13606,LAL
44280,Jordan Clarkson,41.63873,23.11996,LAL
44280,Julius Randle,6.5343,25.12056,LAL
44280,D'Angelo Russell,25.68627,42.77238,LAL
44290,Ball,6.72954,19.10537,Ball
44290,Carmelo Anthony,10.7582,15.80034,NYK
44290,Jose Calderon,8.05652,32.03686,NYK
44290,Robin Lopez,7.94969,18.87296,NYK
44290,Langston Galloway,21.82122,24.98339,NYK
44290,Kristaps Porzingis,5.04015,24.84138,NYK
44290,Kobe Bryant,14.34624,20.94223,LAL
44290,Roy Hibbert,6.66913,10.1847,LAL
44290,Jordan Clarkson,43.37395,23.39948,LAL
44290,Julius Randle,5.22664,22.83597,LAL
44290,D'Angelo Russell,26.72218,41.63894,LAL
44300,Ball,3.51243,21.02814,Ball
44300,Carmelo Anthony,10.71512,16.83051,NYK
44300,Jose Calderon,7.84432,31.42423,NYK
44300,Robin Lopez,6.66419,19.07302,NYK
44300,Langston Galloway,21.06672,25.57961,NYK
44300,Kristaps Porzingis,4.43612,23.80673,NYK
44300,Kobe Bryant,13.15048,22.51564,LAL
44300,Roy Hibbert,6.87775,9.16291,LAL
44300,Jordan Clarkson,44.68114,23.43061,LAL
44300,Julius Randle,3.7397,21.4966,LAL
44300,D'Angelo Russell,27.0678,41.0103,LAL
44310,Ball,3.40766,19.73006,Ball
44310,Carmelo Anthony,10.12109,18.72797,NYK
44310,Jose Calderon,8.14334,31.22608,NYK
44310,Robin Lopez,5.11126,19.74366,NYK
44310,Langston Galloway,20.82279,25.36091,NYK
44310,Kristaps Porzingis,4.131,22.79771,NYK
44310,Kobe Bryant,12.0198,23.78931,LAL
44310,Roy Hibbert,7.53147,8.83664,LAL
44310,Jordan Clarkson,45.24462,23.62993,LAL
44310,Julius Randle,3.33574,20.51434,LAL
44310,D'Angelo Russell,27.10466,40.03175,LAL
44320,Ball,3.99034,15.59991,Ball
44320,Carmelo Anthony,9.58796,21.03448,NYK
44320,Jose Calderon,8.37372,31.228650000000002,NYK
44320,Robin Lopez,3.80448,18.72398,NYK
44320,Langston Galloway,21.13397,24.22525,NYK
44320,Kristaps Porzingis,3.9556500000000003,22.44129,NYK
44320,Kobe Bryant,11.68291,25.22791,LAL
44320,Roy Hibbert,7.49502,8.963470000000001,LAL
44320,Jordan Clarkson,44.85832,23.66644,LAL
44320,Julius Randle,2.90097,19.76285,LAL
44320,D'Angelo Russell,27.05934,39.12233,LAL
44330,Ball,7.1363900000000005,10.59772,Ball
44330,Carmelo Anthony,9.30156,23.39574,NYK
44330,Jose Calderon,8.81441,31.58083,NYK
44330,Robin Lopez,4.00647,18.46047,NYK
44330,Langston Galloway,22.25421,22.44488,NYK
44330,Kristaps Porzingis,3.66909,23.13601,NYK
44330,Kobe Bryant,11.93475,26.40484,LAL
44330,Roy Hibbert,7.938,9.22149,LAL
44330,Jordan Clarkson,43.72599,23.87506,LAL
44330,Julius Randle,1.86213,19.27638,LAL
44330,D'Angelo Russell,27.06986,38.57897,LAL
44340,Ball,8.96814,11.09941,Ball
44340,Carmelo Anthony,9.06561,25.36928,NYK
44340,Jose Calderon,9.90893,31.9439,NYK
44340,Robin Lopez,5.14696,18.50938,NYK
44340,Langston Galloway,23.92682,20.29062,NYK
44340,Kristaps Porzingis,3.34362,21.82568,NYK
44340,Kobe Bryant,14.08734,24.16833,LAL
44340,Roy Hibbert,8.4569,9.54057,LAL
44340,Jordan Clarkson,42.24657,23.92444,LAL
44340,Julius Randle,1.16424,16.56777,LAL
44340,D'Angelo Russell,27.48992,38.78966,LAL
44350,Ball,8.23742,12.52364,Ball
44350,Carmelo Anthony,9.27287,26.75879,NYK
44350,Jose Calderon,10.23518,32.04231,NYK
44350,Robin Lopez,5.44448,16.53676,NYK
44350,Langston Galloway,24.58247,19.38,NYK
44350,Kristaps Porzingis,4.01805,20.0926,NYK
44350,Kobe Bryant,16.0869,20.61209,LAL
44350,Roy Hibbert,8.69648,9.76954,LAL
44350,Jordan Clarkson,41.13209,23.82909,LAL
44350,Julius Randle,1.98387,13.06504,LAL
44350,D'Angelo Russell,27.42572,38.69535,LAL
44360,Ball,6.64848,18.15641,Ball
44360,Carmelo Anthony,8.65742,27.75809,NYK
44360,Jose Calderon,9.2002,31.82481,NYK
44360,Robin Lopez,6.19275,16.41125,NYK
44360,Langston Galloway,24.22809,19.30127,NYK
44360,Kristaps Porzingis,4.42463,19.42977,NYK
44360,Kobe Bryant,17.50562,17.05446,LAL
44360,Roy Hibbert,9.37822,9.22546,LAL
44360,Jordan Clarkson,40.52976,24.0837,LAL
44360,Julius Randle,3.91717,9.70592,LAL
44360,D'Angelo Russell,27.25134,38.8083,LAL
44370,Ball,5.34269,23.512340000000002,Ball
44370,Carmelo Anthony,7.95521,28.21998,NYK
44370,Jose Calderon,7.88712,31.89784,NYK
44370,Robin Lopez,6.82912,16.27922,NYK
44370,Langston Galloway,23.47998,19.28253,NYK
44370,Kristaps Porzingis,5.06936,19.5249,NYK
44370,Kobe Bryant,19.3362,14.15858,LAL
44370,Roy Hibbert,10.5932,8.33726,LAL
44370,Jordan Clarkson,40.77005,24.09648,LAL
44370,Julius Randle,7.0696,6.62681,LAL
44370,D'Angelo Russell,27.20096,38.9105,LAL
44380,Ball,6.27362,25.90963,Ball
44380,Carmelo Anthony,7.86825,28.26716,NYK
44380,Jose Calderon,6.65676,32.68929,NYK
44380,Robin Lopez,7.80202,15.99674,NYK
44380,Langston Galloway,23.14367,20.09347,NYK
44380,Kristaps Porzingis,5.90005,20.39843,NYK
44380,Kobe Bryant,22.21191,12.51755,LAL
44380,Roy Hibbert,12.63566,7.61021,LAL
44380,Jordan Clarkson,41.93768,24.00142,LAL
44380,Julius Randle,11.2974,4.56727,LAL
44380,D'Angelo Russell,27.40528,39.11677,LAL
44390,Ball,7.82559,26.2285,Ball
44390,Carmelo Anthony,7.88502,28.74462,NYK
44390,Jose Calderon,5.70008,33.99447,NYK
44390,Robin Lopez,9.64635,13.84152,NYK
44390,Langston Galloway,23.54502,22.02788,NYK
44390,Kristaps Porzingis,5.64168,20.94643,NYK
44390,Kobe Bryant,26.2859,11.93338,LAL
44390,Roy Hibbert,16.49263,7.54288,LAL
44390,Jordan Clarkson,43.54144,24.1281,LAL
44390,Julius Randle,16.70434,3.05966,LAL
44390,D'Angelo Russell,28.04042,38.89548,LAL
44400,Ball,4.5543,23.20023,Ball
44400,Carmelo Anthony,7.7731,30.1855,NYK
44400,Jose Calderon,5.71689,35.90714,NYK
44400,Robin Lopez,12.25749,12.79553,NYK
44400,Langston Galloway,25.84075,25.20158,NYK
44400,Kristaps Porzingis,3.44277,21.48407,NYK
44400,Kobe Bryant,30.48035,12.84566,LAL
44400,Roy Hibbert,20.46962,8.88419,LAL
44400,Jordan Clarkson,45.22867,24.38551,LAL
44400,Julius Randle,22.40609,2.76528,LAL
44400,D'Angelo Russell,29.15295,38.30627,LAL
44410,Ball,1.73113,22.62919,Ball
44410,Carmelo Anthony,8.52557,32.1124,NYK
44410,Jose Calderon,6.73693,38.10441,NYK
44410,Robin Lopez,15.64396,13.37976,NYK
44410,Langston Galloway,29.59532,28.43787,NYK
44410,Kristaps Porzingis,1.01133,22.06219,NYK
44410,Kobe Bryant,34.56507,14.67202,LAL
44410,Roy Hibbert,25.31455,9.96091,LAL
44410,Jordan Clarkson,47.10804,24.94967,LAL
44410,Julius Randle,28.5885,2.94245,LAL
44410,D'Angelo Russell,30.75139,38.24357,LAL
44420,Ball,8.73173,30.42013,Ball
44420,Carmelo Anthony,10.12227,34.70955,NYK
44420,Jose Calderon,9.52259,40.15221,NYK
44420,Robin Lopez,19.78947,13.9989,NYK
44420,Langston Galloway,34.54341,31.41553,NYK
44420,Kristaps Porzingis,0.4656,22.80225,NYK
44420,Kobe Bryant,38.21725,17.51241,LAL
44420,Roy Hibbert,30.74195,11.29641,LAL
44420,Jordan Clarkson,49.19867,26.07634,LAL
44420,Julius Randle,34.9675,3.23412,LAL
44420,D'Angelo Russell,32.90439,37.78116,LAL
44430,Ball,13.4393,36.25515,Ball
44430,Carmelo Anthony,13.04277,36.82876,NYK
44430,Jose Calderon,13.85523,42.2601,NYK
44430,Robin Lopez,24.25101,14.977360000000001,NYK
44430,Langston Galloway,40.29259,34.21012,NYK
44430,Kristaps Porzingis,1.9986000000000002,22.94341,NYK
44430,Kobe Bryant,41.25314,21.04951,LAL
44430,Roy Hibbert,36.18312,13.19559,LAL
44430,Jordan Clarkson,51.84701,27.5613,LAL
44430,Julius Randle,41.34595,4.21127,LAL
44430,D'Angelo Russell,35.47891,37.3522,LAL
44440,Ball,19.10355,40.03252,Ball
44440,Carmelo Anthony,17.52687,38.52966,NYK
44440,Jose Calderon,19.93959,43.94286,NYK
44440,Robin Lopez,29.35157,16.38984,NYK
44440,Langston Galloway,47.17568,37.14694,NYK
44440,Kristaps Porzingis,5.90064,23.36788,NYK
44440,Kobe Bryant,43.99016,25.35507,LAL
44440,Roy Hibbert,42.44877,15.00076,LAL
44440,Jordan Clarkson,55.32236,30.12452,LAL
44440,Julius Randle,48.05924,5.7015,LAL
44440,D'Angelo Russell,38.70713,37.79416,LAL
44450,Ball,24.37863,41.27183,Ball
44450,Carmelo Anthony,22.89637,40.11023,NYK
44450,Jose Calderon,26.45638,44.67379,NYK
44450,Robin Lopez,34.13068,17.8564,NYK
44450,Langston Galloway,53.70251,39.64132,NYK
44450,Kristaps Porzingis,10.83329,24.53176,NYK
44450,Kobe Bryant,46.67621,28.73396,LAL
44450,Roy Hibbert,48.21848,16.54406,LAL
44450,Jordan Clarkson,59.00169,32.69587,LAL
44450,Julius Randle,53.74997,7.70827,LAL
44450,D'Angelo Russell,41.84346,38.31188,LAL
44460,Ball,30.19644,40.83659,Ball
44460,Carmelo Anthony,28.28511,40.56388,NYK
44460,Jose Calderon,33.31529,44.02371,NYK
44460,Robin Lopez,38.96873,19.47375,NYK
44460,Langston Galloway,60.33817,41.77108,NYK
44460,Kristaps Porzingis,16.0969,24.40409,NYK
44460,Kobe Bryant,49.49824,31.07628,LAL
44460,Roy Hibbert,53.80812,17.82017,LAL
44460,Jordan Clarkson,63.16325,35.18726,LAL
44460,Julius Randle,58.92217,10.36058,LAL
44460,D'Angelo Russell,45.09143,38.78507,LAL
44470,Ball,34.57365,41.25818,Ball
44470,Carmelo Anthony,33.71752,40.29535,NYK
44470,Jose Calderon,40.05391,41.8762,NYK
44470,Robin Lopez,43.84785,21.0351,NYK
44470,Langston Galloway,67.09145,42.76207,NYK
44470,Kristaps Porzingis,21.71296,23.93089,NYK
44470,Kobe Bryant,52.24875,32.20296,LAL
44470,Roy Hibbert,59.40306,18.85967,LAL
44470,Jordan Clarkson,67.52962,37.41179,LAL
44470,Julius Randle,62.84193,13.68179,LAL
44470,D'Angelo Russell,48.53482,38.89788,LAL
44480,Ball,40.81035,41.11875,Ball
44480,Carmelo Anthony,38.97873,40.2721,NYK
44480,Jose Calderon,46.01635,38.28912,NYK
44480,Robin Lopez,48.82643,22.44451,NYK
44480,Langston Galloway,73.63374,42.12354,NYK
44480,Kristaps Porzingis,27.46349,23.23164,NYK
44480,Kobe Bryant,55.13367,33.19416,LAL
44480,Roy Hibbert,64.26084,20.3517,LAL
44480,Jordan Clarkson,71.92981,38.65518,LAL
44480,Julius Randle,65.66613,17.38553,LAL
44480,D'Angelo Russell,51.77745,38.18583,LAL
44490,Ball,44.85606,41.2282,Ball
44490,Carmelo Anthony,44.31345,40.20775,NYK
44490,Jose Calderon,51.28983,33.32056,NYK
44490,Robin Lopez,54.39478,23.62602,NYK
44490,Langston Galloway,79.69384,40.30325,NYK
44490,Kristaps Porzingis,33.69955,22.29322,NYK
44490,Kobe Bryant,57.81419,34.6402,LAL
44490,Roy Hibbert,68.57891,22.75482,LAL
44490,Jordan Clarkson,76.57417,38.25935,LAL
44490,Julius Randle,68.75792,20.35999,LAL
44490,D'Angelo Russell,54.56118,36.12127,LAL
44500,Ball,49.48148,41.74615,Ball
44500,Carmelo Anthony,48.597409999999996,40.50878,NYK
44500,Jose Calderon,55.44315,28.10693,NYK
44500,Robin Lopez,59.4522,24.68326,NYK
44500,Langston Galloway,83.5171,40.71035,NYK
44500,Kristaps Porzingis,39.19269,21.6769,NYK
44500,Kobe Bryant,59.71498,35.82208,LAL
44500,Roy Hibbert,71.87841,24.93728,LAL
44500,Jordan Clarkson,79.88585,37.15779,LAL
44500,Julius Randle,69.74002,21.24231,LAL
44500,D'Angelo Russell,56.86098,33.32767,LAL
