65850,Ball,8.18418,28.57053,Ball
65850,Reggie Jackson,36.80779,31.83426,DET
65850,Marcus Morris,9.24183,26.23122,DET
65850,Kentavious Caldwell-Pope,38.46643,19.53286,DET
65850,Andre Drummond,18.29306,26.33106,DET
65850,Stanley Johnson,10.32359,30.83531,DET
65850,Trevor Ariza,15.86247,21.01697,HOU
65850,Dwight Howard,14.57328,27.41175,HOU
65850,Patrick Beverley,18.1347,30.67234,HOU
65850,James Harden,8.10047,30.4865,HOU
65850,Marcus Thornton,19.03274,18.45033,HOU
65860,Ball,13.83199,39.91717,Ball
65860,Reggie Jackson,38.25076,32.34401,DET
65860,Marcus Morris,8.62049,28.19432,DET
65860,Kentavious Caldwell-Pope,39.57803,19.52489,DET
65860,Andre Drummond,18.14535,28.01402,DET
65860,Stanley Johnson,8.32632,31.76179,DET
65860,Trevor Ariza,16.78726,19.36164,HOU
65860,Dwight Howard,15.03449,29.37028,HOU
65860,Patrick Beverley,18.34242,34.36438,HOU
65860,James Harden,8.06486,32.19281,HOU
65860,Marcus Thornton,17.86364,17.42007,HOU
65870,Ball,15.82262,45.75896,Ball
65870,Reggie Jackson,39.96824,33.0859,DET
65870,Marcus Morris,9.1517,29.79856,DET
65870,Kentavious Caldwell-Pope,40.64179,20.14042,DET
65870,Andre Drummond,19.82122,29.96141,DET
65870,Stanley Johnson,6.86933,32.45093,DET
65870,Trevor Ariza,17.06677,19.01121,HOU
65870,Dwight Howard,15.2539,31.0661,HOU
65870,Patrick Beverley,16.86469,34.33107,HOU
65870,James Harden,6.86933,32.45093,HOU
65870,Marcus Thornton,18.42767,16.44427,HOU
65880,Ball,17.27093,49.9005,Ball
65880,Reggie Jackson,41.73087,34.06851,DET
65880,Marcus Morris,10.79312,30.32788,DET
65880,Kentavious Caldwell-Pope,41.2615,20.96972,DET
65880,Andre Drummond,22.49219,31.76294,DET
65880,Stanley Johnson,6.05013,33.0693,DET
65880,Trevor Ariza,17.18103,18.89678,HOU
65880,Dwight Howard,15.02543,32.84698,HOU
65880,Patrick Beverley,15.86998,34.26106,HOU
65880,James Harden,6.05013,33.0693,HOU
65880,Marcus Thornton,19.82774,16.07543,HOU
65890,Ball,16.09839,36.53893,Ball
65890,Reggie Jackson,42.4792,35.47238,DET
65890,Marcus Morris,12.51945,30.9323,DET
65890,Kentavious Caldwell-Pope,40.99209,21.62896,DET
65890,Andre Drummond,24.42944,33.95062,DET
65890,Stanley Johnson,5.87127,33.79377,DET
65890,Trevor Ariza,17.15881,18.76196,HOU
65890,Dwight Howard,15.66983,36.47491,HOU
65890,Patrick Beverley,15.88505,36.5717,HOU
65890,James Harden,5.87127,33.79377,HOU
65890,Marcus Thornton,21.52067,16.56366,HOU
65900,Ball,18.61956,40.56315,Ball
65900,Reggie Jackson,41.88949,36.51841,DET
65900,Marcus Morris,14.26172,31.99122,DET
65900,Kentavious Caldwell-Pope,40.70556,22.16198,DET
65900,Andre Drummond,26.05762,35.65589,DET
65900,Stanley Johnson,5.09772,34.03148,DET
65900,Trevor Ariza,17.00096,18.62088,HOU
65900,Dwight Howard,16.30655,39.21534,HOU
65900,Patrick Beverley,16.27916,39.12357,HOU
65900,James Harden,5.09772,34.03148,HOU
65900,Marcus Thornton,23.0771,16.80065,HOU
65900,Ball,24.59284,48.9265,Ball
65900,Aron Baynes,18.55713,34.49809,DET
65900,Reggie Jackson,3.29123,27.55099,DET
65900,Marcus Morris,20.50312,19.56019,DET
65900,Kentavious Caldwell-Pope,25.41098,27.97213,DET
65900,Stanley Johnson,20.19689,52.01326,DET
65900,Trevor Ariza,21.71414,28.56076,HOU
65900,Dwight Howard,14.81733,31.04245,HOU
65900,Patrick Beverley,6.29598,26.51948,HOU
65900,James Harden,14.49881,24.2163,HOU
65900,Marcus Thornton,16.34397,41.579,HOU
65900,Ball,24.495260000000002,48.97046,Ball
65900,Aron Baynes,18.51745,34.46651,DET
65900,Reggie Jackson,3.2881,27.51401,DET
65900,Marcus Morris,20.47345,19.51951,DET
65900,Kentavious Caldwell-Pope,25.39027,27.99069,DET
65900,Stanley Johnson,20.2808,52.01352,DET
65900,Trevor Ariza,21.72936,28.62706,HOU
65900,Dwight Howard,14.85391,31.05627,HOU
65900,Patrick Beverley,6.30271,26.52625,HOU
65900,James Harden,14.55688,24.14846,HOU
65900,Marcus Thornton,16.35529,41.66738,HOU
65900,Ball,24.24566,49.16862,Ball
65900,Aron Baynes,18.467,34.43199,DET
65900,Reggie Jackson,3.28775,27.4619,DET
65900,Marcus Morris,20.44314,19.48114,DET
65900,Kentavious Caldwell-Pope,25.36502,28.04939,DET
65900,Stanley Johnson,20.36348,52.01614,DET
65900,Trevor Ariza,21.74774,28.68706,HOU
65900,Dwight Howard,14.88565,31.11273,HOU
65900,Patrick Beverley,6.30708,26.53354,HOU
65900,James Harden,14.60728,24.07434,HOU
65900,Marcus Thornton,16.35535,41.74928,HOU
65900,Ball,23.93109,49.31277,Ball
65900,Aron Baynes,18.42205,34.33682,DET
65900,Reggie Jackson,3.28688,27.40373,DET
65900,Marcus Morris,20.41359,19.4528,DET
65900,Kentavious Caldwell-Pope,25.34301,28.10991,DET
65900,Stanley Johnson,20.43778,52.01934,DET
65900,Trevor Ariza,21.76882,28.71018,HOU
65900,Dwight Howard,14.91431,31.1706,HOU
65900,Patrick Beverley,6.3107,26.54183,HOU
65900,James Harden,14.665890000000001,24.00397,HOU
65900,Marcus Thornton,16.34816,41.83106,HOU
65900,Ball,23.74134,49.55778,Ball
65900,Aron Baynes,18.37782,34.24637,DET
65900,Reggie Jackson,3.29104,27.34577,DET
65900,Marcus Morris,20.37991,19.4265,DET
65900,Kentavious Caldwell-Pope,25.32081,28.17154,DET
65900,Stanley Johnson,20.51501,52.02105,DET
65900,Trevor Ariza,21.78812,28.76005,HOU
65900,Dwight Howard,14.94195,31.17248,HOU
65900,Patrick Beverley,6.31585,26.54746,HOU
65900,James Harden,14.72617,23.93976,HOU
65900,Marcus Thornton,16.33758,41.91401,HOU
65900,Ball,23.47428,49.81004,Ball
65900,Aron Baynes,18.33241,34.09857,DET
65900,Reggie Jackson,3.29436,27.28497,DET
65900,Marcus Morris,20.34182,19.40239,DET
65900,Kentavious Caldwell-Pope,25.29658,28.21607,DET
65900,Stanley Johnson,20.58736,52.0214,DET
65900,Trevor Ariza,21.80301,28.78703,HOU
65900,Dwight Howard,14.9618,31.23151,HOU
65900,Patrick Beverley,6.31498,26.55352,HOU
65900,James Harden,14.78611,23.86839,HOU
65900,Marcus Thornton,16.33078,41.99614,HOU
65900,Ball,23.23186,49.81525,Ball
65900,Aron Baynes,18.29471,34.00821,DET
65900,Reggie Jackson,3.2995,27.2171,DET
65900,Marcus Morris,20.30821,19.39674,DET
65900,Kentavious Caldwell-Pope,25.27437,28.26245,DET
65900,Stanley Johnson,20.61443,52.02768,DET
65900,Trevor Ariza,21.81879,28.81911,HOU
65900,Dwight Howard,14.9807,31.23147,HOU
65900,Patrick Beverley,6.31294,26.55643,HOU
65900,James Harden,14.85343,23.80208,HOU
65900,Marcus Thornton,16.32444,42.14153,HOU
65900,Ball,22.87224,49.60997,Ball
65900,Aron Baynes,18.24572,33.9039,DET
65900,Reggie Jackson,3.3015600000000003,27.14762,DET
65900,Marcus Morris,20.26911,19.39124,DET
65900,Kentavious Caldwell-Pope,25.24965,28.30204,DET
65900,Stanley Johnson,20.63677,52.03531,DET
65900,Trevor Ariza,21.84437,28.84285,HOU
65900,Dwight Howard,14.99324,31.28338,HOU
65900,Patrick Beverley,6.31091,26.55819,HOU
65900,James Harden,14.91347,23.72879,HOU
65900,Marcus Thornton,16.31819,42.28557,HOU
65900,Ball,22.4057,49.02951,Ball
65900,Aron Baynes,18.214,33.81754,DET
65900,Reggie Jackson,3.3047,27.08116,DET
65900,Marcus Morris,20.23144,19.39142,DET
65900,Kentavious Caldwell-Pope,25.22327,28.34054,DET
65900,Stanley Johnson,20.698,52.01885,DET
65900,Trevor Ariza,21.87249,28.86853,HOU
65900,Dwight Howard,15.00269,31.33165,HOU
65900,Patrick Beverley,6.31056,26.56107,HOU
65900,James Harden,14.979610000000001,23.6531,HOU
65900,Marcus Thornton,16.30517,42.36723,HOU
65900,Ball,21.8502,48.12691,Ball
65900,Aron Baynes,18.18315,33.73449,DET
65900,Reggie Jackson,3.30538,27.01542,DET
65900,Marcus Morris,20.19389,19.39878,DET
65900,Kentavious Caldwell-Pope,25.19567,28.40644,DET
65900,Stanley Johnson,20.75159,51.9952,DET
65900,Trevor Ariza,21.89263,28.89801,HOU
65900,Dwight Howard,15.00848,31.38599,HOU
65900,Patrick Beverley,6.30892,26.56277,HOU
65900,James Harden,15.03905,23.57266,HOU
65900,Marcus Thornton,16.29272,42.44836,HOU
65900,Ball,21.22369,46.95522,Ball
65900,Aron Baynes,18.16977,33.70499,DET
65900,Reggie Jackson,3.30746,26.95159,DET
65900,Marcus Morris,20.15756,19.41257,DET
65900,Kentavious Caldwell-Pope,25.16138,28.48276,DET
65900,Stanley Johnson,20.78399,51.96611,DET
65900,Trevor Ariza,21.91292,28.94404,HOU
65900,Dwight Howard,15.0104,31.43377,HOU
65900,Patrick Beverley,6.31052,26.56398,HOU
65900,James Harden,15.0976,23.49399,HOU
65900,Marcus Thornton,16.27102,42.52361,HOU
65900,Ball,20.54413,45.56749,Ball
65900,Aron Baynes,18.14443,33.62991,DET
65900,Reggie Jackson,3.3079,26.89084,DET
65900,Marcus Morris,20.11913,19.42445,DET
65900,Kentavious Caldwell-Pope,25.1263,28.57086,DET
65900,Stanley Johnson,20.80886,51.93521,DET
65900,Trevor Ariza,21.93486,28.94881,HOU
65900,Dwight Howard,15.01434,31.48346,HOU
65900,Patrick Beverley,6.30735,26.56669,HOU
65900,James Harden,15.1608,23.41805,HOU
65900,Marcus Thornton,16.24848,42.60086,HOU
65900,Ball,19.82947,44.01677,Ball
65900,Aron Baynes,18.12541,33.55188,DET
65900,Reggie Jackson,3.31035,26.83287,DET
65900,Marcus Morris,20.07973,19.43852,DET
65900,Kentavious Caldwell-Pope,25.08911,28.65614,DET
65900,Stanley Johnson,20.82212,51.94584,DET
65900,Trevor Ariza,21.95348,28.89825,HOU
65900,Dwight Howard,15.01713,31.53067,HOU
65900,Patrick Beverley,6.30708,26.55797,HOU
65900,James Harden,15.22587,23.34112,HOU
65900,Marcus Thornton,16.22341,42.67266,HOU
65900,Ball,19.09766,42.35611,Ball
65900,Aron Baynes,18.101,33.4776,DET
65900,Reggie Jackson,3.31131,26.773600000000002,DET
65900,Marcus Morris,20.03865,19.45635,DET
65900,Kentavious Caldwell-Pope,25.05144,28.74116,DET
65900,Stanley Johnson,20.83359,51.90436,DET
65900,Trevor Ariza,21.969920000000002,28.84701,HOU
65900,Dwight Howard,15.02065,31.57816,HOU
65900,Patrick Beverley,6.31023,26.55899,HOU
65900,James Harden,15.29365,23.27186,HOU
65900,Marcus Thornton,16.20245,42.73375,HOU
65900,Ball,18.36666,40.63855,Ball
65900,Aron Baynes,18.09436,33.46163,DET
65900,Reggie Jackson,3.31421,26.72634,DET
65900,Marcus Morris,20.00167,19.46938,DET
65900,Kentavious Caldwell-Pope,25.01028,28.83783,DET
65900,Stanley Johnson,20.84156,51.91189,DET
65900,Trevor Ariza,21.99031,28.79768,HOU
65900,Dwight Howard,15.02106,31.56712,HOU
65900,Patrick Beverley,6.30957,26.5606,HOU
65900,James Harden,15.36312,23.1983,HOU
65900,Marcus Thornton,16.1895,42.79234,HOU
65900,Ball,17.654420000000002,38.91715,Ball
65900,Aron Baynes,18.09404,33.5108,DET
65900,Reggie Jackson,3.31843,26.68402,DET
65900,Marcus Morris,19.96471,19.4898,DET
65900,Kentavious Caldwell-Pope,24.96147,29.00662,DET
65900,Stanley Johnson,20.85429,51.91441,DET
65900,Trevor Ariza,22.01048,28.75832,HOU
65900,Dwight Howard,15.01661,31.49887,HOU
65900,Patrick Beverley,6.31162,26.56498,HOU
65900,James Harden,15.4429,23.15363,HOU
65900,Marcus Thornton,16.17827,42.85614,HOU
65900,Ball,16.9789,37.24495,Ball
65900,Aron Baynes,18.08477,33.45311,DET
65900,Reggie Jackson,3.3245,26.65039,DET
65900,Marcus Morris,19.92973,19.51193,DET
65900,Kentavious Caldwell-Pope,24.88186,29.09303,DET
65900,Stanley Johnson,20.85781,51.92004,DET
65900,Trevor Ariza,22.02457,28.72635,HOU
65900,Dwight Howard,15.01449,31.48464,HOU
65900,Patrick Beverley,6.31112,26.56835,HOU
65900,James Harden,15.52481,23.10966,HOU
65900,Marcus Thornton,16.17262,42.91155,HOU
65900,Ball,16.35805,35.67501,Ball
65900,Aron Baynes,18.06917,33.34071,DET
65900,Reggie Jackson,3.33074,26.6296,DET
65900,Marcus Morris,19.89622,19.5297,DET
65900,Kentavious Caldwell-Pope,24.82494,29.17726,DET
65900,Stanley Johnson,20.844,51.87729,DET
65900,Trevor Ariza,22.03495,28.7032,HOU
65900,Dwight Howard,15.01195,31.47048,HOU
65900,Patrick Beverley,6.30958,26.58133,HOU
65900,James Harden,15.610430000000001,23.06856,HOU
65900,Marcus Thornton,16.17651,42.96746,HOU
65900,Ball,15.80982,34.26037,Ball
65900,Aron Baynes,18.07128,33.34063,DET
65900,Reggie Jackson,3.34141,26.61674,DET
65900,Marcus Morris,19.86725,19.55192,DET
65900,Kentavious Caldwell-Pope,24.77213,29.28131,DET
65900,Stanley Johnson,20.83666,51.88481,DET
65900,Trevor Ariza,22.04073,28.69135,HOU
65900,Dwight Howard,15.00844,31.45277,HOU
65900,Patrick Beverley,6.30718,26.59767,HOU
65900,James Harden,15.69334,23.03186,HOU
65900,Marcus Thornton,16.18757,43.02158,HOU
65900,Ball,15.35216,33.05407,Ball
65900,Aron Baynes,18.07983,33.40328,DET
65900,Reggie Jackson,3.35451,26.61305,DET
65900,Marcus Morris,19.84217,19.57579,DET
65900,Kentavious Caldwell-Pope,24.70281,29.37148,DET
65900,Stanley Johnson,20.81498,51.89809,DET
65900,Trevor Ariza,22.04405,28.69643,HOU
65900,Dwight Howard,15.00466,31.43432,HOU
65900,Patrick Beverley,6.30258,26.61517,HOU
65900,James Harden,15.77752,22.99568,HOU
65900,Marcus Thornton,16.20036,43.0724,HOU
65900,Ball,15.00304,32.10918,Ball
65900,Aron Baynes,18.10065,33.51532,DET
65900,Reggie Jackson,3.36922,26.61637,DET
65900,Marcus Morris,19.82092,19.59416,DET
65900,Kentavious Caldwell-Pope,24.65149,29.54329,DET
65900,Stanley Johnson,20.79425,51.91549,DET
65900,Trevor Ariza,22.04857,28.70589,HOU
65900,Dwight Howard,15.00401,31.41924,HOU
65900,Patrick Beverley,6.30035,26.63116,HOU
65900,James Harden,15.86189,22.96933,HOU
65900,Marcus Thornton,16.21365,43.12495,HOU
65900,Ball,14.78039,31.47874,Ball
65900,Aron Baynes,18.10484,33.523740000000004,DET
65900,Reggie Jackson,3.38587,26.62829,DET
65900,Marcus Morris,19.80536,19.6176,DET
65900,Kentavious Caldwell-Pope,24.58742,29.69814,DET
65900,Stanley Johnson,20.80388,51.928,DET
65900,Trevor Ariza,22.05975,28.71669,HOU
65900,Dwight Howard,15.00349,31.40152,HOU
65900,Patrick Beverley,6.29992,26.65217,HOU
65900,James Harden,15.94468,22.94185,HOU
65900,Marcus Thornton,16.22569,43.11492,HOU
65900,Ball,14.70219,31.21579,Ball
65900,Aron Baynes,18.12817,33.59489,DET
65900,Reggie Jackson,3.40799,26.64214,DET
65900,Marcus Morris,19.79025,19.63058,DET
65900,Kentavious Caldwell-Pope,24.52451,29.86901,DET
65900,Stanley Johnson,20.80217,51.90183,DET
65900,Trevor Ariza,22.06298,28.74821,HOU
65900,Dwight Howard,15.0011,31.38242,HOU
65900,Patrick Beverley,6.30014,26.67348,HOU
65900,James Harden,16.02429,22.91585,HOU
65900,Marcus Thornton,16.24202,43.10871,HOU
65900,Ball,14.75638,31.17523,Ball
65900,Aron Baynes,18.15135,33.66037,DET
65900,Reggie Jackson,3.45846,26.66549,DET
65900,Marcus Morris,19.78063,19.641750000000002,DET
65900,Kentavious Caldwell-Pope,24.4616,30.05236,DET
65900,Stanley Johnson,20.75786,51.90714,DET
65900,Trevor Ariza,22.05922,28.80618,HOU
65900,Dwight Howard,14.99721,31.36642,HOU
65900,Patrick Beverley,6.29223,26.6937,HOU
65900,James Harden,16.1035,22.89334,HOU
65900,Marcus Thornton,16.26093,43.16647,HOU
65900,Ball,14.78746,31.08807,Ball
65900,Aron Baynes,18.17719,33.73084,DET
65900,Reggie Jackson,3.50447,26.643,DET
65900,Marcus Morris,19.77071,19.63949,DET
65900,Kentavious Caldwell-Pope,24.39584,30.21734,DET
65900,Stanley Johnson,20.71603,51.91993,DET
65900,Trevor Ariza,22.04269,28.88875,HOU
65900,Dwight Howard,14.99133,31.34929,HOU
65900,Patrick Beverley,6.28313,26.71713,HOU
65900,James Harden,16.18092,22.86971,HOU
65900,Marcus Thornton,16.28109,43.21968,HOU
65900,Ball,14.78054,31.12293,Ball
65900,Aron Baynes,18.18284,33.6962,DET
65900,Reggie Jackson,3.5271,26.6363,DET
65900,Marcus Morris,19.7612,19.63275,DET
65900,Kentavious Caldwell-Pope,24.33006,30.39281,DET
65900,Stanley Johnson,20.67629,51.93695,DET
65900,Trevor Ariza,21.99966,28.96444,HOU
65900,Dwight Howard,14.98391,31.32845,HOU
65900,Patrick Beverley,6.27088,26.73842,HOU
65900,James Harden,16.25429,22.84819,HOU
65900,Marcus Thornton,16.30615,43.28002,HOU
65900,Ball,14.7626,31.15778,Ball
65900,Aron Baynes,18.19229,33.65265,DET
65900,Reggie Jackson,3.55026,26.63485,DET
65900,Marcus Morris,19.75263,19.61891,DET
65900,Kentavious Caldwell-Pope,24.26021,30.57178,DET
65900,Stanley Johnson,20.63932,51.95628,DET
65900,Trevor Ariza,21.97251,29.11334,HOU
65900,Dwight Howard,14.97514,31.30683,HOU
65900,Patrick Beverley,6.26472,26.75975,HOU
65900,James Harden,16.32557,22.82674,HOU
65900,Marcus Thornton,16.33231,43.33868,HOU
65900,Ball,14.7048,31.05928,Ball
65900,Aron Baynes,18.20751,33.58793,DET
65900,Reggie Jackson,3.58156,26.62129,DET
65900,Marcus Morris,19.7464,19.59961,DET
65900,Kentavious Caldwell-Pope,24.18246,30.75847,DET
65900,Stanley Johnson,20.60662,51.93338,DET
65900,Trevor Ariza,21.94286,29.33508,HOU
65900,Dwight Howard,14.9637,31.28163,HOU
65900,Patrick Beverley,6.25118,26.77894,HOU
65900,James Harden,16.39164,22.80615,HOU
65900,Marcus Thornton,16.3585,43.39738,HOU
65900,Ball,14.67289,31.02322,Ball
65900,Aron Baynes,18.22432,33.51872,DET
65900,Reggie Jackson,3.62372,26.60098,DET
65900,Marcus Morris,19.74042,19.57907,DET
65900,Kentavious Caldwell-Pope,24.10282,30.9561,DET
65900,Stanley Johnson,20.57232,51.96347,DET
65900,Trevor Ariza,21.90881,29.56968,HOU
65900,Dwight Howard,14.95085,31.2558,HOU
65900,Patrick Beverley,6.23526,26.79784,HOU
65900,James Harden,16.45735,22.78094,HOU
65900,Marcus Thornton,16.38168,43.46393,HOU
65900,Ball,14.68979,31.04359,Ball
65900,Aron Baynes,18.24109,33.39762,DET
65900,Reggie Jackson,3.66356,26.61766,DET
65900,Marcus Morris,19.73277,19.55781,DET
65900,Kentavious Caldwell-Pope,24.01425,31.15013,DET
65900,Stanley Johnson,20.53737,51.94203,DET
65900,Trevor Ariza,21.86096,29.82015,HOU
65900,Dwight Howard,14.93661,31.23057,HOU
65900,Patrick Beverley,6.19741,26.8351,HOU
65900,James Harden,16.51837,22.7594,HOU
65900,Marcus Thornton,16.40203,43.5295,HOU
65900,Ball,14.709340000000001,31.01438,Ball
65900,Aron Baynes,18.27212,33.27853,DET
65900,Reggie Jackson,3.71083,26.6261,DET
65900,Marcus Morris,19.72811,19.53129,DET
65900,Kentavious Caldwell-Pope,23.9212,31.3539,DET
65900,Stanley Johnson,20.49364,51.92521,DET
65900,Trevor Ariza,21.81991,30.08789,HOU
65900,Dwight Howard,14.92046,31.2078,HOU
65900,Patrick Beverley,6.16191,26.87243,HOU
65900,James Harden,16.57003,22.71206,HOU
65900,Marcus Thornton,16.41821,43.60056,HOU
65900,Ball,14.72847,30.96014,Ball
65900,Aron Baynes,18.31721,33.22534,DET
65900,Reggie Jackson,3.75854,26.63752,DET
65900,Marcus Morris,19.72289,19.49734,DET
65900,Kentavious Caldwell-Pope,23.85041,31.65469,DET
65900,Stanley Johnson,20.45468,51.90804,DET
65900,Trevor Ariza,21.77353,30.35834,HOU
65900,Dwight Howard,14.90315,31.18389,HOU
65900,Patrick Beverley,6.12631,26.90239,HOU
65900,James Harden,16.61563,22.66032,HOU
65900,Marcus Thornton,16.42831,43.6774,HOU
65900,Ball,14.73709,30.93094,Ball
65900,Aron Baynes,18.37889,33.25152,DET
65900,Reggie Jackson,3.81096,26.62815,DET
65900,Marcus Morris,19.71789,19.4706,DET
65900,Kentavious Caldwell-Pope,23.75221,31.92431,DET
65900,Stanley Johnson,20.42814,51.93799,DET
65900,Trevor Ariza,21.71226,30.64275,HOU
65900,Dwight Howard,14.884,31.16403,HOU
65900,Patrick Beverley,6.08912,26.9284,HOU
65900,James Harden,16.655,22.60442,HOU
65900,Marcus Thornton,16.43477,43.75644,HOU
65900,Ball,14.64792,30.95533,Ball
65900,Aron Baynes,18.4484,33.23298,DET
65900,Reggie Jackson,3.8631200000000003,26.61886,DET
65900,Marcus Morris,19.71107,19.43251,DET
65900,Kentavious Caldwell-Pope,23.64116,32.19906,DET
65900,Stanley Johnson,20.39276,51.91802,DET
65900,Trevor Ariza,21.65105,30.93118,HOU
65900,Dwight Howard,14.86548,31.1405,HOU
65900,Patrick Beverley,6.05609,26.94549,HOU
65900,James Harden,16.689140000000002,22.54646,HOU
65900,Marcus Thornton,16.4374,43.84143,HOU
65900,Ball,14.74054,30.82955,Ball
65900,Aron Baynes,18.52099,33.16126,DET
65900,Reggie Jackson,3.94757,26.57442,DET
65900,Marcus Morris,19.70355,19.38741,DET
65900,Kentavious Caldwell-Pope,23.53514,32.52569,DET
65900,Stanley Johnson,20.36813,51.89453,DET
65900,Trevor Ariza,21.59096,31.2741,HOU
65900,Dwight Howard,14.84658,31.11761,HOU
65900,Patrick Beverley,5.99514,26.99174,HOU
65900,James Harden,16.72263,22.49263,HOU
65900,Marcus Thornton,16.43506,43.92817,HOU
65900,Ball,14.69421,30.89239,Ball
65900,Aron Baynes,18.58463,33.11272,DET
65900,Reggie Jackson,4.00182,26.58239,DET
65900,Marcus Morris,19.70077,19.35552,DET
65900,Kentavious Caldwell-Pope,23.4106,32.77338,DET
65900,Stanley Johnson,20.33939,51.87023,DET
65900,Trevor Ariza,21.52901,31.62353,HOU
65900,Dwight Howard,14.82779,31.09396,HOU
65900,Patrick Beverley,5.96621,26.99146,HOU
65900,James Harden,16.7533,22.43553,HOU
65900,Marcus Thornton,16.432010000000002,44.01399,HOU
65900,Ball,14.68645,30.86973,Ball
65900,Aron Baynes,18.66907,33.16064,DET
65900,Reggie Jackson,4.05551,26.56389,DET
65900,Marcus Morris,19.69331,19.31298,DET
65900,Kentavious Caldwell-Pope,23.26657,33.07899,DET
65900,Stanley Johnson,20.31561,51.84059,DET
65900,Trevor Ariza,21.45774,31.98239,HOU
65900,Dwight Howard,14.80809,31.06861,HOU
65900,Patrick Beverley,5.93275,27.02766,HOU
65900,James Harden,16.7854,22.38004,HOU
65900,Marcus Thornton,16.42346,44.10009,HOU
65900,Ball,14.6876,30.843,Ball
65900,Aron Baynes,18.73621,33.13873,DET
65900,Reggie Jackson,4.11032,26.58188,DET
65900,Marcus Morris,19.68949,19.27517,DET
65900,Kentavious Caldwell-Pope,23.0599,33.32935,DET
65900,Stanley Johnson,20.3004,51.84899,DET
65900,Trevor Ariza,21.39061,32.34996,HOU
65900,Dwight Howard,14.79176,31.04373,HOU
65900,Patrick Beverley,5.90348,27.01905,HOU
65900,James Harden,16.81618,22.33037,HOU
65900,Marcus Thornton,16.40953,44.18501,HOU
65900,Ball,14.69101,30.74166,Ball
65900,Aron Baynes,18.80672,33.12624,DET
65900,Reggie Jackson,4.12995,26.54519,DET
65900,Marcus Morris,19.68331,19.24016,DET
65900,Kentavious Caldwell-Pope,22.85341,33.57439,DET
65900,Stanley Johnson,20.28825,51.85003,DET
65900,Trevor Ariza,21.32401,32.70069,HOU
65900,Dwight Howard,14.77906,31.0248,HOU
65900,Patrick Beverley,5.87308,27.04748,HOU
65900,James Harden,16.84431,22.28148,HOU
65900,Marcus Thornton,16.39374,44.26996,HOU
65900,Ball,14.69763,30.79106,Ball
65900,Aron Baynes,18.91237,33.06615,DET
65900,Reggie Jackson,4.15622,26.55661,DET
65900,Marcus Morris,19.6777,19.20905,DET
65900,Kentavious Caldwell-Pope,22.7113,33.86542,DET
65900,Stanley Johnson,20.27788,51.84794,DET
65900,Trevor Ariza,21.25826,33.0346,HOU
65900,Dwight Howard,14.76864,31.00414,HOU
65900,Patrick Beverley,5.85492,27.06204,HOU
65900,James Harden,16.86775,22.23491,HOU
65900,Marcus Thornton,16.38008,44.35369,HOU
65900,Ball,14.64466,30.80466,Ball
65900,Aron Baynes,18.99688,33.08857,DET
65900,Reggie Jackson,4.23677,26.52242,DET
65900,Marcus Morris,19.67557,19.18227,DET
65900,Kentavious Caldwell-Pope,22.50433,34.17905,DET
65900,Stanley Johnson,20.27088,51.84548,DET
65900,Trevor Ariza,21.19758,33.37473,HOU
65900,Dwight Howard,14.76043,30.98966,HOU
65900,Patrick Beverley,5.83668,27.09834,HOU
65900,James Harden,16.89137,22.18633,HOU
65900,Marcus Thornton,16.36429,44.43616,HOU
65900,Ball,14.64804,30.70337,Ball
65900,Aron Baynes,19.09746,33.15584,DET
65900,Reggie Jackson,4.3485700000000005,26.46988,DET
65900,Marcus Morris,19.67455,19.16151,DET
65900,Kentavious Caldwell-Pope,22.35371,34.44618,DET
65900,Stanley Johnson,20.26273,51.84037,DET
65900,Trevor Ariza,21.0852,33.70872,HOU
65900,Dwight Howard,14.75387,30.98128,HOU
65900,Patrick Beverley,5.81426,27.13228,HOU
65900,James Harden,16.91265,22.14406,HOU
65900,Marcus Thornton,16.35064,44.51326,HOU
65900,Ball,14.71736,30.7827,Ball
65900,Aron Baynes,19.19934,33.25393,DET
65900,Reggie Jackson,4.45913,26.44939,DET
65900,Marcus Morris,19.67418,19.14156,DET
65900,Kentavious Caldwell-Pope,22.21076,34.7052,DET
65900,Stanley Johnson,20.25295,51.83076,DET
65900,Trevor Ariza,20.96296,34.0511,HOU
65900,Dwight Howard,14.75223,30.98124,HOU
65900,Patrick Beverley,5.80399,27.15167,HOU
65900,James Harden,16.93101,22.09369,HOU
65900,Marcus Thornton,16.34016,44.584,HOU
65900,Ball,14.70196,30.83909,Ball
65900,Aron Baynes,19.29182,33.33621,DET
65900,Reggie Jackson,4.56716,26.40699,DET
65900,Marcus Morris,19.67482,19.12041,DET
65900,Kentavious Caldwell-Pope,22.05497,35.02714,DET
65900,Stanley Johnson,20.24942,51.8246,DET
65900,Trevor Ariza,20.82991,34.38225,HOU
65900,Dwight Howard,14.75307,30.983060000000002,HOU
65900,Patrick Beverley,5.79574,27.18654,HOU
65900,James Harden,16.94668,22.05588,HOU
65900,Marcus Thornton,16.33367,44.65384,HOU
65900,Ball,14.67335,30.88465,Ball
65900,Aron Baynes,19.37101,33.39488,DET
65900,Reggie Jackson,4.69818,26.33044,DET
65900,Marcus Morris,19.67313,19.09413,DET
65900,Kentavious Caldwell-Pope,21.90936,35.34641,DET
65900,Stanley Johnson,20.24785,51.81912,DET
65900,Trevor Ariza,20.69224,34.71304,HOU
65900,Dwight Howard,14.75506,30.98577,HOU
65900,Patrick Beverley,5.81777,27.21321,HOU
65900,James Harden,16.95784,22.00262,HOU
65900,Marcus Thornton,16.33121,44.72235,HOU
65900,Ball,14.65795,30.9034,Ball
65900,Aron Baynes,19.44245,33.45571,DET
65900,Reggie Jackson,4.86225,26.26915,DET
65900,Marcus Morris,19.67084,19.06946,DET
65900,Kentavious Caldwell-Pope,21.75496,35.66201,DET
65900,Stanley Johnson,20.24668,51.8125,DET
65900,Trevor Ariza,20.53177,35.0352,HOU
65900,Dwight Howard,14.76182,30.99103,HOU
65900,Patrick Beverley,5.84693,27.22111,HOU
65900,James Harden,16.96676,21.96062,HOU
65900,Marcus Thornton,16.33287,44.78625,HOU
65900,Ball,14.69556,30.86621,Ball
65900,Aron Baynes,19.50488,33.48859,DET
65900,Reggie Jackson,5.04735,26.21849,DET
65900,Marcus Morris,19.6692,19.0457,DET
65900,Kentavious Caldwell-Pope,21.59541,35.9741,DET
65900,Stanley Johnson,20.24629,51.80487,DET
65900,Trevor Ariza,20.36579,35.34685,HOU
65900,Dwight Howard,14.76998,31.00088,HOU
65900,Patrick Beverley,5.8702000000000005,27.2216,HOU
65900,James Harden,16.97432,21.91813,HOU
65900,Marcus Thornton,16.34061,44.84495,HOU
65900,Ball,14.7465,30.92782,Ball
65900,Aron Baynes,19.5379,33.46789,DET
65900,Reggie Jackson,5.24382,26.17693,DET
65900,Marcus Morris,19.66821,19.02229,DET
65900,Kentavious Caldwell-Pope,21.43707,36.23671,DET
65900,Stanley Johnson,20.24319,51.79683,DET
65900,Trevor Ariza,20.20106,35.65,HOU
65900,Dwight Howard,14.78012,31.0101,HOU
65900,Patrick Beverley,5.89481,27.21697,HOU
65900,James Harden,16.98619,21.8825,HOU
65900,Marcus Thornton,16.3522,44.8987,HOU
65900,Ball,14.72178,30.907,Ball
65900,Aron Baynes,19.55974,33.42618,DET
65900,Reggie Jackson,5.46189,26.12991,DET
65900,Marcus Morris,19.66836,19.0018,DET
65900,Kentavious Caldwell-Pope,21.2803,36.4856,DET
65900,Stanley Johnson,20.2448,51.79002,DET
65900,Trevor Ariza,20.02539,35.95357,HOU
65900,Dwight Howard,14.79335,31.02481,HOU
65900,Patrick Beverley,5.92213,27.2209,HOU
65900,James Harden,16.99498,21.84304,HOU
65900,Marcus Thornton,16.36738,44.94634,HOU
65900,Ball,14.73501,31.00573,Ball
65900,Aron Baynes,19.57416,33.36658,DET
65900,Reggie Jackson,5.61158,26.09428,DET
65900,Marcus Morris,19.66924,18.98535,DET
65900,Kentavious Caldwell-Pope,21.12668,36.70017,DET
65900,Stanley Johnson,20.24824,51.78311,DET
65900,Trevor Ariza,19.83823,36.19047,HOU
65900,Dwight Howard,14.80698,31.03961,HOU
65900,Patrick Beverley,5.97846,27.18837,HOU
65900,James Harden,17.00601,21.81122,HOU
65900,Marcus Thornton,16.38789,44.98973,HOU
65900,Ball,14.69221,30.96746,Ball
65900,Aron Baynes,19.60219,33.2773,DET
65900,Reggie Jackson,5.84282,26.00324,DET
65900,Marcus Morris,19.66803,18.96214,DET
65900,Kentavious Caldwell-Pope,20.95049,36.9428,DET
65900,Stanley Johnson,20.252,51.77597,DET
65900,Trevor Ariza,19.6368,36.41897,HOU
65900,Dwight Howard,14.81911,31.11823,HOU
65900,Patrick Beverley,6.0121,27.1942,HOU
65900,James Harden,17.0205,21.78227,HOU
65900,Marcus Thornton,16.41309,45.02946,HOU
65900,Ball,14.81871,31.05715,Ball
65900,Aron Baynes,19.62391,33.13204,DET
65900,Reggie Jackson,6.09453,25.92633,DET
65900,Marcus Morris,19.66755,18.93806,DET
65900,Kentavious Caldwell-Pope,20.79063,37.15612,DET
65900,Stanley Johnson,20.25562,51.77205,DET
65900,Trevor Ariza,19.41473,36.63512,HOU
65900,Dwight Howard,14.83335,31.19427,HOU
65900,Patrick Beverley,6.0624,27.15602,HOU
65900,James Harden,17.03203,21.75684,HOU
65900,Marcus Thornton,16.4438,45.06339,HOU
65900,Ball,14.76932,31.06974,Ball
65900,Aron Baynes,19.64609,32.97774,DET
65900,Reggie Jackson,6.37325,25.80096,DET
65900,Marcus Morris,19.66546,18.91838,DET
65900,Kentavious Caldwell-Pope,20.67967,37.4167,DET
65900,Stanley Johnson,20.26166,51.76901,DET
65900,Trevor Ariza,19.1795,36.82554,HOU
65900,Dwight Howard,14.84974,31.26954,HOU
65900,Patrick Beverley,6.11555,27.1554,HOU
65900,James Harden,17.04842,21.72665,HOU
65900,Marcus Thornton,16.48046,45.09078,HOU
65900,Ball,14.78253,31.1684,Ball
65900,Aron Baynes,19.66235,32.78978,DET
65900,Reggie Jackson,6.68815,25.71695,DET
65900,Marcus Morris,19.66688,18.8953,DET
65900,Kentavious Caldwell-Pope,20.5596,37.67297,DET
65900,Stanley Johnson,20.26865,51.76306,DET
65900,Trevor Ariza,18.93712,37.01037,HOU
65900,Dwight Howard,14.86615,31.33339,HOU
65900,Patrick Beverley,6.19012,27.11729,HOU
65900,James Harden,17.0701,21.699840000000002,HOU
65900,Marcus Thornton,16.52168,45.11214,HOU
65900,Ball,14.80547,31.05872,Ball
65900,Aron Baynes,19.64865,32.63464,DET
65900,Reggie Jackson,7.02502,25.63991,DET
65900,Marcus Morris,19.66973,18.87925,DET
65900,Kentavious Caldwell-Pope,20.36132,37.88587,DET
65900,Stanley Johnson,20.27601,51.756,DET
65900,Trevor Ariza,18.70731,37.142830000000004,HOU
65900,Dwight Howard,14.87788,31.34705,HOU
65900,Patrick Beverley,6.26471,27.07738,HOU
65900,James Harden,17.09443,21.67479,HOU
65900,Marcus Thornton,16.56029,45.12781,HOU
65900,Ball,14.83982,31.12271,Ball
65900,Aron Baynes,19.67469,32.45829,DET
65900,Reggie Jackson,7.40478,25.55412,DET
65900,Marcus Morris,19.67173,18.864,DET
65900,Kentavious Caldwell-Pope,20.21804,38.07227,DET
65900,Stanley Johnson,20.28333,51.74957,DET
65900,Trevor Ariza,18.46969,37.30421,HOU
65900,Dwight Howard,14.89099,31.35805,HOU
65900,Patrick Beverley,6.36911,27.00818,HOU
65900,James Harden,17.1177,21.65937,HOU
65900,Marcus Thornton,16.60285,45.13667,HOU
65900,Ball,14.8348,31.25064,Ball
65900,Aron Baynes,19.69353,32.27928,DET
65900,Reggie Jackson,7.79044,25.49408,DET
65900,Marcus Morris,19.67483,18.84663,DET
65900,Kentavious Caldwell-Pope,20.00055,38.30178,DET
65900,Stanley Johnson,20.29458,51.74193,DET
65900,Trevor Ariza,18.24841,37.43768,HOU
65900,Dwight Howard,14.90633,31.36642,HOU
65900,Patrick Beverley,6.50294,26.93795,HOU
65900,James Harden,17.14184,21.63885,HOU
65900,Marcus Thornton,16.64604,45.14517,HOU
65900,Ball,14.88566,31.31181,Ball
65900,Aron Baynes,19.71061,32.0814,DET
65900,Reggie Jackson,8.1934,25.44731,DET
65900,Marcus Morris,19.68253,18.84092,DET
65900,Kentavious Caldwell-Pope,19.76171,38.54033,DET
65900,Stanley Johnson,20.31133,51.73592,DET
65900,Trevor Ariza,18.02454,37.53954,HOU
65900,Dwight Howard,14.91954,31.3732,HOU
65900,Patrick Beverley,6.64975,26.8741,HOU
65900,James Harden,17.17016,21.63819,HOU
65900,Marcus Thornton,16.68711,45.15526,HOU
65900,Ball,14.97055,31.30577,Ball
65900,Aron Baynes,19.74584,31.88759,DET
65900,Reggie Jackson,8.6084,25.44792,DET
65900,Marcus Morris,19.69435,18.84256,DET
65900,Kentavious Caldwell-Pope,19.47768,38.66208,DET
65900,Stanley Johnson,20.3266,51.72492,DET
65900,Trevor Ariza,17.8072,37.62736,HOU
65900,Dwight Howard,14.93172,31.37273,HOU
65900,Patrick Beverley,6.79961,26.78605,HOU
65900,James Harden,17.19896,21.62837,HOU
65900,Marcus Thornton,16.72628,45.16277,HOU
65900,Ball,14.89072,31.23224,Ball
65900,Aron Baynes,19.79892,31.72353,DET
65900,Reggie Jackson,8.9965,25.46051,DET
65900,Marcus Morris,19.71403,18.85674,DET
65900,Kentavious Caldwell-Pope,19.16845,38.77229,DET
65900,Stanley Johnson,20.34491,51.71652,DET
65900,Trevor Ariza,17.59837,37.69998,HOU
65900,Dwight Howard,14.946,31.36768,HOU
65900,Patrick Beverley,6.96486,26.68995,HOU
65900,James Harden,17.22866,21.63617,HOU
65900,Marcus Thornton,16.76262,45.17237,HOU
65900,Ball,14.99621,31.20635,Ball
65900,Aron Baynes,19.85205,31.53778,DET
65900,Reggie Jackson,9.37854,25.46995,DET
65900,Marcus Morris,19.73406,18.872230000000002,DET
65900,Kentavious Caldwell-Pope,18.84882,38.85733,DET
65900,Stanley Johnson,20.36871,51.70823,DET
65900,Trevor Ariza,17.42046,37.74324,HOU
65900,Dwight Howard,14.95902,31.35717,HOU
65900,Patrick Beverley,7.15389,26.60405,HOU
65900,James Harden,17.25705,21.63943,HOU
65900,Marcus Thornton,16.79356,45.18116,HOU
65900,Ball,14.57098,31.76173,Ball
65900,Aron Baynes,19.90969,31.34934,DET
65900,Reggie Jackson,9.7769,25.46088,DET
65900,Marcus Morris,19.7539,18.88955,DET
65900,Kentavious Caldwell-Pope,18.50804,38.92377,DET
65900,Stanley Johnson,20.39368,51.70022,DET
65900,Trevor Ariza,17.26404,37.78433,HOU
65900,Dwight Howard,14.97422,31.34085,HOU
65900,Patrick Beverley,7.38201,26.53196,HOU
65900,James Harden,17.28506,21.64751,HOU
65900,Marcus Thornton,16.81585,45.19319,HOU
65900,Ball,14.57538,31.67191,Ball
65900,Aron Baynes,19.9938,31.17623,DET
65900,Reggie Jackson,10.18615,25.45728,DET
65900,Marcus Morris,19.77361,18.90625,DET
65900,Kentavious Caldwell-Pope,18.1503,39.00295,DET
65900,Stanley Johnson,20.4231,51.69441,DET
65900,Trevor Ariza,17.12259,37.81277,HOU
65900,Dwight Howard,14.99065,31.31624,HOU
65900,Patrick Beverley,7.63665,26.46387,HOU
65900,James Harden,17.30799,21.6524,HOU
65900,Marcus Thornton,16.8395,45.20889,HOU
65900,Ball,14.92938,31.14834,Ball
65900,Aron Baynes,20.06899,31.00354,DET
65900,Reggie Jackson,10.60948,25.46026,DET
65900,Marcus Morris,19.79261,18.92304,DET
65900,Kentavious Caldwell-Pope,17.80854,39.12119,DET
65900,Stanley Johnson,20.45347,51.68638,DET
65900,Trevor Ariza,16.94468,37.80114,HOU
65900,Dwight Howard,15.00838,31.28525,HOU
65900,Patrick Beverley,7.91713,26.41182,HOU
65900,James Harden,17.33553,21.66552,HOU
65900,Marcus Thornton,16.86442,45.23051,HOU
65900,Ball,15.02245,31.02413,Ball
65900,Aron Baynes,20.15484,30.80899,DET
65900,Reggie Jackson,11.101,25.4709,DET
65900,Marcus Morris,19.81202,18.94048,DET
65900,Kentavious Caldwell-Pope,17.45714,39.22823,DET
65900,Stanley Johnson,20.48686,51.67922,DET
65900,Trevor Ariza,16.76591,37.78122,HOU
65900,Dwight Howard,15.02974,31.26075,HOU
65900,Patrick Beverley,8.21875,26.36752,HOU
65900,James Harden,17.35713,21.67231,HOU
65900,Marcus Thornton,16.88538,45.25432,HOU
65900,Ball,15.0161,30.97459,Ball
65900,Aron Baynes,20.22967,30.62021,DET
65900,Reggie Jackson,11.59192,25.50075,DET
65900,Marcus Morris,19.828780000000002,18.95549,DET
65900,Kentavious Caldwell-Pope,17.10868,39.30201,DET
65900,Stanley Johnson,20.52719,51.67098,DET
65900,Trevor Ariza,16.589,37.75158,HOU
65900,Dwight Howard,15.05146,31.16623,HOU
65900,Patrick Beverley,8.54342,26.33275,HOU
65900,James Harden,17.37006,21.66886,HOU
65900,Marcus Thornton,16.90026,45.27876,HOU
65900,Ball,15.08776,30.94286,Ball
65900,Aron Baynes,20.2952,30.43973,DET
65900,Reggie Jackson,12.10094,25.52904,DET
65900,Marcus Morris,19.8444,18.97026,DET
65900,Kentavious Caldwell-Pope,16.74945,39.36147,DET
65900,Stanley Johnson,20.54624,51.62511,DET
65900,Trevor Ariza,16.39923,37.70841,HOU
65900,Dwight Howard,15.07514,31.07289,HOU
65900,Patrick Beverley,8.89573,26.28049,HOU
65900,James Harden,17.38335,21.66508,HOU
65900,Marcus Thornton,16.91414,45.31125,HOU
65900,Ball,15.10383,30.77227,Ball
65900,Aron Baynes,20.36376,30.27633,DET
65900,Reggie Jackson,12.61905,25.56819,DET
65900,Marcus Morris,19.86117,18.9821,DET
65900,Kentavious Caldwell-Pope,16.38033,39.40153,DET
65900,Stanley Johnson,20.59666,51.61733,DET
65900,Trevor Ariza,16.19163,37.6535,HOU
65900,Dwight Howard,15.10102,30.97844,HOU
65900,Patrick Beverley,9.30244,26.25958,HOU
65900,James Harden,17.39163,21.66221,HOU
65900,Marcus Thornton,16.92449,45.34223,HOU
65900,Ball,15.08212,30.75318,Ball
65900,Aron Baynes,20.43343,30.11911,DET
65900,Reggie Jackson,13.19159,25.59679,DET
65900,Marcus Morris,19.8758,18.99019,DET
65900,Kentavious Caldwell-Pope,15.99535,39.42099,DET
65900,Stanley Johnson,20.64947,51.61075,DET
65900,Trevor Ariza,15.98509,37.58703,HOU
65900,Dwight Howard,15.12468,30.89176,HOU
65900,Patrick Beverley,9.69662,26.21904,HOU
65900,James Harden,17.39396,21.65971,HOU
65900,Marcus Thornton,16.93167,45.3757,HOU
65900,Ball,15.07345,30.63622,Ball
65900,Aron Baynes,20.49382,29.95578,DET
65900,Reggie Jackson,13.78032,25.65322,DET
65900,Marcus Morris,19.88904,18.9963,DET
65900,Kentavious Caldwell-Pope,15.59816,39.42072,DET
65900,Stanley Johnson,20.70999,51.60897,DET
65900,Trevor Ariza,15.75379,37.56142,HOU
65900,Dwight Howard,15.15702,30.84599,HOU
65900,Patrick Beverley,10.13941,26.21999,HOU
65900,James Harden,17.38675,21.66157,HOU
65900,Marcus Thornton,16.94265,45.41157,HOU
65900,Ball,15.14124,30.53819,Ball
65900,Aron Baynes,20.54592,29.77086,DET
65900,Reggie Jackson,14.30901,25.76924,DET
65900,Marcus Morris,19.89828,18.99022,DET
65900,Kentavious Caldwell-Pope,15.18901,39.39693,DET
65900,Stanley Johnson,20.78239,51.60933,DET
65900,Trevor Ariza,15.55711,37.51409,HOU
65900,Dwight Howard,15.195,30.79532,HOU
65900,Patrick Beverley,10.5589,26.19005,HOU
65900,James Harden,17.38071,21.65563,HOU
65900,Marcus Thornton,16.9529,45.44673,HOU
65900,Ball,15.11413,30.52481,Ball
65900,Aron Baynes,20.59421,29.59721,DET
65900,Reggie Jackson,14.82414,25.88805,DET
65900,Marcus Morris,19.90384,18.9815,DET
65900,Kentavious Caldwell-Pope,14.77363,39.36017,DET
65900,Stanley Johnson,20.85578,51.60981,DET
65900,Trevor Ariza,15.34449,37.45212,HOU
65900,Dwight Howard,15.22751,30.75194,HOU
65900,Patrick Beverley,10.98759,26.15971,HOU
65900,James Harden,17.37066,21.64095,HOU
65900,Marcus Thornton,16.9646,45.48331,HOU
65900,Ball,15.1016,30.45517,Ball
65900,Aron Baynes,20.63833,29.42484,DET
65900,Reggie Jackson,15.34347,25.9572,DET
65900,Marcus Morris,19.89932,18.95919,DET
65900,Kentavious Caldwell-Pope,14.3553,39.28792,DET
65900,Stanley Johnson,20.92993,51.60598,DET
65900,Trevor Ariza,15.1489,37.39967,HOU
65900,Dwight Howard,15.26594,30.705,HOU
65900,Patrick Beverley,11.42708,26.13053,HOU
65900,James Harden,17.35889,21.6211,HOU
65900,Marcus Thornton,16.9796,45.51362,HOU
65900,Ball,15.15492,30.41345,Ball
65900,Aron Baynes,20.67936,29.27759,DET
65900,Reggie Jackson,15.90253,26.01377,DET
65900,Marcus Morris,19.85103,18.89242,DET
65900,Kentavious Caldwell-Pope,13.9407,39.2593,DET
65900,Stanley Johnson,21.0182,51.60235,DET
65900,Trevor Ariza,14.95071,37.33894,HOU
65900,Dwight Howard,15.31563,30.65874,HOU
65900,Patrick Beverley,11.89823,26.12534,HOU
65900,James Harden,17.32898,21.59095,HOU
65900,Marcus Thornton,17.00222,45.54138,HOU
65900,Ball,15.15474,30.4135,Ball
65900,Aron Baynes,20.70595,29.13337,DET
65900,Reggie Jackson,16.50866,26.04957,DET
65900,Marcus Morris,19.82481,18.84506,DET
65900,Kentavious Caldwell-Pope,13.57677,39.24755,DET
65900,Stanley Johnson,21.11777,51.58984,DET
65900,Trevor Ariza,14.72014,37.22092,HOU
65900,Dwight Howard,15.362870000000001,30.61557,HOU
65900,Patrick Beverley,12.38781,26.12818,HOU
65900,James Harden,17.30806,21.562,HOU
65900,Marcus Thornton,17.03032,45.55526,HOU
65900,Ball,15.18966,30.25242,Ball
65900,Aron Baynes,20.76463,28.98122,DET
65900,Reggie Jackson,17.13897,26.12837,DET
65900,Marcus Morris,19.7961,18.7913,DET
65900,Kentavious Caldwell-Pope,13.20276,39.19552,DET
65900,Stanley Johnson,21.22579,51.57249,DET
65900,Trevor Ariza,14.48617,37.12596,HOU
65900,Dwight Howard,15.41157,30.57236,HOU
65900,Patrick Beverley,12.88713,26.14514,HOU
65900,James Harden,17.2836,21.52777,HOU
65900,Marcus Thornton,17.06763,45.5581,HOU
65900,Ball,15.26995,30.25369,Ball
65900,Aron Baynes,20.77614,28.84673,DET
65900,Reggie Jackson,17.78799,26.25842,DET
65900,Marcus Morris,19.75811,18.72432,DET
65900,Kentavious Caldwell-Pope,12.8381,39.13459,DET
65900,Stanley Johnson,21.33375,51.54324,DET
65900,Trevor Ariza,14.21833,37.00852,HOU
65900,Dwight Howard,15.45854,30.5275,HOU
65900,Patrick Beverley,13.39965,26.15805,HOU
65900,James Harden,17.25755,21.49186,HOU
65900,Marcus Thornton,17.11428,45.55431,HOU
65900,Ball,15.21173,30.32169,Ball
65900,Aron Baynes,20.8,28.63888,DET
65900,Reggie Jackson,18.40545,26.40597,DET
65900,Marcus Morris,19.67904,18.63576,DET
65900,Kentavious Caldwell-Pope,12.478580000000001,39.07473,DET
65900,Stanley Johnson,21.45123,51.51313,DET
65900,Trevor Ariza,13.90419,36.86248,HOU
65900,Dwight Howard,15.50642,30.49057,HOU
65900,Patrick Beverley,13.92237,26.16885,HOU
65900,James Harden,17.22697,21.44485,HOU
65900,Marcus Thornton,17.16278,45.54265,HOU
65900,Ball,15.3883,30.31374,Ball
65900,Aron Baynes,20.8203,28.4808,DET
65900,Reggie Jackson,19.02868,26.50445,DET
65900,Marcus Morris,19.64109,18.55529,DET
65900,Kentavious Caldwell-Pope,12.08314,38.94635,DET
65900,Stanley Johnson,21.57004,51.47943,DET
65900,Trevor Ariza,13.67145,36.77055,HOU
65900,Dwight Howard,15.5571,30.45853,HOU
65900,Patrick Beverley,14.44616,26.17013,HOU
65900,James Harden,17.18527,21.39333,HOU
65900,Marcus Thornton,17.21355,45.52101,HOU
65900,Ball,15.37113,30.2184,Ball
65900,Aron Baynes,20.87253,28.3383,DET
65900,Reggie Jackson,19.66419,26.5956,DET
65900,Marcus Morris,19.60333,18.46798,DET
65900,Kentavious Caldwell-Pope,11.686,38.80236,DET
65900,Stanley Johnson,21.69138,51.44387,DET
65900,Trevor Ariza,13.43138,36.6762,HOU
65900,Dwight Howard,15.62302,30.41701,HOU
65900,Patrick Beverley,14.9835,26.16805,HOU
65900,James Harden,17.14318,21.32549,HOU
65900,Marcus Thornton,17.27147,45.4917,HOU
65900,Ball,15.42793,30.08182,Ball
65900,Aron Baynes,20.88218,28.24733,DET
65900,Reggie Jackson,20.29193,26.6855,DET
65900,Marcus Morris,19.57221,18.37418,DET
65900,Kentavious Caldwell-Pope,11.28444,38.63626,DET
65900,Stanley Johnson,21.80779,51.40368,DET
65900,Trevor Ariza,13.1867,36.57078,HOU
65900,Dwight Howard,15.69917,30.38145,HOU
65900,Patrick Beverley,15.52378,26.15857,HOU
65900,James Harden,17.10409,21.25959,HOU
65900,Marcus Thornton,17.33433,45.45711,HOU
65900,Ball,15.56559,29.99187,Ball
65900,Aron Baynes,20.89762,28.15627,DET
65900,Reggie Jackson,20.92036,26.81381,DET
65900,Marcus Morris,19.53404,18.26623,DET
65900,Kentavious Caldwell-Pope,10.89655,38.44948,DET
65900,Stanley Johnson,21.94582,51.3946,DET
65900,Trevor Ariza,12.9308,36.48622,HOU
65900,Dwight Howard,15.78211,30.35138,HOU
65900,Patrick Beverley,16.07992,26.22411,HOU
65900,James Harden,17.06254,21.19023,HOU
65900,Marcus Thornton,17.39851,45.41666,HOU
65900,Ball,15.70796,29.84503,Ball
65900,Aron Baynes,20.91478,28.06541,DET
65900,Reggie Jackson,21.53802,26.97124,DET
65900,Marcus Morris,19.49126,18.139,DET
65900,Kentavious Caldwell-Pope,10.51188,38.24504,DET
65900,Stanley Johnson,22.05179,51.34285,DET
65900,Trevor Ariza,12.72918,36.37948,HOU
65900,Dwight Howard,15.86522,30.31812,HOU
65900,Patrick Beverley,16.62924,26.31633,HOU
65900,James Harden,17.0214,21.12137,HOU
65900,Marcus Thornton,17.46333,45.37065,HOU
65900,Ball,15.71396,29.89483,Ball
65900,Aron Baynes,20.97572,27.95872,DET
65900,Reggie Jackson,22.10447,27.16159,DET
65900,Marcus Morris,19.44879,18.00825,DET
65900,Kentavious Caldwell-Pope,10.13768,38.03134,DET
65900,Stanley Johnson,22.15371,51.28787,DET
65900,Trevor Ariza,12.5068,36.27867,HOU
65900,Dwight Howard,15.95813,30.28142,HOU
65900,Patrick Beverley,17.21998,26.3963,HOU
65900,James Harden,16.97684,21.04302,HOU
65900,Marcus Thornton,17.53269,45.32485,HOU
65900,Ball,16.28149,30.89994,Ball
65900,Aron Baynes,20.99483,27.8994,DET
65900,Reggie Jackson,22.68233,27.28177,DET
65900,Marcus Morris,19.40677,17.87057,DET
65900,Kentavious Caldwell-Pope,9.76577,37.78847,DET
65900,Stanley Johnson,22.24903,51.2324,DET
65900,Trevor Ariza,12.30483,36.15224,HOU
65900,Dwight Howard,16.05514,30.25418,HOU
65900,Patrick Beverley,17.78553,26.37367,HOU
65900,James Harden,16.94233,20.95755,HOU
65900,Marcus Thornton,17.60172,45.27024,HOU
65900,Ball,15.90455,29.93521,Ball
65900,Aron Baynes,21.00835,27.86089,DET
65900,Reggie Jackson,23.29157,27.4087,DET
65900,Marcus Morris,19.37169,17.73367,DET
65900,Kentavious Caldwell-Pope,9.3793,37.48322,DET
65900,Stanley Johnson,22.2912,51.17082,DET
65900,Trevor Ariza,12.02743,35.97795,HOU
65900,Dwight Howard,16.15461,30.22849,HOU
65900,Patrick Beverley,18.37197,26.41734,HOU
65900,James Harden,16.90704,20.87368,HOU
65900,Marcus Thornton,17.66968,45.22256,HOU
65900,Ball,16.07673,30.04233,Ball
65900,Aron Baynes,21.02424,27.81625,DET
65900,Reggie Jackson,23.89543,27.54615,DET
65900,Marcus Morris,19.33724,17.58991,DET
65900,Kentavious Caldwell-Pope,9.00396,37.14069,DET
65900,Stanley Johnson,22.3279,51.10017,DET
65900,Trevor Ariza,11.8148,35.79003,HOU
65900,Dwight Howard,16.26417,30.19458,HOU
65900,Patrick Beverley,18.94928,26.48201,HOU
65900,James Harden,16.87616,20.80078,HOU
65900,Marcus Thornton,17.73553,45.17507,HOU
65900,Ball,16.71027,30.79215,Ball
65900,Aron Baynes,21.03934,27.73668,DET
65900,Reggie Jackson,24.49665,27.7254,DET
65900,Marcus Morris,19.30862,17.43957,DET
65900,Kentavious Caldwell-Pope,8.7065,36.79579,DET
65900,Stanley Johnson,22.3556,51.03503,DET
65900,Trevor Ariza,11.590910000000001,35.58822,HOU
65900,Dwight Howard,16.37426,30.15995,HOU
65900,Patrick Beverley,19.52676,26.55965,HOU
65900,James Harden,16.84247,20.72639,HOU
65900,Marcus Thornton,17.80106,45.13279,HOU
65900,Ball,16.91208,30.78451,Ball
65900,Aron Baynes,21.04624,27.6534,DET
65900,Reggie Jackson,25.09331,27.92134,DET
65900,Marcus Morris,19.32195,17.31744,DET
65900,Kentavious Caldwell-Pope,8.46576,36.467530000000004,DET
65900,Stanley Johnson,22.35592,50.9617,DET
65900,Trevor Ariza,11.3672,35.37941,HOU
65900,Dwight Howard,16.48236,30.12617,HOU
65900,Patrick Beverley,20.10374,26.64177,HOU
65900,James Harden,16.82001,20.66696,HOU
65900,Marcus Thornton,17.859,45.09565,HOU
65900,Ball,17.05858,30.76122,Ball
65900,Aron Baynes,21.04396,27.56622,DET
65900,Reggie Jackson,25.67578,28.14065,DET
65900,Marcus Morris,19.30975,17.15881,DET
65900,Kentavious Caldwell-Pope,8.18143,36.10466,DET
65900,Stanley Johnson,22.3533,50.88483,DET
65900,Trevor Ariza,11.17551,35.21586,HOU
65900,Dwight Howard,16.59801,30.08875,HOU
65900,Patrick Beverley,20.66911,26.73332,HOU
65900,James Harden,16.79145,20.60554,HOU
65900,Marcus Thornton,17.91164,45.06993,HOU
65900,Ball,17.16288,30.72174,Ball
65900,Aron Baynes,21.00893,27.50781,DET
65900,Reggie Jackson,26.22711,28.32307,DET
65900,Marcus Morris,19.29902,16.99408,DET
65900,Kentavious Caldwell-Pope,7.90935,35.77454,DET
65900,Stanley Johnson,22.3772,50.84615,DET
65900,Trevor Ariza,10.94618,35.03937,HOU
65900,Dwight Howard,16.72061,30.04985,HOU
65900,Patrick Beverley,21.21708,26.83438,HOU
65900,James Harden,16.76568,20.53975,HOU
65900,Marcus Thornton,17.95639,45.05506,HOU
65900,Ball,17.23812,30.66552,Ball
65900,Aron Baynes,21.01595,27.4451,DET
65900,Reggie Jackson,26.74316,28.47577,DET
65900,Marcus Morris,19.30164,16.83046,DET
65900,Kentavious Caldwell-Pope,7.58559,35.43723,DET
65900,Stanley Johnson,22.38048,50.80975,DET
65900,Trevor Ariza,10.73912,34.85297,HOU
65900,Dwight Howard,16.84911,30.01181,HOU
65900,Patrick Beverley,21.74783,26.9533,HOU
65900,James Harden,16.74548,20.47864,HOU
65900,Marcus Thornton,17.99408,45.03921,HOU
65900,Ball,17.29742,30.59201,Ball
65900,Aron Baynes,21.00977,27.47297,DET
65900,Reggie Jackson,27.28305,28.62127,DET
65900,Marcus Morris,19.34323,16.67682,DET
65900,Kentavious Caldwell-Pope,7.23328,35.05352,DET
65900,Stanley Johnson,22.36944,50.76832,DET
65900,Trevor Ariza,10.56002,34.68124,HOU
65900,Dwight Howard,16.98171,29.96347,HOU
65900,Patrick Beverley,22.27024,27.13137,HOU
65900,James Harden,16.73485,20.4247,HOU
65900,Marcus Thornton,18.02985,45.02543,HOU
65900,Ball,17.33915,30.34061,Ball
65900,Aron Baynes,21.00909,27.4631,DET
65900,Reggie Jackson,27.80351,28.84624,DET
65900,Marcus Morris,19.34166,16.50712,DET
65900,Kentavious Caldwell-Pope,6.93423,34.70129,DET
65900,Stanley Johnson,22.34306,50.72449,DET
65900,Trevor Ariza,10.33182,34.46033,HOU
65900,Dwight Howard,17.12212,29.90947,HOU
65900,Patrick Beverley,22.80053,27.28752,HOU
65900,James Harden,16.73394,20.3641,HOU
65900,Marcus Thornton,18.05737,45.01012,HOU
65900,Ball,17.55403,30.37492,Ball
65900,Aron Baynes,20.96654,27.47147,DET
65900,Reggie Jackson,28.29563,29.11705,DET
65900,Marcus Morris,19.3297,16.32649,DET
65900,Kentavious Caldwell-Pope,6.6038,34.33013,DET
65900,Stanley Johnson,22.29773,50.67579,DET
65900,Trevor Ariza,10.12241,34.2209,HOU
65900,Dwight Howard,17.25188,29.83979,HOU
65900,Patrick Beverley,23.31543,27.49314,HOU
65900,James Harden,16.73664,20.31716,HOU
65900,Marcus Thornton,18.07906,44.99232,HOU
65900,Ball,18.0487,30.47357,Ball
65900,Aron Baynes,20.97299,27.43956,DET
65900,Reggie Jackson,28.76961,29.37518,DET
65900,Marcus Morris,19.33691,16.18175,DET
65900,Kentavious Caldwell-Pope,6.31327,33.96418,DET
65900,Stanley Johnson,22.22498,50.63257,DET
65900,Trevor Ariza,9.921520000000001,33.97618,HOU
65900,Dwight Howard,17.38718,29.8241,HOU
65900,Patrick Beverley,23.82468,27.71873,HOU
65900,James Harden,16.74237,20.27539,HOU
65900,Marcus Thornton,18.09365,44.97558,HOU
65900,Ball,18.78775,30.63023,Ball
65900,Aron Baynes,20.97807,27.41283,DET
65900,Reggie Jackson,29.22886,29.64047,DET
65900,Marcus Morris,19.34614,16.04645,DET
65900,Kentavious Caldwell-Pope,6.02585,33.58278,DET
65900,Stanley Johnson,22.14237,50.59364,DET
65900,Trevor Ariza,9.76051,33.6751,HOU
65900,Dwight Howard,17.52287,29.80247,HOU
65900,Patrick Beverley,24.31242,27.84375,HOU
65900,James Harden,16.75204,20.23417,HOU
65900,Marcus Thornton,18.10375,44.94733,HOU
65900,Ball,19.73575,30.83851,Ball
65900,Aron Baynes,20.95518,27.38171,DET
65900,Reggie Jackson,29.68176,29.93784,DET
65900,Marcus Morris,19.35405,15.92336,DET
65900,Kentavious Caldwell-Pope,5.74931,33.19192,DET
65900,Stanley Johnson,22.05384,50.55121,DET
65900,Trevor Ariza,9.56208,33.41318,HOU
65900,Dwight Howard,17.65737,29.77814,HOU
65900,Patrick Beverley,24.77404,27.92815,HOU
65900,James Harden,16.76582,20.18722,HOU
65900,Marcus Thornton,18.11096,44.91669,HOU
65900,Ball,20.85727,31.09205,Ball
65900,Aron Baynes,20.8856,27.3793,DET
65900,Reggie Jackson,30.12379,30.22869,DET
65900,Marcus Morris,19.34166,15.81857,DET
65900,Kentavious Caldwell-Pope,5.47812,32.77684,DET
65900,Stanley Johnson,21.9519,50.50856,DET
65900,Trevor Ariza,9.39518,33.11963,HOU
65900,Dwight Howard,17.78831,29.7545,HOU
65900,Patrick Beverley,25.22065,28.05198,HOU
65900,James Harden,16.78201,20.14503,HOU
65900,Marcus Thornton,18.11179,44.87703,HOU
65900,Ball,22.1169,31.38448,Ball
65900,Aron Baynes,20.86375,27.3503,DET
65900,Reggie Jackson,30.53322,30.56172,DET
65900,Marcus Morris,19.34155,15.70093,DET
65900,Kentavious Caldwell-Pope,5.21867,32.3992,DET
65900,Stanley Johnson,21.8368,50.46142,DET
65900,Trevor Ariza,9.22383,32.86573,HOU
65900,Dwight Howard,17.920090000000002,29.73234,HOU
65900,Patrick Beverley,25.65759,28.26544,HOU
65900,James Harden,16.7945,20.10311,HOU
65900,Marcus Thornton,18.1072,44.84222,HOU
65900,Ball,23.47919,31.70945,Ball
65900,Aron Baynes,20.81555,27.26032,DET
65900,Reggie Jackson,30.91489,30.88466,DET
65900,Marcus Morris,19.31317,15.59892,DET
65900,Kentavious Caldwell-Pope,4.99525,32.0197,DET
65900,Stanley Johnson,21.73292,50.41691,DET
65900,Trevor Ariza,9.08063,32.57605,HOU
65900,Dwight Howard,18.05581,29.71176,HOU
65900,Patrick Beverley,26.09573,28.46789,HOU
65900,James Harden,16.8069,20.06167,HOU
65900,Marcus Thornton,18.09886,44.79145,HOU
65900,Ball,24.90874,32.06059,Ball
65900,Aron Baynes,20.76152,27.18464,DET
65900,Reggie Jackson,31.30062,31.20615,DET
65900,Marcus Morris,19.28636,15.49508,DET
65900,Kentavious Caldwell-Pope,4.78021,31.64698,DET
65900,Stanley Johnson,21.58974,50.33535,DET
65900,Trevor Ariza,8.8969,32.29131,HOU
65900,Dwight Howard,18.17751,29.62977,HOU
65900,Patrick Beverley,26.52928,28.65806,HOU
65900,James Harden,16.81195,20.00898,HOU
65900,Marcus Thornton,18.08039,44.7358,HOU
65900,Ball,26.37011,32.43153,Ball
65900,Aron Baynes,20.64442,27.15742,DET
65900,Reggie Jackson,31.67837,31.5209,DET
65900,Marcus Morris,19.25223,15.38324,DET
65900,Kentavious Caldwell-Pope,4.50602,31.26577,DET
65900,Stanley Johnson,21.4661,50.29679,DET
65900,Trevor Ariza,8.72439,32.00025,HOU
65900,Dwight Howard,18.30325,29.56741,HOU
65900,Patrick Beverley,26.95316,28.86061,HOU
65900,James Harden,16.81945,19.95894,HOU
65900,Marcus Thornton,18.05423,44.67433,HOU
65900,Ball,27.82787,32.8159,Ball
65900,Aron Baynes,20.53208,27.11886,DET
65900,Reggie Jackson,32.01569,31.8322,DET
65900,Marcus Morris,19.23188,15.26185,DET
65900,Kentavious Caldwell-Pope,4.22334,30.83543,DET
65900,Stanley Johnson,21.29619,50.23919,DET
65900,Trevor Ariza,8.5626,31.71187,HOU
65900,Dwight Howard,18.42359,29.52164,HOU
65900,Patrick Beverley,27.36094,29.06471,HOU
65900,James Harden,16.83015,19.89948,HOU
65900,Marcus Thornton,18.02044,44.60744,HOU
65900,Ball,29.24661,33.20734,Ball
65900,Aron Baynes,20.42335,27.07458,DET
65900,Reggie Jackson,32.34493,32.14051,DET
65900,Marcus Morris,19.22374,15.12913,DET
65900,Kentavious Caldwell-Pope,3.9546900000000003,30.40024,DET
65900,Stanley Johnson,21.10076,50.19268,DET
65900,Trevor Ariza,8.40209,31.4125,HOU
65900,Dwight Howard,18.54427,29.483530000000002,HOU
65900,Patrick Beverley,27.75624,29.26408,HOU
65900,James Harden,16.8385,19.83535,HOU
65900,Marcus Thornton,17.9773,44.53405,HOU
65900,Ball,30.59089,33.59949,Ball
65900,Aron Baynes,20.34114,27.01286,DET
65900,Reggie Jackson,32.66019,32.45195,DET
65900,Marcus Morris,19.2007,14.95019,DET
65900,Kentavious Caldwell-Pope,3.70489,29.9536,DET
65900,Stanley Johnson,20.85272,50.10704,DET
65900,Trevor Ariza,8.26295,31.10375,HOU
65900,Dwight Howard,18.66292,29.4582,HOU
65900,Patrick Beverley,28.14318,29.46311,HOU
65900,James Harden,16.8451,19.77257,HOU
65900,Marcus Thornton,17.92924,44.4549,HOU
65900,Ball,31.82529,33.98597,Ball
65900,Aron Baynes,20.25995,26.96753,DET
65900,Reggie Jackson,32.96559,32.75687,DET
65900,Marcus Morris,19.17408,14.76518,DET
65900,Kentavious Caldwell-Pope,3.52048,29.49981,DET
65900,Stanley Johnson,20.61466,50.01795,DET
65900,Trevor Ariza,8.12419,30.79662,HOU
65900,Dwight Howard,18.78329,29.44558,HOU
65900,Patrick Beverley,28.51093,29.66475,HOU
65900,James Harden,16.84945,19.7074,HOU
65900,Marcus Thornton,17.87086,44.37455,HOU
65900,Ball,32.91439,34.36043,Ball
65900,Aron Baynes,20.18761,26.886400000000002,DET
65900,Reggie Jackson,33.26811,33.06289,DET
65900,Marcus Morris,19.14879,14.57265,DET
65900,Kentavious Caldwell-Pope,3.37915,29.07369,DET
65900,Stanley Johnson,20.40202,49.95586,DET
65900,Trevor Ariza,8.00238,30.4783,HOU
65900,Dwight Howard,18.90079,29.4505,HOU
65900,Patrick Beverley,28.86743,29.82264,HOU
65900,James Harden,16.84684,19.63903,HOU
65900,Marcus Thornton,17.79964,44.29323,HOU
65900,Ball,33.82275,34.7165,Ball
65900,Aron Baynes,20.13838,26.81531,DET
65900,Reggie Jackson,33.56513,33.34434,DET
65900,Marcus Morris,19.12513,14.37277,DET
65900,Kentavious Caldwell-Pope,3.20937,28.61189,DET
65900,Stanley Johnson,20.22535,49.91386,DET
65900,Trevor Ariza,7.89695,30.14946,HOU
65900,Dwight Howard,19.01159,29.47702,HOU
65900,Patrick Beverley,29.19686,30.00171,HOU
65900,James Harden,16.83793,19.57468,HOU
65900,Marcus Thornton,17.71715,44.2137,HOU
65900,Ball,34.51496,35.04781,Ball
65900,Aron Baynes,20.0368,26.71068,DET
65900,Reggie Jackson,33.86575,33.5993,DET
65900,Marcus Morris,19.11221,14.17339,DET
65900,Kentavious Caldwell-Pope,3.08531,28.15269,DET
65900,Stanley Johnson,20.00831,49.85618,DET
65900,Trevor Ariza,7.78825,29.82036,HOU
65900,Dwight Howard,19.12004,29.52486,HOU
65900,Patrick Beverley,29.51749,30.1448,HOU
65900,James Harden,16.82667,19.50972,HOU
65900,Marcus Thornton,17.62552,44.13855,HOU
65900,Ball,34.97112,35.37848,Ball
65900,Aron Baynes,19.8892,26.60653,DET
65900,Reggie Jackson,34.16416,33.8451,DET
65900,Marcus Morris,19.11513,13.97529,DET
65900,Kentavious Caldwell-Pope,2.9512400000000003,27.69161,DET
65900,Stanley Johnson,19.79492,49.79393,DET
65900,Trevor Ariza,7.68217,29.50582,HOU
65900,Dwight Howard,19.22087,29.51626,HOU
65900,Patrick Beverley,29.81517,30.28096,HOU
65900,James Harden,16.81277,19.44797,HOU
65900,Marcus Thornton,17.52361,44.06397,HOU
65900,Ball,35.34282,35.35981,Ball
65900,Aron Baynes,19.7201,26.49631,DET
65900,Reggie Jackson,34.4565,34.05609,DET
65900,Marcus Morris,19.09148,13.73563,DET
65900,Kentavious Caldwell-Pope,2.82446,27.23874,DET
65900,Stanley Johnson,19.5753,49.73148,DET
65900,Trevor Ariza,7.58291,29.21911,HOU
65900,Dwight Howard,19.31634,29.48762,HOU
65900,Patrick Beverley,30.08798,30.46813,HOU
65900,James Harden,16.79668,19.38116,HOU
65900,Marcus Thornton,17.40892,43.99491,HOU
65900,Ball,35.72053,35.55681,Ball
65900,Aron Baynes,19.58414,26.36599,DET
65900,Reggie Jackson,34.74003,34.20012,DET
65900,Marcus Morris,19.0769,13.49293,DET
65900,Kentavious Caldwell-Pope,2.70975,26.78846,DET
65900,Stanley Johnson,19.34527,49.67642,DET
65900,Trevor Ariza,7.50078,28.89406,HOU
65900,Dwight Howard,19.4106,29.4658,HOU
65900,Patrick Beverley,30.33665,30.64826,HOU
65900,James Harden,16.77273,19.31805,HOU
65900,Marcus Thornton,17.28393,43.92903,HOU
65900,Ball,36.03372,35.8796,Ball
65900,Aron Baynes,19.45447,26.21152,DET
65900,Reggie Jackson,35.01908,34.332300000000004,DET
65900,Marcus Morris,19.09129,13.23149,DET
65900,Kentavious Caldwell-Pope,2.60687,26.34684,DET
65900,Stanley Johnson,19.11652,49.62578,DET
65900,Trevor Ariza,7.41826,28.5693,HOU
65900,Dwight Howard,19.50103,29.43653,HOU
65900,Patrick Beverley,30.55792,30.82063,HOU
65900,James Harden,16.74874,19.25466,HOU
65900,Marcus Thornton,17.14956,43.86695,HOU
65900,Ball,36.33517,35.95436,Ball
65900,Aron Baynes,19.31526,26.05642,DET
65900,Reggie Jackson,35.29645,34.45739,DET
65900,Marcus Morris,19.09585,12.97525,DET
65900,Kentavious Caldwell-Pope,2.51845,25.86729,DET
65900,Stanley Johnson,18.85798,49.52565,DET
65900,Trevor Ariza,7.33593,28.21285,HOU
65900,Dwight Howard,19.58517,29.39781,HOU
65900,Patrick Beverley,30.75992,30.97658,HOU
65900,James Harden,16.72706,19.19992,HOU
65900,Marcus Thornton,17.00682,43.80348,HOU
65900,Ball,36.63145,36.0059,Ball
65900,Aron Baynes,19.19458,25.94653,DET
65900,Reggie Jackson,35.5663,34.56851,DET
65900,Marcus Morris,19.12837,12.69894,DET
65900,Kentavious Caldwell-Pope,2.43983,25.42101,DET
65900,Stanley Johnson,18.63896,49.47588,DET
65900,Trevor Ariza,7.29299,27.8895,HOU
65900,Dwight Howard,19.67503,29.414,HOU
65900,Patrick Beverley,30.93779,31.11903,HOU
65900,James Harden,16.70689,19.13648,HOU
65900,Marcus Thornton,16.85925,43.74698,HOU
65900,Ball,36.91271,36.03573,Ball
65900,Aron Baynes,19.07934,25.82664,DET
65900,Reggie Jackson,35.83015,34.65679,DET
65900,Marcus Morris,19.16223,12.42542,DET
65900,Kentavious Caldwell-Pope,2.36538,24.97217,DET
65900,Stanley Johnson,18.41718,49.42157,DET
65900,Trevor Ariza,7.2623,27.56793,HOU
65900,Dwight Howard,19.749670000000002,29.44124,HOU
65900,Patrick Beverley,31.09674,31.2483,HOU
65900,James Harden,16.69264,19.07578,HOU
65900,Marcus Thornton,16.71712,43.70172,HOU
65900,Ball,37.16911,36.04534,Ball
65900,Aron Baynes,19.02156,25.69967,DET
65900,Reggie Jackson,36.08643,34.71772,DET
65900,Marcus Morris,19.16047,12.12696,DET
65900,Kentavious Caldwell-Pope,2.29723,24.51932,DET
65900,Stanley Johnson,18.16476,49.32415,DET
65900,Trevor Ariza,7.22858,27.24565,HOU
65900,Dwight Howard,19.81435,29.44651,HOU
65900,Patrick Beverley,31.2335,31.35762,HOU
65900,James Harden,16.68405,19.01882,HOU
65900,Marcus Thornton,16.57128,43.65394,HOU
65900,Ball,37.38763,35.89554,Ball
65900,Aron Baynes,18.9477,25.56648,DET
65900,Reggie Jackson,36.33196,34.76049,DET
65900,Marcus Morris,19.16505,11.83849,DET
65900,Kentavious Caldwell-Pope,2.22957,24.06439,DET
65900,Stanley Johnson,17.98124,49.30417,DET
65900,Trevor Ariza,7.19452,26.92107,HOU
65900,Dwight Howard,19.88063,29.44224,HOU
65900,Patrick Beverley,31.34872,31.43958,HOU
65900,James Harden,16.680320000000002,18.9678,HOU
65900,Marcus Thornton,16.40379,43.55585,HOU
65900,Ball,37.53482,35.97002,Ball
65900,Aron Baynes,18.87525,25.38052,DET
65900,Reggie Jackson,36.566159999999996,34.77813,DET
65900,Marcus Morris,19.13121,11.57538,DET
65900,Kentavious Caldwell-Pope,2.15654,23.6194,DET
65900,Stanley Johnson,17.7888,49.27971,DET
65900,Trevor Ariza,7.16249,26.59323,HOU
65900,Dwight Howard,19.94535,29.42957,HOU
65900,Patrick Beverley,31.44444,31.49896,HOU
65900,James Harden,16.68007,18.93244,HOU
65900,Marcus Thornton,16.25291,43.49669,HOU
65900,Ball,37.52381,35.96937,Ball
65900,Aron Baynes,18.75542,25.22395,DET
65900,Reggie Jackson,36.79628,34.77217,DET
65900,Marcus Morris,19.16319,11.38429,DET
65900,Kentavious Caldwell-Pope,2.08124,23.1856,DET
65900,Stanley Johnson,17.59171,49.26283,DET
65900,Trevor Ariza,7.12849,26.25683,HOU
65900,Dwight Howard,20.00421,29.40762,HOU
65900,Patrick Beverley,31.5265,31.54442,HOU
65900,James Harden,16.68236,18.9006,HOU
65900,Marcus Thornton,16.09292,43.43022,HOU
65900,Ball,37.52445,35.953,Ball
65900,Aron Baynes,18.63147,25.0313,DET
65900,Reggie Jackson,37.02542,34.74528,DET
65900,Marcus Morris,19.19587,11.201,DET
65900,Kentavious Caldwell-Pope,2.01924,22.75122,DET
65900,Stanley Johnson,17.3911,49.26037,DET
65900,Trevor Ariza,7.09798,25.93742,HOU
65900,Dwight Howard,20.04766,29.36896,HOU
65900,Patrick Beverley,31.598019999999998,31.57,HOU
65900,James Harden,16.68541,18.87248,HOU
65900,Marcus Thornton,15.93802,43.35821,HOU
65900,Ball,37.51745,35.77866,Ball
65900,Aron Baynes,18.48728,24.86496,DET
65900,Reggie Jackson,37.25993,34.69695,DET
65900,Marcus Morris,19.17978,11.00238,DET
65900,Kentavious Caldwell-Pope,1.9543,22.32365,DET
65900,Stanley Johnson,17.15373,49.23808,DET
65900,Trevor Ariza,7.07047,25.622700000000002,HOU
65900,Dwight Howard,20.0948,29.31872,HOU
65900,Patrick Beverley,31.65619,31.57969,HOU
65900,James Harden,16.69319,18.8514,HOU
65900,Marcus Thornton,15.7739,43.27299,HOU
65900,Ball,37.59278,35.59223,Ball
65900,Aron Baynes,18.30924,24.68534,DET
65900,Reggie Jackson,37.48513,34.63363,DET
65900,Marcus Morris,19.20176,10.8219,DET
65900,Kentavious Caldwell-Pope,1.90171,21.86539,DET
65900,Stanley Johnson,16.87983,49.2064,DET
65900,Trevor Ariza,7.04811,25.32406,HOU
65900,Dwight Howard,20.12832,29.24079,HOU
65900,Patrick Beverley,31.70116,31.57988,HOU
65900,James Harden,16.70721,18.83546,HOU
65900,Marcus Thornton,15.61407,43.18808,HOU
65900,Ball,37.51374,35.52148,Ball
65900,Aron Baynes,18.17164,24.5531,DET
65900,Reggie Jackson,37.69791,34.56192,DET
65900,Marcus Morris,19.22757,10.64489,DET
65900,Kentavious Caldwell-Pope,1.8470900000000001,21.41861,DET
65900,Stanley Johnson,16.64387,49.1945,DET
65900,Trevor Ariza,7.03305,25.03459,HOU
65900,Dwight Howard,20.15295,29.15673,HOU
65900,Patrick Beverley,31.7422,31.56782,HOU
65900,James Harden,16.72295,18.82248,HOU
65900,Marcus Thornton,15.45497,43.09767,HOU
65920,Ball,37.43531,35.35897,Ball
65920,Aron Baynes,18.07167,24.394660000000002,DET
65920,Reggie Jackson,37.8964,34.48441,DET
65920,Marcus Morris,19.21563,10.42757,DET
65920,Kentavious Caldwell-Pope,1.78814,20.97169,DET
65920,Stanley Johnson,16.41386,49.18598,DET
65920,Trevor Ariza,7.03209,24.73194,HOU
65920,Dwight Howard,20.1842,29.09966,HOU
65920,Patrick Beverley,31.77334,31.546030000000002,HOU
65920,James Harden,16.74176,18.80838,HOU
65920,Marcus Thornton,15.29679,43.00282,HOU
65930,Ball,39.42278,31.83867,Ball
65930,Aron Baynes,17.05054,23.69039,DET
65930,Reggie Jackson,39.48436,33.0582,DET
65930,Marcus Morris,19.55392,8.6131,DET
65930,Kentavious Caldwell-Pope,1.54298,16.75841,DET
65930,Stanley Johnson,14.16911,49.12894,DET
65930,Trevor Ariza,7.14958,22.26203,HOU
65930,Dwight Howard,20.27924,28.69378,HOU
65930,Patrick Beverley,32.02303,31.07599,HOU
65930,James Harden,17.09554,18.85879,HOU
65930,Marcus Thornton,13.7157,42.13279,HOU
65940,Ball,41.42043,29.97308,Ball
65940,Aron Baynes,16.2802,24.78212,DET
65940,Reggie Jackson,40.58444,31.00807,DET
65940,Marcus Morris,20.19312,7.01621,DET
65940,Kentavious Caldwell-Pope,1.73439,13.18262,DET
65940,Stanley Johnson,11.87064,48.98908,DET
65940,Trevor Ariza,7.31164,20.29908,HOU
65940,Dwight Howard,20.44817,28.8048,HOU
65940,Patrick Beverley,32.31788,30.33313,HOU
65940,James Harden,17.47057,18.33653,HOU
65940,Marcus Thornton,12.17536,41.60021,HOU
65950,Ball,41.51976,28.42428,Ball
65950,Aron Baynes,16.49243,28.05072,DET
65950,Reggie Jackson,40.95977,29.316,DET
65950,Marcus Morris,20.61193,5.59265,DET
65950,Kentavious Caldwell-Pope,2.12406,10.42698,DET
65950,Stanley Johnson,9.9195,49.00943,DET
65950,Trevor Ariza,7.39463,18.39259,HOU
65950,Dwight Howard,20.59958,29.60055,HOU
65950,Patrick Beverley,32.83244,29.80911,HOU
65950,James Harden,17.9323,17.62469,HOU
65950,Marcus Thornton,10.8747,40.95484,HOU
65960,Ball,41.38458,26.45239,Ball
65960,Aron Baynes,18.36289,31.12728,DET
65960,Reggie Jackson,40.9604,27.831,DET
65960,Marcus Morris,20.86576,3.99252,DET
65960,Kentavious Caldwell-Pope,2.59551,8.1537,DET
65960,Stanley Johnson,8.08453,48.75448,DET
65960,Trevor Ariza,7.76765,16.78462,HOU
65960,Dwight Howard,20.70414,29.54765,HOU
65960,Patrick Beverley,33.24493,28.65783,HOU
65960,James Harden,18.43978,17.25045,HOU
65960,Marcus Thornton,9.75355,40.55054,HOU
65970,Ball,40.84212,25.26539,Ball
65970,Aron Baynes,21.90809,32.09282,DET
65970,Reggie Jackson,40.51097,26.30479,DET
65970,Marcus Morris,21.22974,3.77637,DET
65970,Kentavious Caldwell-Pope,3.17034,6.1798,DET
65970,Stanley Johnson,6.43926,48.63714,DET
65970,Trevor Ariza,7.92922,15.88292,HOU
65970,Dwight Howard,21.84502,28.70223,HOU
65970,Patrick Beverley,33.51866,27.15431,HOU
65970,James Harden,18.7861,16.72588,HOU
65970,Marcus Thornton,8.90258,40.30993,HOU
65980,Ball,39.13037,24.91851,Ball
65980,Aron Baynes,25.62128,31.51327,DET
65980,Reggie Jackson,39.70241,25.96522,DET
65980,Marcus Morris,21.16166,3.08986,DET
65980,Kentavious Caldwell-Pope,3.9466900000000003,4.61405,DET
65980,Stanley Johnson,5.08272,48.80255,DET
65980,Trevor Ariza,7.71257,15.52185,HOU
65980,Dwight Howard,23.70876,29.14657,HOU
65980,Patrick Beverley,33.61867,25.71219,HOU
65980,James Harden,19.02395,16.80882,HOU
65980,Marcus Thornton,8.41687,39.74786,HOU
65990,Ball,39.52351,27.802130000000002,Ball
65990,Aron Baynes,28.81941,29.823,DET
65990,Reggie Jackson,38.34303,27.19543,DET
65990,Marcus Morris,21.00787,2.69584,DET
65990,Kentavious Caldwell-Pope,4.71903,3.31631,DET
65990,Stanley Johnson,4.4379,48.90832,DET
65990,Trevor Ariza,7.96478,15.96944,HOU
65990,Dwight Howard,26.05492,30.72269,HOU
65990,Patrick Beverley,33.78417,25.8712,HOU
65990,James Harden,19.45721,17.57162,HOU
65990,Marcus Thornton,8.23634,39.35751,HOU
66000,Ball,37.32042,31.42807,Ball
66000,Aron Baynes,30.92387,28.86164,DET
66000,Reggie Jackson,36.32966,30.23903,DET
66000,Marcus Morris,21.08454,3.34102,DET
66000,Kentavious Caldwell-Pope,5.46397,2.36832,DET
66000,Stanley Johnson,3.87163,48.7996,DET
66000,Trevor Ariza,8.63077,16.8679,HOU
66000,Dwight Howard,27.88891,32.28023,HOU
66000,Patrick Beverley,34.41299,28.54366,HOU
66000,James Harden,20.30709,18.51646,HOU
66000,Marcus Thornton,8.11063,39.76108,HOU
66010,Ball,34.71387,36.76257,Ball
66010,Aron Baynes,30.96137,28.04227,DET
66010,Reggie Jackson,33.68628,34.88558,DET
66010,Marcus Morris,21.47986,3.57415,DET
66010,Kentavious Caldwell-Pope,6.0951,1.92048,DET
66010,Stanley Johnson,3.15938,48.31434,DET
66010,Trevor Ariza,9.43608,18.07297,HOU
66010,Dwight Howard,28.22877,34.59298,HOU
66010,Patrick Beverley,34.14945,31.99736,HOU
66010,James Harden,21.04526,20.40421,HOU
66010,Marcus Thornton,7.90283,40.45555,HOU
66020,Ball,29.29519,42.07118,Ball
66020,Aron Baynes,27.93398,26.958,DET
66020,Reggie Jackson,29.24271,40.15129,DET
66020,Marcus Morris,22.06294,4.24542,DET
66020,Kentavious Caldwell-Pope,6.49373,1.6203500000000002,DET
66020,Stanley Johnson,2.90699,47.72883,DET
66020,Trevor Ariza,9.75096,19.68566,HOU
66020,Dwight Howard,26.98774,38.54343,HOU
66020,Patrick Beverley,31.54902,35.58404,HOU
66020,James Harden,21.40203,22.02939,HOU
66020,Marcus Thornton,7.54905,40.95153,HOU
66030,Ball,22.07573,44.65509,Ball
66030,Aron Baynes,23.43755,27.33902,DET
66030,Reggie Jackson,23.15,43.58513,DET
66030,Marcus Morris,23.05123,6.26855,DET
66030,Kentavious Caldwell-Pope,6.35307,1.43288,DET
66030,Stanley Johnson,3.08714,47.86923,DET
66030,Trevor Ariza,9.77342,22.4213,HOU
66030,Dwight Howard,23.97921,41.70779,HOU
66030,Patrick Beverley,26.95811,38.21445,HOU
66030,James Harden,20.96079,24.44553,HOU
66030,Marcus Thornton,6.78767,41.51418,HOU
66040,Ball,15.76995,44.86688,Ball
66040,Aron Baynes,19.15595,28.77106,DET
66040,Reggie Jackson,17.12391,44.72478,DET
66040,Marcus Morris,24.17176,7.89544,DET
66040,Kentavious Caldwell-Pope,6.43721,1.4769100000000002,DET
66040,Stanley Johnson,2.92041,48.18264,DET
66040,Trevor Ariza,9.73279,24.75467,HOU
66040,Dwight Howard,19.1183,43.13698,HOU
66040,Patrick Beverley,21.17717,39.09368,HOU
66040,James Harden,19.89298,26.20617,HOU
66040,Marcus Thornton,5.98138,42.4585,HOU
66050,Ball,11.46718,42.16544,Ball
66050,Aron Baynes,14.78364,30.38997,DET
66050,Reggie Jackson,11.73724,43.44509,DET
66050,Marcus Morris,25.14418,9.46255,DET
66050,Kentavious Caldwell-Pope,6.91016,1.49104,DET
66050,Stanley Johnson,2.94304,48.2369,DET
66050,Trevor Ariza,10.4801,27.13442,HOU
66050,Dwight Howard,13.977640000000001,42.09704,HOU
66050,Patrick Beverley,15.31368,37.89005,HOU
66050,James Harden,18.16845,26.17287,HOU
66050,Marcus Thornton,5.90682,43.29595,HOU
66060,Ball,6.79042,40.16489,Ball
66060,Aron Baynes,11.67431,31.5885,DET
66060,Reggie Jackson,7.65085,41.29165,DET
66060,Marcus Morris,26.45207,11.500350000000001,DET
66060,Kentavious Caldwell-Pope,6.9639,1.3784100000000001,DET
66060,Stanley Johnson,5.1853,48.39648,DET
66060,Trevor Ariza,10.10487,27.3931,HOU
66060,Dwight Howard,9.77289,39.61106,HOU
66060,Patrick Beverley,9.71886,35.4927,HOU
66060,James Harden,15.93922,24.30647,HOU
66060,Marcus Thornton,6.22527,43.68954,HOU
66070,Ball,4.39907,40.18919,Ball
66070,Aron Baynes,9.76642,30.67141,DET
66070,Reggie Jackson,5.68545,39.43421,DET
66070,Marcus Morris,27.91245,13.94969,DET
66070,Kentavious Caldwell-Pope,6.9874600000000004,1.43245,DET
66070,Stanley Johnson,9.23524,48.18581,DET
66070,Trevor Ariza,9.03406,26.883,HOU
66070,Dwight Howard,7.40737,36.68926,HOU
66070,Patrick Beverley,5.92504,32.7383,HOU
66070,James Harden,14.16811,21.72108,HOU
66070,Marcus Thornton,6.61679,43.89783,HOU
