70990,Ball,0.27523000000000003,35.06787,Ball
70990,Jason Terry,22.83325,15.39653,HOU
70990,Trevor Ariza,-0.6717500000000001,34.80052,HOU
70990,Corey Brewer,89.10918,1.47803,HOU
70990,James Harden,13.75428,45.26747,HOU
70990,Terrence Jones,59.79395,29.84543,HOU
70990,Carmelo Anthony,88.19145,11.895,NYK
70990,Arron Afflalo,56.1296,29.15843,NYK
70990,Jose Calderon,35.89654,39.16938,NYK
70990,Langston Galloway,20.22925,33.82154,NYK
70990,Kristaps Porzingis,66.16743,27.01149,NYK
70990,Ball,1.03157,34.57998,Ball
70990,Jason Terry,23.09391,15.35636,HOU
70990,Trevor Ariza,-0.6280100000000001,34.75798,HOU
70990,Corey Brewer,89.10606,1.47581,HOU
70990,James Harden,13.88994,45.31269,HOU
70990,Terrence Jones,59.78002,29.85776,HOU
70990,Carmelo Anthony,88.18852,11.89376,NYK
70990,Arron Afflalo,56.1502,29.21165,NYK
70990,Jose Calderon,35.96016,39.18693,NYK
70990,Langston Galloway,20.26115,33.73231,NYK
70990,Kristaps Porzingis,66.22763,27.03902,NYK
70990,Ball,2.46054,33.97767,Ball
70990,Jason Terry,23.36841,15.31987,HOU
70990,Trevor Ariza,-0.5937100000000001,34.73643,HOU
70990,Corey Brewer,89.1039,1.47518,HOU
70990,James Harden,14.03293,45.35271,HOU
70990,Terrence Jones,59.76798,29.86691,HOU
70990,Carmelo Anthony,88.21507,11.87483,NYK
70990,Arron Afflalo,56.17807,29.2606,NYK
70990,Jose Calderon,36.02926,39.20558,NYK
70990,Langston Galloway,20.29795,33.61033,NYK
70990,Kristaps Porzingis,66.29156,27.07097,NYK
70990,Ball,3.72227,33.10875,Ball
70990,Jason Terry,23.64203,15.28351,HOU
70990,Trevor Ariza,-0.5118900000000001,34.66823,HOU
70990,Corey Brewer,89.10304,1.4732,HOU
70990,James Harden,14.18339,45.39129,HOU
70990,Terrence Jones,59.75614,29.88075,HOU
70990,Carmelo Anthony,88.21108,11.8739,NYK
70990,Arron Afflalo,56.21788,29.30219,NYK
70990,Jose Calderon,36.1042,39.21944,NYK
70990,Langston Galloway,20.33652,33.455,NYK
70990,Kristaps Porzingis,66.36711,27.10697,NYK
70990,Ball,5.07307,32.51238,Ball
70990,Jason Terry,23.91423,15.25039,HOU
70990,Trevor Ariza,-0.43884000000000006,34.60743,HOU
70990,Corey Brewer,89.11029,1.47804,HOU
70990,James Harden,14.34242,45.43034,HOU
70990,Terrence Jones,59.74593,29.89172,HOU
70990,Carmelo Anthony,88.20765,11.8748,NYK
70990,Arron Afflalo,56.26216,29.333,NYK
70990,Jose Calderon,36.18566,39.23634,NYK
70990,Langston Galloway,20.38602,33.25274,NYK
70990,Kristaps Porzingis,66.44668,27.14345,NYK
70990,Ball,6.17736,31.87283,Ball
70990,Jason Terry,24.18271,15.22813,HOU
70990,Trevor Ariza,-0.37033000000000005,34.54878,HOU
70990,Corey Brewer,89.11597,1.48307,HOU
70990,James Harden,14.508420000000001,45.45247,HOU
70990,Terrence Jones,59.73897,29.90099,HOU
70990,Carmelo Anthony,88.20499,11.87549,NYK
70990,Arron Afflalo,56.31266,29.36046,NYK
70990,Jose Calderon,36.26948,39.25002,NYK
70990,Langston Galloway,20.45768,33.00644,NYK
70990,Kristaps Porzingis,66.5154,27.17528,NYK
70990,Ball,7.72114,30.976,Ball
70990,Jason Terry,24.45297,15.22052,HOU
70990,Trevor Ariza,-0.30662,34.48386,HOU
70990,Corey Brewer,89.10681,1.47849,HOU
70990,James Harden,14.67688,45.48126,HOU
70990,Terrence Jones,59.73389,29.90822,HOU
70990,Carmelo Anthony,88.20259,11.875820000000001,NYK
70990,Arron Afflalo,56.36696,29.37179,NYK
70990,Jose Calderon,36.35257,39.27569,NYK
70990,Langston Galloway,20.54614,32.70791,NYK
70990,Kristaps Porzingis,66.59338,27.20681,NYK
70990,Ball,8.98095,30.57135,Ball
70990,Jason Terry,24.7325,15.22803,HOU
70990,Trevor Ariza,-0.27888,34.45511,HOU
70990,Corey Brewer,89.10247,1.47513,HOU
70990,James Harden,14.84949,45.50841,HOU
70990,Terrence Jones,59.73039,29.91126,HOU
70990,Carmelo Anthony,88.20504,11.86441,NYK
70990,Arron Afflalo,56.4261,29.37365,NYK
70990,Jose Calderon,36.43998,39.29406,NYK
70990,Langston Galloway,20.66322,32.3931,NYK
70990,Kristaps Porzingis,66.67303,27.23687,NYK
70990,Ball,10.16307,29.87743,Ball
70990,Jason Terry,25.01924,15.25768,HOU
70990,Trevor Ariza,-0.26653000000000004,34.43504,HOU
70990,Corey Brewer,89.10016,1.47357,HOU
70990,James Harden,15.02563,45.52932,HOU
70990,Terrence Jones,59.72975,29.91533,HOU
70990,Carmelo Anthony,88.20105,11.86344,NYK
70990,Arron Afflalo,56.48943,29.37049,NYK
70990,Jose Calderon,36.53408,39.30954,NYK
70990,Langston Galloway,20.80881,32.06645,NYK
70990,Kristaps Porzingis,66.77357,27.28035,NYK
70990,Ball,11.52816,29.17267,Ball
70990,Jason Terry,25.31705,15.30278,HOU
70990,Trevor Ariza,-0.28621,34.44795,HOU
70990,Corey Brewer,89.09904,1.47153,HOU
70990,James Harden,15.20469,45.55045,HOU
70990,Terrence Jones,59.72954,29.92786,HOU
70990,Carmelo Anthony,88.19473,11.87084,NYK
70990,Arron Afflalo,56.56097,29.36275,NYK
70990,Jose Calderon,36.62939,39.32177,NYK
70990,Langston Galloway,20.9771,31.74604,NYK
70990,Kristaps Porzingis,66.87043,27.31888,NYK
70990,Ball,12.86286,28.39902,Ball
70990,Jason Terry,25.6179,15.35711,HOU
70990,Trevor Ariza,-0.30393000000000003,34.48465,HOU
70990,Corey Brewer,89.09828,1.46695,HOU
70990,James Harden,15.38377,45.57435,HOU
70990,Terrence Jones,59.73133,29.93187,HOU
70990,Carmelo Anthony,88.18937,11.8699,NYK
70990,Arron Afflalo,56.63473,29.33803,NYK
70990,Jose Calderon,36.73384,39.32561,NYK
70990,Langston Galloway,21.16076,31.43694,NYK
70990,Kristaps Porzingis,66.96943,27.35446,NYK
70990,Ball,14.09673,27.81337,Ball
70990,Jason Terry,25.92617,15.43202,HOU
70990,Trevor Ariza,-0.3002,34.51895,HOU
70990,Corey Brewer,89.10019,1.46279,HOU
70990,James Harden,15.56689,45.59782,HOU
70990,Terrence Jones,59.73666,29.93944,HOU
70990,Carmelo Anthony,88.18576,11.86777,NYK
70990,Arron Afflalo,56.71009,29.30049,NYK
70990,Jose Calderon,36.84004,39.31695,NYK
70990,Langston Galloway,21.36354,31.13741,NYK
70990,Kristaps Porzingis,67.06625,27.38476,NYK
70990,Ball,15.32379,27.21004,Ball
70990,Jason Terry,26.25189,15.52218,HOU
70990,Trevor Ariza,-0.26096,34.53206,HOU
70990,Corey Brewer,89.10208,1.46045,HOU
70990,James Harden,15.73487,45.65256,HOU
70990,Terrence Jones,59.74378,29.94367,HOU
70990,Carmelo Anthony,88.18326,11.86438,NYK
70990,Arron Afflalo,56.7843,29.24584,NYK
70990,Jose Calderon,36.94961,39.31363,NYK
70990,Langston Galloway,21.59491,30.79542,NYK
70990,Kristaps Porzingis,67.16126,27.41153,NYK
70990,Ball,16.59563,26.53069,Ball
70990,Jason Terry,26.58258,15.64106,HOU
70990,Trevor Ariza,-0.19475,34.51867,HOU
70990,Corey Brewer,89.10033,1.45607,HOU
70990,James Harden,15.91042,45.70865,HOU
70990,Terrence Jones,59.75465,29.94853,HOU
70990,Carmelo Anthony,88.17682,11.86248,NYK
70990,Arron Afflalo,56.86892,29.17682,NYK
70990,Jose Calderon,37.07573,39.30365,NYK
70990,Langston Galloway,21.80859,30.46069,NYK
70990,Kristaps Porzingis,67.24836,27.42635,NYK
70990,Ball,17.85692,25.88496,Ball
70990,Jason Terry,26.91294,15.76175,HOU
70990,Trevor Ariza,-0.11131,34.57237,HOU
70990,Corey Brewer,89.09883,1.45206,HOU
70990,James Harden,16.1305,45.70597,HOU
70990,Terrence Jones,59.76815,29.95356,HOU
70990,Carmelo Anthony,88.16905,11.86336,NYK
70990,Arron Afflalo,56.96841,29.09498,NYK
70990,Jose Calderon,37.19851,39.29807,NYK
70990,Langston Galloway,22.05798,30.12995,NYK
70990,Kristaps Porzingis,67.32252,27.44139,NYK
70990,Ball,19.05738,25.31242,Ball
70990,Jason Terry,27.24058,15.87288,HOU
70990,Trevor Ariza,-0.01131,34.61943,HOU
70990,Corey Brewer,89.09732,1.4534,HOU
70990,James Harden,16.32245,45.75119,HOU
70990,Terrence Jones,59.78103,29.96144,HOU
70990,Carmelo Anthony,88.15652,11.86819,NYK
70990,Arron Afflalo,57.06999,28.99165,NYK
70990,Jose Calderon,37.32675,39.29413,NYK
70990,Langston Galloway,22.36857,29.79185,NYK
70990,Kristaps Porzingis,67.39663,27.45361,NYK
70990,Ball,20.33658,24.65791,Ball
70990,Jason Terry,27.56794,15.980550000000001,HOU
70990,Trevor Ariza,0.12356000000000002,34.64324,HOU
70990,Corey Brewer,89.10699,1.45523,HOU
70990,James Harden,16.52972,45.78802,HOU
70990,Terrence Jones,59.79374,29.97046,HOU
70990,Carmelo Anthony,88.14544,11.87322,NYK
70990,Arron Afflalo,57.15685,28.8675,NYK
70990,Jose Calderon,37.45901,39.29252,NYK
70990,Langston Galloway,22.75375,29.40217,NYK
70990,Kristaps Porzingis,67.46288,27.46978,NYK
70990,Ball,21.54602,24.12112,Ball
70990,Jason Terry,27.89681,16.09045,HOU
70990,Trevor Ariza,0.2868,34.60262,HOU
70990,Corey Brewer,89.09356,1.4477200000000001,HOU
70990,James Harden,16.75059,45.82154,HOU
70990,Terrence Jones,59.80948,29.97474,HOU
70990,Carmelo Anthony,88.13754,11.8644,NYK
70990,Arron Afflalo,57.24325,28.73831,NYK
70990,Jose Calderon,37.59391,39.29235,NYK
70990,Langston Galloway,23.16969,29.01763,NYK
70990,Kristaps Porzingis,67.53179,27.48428,NYK
70990,Ball,22.75933,23.44745,Ball
70990,Jason Terry,28.23029,16.21796,HOU
70990,Trevor Ariza,0.43681000000000003,34.62017,HOU
70990,Corey Brewer,89.08789,1.45079,HOU
70990,James Harden,16.97958,45.85714,HOU
70990,Terrence Jones,59.82386,29.97645,HOU
70990,Carmelo Anthony,88.12471,11.864,NYK
70990,Arron Afflalo,57.33196,28.6065,NYK
70990,Jose Calderon,37.73087,39.29151,NYK
70990,Langston Galloway,23.57414,28.64014,NYK
70990,Kristaps Porzingis,67.59718,27.49036,NYK
70990,Ball,23.99961,22.94266,Ball
70990,Jason Terry,28.5777,16.35618,HOU
70990,Trevor Ariza,0.6672300000000001,34.61332,HOU
70990,Corey Brewer,89.08705,1.45279,HOU
70990,James Harden,17.22355,45.87478,HOU
70990,Terrence Jones,59.83247,29.96704,HOU
70990,Carmelo Anthony,88.10778,11.87133,NYK
70990,Arron Afflalo,57.42138,28.47046,NYK
70990,Jose Calderon,37.86885,39.2903,NYK
70990,Langston Galloway,24.01051,28.28213,NYK
70990,Kristaps Porzingis,67.6602,27.49233,NYK
70990,Ball,25.231090000000002,22.38389,Ball
70990,Jason Terry,28.94118,16.5029,HOU
70990,Trevor Ariza,0.9196300000000001,34.60672,HOU
70990,Corey Brewer,89.0735,1.4445700000000001,HOU
70990,James Harden,17.4758,45.88312,HOU
70990,Terrence Jones,59.8381,29.96269,HOU
70990,Carmelo Anthony,88.09525,11.8698,NYK
70990,Arron Afflalo,57.51345,28.33347,NYK
70990,Jose Calderon,38.01148,39.28811,NYK
70990,Langston Galloway,24.46894,27.94255,NYK
70990,Kristaps Porzingis,67.718,27.48878,NYK
70990,Ball,26.2986,21.75631,Ball
70990,Jason Terry,29.3146,16.64353,HOU
70990,Trevor Ariza,1.19334,34.60155,HOU
70990,Corey Brewer,89.08521,1.44822,HOU
70990,James Harden,17.73623,45.88128,HOU
70990,Terrence Jones,59.84232,29.95853,HOU
70990,Carmelo Anthony,88.06175,11.8836,NYK
70990,Arron Afflalo,57.607,28.20186,NYK
70990,Jose Calderon,38.15269,39.27891,NYK
70990,Langston Galloway,24.95835,27.64288,NYK
70990,Kristaps Porzingis,67.76728,27.47253,NYK
70990,Ball,27.4173,21.13017,Ball
70990,Jason Terry,29.69032,16.78214,HOU
70990,Trevor Ariza,1.4836900000000002,34.61796,HOU
70990,Corey Brewer,89.10289,1.45859,HOU
70990,James Harden,18.00368,45.87446,HOU
70990,Terrence Jones,59.84636,29.95287,HOU
70990,Carmelo Anthony,88.04597,11.8907,NYK
70990,Arron Afflalo,57.69887,28.07662,NYK
70990,Jose Calderon,38.29693,39.27381,NYK
70990,Langston Galloway,25.46193,27.35337,NYK
70990,Kristaps Porzingis,67.81311,27.44769,NYK
70990,Ball,28.89105,20.3513,Ball
70990,Jason Terry,30.07296,16.92453,HOU
70990,Trevor Ariza,1.79155,34.654,HOU
70990,Corey Brewer,89.09909,1.45938,HOU
70990,James Harden,18.27673,45.86957,HOU
70990,Terrence Jones,59.82806,29.91922,HOU
70990,Carmelo Anthony,88.03582,11.88894,NYK
70990,Arron Afflalo,57.80831,27.95365,NYK
70990,Jose Calderon,38.44861,39.26708,NYK
70990,Langston Galloway,25.974990000000002,27.06829,NYK
70990,Kristaps Porzingis,67.85946,27.41642,NYK
70990,Ball,29.99156,20.01925,Ball
70990,Jason Terry,30.4678,17.11866,HOU
70990,Trevor Ariza,2.11258,34.7045,HOU
70990,Corey Brewer,89.10165,1.4619900000000001,HOU
70990,James Harden,18.55581,45.86928,HOU
70990,Terrence Jones,59.8595,29.90008,HOU
70990,Carmelo Anthony,88.02733,11.87748,NYK
70990,Arron Afflalo,57.92083,27.83378,NYK
70990,Jose Calderon,38.60479,39.25386,NYK
70990,Langston Galloway,26.50325,26.77368,NYK
70990,Kristaps Porzingis,67.90307,27.38046,NYK
70990,Ball,31.03464,19.57973,Ball
70990,Jason Terry,30.88422,17.3583,HOU
70990,Trevor Ariza,2.45477,34.75948,HOU
70990,Corey Brewer,89.11976,1.47327,HOU
70990,James Harden,18.84177,45.86801,HOU
70990,Terrence Jones,59.89376,29.87722,HOU
70990,Carmelo Anthony,88.01787,11.87888,NYK
70990,Arron Afflalo,58.0358,27.72254,NYK
70990,Jose Calderon,38.76447,39.24244,NYK
70990,Langston Galloway,27.04621,26.47281,NYK
70990,Kristaps Porzingis,67.94893,27.34608,NYK
70990,Ball,31.90691,19.31097,Ball
70990,Jason Terry,31.29863,17.59131,HOU
70990,Trevor Ariza,2.81107,34.82027,HOU
70990,Corey Brewer,89.12632,1.47997,HOU
70990,James Harden,19.134900000000002,45.86501,HOU
70990,Terrence Jones,59.92613,29.85096,HOU
70990,Carmelo Anthony,88.00707,11.87868,NYK
70990,Arron Afflalo,58.15626,27.6233,NYK
70990,Jose Calderon,38.93471,39.24226,NYK
70990,Langston Galloway,27.6104,26.15585,NYK
70990,Kristaps Porzingis,68.00149,27.31282,NYK
70990,Ball,32.47142,19.43775,Ball
70990,Jason Terry,31.70684,17.81909,HOU
70990,Trevor Ariza,3.18953,34.88639,HOU
70990,Corey Brewer,89.13049,1.48441,HOU
70990,James Harden,19.43452,45.85479,HOU
70990,Terrence Jones,59.96006,29.81839,HOU
70990,Carmelo Anthony,87.99796,11.88037,NYK
70990,Arron Afflalo,58.28328,27.5336,NYK
70990,Jose Calderon,39.11284,39.23147,NYK
70990,Langston Galloway,28.19396,25.85657,NYK
70990,Kristaps Porzingis,68.06122,27.28573,NYK
70990,Ball,32.87584,19.49585,Ball
70990,Jason Terry,32.11137,18.02969,HOU
70990,Trevor Ariza,3.6054500000000003,34.91178,HOU
70990,Corey Brewer,89.14353,1.49493,HOU
70990,James Harden,19.73946,45.83039,HOU
70990,Terrence Jones,59.99294,29.80089,HOU
70990,Carmelo Anthony,87.98757,11.88403,NYK
70990,Arron Afflalo,58.4186,27.45426,NYK
70990,Jose Calderon,39.29146,39.2292,NYK
70990,Langston Galloway,28.81699,25.55879,NYK
70990,Kristaps Porzingis,68.12967,27.26302,NYK
70990,Ball,33.55829,19.47112,Ball
70990,Jason Terry,34.18491,19.00653,HOU
70990,Trevor Ariza,5.83849,34.81738,HOU
70990,Corey Brewer,89.23404,1.53065,HOU
70990,James Harden,21.28866,45.57989,HOU
70990,Terrence Jones,59.88801,29.39052,HOU
70990,Carmelo Anthony,87.94245,11.91849,NYK
70990,Arron Afflalo,58.98239,27.17168,NYK
70990,Jose Calderon,40.30404,39.17283,NYK
70990,Langston Galloway,32.1506,24.44063,NYK
70990,Kristaps Porzingis,68.58079,27.16659,NYK
71000,Ball,30.928,31.12953,Ball
71000,Jason Terry,38.5901,20.14933,HOU
71000,Trevor Ariza,10.91254,34.29851,HOU
71000,Corey Brewer,89.44408,1.5696500000000002,HOU
71000,James Harden,24.44879,44.60485,HOU
71000,Terrence Jones,59.97786,28.71995,HOU
71000,Carmelo Anthony,87.68373,11.74619,NYK
71000,Arron Afflalo,60.2675,27.05043,NYK
71000,Jose Calderon,42.82746,38.88571,NYK
71000,Langston Galloway,39.05472,22.87162,NYK
71000,Kristaps Porzingis,69.82563,27.43038,NYK
71010,Ball,28.49519,41.62301,Ball
71010,Jason Terry,43.55285,19.58625,HOU
71010,Trevor Ariza,16.97226,33.23387,HOU
71010,Corey Brewer,89.73178,1.6240800000000002,HOU
71010,James Harden,28.29334,43.04355,HOU
71010,Terrence Jones,60.69168,29.2273,HOU
71010,Carmelo Anthony,87.43294,11.72673,NYK
71010,Arron Afflalo,61.43822,27.65456,NYK
71010,Jose Calderon,45.56339,38.1495,NYK
71010,Langston Galloway,45.77417,21.59576,NYK
71010,Kristaps Porzingis,70.9381,27.59264,NYK
71020,Ball,33.56121,41.58607,Ball
71020,Jason Terry,48.16567,18.63594,HOU
71020,Trevor Ariza,22.85747,32.53051,HOU
71020,Corey Brewer,89.74196,1.50817,HOU
71020,James Harden,32.11046,41.68625,HOU
71020,Terrence Jones,61.70782,29.79846,HOU
71020,Carmelo Anthony,87.35652,12.06199,NYK
71020,Arron Afflalo,62.29603,28.23097,NYK
71020,Jose Calderon,48.23532,36.96085,NYK
71020,Langston Galloway,51.45748,20.24265,NYK
71020,Kristaps Porzingis,71.43687,27.2038,NYK
71020,Ball,34.06764,41.52403,Ball
71020,Jason Terry,48.6801,18.59936,HOU
71020,Trevor Ariza,23.50846,32.52316,HOU
71020,Corey Brewer,89.72263,1.49386,HOU
71020,James Harden,32.49935,41.60083,HOU
71020,Terrence Jones,61.81985,29.84826,HOU
71020,Carmelo Anthony,87.34597,12.07347,NYK
71020,Arron Afflalo,62.3833,28.28285,NYK
71020,Jose Calderon,48.52028,36.80906,NYK
71020,Langston Galloway,52.00731,20.13853,NYK
71020,Kristaps Porzingis,71.5124,27.22176,NYK
71030,Ball,37.02735,41.44226,Ball
71030,Jason Terry,53.38658,17.26654,HOU
71030,Trevor Ariza,29.09319,33.29061,HOU
71030,Corey Brewer,89.37991,1.3185,HOU
71030,James Harden,36.35217,40.45297,HOU
71030,Terrence Jones,62.29592,30.17139,HOU
71030,Carmelo Anthony,87.22538,12.0188,NYK
71030,Arron Afflalo,62.99564,28.81116,NYK
71030,Jose Calderon,51.01137,35.29714,NYK
71030,Langston Galloway,57.05501,19.21277,NYK
71030,Kristaps Porzingis,72.33214,27.8188,NYK
71040,Ball,43.35163,38.80485,Ball
71040,Jason Terry,58.17802,14.85483,HOU
71040,Trevor Ariza,34.91988,35.60248,HOU
71040,Corey Brewer,88.9623,1.0662,HOU
71040,James Harden,41.22137,38.76667,HOU
71040,Terrence Jones,62.64708,31.07264,HOU
71040,Carmelo Anthony,87.10402,11.92238,NYK
71040,Arron Afflalo,63.36357,29.64472,NYK
71040,Jose Calderon,53.37527,33.54688,NYK
71040,Langston Galloway,62.23944,17.85298,NYK
71040,Kristaps Porzingis,73.01932,28.39558,NYK
71050,Ball,47.2127,35.96081,Ball
71050,Jason Terry,62.2791,12.04997,HOU
71050,Trevor Ariza,40.96251,38.47235,HOU
71050,Corey Brewer,88.89114000000001,1.00384,HOU
71050,James Harden,46.02065,36.78077,HOU
71050,Terrence Jones,63.16647,32.5256,HOU
71050,Carmelo Anthony,87.01788,12.38903,NYK
71050,Arron Afflalo,63.43688,30.49488,NYK
71050,Jose Calderon,55.988,33.8445,NYK
71050,Langston Galloway,66.75393,16.70772,NYK
71050,Kristaps Porzingis,73.41293,28.71446,NYK
71060,Ball,50.31185,33.50396,Ball
71060,Jason Terry,65.75361,9.06919,HOU
71060,Trevor Ariza,47.21615,41.24274,HOU
71060,Corey Brewer,88.97695,1.03818,HOU
71060,James Harden,50.47992,34.71831,HOU
71060,Terrence Jones,63.55081,32.81054,HOU
71060,Carmelo Anthony,86.85407000000001,12.87334,NYK
71060,Arron Afflalo,63.09073,30.4925,NYK
71060,Jose Calderon,58.98567,36.02436,NYK
71060,Langston Galloway,70.56293,15.11382,NYK
71060,Kristaps Porzingis,73.66968,29.42407,NYK
71070,Ball,54.18654,30.3274,Ball
71070,Jason Terry,68.63227,6.4864,HOU
71070,Trevor Ariza,53.64753,43.70014,HOU
71070,Corey Brewer,89.12567,0.99626,HOU
71070,James Harden,54.22106,32.30009,HOU
71070,Terrence Jones,63.60538,31.34594,HOU
71070,Carmelo Anthony,86.6404,12.79536,NYK
71070,Arron Afflalo,62.94747,29.28303,NYK
71070,Jose Calderon,62.10758,38.402590000000004,NYK
71070,Langston Galloway,73.31664,13.56634,NYK
71070,Kristaps Porzingis,73.86101,29.88549,NYK
71080,Ball,56.58944,28.12076,Ball
71080,Jason Terry,70.96493,4.3613,HOU
71080,Trevor Ariza,59.8879,45.37319,HOU
71080,Corey Brewer,89.13107,0.9519700000000001,HOU
71080,James Harden,57.17678,30.05501,HOU
71080,Terrence Jones,64.49548,30.09712,HOU
71080,Carmelo Anthony,86.45487,13.51548,NYK
71080,Arron Afflalo,63.51082,27.70167,NYK
71080,Jose Calderon,65.45575,39.64364,NYK
71080,Langston Galloway,74.60255,11.23047,NYK
71080,Kristaps Porzingis,73.50558,29.49092,NYK
71090,Ball,61.76494,32.3243,Ball
71090,Jason Terry,72.65189,2.77103,HOU
71090,Trevor Ariza,65.99664,46.63066,HOU
71090,Corey Brewer,89.14433,0.9911800000000001,HOU
71090,James Harden,60.54502,30.79507,HOU
71090,Terrence Jones,65.39152,28.651510000000002,HOU
71090,Carmelo Anthony,86.16819,14.52686,NYK
71090,Arron Afflalo,64.53393,27.06988,NYK
71090,Jose Calderon,69.16467,39.45807,NYK
71090,Langston Galloway,75.3432,10.19787,NYK
71090,Kristaps Porzingis,73.14523,30.06298,NYK
71100,Ball,65.09781,33.33832,Ball
71100,Jason Terry,73.50757,2.0701,HOU
71100,Trevor Ariza,72.28376,47.62033,HOU
71100,Corey Brewer,89.20376,1.06323,HOU
71100,James Harden,65.33704,31.67289,HOU
71100,Terrence Jones,66.36296,27.77141,HOU
71100,Carmelo Anthony,86.42914,16.57866,NYK
71100,Arron Afflalo,65.3738,28.04994,NYK
71100,Jose Calderon,72.87879,39.46524,NYK
71100,Langston Galloway,76.41131,10.12997,NYK
71100,Kristaps Porzingis,73.60072,30.12619,NYK
71110,Ball,69.34957,26.01704,Ball
71110,Jason Terry,73.06958,2.61495,HOU
71110,Trevor Ariza,78.1998,47.8665,HOU
71110,Corey Brewer,89.16812,1.20813,HOU
71110,James Harden,70.05744,30.45462,HOU
71110,Terrence Jones,67.65625,27.05386,HOU
71110,Carmelo Anthony,86.38776,17.4842,NYK
71110,Arron Afflalo,67.08338,28.7816,NYK
71110,Jose Calderon,76.39344,39.06414,NYK
71110,Langston Galloway,77.30512,10.51998,NYK
71110,Kristaps Porzingis,75.92216,29.60165,NYK
71120,Ball,69.63209,11.00817,Ball
71120,Jason Terry,71.01241,4.74099,HOU
71120,Trevor Ariza,83.19268,47.8632,HOU
71120,Corey Brewer,88.82138,1.2257500000000001,HOU
71120,James Harden,73.60876,28.13021,HOU
71120,Terrence Jones,68.40596,27.48927,HOU
71120,Carmelo Anthony,86.55733,15.82441,NYK
71120,Arron Afflalo,69.43962,28.76323,NYK
71120,Jose Calderon,79.75949,38.41063,NYK
71120,Langston Galloway,76.84658,9.86425,NYK
71120,Kristaps Porzingis,78.60633,28.2212,NYK
71130,Ball,67.87689,7.83261,Ball
71130,Jason Terry,69.08461,7.48989,HOU
71130,Trevor Ariza,87.15534,46.80436,HOU
71130,Corey Brewer,88.65383,1.09543,HOU
71130,James Harden,74.19806,25.22802,HOU
71130,Terrence Jones,69.6093,28.33263,HOU
71130,Carmelo Anthony,86.59766,12.19277,NYK
71130,Arron Afflalo,70.83412,27.94221,NYK
71130,Jose Calderon,82.74537,37.5463,NYK
71130,Langston Galloway,74.36509,10.396560000000001,NYK
71130,Kristaps Porzingis,80.15532,26.46414,NYK
71140,Ball,69.65301,16.73533,Ball
71140,Jason Terry,68.5538,8.65547,HOU
71140,Trevor Ariza,89.8686,44.61731,HOU
71140,Corey Brewer,88.71974,1.18396,HOU
71140,James Harden,72.34584,23.75195,HOU
71140,Terrence Jones,70.56064,29.33813,HOU
71140,Carmelo Anthony,86.99129,10.26481,NYK
71140,Arron Afflalo,71.15164,27.46398,NYK
71140,Jose Calderon,85.34374,36.83435,NYK
71140,Langston Galloway,71.53994,11.32224,NYK
71140,Kristaps Porzingis,80.24848,24.89953,NYK
71150,Ball,68.39236,20.47324,Ball
71150,Jason Terry,69.55669,8.13381,HOU
71150,Trevor Ariza,90.78499,43.78537,HOU
71150,Corey Brewer,88.74114,1.27162,HOU
71150,James Harden,68.94655,23.02035,HOU
71150,Terrence Jones,71.14335,31.02012,HOU
71150,Carmelo Anthony,87.37111,10.74596,NYK
71150,Arron Afflalo,69.22663,25.12498,NYK
71150,Jose Calderon,87.61352,35.44567,NYK
71150,Langston Galloway,70.55367,11.10145,NYK
71150,Kristaps Porzingis,79.29334,24.39864,NYK
71160,Ball,62.98701,19.85289,Ball
71160,Jason Terry,71.05723,8.00185,HOU
71160,Trevor Ariza,89.90562,44.74227,HOU
71160,Corey Brewer,88.68777,1.21523,HOU
71160,James Harden,65.62126,21.70302,HOU
71160,Terrence Jones,72.9376,32.31904,HOU
71160,Carmelo Anthony,87.28862,11.52904,NYK
71160,Arron Afflalo,67.01333,22.93118,NYK
71160,Jose Calderon,88.40446,34.77315,NYK
71160,Langston Galloway,72.02227,11.0049,NYK
71160,Kristaps Porzingis,78.30435,24.896160000000002,NYK
71170,Ball,60.83886,19.0984,Ball
71170,Jason Terry,72.32576,6.67946,HOU
71170,Trevor Ariza,87.79449,46.01178,HOU
71170,Corey Brewer,88.69027,1.12838,HOU
71170,James Harden,61.84813,20.35004,HOU
71170,Terrence Jones,76.10173,32.77127,HOU
71170,Carmelo Anthony,87.07692,11.61975,NYK
71170,Arron Afflalo,64.87704,21.23682,NYK
71170,Jose Calderon,87.81383,35.66172,NYK
71170,Langston Galloway,73.8913,11.44903,NYK
71170,Kristaps Porzingis,77.82698,26.07,NYK
71180,Ball,58.15954,17.45659,Ball
71180,Jason Terry,73.27748,6.00101,HOU
71180,Trevor Ariza,84.67348,47.05588,HOU
71180,Corey Brewer,88.7569,1.18842,HOU
71180,James Harden,58.97315,19.53037,HOU
71180,Terrence Jones,79.15257,33.21339,HOU
71180,Carmelo Anthony,86.77317,11.9635,NYK
71180,Arron Afflalo,63.06691,19.90093,NYK
71180,Jose Calderon,86.39033,37.16412,NYK
71180,Langston Galloway,74.97339,11.383610000000001,NYK
71180,Kristaps Porzingis,77.61718,27.00036,NYK
71190,Ball,56.18999,16.45256,Ball
71190,Jason Terry,73.90931,5.51355,HOU
71190,Trevor Ariza,80.82286,47.34308,HOU
71190,Corey Brewer,88.97976,1.4323700000000001,HOU
71190,James Harden,56.86041,18.64296,HOU
71190,Terrence Jones,81.80211,33.47851,HOU
71190,Carmelo Anthony,86.44804,12.80723,NYK
71190,Arron Afflalo,61.41988,19.06926,NYK
71190,Jose Calderon,83.56395,38.80157,NYK
71190,Langston Galloway,75.61516,10.6384,NYK
71190,Kristaps Porzingis,77.86445,27.74109,NYK
71200,Ball,55.70706,16.70864,Ball
71200,Jason Terry,74.49631,5.09929,HOU
71200,Trevor Ariza,77.48832,46.83924,HOU
71200,Corey Brewer,89.03094,1.47285,HOU
71200,James Harden,55.3036,17.92513,HOU
71200,Terrence Jones,84.0889,33.99915,HOU
71200,Carmelo Anthony,86.19179,13.34071,NYK
71200,Arron Afflalo,60.41994,18.89542,NYK
71200,Jose Calderon,80.2898,40.06617,NYK
71200,Langston Galloway,75.67,10.17246,NYK
71200,Kristaps Porzingis,79.58627,28.25696,NYK
71210,Ball,55.1945,19.04741,Ball
71210,Jason Terry,75.26251,4.81875,HOU
71210,Trevor Ariza,75.9421,46.70577,HOU
71210,Corey Brewer,88.9185,1.3110300000000001,HOU
71210,James Harden,55.02804,18.17985,HOU
71210,Terrence Jones,85.55562,34.18948,HOU
71210,Carmelo Anthony,85.68748,13.4873,NYK
71210,Arron Afflalo,60.19656,18.98509,NYK
71210,Jose Calderon,78.0025,40.50932,NYK
71210,Langston Galloway,75.75849,10.34066,NYK
71210,Kristaps Porzingis,81.24381,27.73356,NYK
71220,Ball,55.35799,16.87179,Ball
71220,Jason Terry,76.82439,5.32889,HOU
71220,Trevor Ariza,75.85912,47.07026,HOU
71220,Corey Brewer,88.772,1.14003,HOU
71220,James Harden,56.34371,17.95698,HOU
71220,Terrence Jones,85.87899,33.83899,HOU
71220,Carmelo Anthony,85.61149,13.49593,NYK
71220,Arron Afflalo,60.71091,18.85905,NYK
71220,Jose Calderon,77.61987,40.49084,NYK
71220,Langston Galloway,76.0745,10.36719,NYK
71220,Kristaps Porzingis,82.8112,27.91814,NYK
71230,Ball,59.08283,16.73778,Ball
71230,Jason Terry,79.41126,7.8295,HOU
71230,Trevor Ariza,76.66102,47.61331,HOU
71230,Corey Brewer,88.75441000000001,1.08662,HOU
71230,James Harden,58.64441,17.92498,HOU
71230,Terrence Jones,85.65303,33.80121,HOU
71230,Carmelo Anthony,85.30573,12.6317,NYK
71230,Arron Afflalo,62.29894,18.61685,NYK
71230,Jose Calderon,78.24905,40.34702,NYK
71230,Langston Galloway,76.94169,10.76099,NYK
71230,Kristaps Porzingis,84.14227,28.21398,NYK
71240,Ball,62.72175,15.54073,Ball
71240,Jason Terry,82.17576,11.88347,HOU
71240,Trevor Ariza,77.64355,48.15743,HOU
71240,Corey Brewer,88.67997,1.09156,HOU
71240,James Harden,62.06956,17.25941,HOU
71240,Terrence Jones,85.34901,33.04741,HOU
71240,Carmelo Anthony,84.68613,12.10734,NYK
71240,Arron Afflalo,64.65062,18.55546,NYK
71240,Jose Calderon,79.31993,40.3118,NYK
71240,Langston Galloway,78.73152,12.38916,NYK
71240,Kristaps Porzingis,85.0177,28.68277,NYK
71250,Ball,68.99514,14.13272,Ball
71250,Jason Terry,84.14967,16.32054,HOU
71250,Trevor Ariza,78.26832,48.21104,HOU
71250,Corey Brewer,88.51826,1.06362,HOU
71250,James Harden,67.42137,16.06021,HOU
71250,Terrence Jones,85.83441,32.82792,HOU
71250,Carmelo Anthony,84.99683,12.88287,NYK
71250,Arron Afflalo,68.40165,18.32601,NYK
71250,Jose Calderon,80.38503,40.25618,NYK
71250,Langston Galloway,81.41449,14.84627,NYK
71250,Kristaps Porzingis,85.05986,28.680320000000002,NYK
71260,Ball,74.41001,13.52247,Ball
71260,Jason Terry,86.74819,21.34472,HOU
71260,Trevor Ariza,76.75095,47.06592,HOU
71260,Corey Brewer,88.55777,1.20732,HOU
71260,James Harden,73.07853,15.44935,HOU
71260,Terrence Jones,85.86733,32.70156,HOU
71260,Carmelo Anthony,84.87475,14.45565,NYK
71260,Arron Afflalo,74.08082,18.46299,NYK
71260,Jose Calderon,80.94921,39.7061,NYK
71260,Langston Galloway,83.99517,18.47684,NYK
71260,Kristaps Porzingis,85.15243,28.05449,NYK
71270,Ball,74.10877,15.2425,Ball
71270,Jason Terry,89.51816,27.4181,HOU
71270,Trevor Ariza,73.86402,44.59286,HOU
71270,Corey Brewer,88.5931,1.40016,HOU
71270,James Harden,74.87221,15.00545,HOU
71270,Terrence Jones,86.26289,32.37223,HOU
71270,Carmelo Anthony,84.43418,14.62714,NYK
71270,Arron Afflalo,78.70489,18.40044,NYK
71270,Jose Calderon,80.589,39.24453,NYK
71270,Langston Galloway,86.59122,22.3264,NYK
71270,Kristaps Porzingis,85.45686,27.58962,NYK
71280,Ball,72.52597,14.92901,Ball
71280,Jason Terry,90.83977,33.51911,HOU
71280,Trevor Ariza,70.3824,41.06621,HOU
71280,Corey Brewer,88.55518000000001,1.39492,HOU
71280,James Harden,73.55952,13.54149,HOU
71280,Terrence Jones,86.75833,31.57402,HOU
71280,Carmelo Anthony,84.36192,13.93716,NYK
71280,Arron Afflalo,79.78139,17.31673,NYK
71280,Jose Calderon,78.87092,38.4221,NYK
71280,Langston Galloway,88.35434,24.96099,NYK
71280,Kristaps Porzingis,85.48168,27.71455,NYK
71290,Ball,69.83392,13.4001,Ball
71290,Jason Terry,90.27947,39.074,HOU
71290,Trevor Ariza,67.25538,37.25946,HOU
71290,Corey Brewer,88.42754,1.39119,HOU
71290,James Harden,70.97894,12.28846,HOU
71290,Terrence Jones,87.07383,30.40687,HOU
71290,Carmelo Anthony,85.06103,13.49703,NYK
71290,Arron Afflalo,77.97384,15.76651,NYK
71290,Jose Calderon,75.83719,36.83882,NYK
71290,Langston Galloway,89.53004,28.29064,NYK
71290,Kristaps Porzingis,85.84582,27.9949,NYK
71300,Ball,68.42236,12.31561,Ball
71300,Jason Terry,87.64464,42.87361,HOU
71300,Trevor Ariza,64.92797,33.54751,HOU
71300,Corey Brewer,88.30864,1.56305,HOU
71300,James Harden,68.72785,11.74044,HOU
71300,Terrence Jones,87.76583,29.44425,HOU
71300,Carmelo Anthony,85.48755,12.97547,NYK
71300,Arron Afflalo,73.9697,14.09163,NYK
71300,Jose Calderon,72.11234,34.01209,NYK
71300,Langston Galloway,89.21705,31.7422,NYK
71300,Kristaps Porzingis,86.28423,27.5339,NYK
71310,Ball,70.79654,10.596260000000001,Ball
71310,Jason Terry,83.67361,44.88806,HOU
71310,Trevor Ariza,64.09821,31.57015,HOU
71310,Corey Brewer,88.15203,1.93459,HOU
71310,James Harden,68.35849,11.98043,HOU
71310,Terrence Jones,88.19334,28.40851,HOU
71310,Carmelo Anthony,85.54917,12.28862,NYK
71310,Arron Afflalo,70.6477,13.1772,NYK
71310,Jose Calderon,68.95044,31.1016,NYK
71310,Langston Galloway,87.54201,34.87476,NYK
71310,Kristaps Porzingis,86.47056,26.69348,NYK
71330,Ball,86.54491,2.26916,Ball
71330,Jason Terry,75.83036,45.17474,HOU
71330,Trevor Ariza,63.88248,31.03366,HOU
71330,Corey Brewer,87.4613,2.3081300000000002,HOU
71330,James Harden,67.51249,13.92001,HOU
71330,Terrence Jones,88.90877,29.40017,HOU
71330,Carmelo Anthony,86.21976,6.58699,NYK
71330,Arron Afflalo,68.89798,12.21266,NYK
71330,Jose Calderon,68.3004,30.83898,NYK
71330,Langston Galloway,84.35725,37.43604,NYK
71330,Kristaps Porzingis,88.4178,24.39143,NYK
71340,Ball,84.01788,1.41486,Ball
71340,Jason Terry,73.09089,44.71151,HOU
71340,Trevor Ariza,63.74872,31.08734,HOU
71340,Corey Brewer,85.09057,3.15015,HOU
71340,James Harden,65.42677,13.73286,HOU
71340,Terrence Jones,88.94033,30.71045,HOU
71340,Carmelo Anthony,86.08339,5.0725,NYK
71340,Arron Afflalo,69.1036,13.48903,NYK
71340,Jose Calderon,69.07455,30.46922,NYK
71340,Langston Galloway,82.99918,36.14169,NYK
71340,Kristaps Porzingis,88.88376,24.23424,NYK
71350,Ball,80.01008,5.00979,Ball
71350,Jason Terry,71.69311,44.491460000000004,HOU
71350,Trevor Ariza,63.7234,31.27042,HOU
71350,Corey Brewer,81.85627,5.32007,HOU
71350,James Harden,62.72985,12.13462,HOU
71350,Terrence Jones,88.91575,31.74215,HOU
71350,Carmelo Anthony,84.24745,6.4005,NYK
71350,Arron Afflalo,67.69395,13.73139,NYK
71350,Jose Calderon,69.40506,30.01271,NYK
71350,Langston Galloway,81.52007,35.06138,NYK
71350,Kristaps Porzingis,88.77694,24.89076,NYK
71360,Ball,75.765,9.11599,Ball
71360,Jason Terry,71.51675,44.66095,HOU
71360,Trevor Ariza,63.63319,31.48166,HOU
71360,Corey Brewer,78.18891,9.0211,HOU
71360,James Harden,60.27585,10.17256,HOU
71360,Terrence Jones,88.85201,32.37612,HOU
71360,Carmelo Anthony,81.86255,9.55843,NYK
71360,Arron Afflalo,65.65166,12.55959,NYK
71360,Jose Calderon,69.50808,29.38664,NYK
71360,Langston Galloway,79.88681,35.04655,NYK
71360,Kristaps Porzingis,88.63009,25.70105,NYK
71370,Ball,73.01153,14.15729,Ball
71370,Jason Terry,72.72157,45.21481,HOU
71370,Trevor Ariza,62.52193,31.43392,HOU
71370,Corey Brewer,74.98037,13.49645,HOU
71370,James Harden,58.13057,8.46962,HOU
71370,Terrence Jones,88.87257,32.09151,HOU
71370,Carmelo Anthony,79.73782,12.825330000000001,NYK
71370,Arron Afflalo,63.4026,11.81543,NYK
71370,Jose Calderon,68.76279,30.06934,NYK
71370,Langston Galloway,78.47701,36.18519,NYK
71370,Kristaps Porzingis,88.25538,26.89676,NYK
71380,Ball,69.44756,19.09975,Ball
71380,Jason Terry,75.1781,45.885,HOU
71380,Trevor Ariza,60.275,30.58393,HOU
71380,Corey Brewer,72.46108,18.62256,HOU
71380,James Harden,56.86842,6.85704,HOU
71380,Terrence Jones,88.70722,32.11843,HOU
71380,Carmelo Anthony,77.34465,15.8256,NYK
71380,Arron Afflalo,61.65812,11.33941,NYK
71380,Jose Calderon,66.59776,29.95504,NYK
71380,Langston Galloway,77.6029,37.54141,NYK
71380,Kristaps Porzingis,87.72245,27.68778,NYK
71390,Ball,59.29234,27.35427,Ball
71390,Jason Terry,77.44114,46.82694,HOU
71390,Trevor Ariza,58.15638,29.0451,HOU
71390,Corey Brewer,70.47142,23.91545,HOU
71390,James Harden,56.79403,6.08008,HOU
71390,Terrence Jones,88.10877,32.13736,HOU
71390,Carmelo Anthony,75.0022,19.62496,NYK
71390,Arron Afflalo,60.82461,10.15822,NYK
71390,Jose Calderon,63.23543,28.85678,NYK
71390,Langston Galloway,78.19997,38.2099,NYK
71390,Kristaps Porzingis,87.38946,28.14005,NYK
71400,Ball,58.64187,31.42773,Ball
71400,Jason Terry,78.74937,47.6255,HOU
71400,Trevor Ariza,58.33999,29.90262,HOU
71400,Corey Brewer,69.04267,29.98761,HOU
71400,James Harden,57.63867,5.90693,HOU
71400,Terrence Jones,87.44017,32.19065,HOU
71400,Carmelo Anthony,73.74911,23.88833,NYK
71400,Arron Afflalo,61.34988,8.88787,NYK
71400,Jose Calderon,60.88773,28.05726,NYK
71400,Langston Galloway,79.30033,38.63438,NYK
71400,Kristaps Porzingis,87.03234,28.03756,NYK
71410,Ball,61.6073,33.68453,Ball
71410,Jason Terry,79.99813,48.21281,HOU
71410,Trevor Ariza,60.94374,32.56186,HOU
71410,Corey Brewer,68.53005,36.48759,HOU
71410,James Harden,58.55594,6.03479,HOU
71410,Terrence Jones,86.7285,32.81849,HOU
71410,Carmelo Anthony,73.17376,28.45294,NYK
71410,Arron Afflalo,61.79821,8.17387,NYK
71410,Jose Calderon,61.68309,29.23792,NYK
71410,Langston Galloway,80.62942,40.18312,NYK
71410,Kristaps Porzingis,86.32788,27.7642,NYK
71420,Ball,63.11038,34.53699,Ball
71420,Jason Terry,81.45848,48.68671,HOU
71420,Trevor Ariza,63.0696,34.58519,HOU
71420,Corey Brewer,69.05751,41.59275,HOU
71420,James Harden,59.40492,6.53066,HOU
71420,Terrence Jones,85.94468,32.97442,HOU
71420,Carmelo Anthony,72.56659,31.68906,NYK
71420,Arron Afflalo,61.86285,8.14109,NYK
71420,Jose Calderon,63.70151,31.01128,NYK
71420,Langston Galloway,81.52109,41.18284,NYK
71420,Kristaps Porzingis,85.49268000000001,28.08884,NYK
71430,Ball,67.04746,33.7077,Ball
71430,Jason Terry,82.15816,48.65139,HOU
71430,Trevor Ariza,63.85928,35.26852,HOU
71430,Corey Brewer,71.13847,44.29944,HOU
71430,James Harden,59.97869,6.74626,HOU
71430,Terrence Jones,86.03319,32.50485,HOU
71430,Carmelo Anthony,73.36517,32.84875,NYK
71430,Arron Afflalo,61.98943,8.21128,NYK
71430,Jose Calderon,65.83959,33.03325,NYK
71430,Langston Galloway,81.67311,40.65172,NYK
71430,Kristaps Porzingis,84.6295,28.42443,NYK
71440,Ball,74.8598,30.8159,Ball
71440,Jason Terry,82.11459,48.23559,HOU
71440,Trevor Ariza,64.29682,36.28515,HOU
71440,Corey Brewer,74.75145,44.97976,HOU
71440,James Harden,59.95739,7.12703,HOU
71440,Terrence Jones,87.46932,30.64492,HOU
71440,Carmelo Anthony,75.13769,31.95179,NYK
71440,Arron Afflalo,62.26286,8.45311,NYK
71440,Jose Calderon,67.67667,35.29817,NYK
71440,Langston Galloway,81.54166,38.87087,NYK
71440,Kristaps Porzingis,85.56727,28.41796,NYK
71450,Ball,82.42963,27.8704,Ball
71450,Jason Terry,82.26842,47.717530000000004,HOU
71450,Trevor Ariza,63.69299,37.8418,HOU
71450,Corey Brewer,78.60088,42.53368,HOU
71450,James Harden,59.69752,7.54699,HOU
71450,Terrence Jones,89.24374,27.95682,HOU
71450,Carmelo Anthony,77.37922,30.48078,NYK
71450,Arron Afflalo,62.17039,8.68339,NYK
71450,Jose Calderon,68.51987,35.96833,NYK
71450,Langston Galloway,81.03745,36.92821,NYK
71450,Kristaps Porzingis,87.5959,28.18773,NYK
71460,Ball,89.02039,24.90089,Ball
71460,Jason Terry,81.89586,47.24766,HOU
71460,Trevor Ariza,62.1187,39.48293,HOU
71460,Corey Brewer,82.22452,38.501,HOU
71460,James Harden,59.44533,7.07604,HOU
71460,Terrence Jones,90.52783,26.18054,HOU
71460,Carmelo Anthony,79.71459,28.56323,NYK
71460,Arron Afflalo,61.60186,8.59584,NYK
71460,Jose Calderon,69.10008,35.52773,NYK
71460,Langston Galloway,80.87109,35.21256,NYK
71460,Kristaps Porzingis,88.84525,26.50463,NYK
71470,Ball,85.73511,24.0726,Ball
71470,Jason Terry,81.02008,46.65138,HOU
71470,Trevor Ariza,59.92602,40.26555,HOU
71470,Corey Brewer,84.66556,33.38932,HOU
71470,James Harden,59.03984,6.44396,HOU
71470,Terrence Jones,90.84336,25.483530000000002,HOU
71470,Carmelo Anthony,81.48414,26.39676,NYK
71470,Arron Afflalo,61.10673,8.20625,NYK
71470,Jose Calderon,69.95902,34.82058,NYK
71470,Langston Galloway,81.66996,33.96956,NYK
71470,Kristaps Porzingis,89.64338,24.2316,NYK
71480,Ball,82.73941,23.47961,Ball
71480,Jason Terry,80.10284,45.64112,HOU
71480,Trevor Ariza,58.06984,39.85422,HOU
71480,Corey Brewer,85.42611,28.31039,HOU
71480,James Harden,58.80849,6.40186,HOU
71480,Terrence Jones,90.31079,25.47222,HOU
71480,Carmelo Anthony,82.26651,24.44724,NYK
71480,Arron Afflalo,60.50155,8.13164,NYK
71480,Jose Calderon,70.65145,33.35657,NYK
71480,Langston Galloway,82.19441,32.89643,NYK
71480,Kristaps Porzingis,89.47413,23.61393,NYK
71490,Ball,81.4836,21.53222,Ball
71490,Jason Terry,78.69228,44.27035,HOU
71490,Trevor Ariza,56.08143,38.55761,HOU
71490,Corey Brewer,84.25035,22.79697,HOU
71490,James Harden,58.2971,7.30841,HOU
71490,Terrence Jones,88.90299,25.21221,HOU
71490,Carmelo Anthony,81.95929,21.60637,NYK
71490,Arron Afflalo,58.67608,8.17466,NYK
71490,Jose Calderon,71.58161,31.36824,NYK
71490,Langston Galloway,82.65801,31.99853,NYK
71490,Kristaps Porzingis,88.90934,23.43806,NYK
71500,Ball,81.53513,21.06734,Ball
71500,Jason Terry,77.38947,42.8464,HOU
71500,Trevor Ariza,53.85023,36.88648,HOU
71500,Corey Brewer,81.75142,18.15954,HOU
71500,James Harden,57.99889,7.93028,HOU
71500,Terrence Jones,87.04533,24.58575,HOU
71500,Carmelo Anthony,81.69678,19.7451,NYK
71500,Arron Afflalo,57.99889,7.93028,NYK
71500,Jose Calderon,72.73947,28.9645,NYK
71500,Langston Galloway,82.85103,31.37213,NYK
71500,Kristaps Porzingis,88.50327,23.09402,NYK
71510,Ball,82.13679,19.70462,Ball
71510,Jason Terry,76.08947,41.24982,HOU
71510,Trevor Ariza,52.01116,35.60373,HOU
71510,Corey Brewer,78.82675,16.79006,HOU
71510,James Harden,57.86466,7.70163,HOU
71510,Terrence Jones,84.28563,22.66061,HOU
71510,Carmelo Anthony,81.98996,18.42409,NYK
71510,Arron Afflalo,57.86466,7.70163,NYK
71510,Jose Calderon,74.1574,27.05044,NYK
71510,Langston Galloway,82.56473,31.43705,NYK
71510,Kristaps Porzingis,87.61216,22.34986,NYK
71520,Ball,82.66674,18.50433,Ball
71520,Jason Terry,75.08598,39.78463,HOU
71520,Trevor Ariza,50.34315,34.40212,HOU
71520,Corey Brewer,77.36781,16.55845,HOU
71520,James Harden,57.81872,7.70859,HOU
71520,Terrence Jones,81.67602,20.0546,HOU
71520,Carmelo Anthony,81.82857,17.73233,NYK
71520,Arron Afflalo,57.81872,7.70859,NYK
71520,Jose Calderon,76.03344,26.4948,NYK
71520,Langston Galloway,81.72178,32.04605,NYK
71520,Kristaps Porzingis,87.2406,21.78255,NYK
71530,Ball,82.36171,18.74017,Ball
71530,Jason Terry,74.52916,38.32449,HOU
71530,Trevor Ariza,48.48678,33.39561,HOU
71530,Corey Brewer,77.33588,16.64867,HOU
71530,James Harden,57.76156,7.67507,HOU
71530,Terrence Jones,80.21299,19.08686,HOU
71530,Carmelo Anthony,80.72357,17.33274,NYK
71530,Arron Afflalo,57.76156,7.67507,NYK
71530,Jose Calderon,78.43921,26.76768,NYK
71530,Langston Galloway,80.39733,33.48003,NYK
71530,Kristaps Porzingis,87.57693,21.4071,NYK
