70030,Ball,33.8846,14.47383,Ball
70030,Tayshaun Prince,9.71207,40.84706,MIN
70030,Gorgui Dieng,13.21698,19.46207,MIN
70030,Zach LaVine,27.89764,15.56607,MIN
70030,Andrew Wiggins,19.5199,32.55908,MIN
70030,Damjan Rudez,8.29155,10.70101,MIN
70030,Kyle Korver,6.16009,47.9743,ATL
70030,Paul Millsap,6.77039,9.05156,ATL
70030,Al Horford,11.63047,17.88364,ATL
70030,Thabo Sefolosha,26.96804,43.37793,ATL
70030,Jeff Teague,33.36618,13.60941,ATL
70040,Ball,32.2531,14.89692,Ball
70040,Tayshaun Prince,9.81341,41.42927,MIN
70040,Gorgui Dieng,13.2157,18.2974,MIN
70040,Zach LaVine,28.02239,16.44905,MIN
70040,Andrew Wiggins,18.79242,33.00938,MIN
70040,Damjan Rudez,5.8698,8.47101,MIN
70040,Kyle Korver,6.3696,48.17886,ATL
70040,Paul Millsap,5.15962,5.99166,ATL
70040,Al Horford,12.95192,14.91578,ATL
70040,Thabo Sefolosha,25.09789,43.48525,ATL
70040,Jeff Teague,33.45929,14.79412,ATL
70050,Ball,34.49049,16.9778,Ball
70050,Tayshaun Prince,9.78358,41.84986,MIN
70050,Gorgui Dieng,15.23074,16.33295,MIN
70050,Zach LaVine,28.07556,17.21726,MIN
70050,Andrew Wiggins,18.17059,33.66179,MIN
70050,Damjan Rudez,5.30576,8.67669,MIN
70050,Kyle Korver,6.40024,48.27972,ATL
70050,Paul Millsap,3.9001,3.93878,ATL
70050,Al Horford,16.45047,13.4521,ATL
70050,Thabo Sefolosha,23.26651,43.60783,ATL
70050,Jeff Teague,33.47078,15.90678,ATL
70060,Ball,34.29402,18.76366,Ball
70060,Tayshaun Prince,9.40363,41.86592,MIN
70060,Gorgui Dieng,17.77815,15.18861,MIN
70060,Zach LaVine,27.90801,18.04163,MIN
70060,Andrew Wiggins,17.29792,33.86396,MIN
70060,Damjan Rudez,5.71134,9.851890000000001,MIN
70060,Kyle Korver,6.39341,48.26251,ATL
70060,Paul Millsap,3.07982,2.59423,ATL
70060,Al Horford,20.68724,13.86431,ATL
70060,Thabo Sefolosha,21.11354,43.31758,ATL
70060,Jeff Teague,33.09328,17.33299,ATL
70070,Ball,31.38172,18.31194,Ball
70070,Tayshaun Prince,9.42266,41.80404,MIN
70070,Gorgui Dieng,18.56145,15.31848,MIN
70070,Zach LaVine,27.25642,18.95972,MIN
70070,Andrew Wiggins,16.41745,33.84808,MIN
70070,Damjan Rudez,6.60371,11.06027,MIN
70070,Kyle Korver,6.5319400000000005,48.31139,ATL
70070,Paul Millsap,2.6948600000000003,2.9178800000000003,ATL
70070,Al Horford,24.40671,15.76049,ATL
70070,Thabo Sefolosha,18.69927,42.50862,ATL
70070,Jeff Teague,31.95435,18.02497,ATL
70080,Ball,31.07334,22.41118,Ball
70080,Tayshaun Prince,9.99332,41.89889,MIN
70080,Gorgui Dieng,18.25653,16.28814,MIN
70080,Zach LaVine,27.10198,21.25135,MIN
70080,Andrew Wiggins,15.79296,33.58251,MIN
70080,Damjan Rudez,8.01346,11.89425,MIN
70080,Kyle Korver,6.61053,48.35153,ATL
70080,Paul Millsap,2.76173,3.96855,ATL
70080,Al Horford,25.98226,17.8448,ATL
70080,Thabo Sefolosha,15.96454,41.1088,ATL
70080,Jeff Teague,30.06098,20.85491,ATL
70090,Ball,29.03646,26.54674,Ball
70090,Tayshaun Prince,10.56763,42.29761,MIN
70090,Gorgui Dieng,17.6796,17.74279,MIN
70090,Zach LaVine,26.38969,25.22166,MIN
70090,Andrew Wiggins,15.05149,33.49046,MIN
70090,Damjan Rudez,8.4324,12.09007,MIN
70090,Kyle Korver,6.55069,48.21446,ATL
70090,Paul Millsap,2.77016,4.6666,ATL
70090,Al Horford,26.40995,19.37922,ATL
70090,Thabo Sefolosha,12.64232,38.81098,ATL
70090,Jeff Teague,27.94491,24.73373,ATL
70100,Ball,28.07699,26.81285,Ball
70100,Tayshaun Prince,10.79394,42.3619,MIN
70100,Gorgui Dieng,17.52597,19.2919,MIN
70100,Zach LaVine,24.62619,28.05567,MIN
70100,Andrew Wiggins,14.14281,33.82901,MIN
70100,Damjan Rudez,7.70797,12.25072,MIN
70100,Kyle Korver,6.56035,48.12463,ATL
70100,Paul Millsap,2.70282,5.38756,ATL
70100,Al Horford,26.98962,20.47526,ATL
70100,Thabo Sefolosha,9.49302,34.93991,ATL
70100,Jeff Teague,27.20391,27.24815,ATL
70110,Ball,28.67599,26.92689,Ball
70110,Tayshaun Prince,10.72586,42.1062,MIN
70110,Gorgui Dieng,18.147100000000002,20.64186,MIN
70110,Zach LaVine,23.94194,28.58746,MIN
70110,Andrew Wiggins,12.57112,32.57508,MIN
70110,Damjan Rudez,6.98841,13.24593,MIN
70110,Kyle Korver,6.77951,48.15194,ATL
70110,Paul Millsap,3.04604,5.87375,ATL
70110,Al Horford,27.93303,21.09546,ATL
70110,Thabo Sefolosha,7.41773,30.48384,ATL
70110,Jeff Teague,27.46519,28.40999,ATL
70120,Ball,28.35668,27.22681,Ball
70120,Tayshaun Prince,11.20962,41.75989,MIN
70120,Gorgui Dieng,19.83119,20.70537,MIN
70120,Zach LaVine,24.72328,28.599,MIN
70120,Andrew Wiggins,10.75548,30.46999,MIN
70120,Damjan Rudez,6.34435,13.60267,MIN
70120,Kyle Korver,7.48107,48.32926,ATL
70120,Paul Millsap,2.95233,6.31576,ATL
70120,Al Horford,28.71847,21.44717,ATL
70120,Thabo Sefolosha,6.17895,26.22486,ATL
70120,Jeff Teague,28.54761,28.89,ATL
70130,Ball,30.59928,27.94366,Ball
70130,Tayshaun Prince,11.77388,41.64044,MIN
70130,Gorgui Dieng,22.09376,21.02766,MIN
70130,Zach LaVine,26.29198,28.67995,MIN
70130,Andrew Wiggins,9.30972,27.91093,MIN
70130,Damjan Rudez,6.13546,13.55531,MIN
70130,Kyle Korver,9.10816,47.93287,ATL
70130,Paul Millsap,3.20942,5.86191,ATL
70130,Al Horford,29.35266,22.5794,ATL
70130,Thabo Sefolosha,5.08385,22.30176,ATL
70130,Jeff Teague,29.96071,29.18013,ATL
70140,Ball,32.28941,28.91735,Ball
70140,Tayshaun Prince,12.42944,41.65247,MIN
70140,Gorgui Dieng,23.43968,22.03415,MIN
70140,Zach LaVine,28.05398,29.45213,MIN
70140,Andrew Wiggins,8.68203,25.78729,MIN
70140,Damjan Rudez,5.95548,13.15465,MIN
70140,Kyle Korver,9.98487,47.74524,ATL
70140,Paul Millsap,3.51758,5.16534,ATL
70140,Al Horford,28.86891,24.31105,ATL
70140,Thabo Sefolosha,3.81722,19.27255,ATL
70140,Jeff Teague,30.86506,29.52326,ATL
70150,Ball,32.12945,29.27702,Ball
70150,Tayshaun Prince,12.51778,41.72289,MIN
70150,Gorgui Dieng,23.681820000000002,23.3238,MIN
70150,Zach LaVine,29.54041,30.18268,MIN
70150,Andrew Wiggins,8.17594,24.36141,MIN
70150,Damjan Rudez,6.22585,12.61806,MIN
70150,Kyle Korver,9.77905,47.75526,ATL
70150,Paul Millsap,3.38553,5.10421,ATL
70150,Al Horford,28.71038,26.70051,ATL
70150,Thabo Sefolosha,2.53406,17.6196,ATL
70150,Jeff Teague,31.35034,29.90672,ATL
70160,Ball,32.901,29.01984,Ball
70160,Tayshaun Prince,12.13538,41.8394,MIN
70160,Gorgui Dieng,24.3775,23.91229,MIN
70160,Zach LaVine,30.73728,30.25038,MIN
70160,Andrew Wiggins,7.4216,23.26803,MIN
70160,Damjan Rudez,6.64926,12.60527,MIN
70160,Kyle Korver,9.63211,47.79876,ATL
70160,Paul Millsap,3.42639,5.00075,ATL
70160,Al Horford,29.50098,28.35236,ATL
70160,Thabo Sefolosha,1.55251,17.07432,ATL
70160,Jeff Teague,31.90631,29.42805,ATL
70170,Ball,32.03204,25.88456,Ball
70170,Tayshaun Prince,11.8116,41.80701,MIN
70170,Gorgui Dieng,26.1638,23.6918,MIN
70170,Zach LaVine,31.85036,30.43331,MIN
70170,Andrew Wiggins,6.45249,22.35107,MIN
70170,Damjan Rudez,6.66284,13.31915,MIN
70170,Kyle Korver,9.58744,47.84636,ATL
70170,Paul Millsap,3.7800000000000002,4.70788,ATL
70170,Al Horford,30.2769,29.20781,ATL
70170,Thabo Sefolosha,1.09264,16.66845,ATL
70170,Jeff Teague,31.53751,27.65218,ATL
70180,Ball,29.90367,27.8231,Ball
70180,Tayshaun Prince,10.74869,41.55993,MIN
70180,Gorgui Dieng,27.2838,24.13035,MIN
70180,Zach LaVine,32.08458,29.39067,MIN
70180,Andrew Wiggins,5.51028,21.74794,MIN
70180,Damjan Rudez,6.90219,13.76869,MIN
70180,Kyle Korver,7.7733,48.10651,ATL
70180,Paul Millsap,4.01161,4.43872,ATL
70180,Al Horford,30.58869,29.93446,ATL
70180,Thabo Sefolosha,1.0522,16.49108,ATL
70180,Jeff Teague,29.25006,26.22822,ATL
70190,Ball,27.71049,29.60173,Ball
70190,Tayshaun Prince,9.89291,40.8108,MIN
70190,Gorgui Dieng,26.38259,23.94673,MIN
70190,Zach LaVine,30.55078,27.91023,MIN
70190,Andrew Wiggins,5.18989,21.65729,MIN
70190,Damjan Rudez,7.29367,13.909040000000001,MIN
70190,Kyle Korver,5.67485,48.34017,ATL
70190,Paul Millsap,3.85198,4.79604,ATL
70190,Al Horford,29.86758,29.680320000000002,ATL
70190,Thabo Sefolosha,1.0986,16.44623,ATL
70190,Jeff Teague,25.8272,26.72174,ATL
70200,Ball,28.05292,31.38981,Ball
70200,Tayshaun Prince,9.80417,39.98386,MIN
70200,Gorgui Dieng,24.46649,24.60561,MIN
70200,Zach LaVine,27.91129,27.93139,MIN
70200,Andrew Wiggins,5.46007,22.38675,MIN
70200,Damjan Rudez,7.66755,14.46927,MIN
70200,Kyle Korver,4.7483900000000006,48.32323,ATL
70200,Paul Millsap,4.05995,5.32697,ATL
70200,Al Horford,28.16821,29.94306,ATL
70200,Thabo Sefolosha,1.21331,16.45903,ATL
70200,Jeff Teague,22.62021,27.21704,ATL
70210,Ball,25.37783,33.16232,Ball
70210,Tayshaun Prince,9.95051,39.76697,MIN
70210,Gorgui Dieng,21.63358,25.780920000000002,MIN
70210,Zach LaVine,24.64921,29.11336,MIN
70210,Andrew Wiggins,6.01613,23.31048,MIN
70210,Damjan Rudez,7.9464,14.91337,MIN
70210,Kyle Korver,5.5657,48.28762,ATL
70210,Paul Millsap,4.81323,6.05503,ATL
70210,Al Horford,25.42691,31.21269,ATL
70210,Thabo Sefolosha,1.2383,16.56504,ATL
70210,Jeff Teague,20.8732,26.76627,ATL
70220,Ball,22.75441,36.87397,Ball
70220,Tayshaun Prince,10.00549,40.66236,MIN
70220,Gorgui Dieng,19.73568,26.93458,MIN
70220,Zach LaVine,19.7418,30.20965,MIN
70220,Andrew Wiggins,7.03033,25.38057,MIN
70220,Damjan Rudez,7.8576,15.38981,MIN
70220,Kyle Korver,7.43676,48.00479,ATL
70220,Paul Millsap,5.09281,7.9192800000000005,ATL
70220,Al Horford,20.91988,31.84658,ATL
70220,Thabo Sefolosha,1.31394,16.68088,ATL
70220,Jeff Teague,18.47101,26.83424,ATL
70230,Ball,19.75303,41.08812,Ball
70230,Tayshaun Prince,11.5079,41.30959,MIN
70230,Gorgui Dieng,17.45633,28.24957,MIN
70230,Zach LaVine,15.24489,32.04332,MIN
70230,Andrew Wiggins,8.27779,27.50579,MIN
70230,Damjan Rudez,7.44391,16.68358,MIN
70230,Kyle Korver,11.17532,47.44577,ATL
70230,Paul Millsap,5.2185,10.77392,ATL
70230,Al Horford,17.40449,32.70243,ATL
70230,Thabo Sefolosha,1.59964,17.31368,ATL
70230,Jeff Teague,15.63191,26.83516,ATL
70240,Ball,18.62935,43.40082,Ball
70240,Tayshaun Prince,16.07263,42.38432,MIN
70240,Gorgui Dieng,14.66218,29.17574,MIN
70240,Zach LaVine,13.22167,35.23731,MIN
70240,Andrew Wiggins,8.47852,27.30786,MIN
70240,Damjan Rudez,6.89955,18.04644,MIN
70240,Kyle Korver,16.46506,46.28014,ATL
70240,Paul Millsap,5.75049,13.61341,ATL
70240,Al Horford,17.72347,34.70127,ATL
70240,Thabo Sefolosha,2.32416,17.71085,ATL
70240,Jeff Teague,13.96436,26.29356,ATL
70250,Ball,20.83443,40.76133,Ball
70250,Tayshaun Prince,20.97034,41.89198,MIN
70250,Gorgui Dieng,13.23942,29.44429,MIN
70250,Zach LaVine,13.54188,38.43662,MIN
70250,Andrew Wiggins,8.20978,25.30272,MIN
70250,Damjan Rudez,7.00887,18.27488,MIN
70250,Kyle Korver,22.00632,43.40696,ATL
70250,Paul Millsap,6.52897,15.39468,ATL
70250,Al Horford,21.139780000000002,36.4579,ATL
70250,Thabo Sefolosha,3.34929,17.47558,ATL
70250,Jeff Teague,13.88441,25.81651,ATL
70260,Ball,23.92691,40.96916,Ball
70260,Tayshaun Prince,24.41224,40.57136,MIN
70260,Gorgui Dieng,13.26307,29.48545,MIN
70260,Zach LaVine,16.17155,40.92077,MIN
70260,Andrew Wiggins,8.26834,23.07074,MIN
70260,Damjan Rudez,8.21607,17.5653,MIN
70260,Kyle Korver,26.49422,40.27446,ATL
70260,Paul Millsap,7.23185,16.12785,ATL
70260,Al Horford,25.64405,37.15283,ATL
70260,Thabo Sefolosha,4.15355,17.95973,ATL
70260,Jeff Teague,14.59557,25.29536,ATL
70270,Ball,24.7798,41.00704,Ball
70270,Tayshaun Prince,26.42631,40.02606,MIN
70270,Gorgui Dieng,14.57016,29.96579,MIN
70270,Zach LaVine,20.48199,42.70166,MIN
70270,Andrew Wiggins,9.49299,21.08773,MIN
70270,Damjan Rudez,10.09702,17.841,MIN
70270,Kyle Korver,30.03218,38.42663,ATL
70270,Paul Millsap,7.50333,16.51377,ATL
70270,Al Horford,30.88919,35.9729,ATL
70270,Thabo Sefolosha,5.807,19.20626,ATL
70270,Jeff Teague,15.84053,25.20729,ATL
70280,Ball,27.86481,43.89545,Ball
70280,Tayshaun Prince,28.01558,40.31708,MIN
70280,Gorgui Dieng,16.09664,30.84317,MIN
70280,Zach LaVine,26.26395,43.98852,MIN
70280,Andrew Wiggins,11.34981,19.82817,MIN
70280,Damjan Rudez,13.34434,18.25684,MIN
70280,Kyle Korver,34.28135,37.79957,ATL
70280,Paul Millsap,7.99344,17.25035,ATL
70280,Al Horford,36.4581,34.21721,ATL
70280,Thabo Sefolosha,9.22465,20.56045,ATL
70280,Jeff Teague,17.29308,25.68953,ATL
70290,Ball,34.94356,43.9889,Ball
70290,Tayshaun Prince,30.67702,40.72406,MIN
70290,Gorgui Dieng,17.66228,31.60834,MIN
70290,Zach LaVine,33.47634,44.71731,MIN
70290,Andrew Wiggins,13.72029,18.10656,MIN
70290,Damjan Rudez,17.70077,18.29992,MIN
70290,Kyle Korver,39.31295,37.92261,ATL
70290,Paul Millsap,9.99675,18.02726,ATL
70290,Al Horford,42.32963,32.7581,ATL
70290,Thabo Sefolosha,14.26975,21.86907,ATL
70290,Jeff Teague,19.58934,26.1157,ATL
70300,Ball,43.55355,45.27571,Ball
70300,Tayshaun Prince,34.83082,41.28289,MIN
70300,Gorgui Dieng,19.56338,32.04376,MIN
70300,Zach LaVine,40.98804,44.96012,MIN
70300,Andrew Wiggins,18.55802,15.65612,MIN
70300,Damjan Rudez,23.69366,18.11234,MIN
70300,Kyle Korver,45.55019,38.43887,ATL
70300,Paul Millsap,13.62219,18.88803,ATL
70300,Al Horford,48.87917,32.27661,ATL
70300,Thabo Sefolosha,20.54401,22.25662,ATL
70300,Jeff Teague,22.42959,26.72062,ATL
70310,Ball,48.62101,46.32016,Ball
70310,Tayshaun Prince,39.68313,41.41171,MIN
70310,Gorgui Dieng,21.81639,32.40265,MIN
70310,Zach LaVine,48.48992,45.24564,MIN
70310,Andrew Wiggins,24.73966,13.92985,MIN
70310,Damjan Rudez,30.60399,17.61205,MIN
70310,Kyle Korver,52.66195,38.95367,ATL
70310,Paul Millsap,18.5773,19.45935,ATL
70310,Al Horford,55.79433,32.31338,ATL
70310,Thabo Sefolosha,27.61183,22.38525,ATL
70310,Jeff Teague,26.03523,27.17842,ATL
70320,Ball,55.98158,46.99794,Ball
70320,Tayshaun Prince,44.91059,40.84813,MIN
70320,Gorgui Dieng,24.50913,32.5755,MIN
70320,Zach LaVine,54.56648,45.46838,MIN
70320,Andrew Wiggins,31.65404,12.57898,MIN
70320,Damjan Rudez,37.81363,16.75306,MIN
70320,Kyle Korver,59.34836,39.31962,ATL
70320,Paul Millsap,24.708660000000002,19.8273,ATL
70320,Al Horford,62.47071,32.54808,ATL
70320,Thabo Sefolosha,34.82484,22.42678,ATL
70320,Jeff Teague,30.19793,27.42779,ATL
70330,Ball,58.66466,46.55059,Ball
70330,Tayshaun Prince,50.40187,40.23945,MIN
70330,Gorgui Dieng,27.68892,32.58025,MIN
70330,Zach LaVine,57.97914,45.7297,MIN
70330,Andrew Wiggins,38.69506,11.60247,MIN
70330,Damjan Rudez,44.63231,15.5159,MIN
70330,Kyle Korver,64.62759,39.67977,ATL
70330,Paul Millsap,31.62463,19.94823,ATL
70330,Al Horford,67.83553,32.87873,ATL
70330,Thabo Sefolosha,42.2749,21.90726,ATL
70330,Jeff Teague,34.92401,27.75868,ATL
70340,Ball,60.27488,45.02338,Ball
70340,Tayshaun Prince,56.1388,40.37393,MIN
70340,Gorgui Dieng,31.461,32.42297,MIN
70340,Zach LaVine,59.39152,46.1455,MIN
70340,Andrew Wiggins,45.32905,10.99281,MIN
70340,Damjan Rudez,50.95873,14.20009,MIN
70340,Kyle Korver,67.53226,39.86987,ATL
70340,Paul Millsap,38.93566,19.81672,ATL
70340,Al Horford,72.30402,32.95631,ATL
70340,Thabo Sefolosha,49.33261,21.25483,ATL
70340,Jeff Teague,39.7726,28.2471,ATL
70350,Ball,58.69004,47.03195,Ball
70350,Tayshaun Prince,61.53477,41.2161,MIN
70350,Gorgui Dieng,35.26251,31.97049,MIN
70350,Zach LaVine,59.77545,46.60321,MIN
70350,Andrew Wiggins,50.983670000000004,10.64027,MIN
70350,Damjan Rudez,56.6197,12.72819,MIN
70350,Kyle Korver,68.62494,39.93994,ATL
70350,Paul Millsap,46.24992,19.77797,ATL
70350,Al Horford,75.5211,31.90636,ATL
70350,Thabo Sefolosha,55.60125,20.55889,ATL
70350,Jeff Teague,44.59795,29.07888,ATL
70360,Ball,58.39052,46.87685,Ball
70360,Tayshaun Prince,66.85939,42.77174,MIN
70360,Gorgui Dieng,39.08504,31.22529,MIN
70360,Zach LaVine,59.44456,46.44743,MIN
70360,Andrew Wiggins,55.5034,10.873850000000001,MIN
70360,Damjan Rudez,61.61983,11.48734,MIN
70360,Kyle Korver,69.71001,40.72014,ATL
70360,Paul Millsap,53.04715,19.80478,ATL
70360,Al Horford,78.15111,31.01664,ATL
70360,Thabo Sefolosha,61.08555,19.45773,ATL
70360,Jeff Teague,49.1069,30.41653,ATL
70370,Ball,57.42034,45.36614,Ball
70370,Tayshaun Prince,71.64156,44.60765,MIN
70370,Gorgui Dieng,42.83354,30.22344,MIN
70370,Zach LaVine,58.60087,45.74082,MIN
70370,Andrew Wiggins,58.88673,11.44554,MIN
70370,Damjan Rudez,66.14239,10.730830000000001,MIN
70370,Kyle Korver,71.54553,41.44722,ATL
70370,Paul Millsap,59.18001,19.85776,ATL
70370,Al Horford,79.93683,30.42855,ATL
70370,Thabo Sefolosha,65.1608,18.33596,ATL
70370,Jeff Teague,53.02168,32.14448,ATL
70380,Ball,56.30795,45.43322,Ball
70380,Tayshaun Prince,75.66999,45.99677,MIN
70380,Gorgui Dieng,46.26198,29.09225,MIN
70380,Zach LaVine,57.57859,44.955330000000004,MIN
70380,Andrew Wiggins,61.04983,11.96114,MIN
70380,Damjan Rudez,70.03373,10.34789,MIN
70380,Kyle Korver,73.99673,42.02546,ATL
70380,Paul Millsap,64.29117,19.95586,ATL
70380,Al Horford,80.58337,29.59057,ATL
70380,Thabo Sefolosha,67.93934,17.58463,ATL
70380,Jeff Teague,56.09678,33.86763,ATL
70390,Ball,54.50075,44.14707,Ball
70390,Tayshaun Prince,79.15989,46.81418,MIN
70390,Gorgui Dieng,49.54024,28.06546,MIN
70390,Zach LaVine,55.87694,43.76255,MIN
70390,Andrew Wiggins,62.77102,12.8112,MIN
70390,Damjan Rudez,73.17286,9.54007,MIN
70390,Kyle Korver,76.30451,42.44814,ATL
70390,Paul Millsap,68.83112,20.06161,ATL
70390,Al Horford,80.78674,29.0906,ATL
70390,Thabo Sefolosha,69.2276,17.54129,ATL
70390,Jeff Teague,58.20239,35.18543,ATL
70400,Ball,52.58733,40.83867,Ball
70400,Tayshaun Prince,81.97411,47.34005,MIN
70400,Gorgui Dieng,52.44193,27.24684,MIN
70400,Zach LaVine,53.97131,41.32825,MIN
70400,Andrew Wiggins,64.26312,13.63529,MIN
70400,Damjan Rudez,75.80628,9.42474,MIN
70400,Kyle Korver,78.89686,42.48721,ATL
70400,Paul Millsap,72.69587,19.36549,ATL
70400,Al Horford,80.88951,29.20157,ATL
70400,Thabo Sefolosha,69.73474,17.70429,ATL
70400,Jeff Teague,59.55691,35.84066,ATL
70410,Ball,50.79424,37.30529,Ball
70410,Tayshaun Prince,83.97228,47.63589,MIN
70410,Gorgui Dieng,55.1199,26.47038,MIN
70410,Zach LaVine,52.15303,37.37414,MIN
70410,Andrew Wiggins,65.16887,14.8724,MIN
70410,Damjan Rudez,78.42997,10.35633,MIN
70410,Kyle Korver,80.92013,42.87263,ATL
70410,Paul Millsap,75.98397,18.51945,ATL
70410,Al Horford,80.71482,29.11243,ATL
70410,Thabo Sefolosha,69.7603,17.59729,ATL
70410,Jeff Teague,60.20218,35.07912,ATL
70420,Ball,50.94433,30.87754,Ball
70420,Tayshaun Prince,85.34425,47.71816,MIN
70420,Gorgui Dieng,57.94103,26.30749,MIN
70420,Zach LaVine,51.17276,32.44656,MIN
70420,Andrew Wiggins,66.23165,16.22056,MIN
70420,Damjan Rudez,81.40519,12.18014,MIN
70420,Kyle Korver,83.12673,42.98575,ATL
70420,Paul Millsap,78.68427,17.56564,ATL
70420,Al Horford,80.27253,28.69841,ATL
70420,Thabo Sefolosha,69.78536,17.49053,ATL
70420,Jeff Teague,60.34263,32.55579,ATL
70430,Ball,52.24403,25.8434,Ball
70430,Tayshaun Prince,86.11955,47.64261,MIN
70430,Gorgui Dieng,59.77495,26.3444,MIN
70430,Zach LaVine,51.04941,28.2956,MIN
70430,Andrew Wiggins,66.87939,17.35799,MIN
70430,Damjan Rudez,83.88492,14.67504,MIN
70430,Kyle Korver,84.68744,42.70685,ATL
70430,Paul Millsap,80.9508,17.28477,ATL
70430,Al Horford,79.94981,28.5556,ATL
70430,Thabo Sefolosha,69.68949,17.42688,ATL
70430,Jeff Teague,60.19513,29.79954,ATL
70440,Ball,52.1949,22.31001,Ball
70440,Tayshaun Prince,86.57038,47.21226,MIN
70440,Gorgui Dieng,62.67027,27.0112,MIN
70440,Zach LaVine,51.24626,22.3571,MIN
70440,Andrew Wiggins,67.42627,19.05432,MIN
70440,Damjan Rudez,86.80353,19.36497,MIN
70440,Kyle Korver,69.58533,18.22888,ATL
70440,Paul Millsap,83.28012,18.58893,ATL
70440,Al Horford,79.62627,28.55728,ATL
70440,Thabo Sefolosha,85.78948,41.52857,ATL
70440,Jeff Teague,59.73274,25.49606,ATL
70450,Ball,52.98871,16.74091,Ball
70450,Tayshaun Prince,86.44989,47.24024,MIN
70450,Gorgui Dieng,64.84939,28.13889,MIN
70450,Zach LaVine,51.79852,17.69239,MIN
70450,Andrew Wiggins,67.61121,20.15039,MIN
70450,Damjan Rudez,88.40892,23.95783,MIN
70450,Kyle Korver,69.36282,18.98939,ATL
70450,Paul Millsap,84.75871,20.45122,ATL
70450,Al Horford,79.79662,28.522100000000002,ATL
70450,Thabo Sefolosha,86.6374,40.61017,ATL
70450,Jeff Teague,59.51304,21.5093,ATL
70460,Ball,52.64894,11.94205,Ball
70460,Tayshaun Prince,85.61354,47.61377,MIN
70460,Gorgui Dieng,67.03356,28.79871,MIN
70460,Zach LaVine,52.63303,13.53785,MIN
70460,Andrew Wiggins,67.72181,21.09295,MIN
70460,Damjan Rudez,89.25948,28.67658,MIN
70460,Kyle Korver,69.09985,19.75626,ATL
70460,Paul Millsap,85.93427,22.30503,ATL
70460,Al Horford,80.08935,28.61052,ATL
70460,Thabo Sefolosha,87.24424,40.35461,ATL
70460,Jeff Teague,59.33658,17.70586,ATL
70470,Ball,53.02782,8.81891,Ball
70470,Tayshaun Prince,84.06978,47.68603,MIN
70470,Gorgui Dieng,69.20096,29.47562,MIN
70470,Zach LaVine,53.79322,10.59235,MIN
70470,Andrew Wiggins,67.83122,22.01289,MIN
70470,Damjan Rudez,89.71384,33.24202,MIN
70470,Kyle Korver,69.1467,20.71456,ATL
70470,Paul Millsap,86.63293,24.62296,ATL
70470,Al Horford,80.34725,29.00771,ATL
70470,Thabo Sefolosha,87.47184,40.02002,ATL
70470,Jeff Teague,59.82732,14.36779,ATL
70480,Ball,54.745400000000004,10.04444,Ball
70480,Tayshaun Prince,82.20356,47.39666,MIN
70480,Gorgui Dieng,71.41668,30.55806,MIN
70480,Zach LaVine,55.44559,9.15402,MIN
70480,Andrew Wiggins,67.40402,22.66514,MIN
70480,Damjan Rudez,89.77267,37.71337,MIN
70480,Kyle Korver,69.12557,21.36765,ATL
70480,Paul Millsap,86.94391,26.72499,ATL
70480,Al Horford,80.73723,29.14519,ATL
70480,Thabo Sefolosha,87.19039,39.50934,ATL
70480,Jeff Teague,60.47799,11.9196,ATL
70490,Ball,56.59277,7.94324,Ball
70490,Tayshaun Prince,80.38747,46.95604,MIN
70490,Gorgui Dieng,73.53748,31.36418,MIN
70490,Zach LaVine,57.66467,8.35133,MIN
70490,Andrew Wiggins,66.723,22.80228,MIN
70490,Damjan Rudez,89.36368,41.32177,MIN
70490,Kyle Korver,68.70269,21.58601,ATL
70490,Paul Millsap,87.22906,28.69878,ATL
70490,Al Horford,81.24641,28.93818,ATL
70490,Thabo Sefolosha,86.16858,39.07658,ATL
70490,Jeff Teague,61.12695,10.01845,ATL
70500,Ball,59.23603,6.8572,Ball
70500,Tayshaun Prince,78.56544,46.81599,MIN
70500,Gorgui Dieng,75.56934,32.26933,MIN
70500,Zach LaVine,60.2776,7.9475,MIN
70500,Andrew Wiggins,65.74375,22.15572,MIN
70500,Damjan Rudez,88.66273,44.61882,MIN
70500,Kyle Korver,68.2314,21.58379,ATL
70500,Paul Millsap,87.46231,30.80093,ATL
70500,Al Horford,81.7493,29.17731,ATL
70500,Thabo Sefolosha,84.26299,39.00573,ATL
70500,Jeff Teague,61.98312,8.42146,ATL
70510,Ball,58.35485,8.25159,Ball
70510,Tayshaun Prince,76.37754,46.66229,MIN
70510,Gorgui Dieng,77.79798,33.38169,MIN
70510,Zach LaVine,60.30431,8.32875,MIN
70510,Andrew Wiggins,65.10303,20.44472,MIN
70510,Damjan Rudez,88.47836,46.75632,MIN
70510,Kyle Korver,67.35414,20.5411,ATL
70510,Paul Millsap,87.33826,32.71558,ATL
70510,Al Horford,82.22574,29.84876,ATL
70510,Thabo Sefolosha,82.1012,38.69129,ATL
70510,Jeff Teague,63.06691,8.26829,ATL
70520,Ball,58.3859,9.12616,Ball
70520,Tayshaun Prince,74.63124,46.24231,MIN
70520,Gorgui Dieng,79.74223,34.26205,MIN
70520,Zach LaVine,59.36162,8.5026,MIN
70520,Andrew Wiggins,64.67211,17.61815,MIN
70520,Damjan Rudez,88.38502,47.83083,MIN
70520,Kyle Korver,65.82599,19.40937,ATL
70520,Paul Millsap,87.38312,34.55012,ATL
70520,Al Horford,82.69164,29.98377,ATL
70520,Thabo Sefolosha,80.08693,38.20371,ATL
70520,Jeff Teague,63.6207,9.36225,ATL
70530,Ball,58.19354,7.57,Ball
70530,Tayshaun Prince,72.83921,45.76762,MIN
70530,Gorgui Dieng,81.58879,35.42837,MIN
70530,Zach LaVine,59.43448,8.30204,MIN
70530,Andrew Wiggins,64.90573,15.52503,MIN
70530,Damjan Rudez,87.96538,48.23264,MIN
70530,Kyle Korver,64.64638,18.34103,ATL
70530,Paul Millsap,87.33849,36.10709,ATL
70530,Al Horford,83.11154,29.86536,ATL
70530,Thabo Sefolosha,78.33236,37.35168,ATL
70530,Jeff Teague,64.07267,11.08745,ATL
70540,Ball,57.10848,8.092,Ball
70540,Tayshaun Prince,71.44465,45.20582,MIN
70540,Gorgui Dieng,83.503,36.11533,MIN
70540,Zach LaVine,58.28139,8.38846,MIN
70540,Andrew Wiggins,65.47003,14.74404,MIN
70540,Damjan Rudez,87.90002,48.43754,MIN
70540,Kyle Korver,64.14213,17.86305,ATL
70540,Paul Millsap,87.36669,37.01101,ATL
70540,Al Horford,83.20954,29.19301,ATL
70540,Thabo Sefolosha,76.71216,36.27523,ATL
70540,Jeff Teague,65.65705,11.70058,ATL
70550,Ball,55.55169,8.55588,Ball
70550,Tayshaun Prince,70.13118,44.82791,MIN
70550,Gorgui Dieng,84.79007,36.52333,MIN
70550,Zach LaVine,57.10174,8.62058,MIN
70550,Andrew Wiggins,68.06098,13.88793,MIN
70550,Damjan Rudez,88.02935,48.5336,MIN
70550,Kyle Korver,63.99025,18.01725,ATL
70550,Paul Millsap,87.90327,37.84337,ATL
70550,Al Horford,83.21036,28.19405,ATL
70550,Thabo Sefolosha,75.00784,36.58351,ATL
70550,Jeff Teague,67.43656,12.04236,ATL
70560,Ball,54.96338,8.91571,Ball
70560,Tayshaun Prince,68.93886,44.74516,MIN
70560,Gorgui Dieng,85.53372,37.66609,MIN
70560,Zach LaVine,55.87189,8.296,MIN
70560,Andrew Wiggins,71.16523,12.54557,MIN
70560,Damjan Rudez,88.0638,48.54516,MIN
70560,Kyle Korver,63.9288,17.60586,ATL
70560,Paul Millsap,88.19106,37.85862,ATL
70560,Al Horford,83.63964,28.47158,ATL
70560,Thabo Sefolosha,73.90031,36.53945,ATL
70560,Jeff Teague,69.08482,12.96238,ATL
70570,Ball,54.84824,8.32464,Ball
70570,Tayshaun Prince,67.86534,44.855760000000004,MIN
70570,Gorgui Dieng,85.67954,37.87217,MIN
70570,Zach LaVine,55.14057,7.4998000000000005,MIN
70570,Andrew Wiggins,73.87868,10.98799,MIN
70570,Damjan Rudez,88.07628,48.5635,MIN
70570,Kyle Korver,63.9454,17.09737,ATL
70570,Paul Millsap,88.39608,37.68749,ATL
70570,Al Horford,84.07235,28.89509,ATL
70570,Thabo Sefolosha,73.21979,36.25733,ATL
70570,Jeff Teague,71.0972,12.6402,ATL
70580,Ball,53.57324,7.40683,Ball
70580,Tayshaun Prince,66.89455,44.66106,MIN
70580,Gorgui Dieng,85.875,37.99667,MIN
70580,Zach LaVine,54.64937,6.74128,MIN
70580,Andrew Wiggins,75.82681,9.74697,MIN
70580,Damjan Rudez,88.11999,48.59806,MIN
70580,Kyle Korver,64.34175,15.91336,ATL
70580,Paul Millsap,88.43927,37.75249,ATL
70580,Al Horford,84.1668,29.55775,ATL
70580,Thabo Sefolosha,72.85283,36.473,ATL
70580,Jeff Teague,73.56777,11.6613,ATL
70590,Ball,54.56505,7.03017,Ball
70590,Tayshaun Prince,66.03659,44.09767,MIN
70590,Gorgui Dieng,86.30138,37.90589,MIN
70590,Zach LaVine,54.45585,6.05674,MIN
70590,Andrew Wiggins,77.21693,9.74906,MIN
70590,Damjan Rudez,88.12929,48.63573,MIN
70590,Kyle Korver,64.34708,15.11107,ATL
70590,Paul Millsap,88.41954,37.44796,ATL
70590,Al Horford,84.3313,30.33815,ATL
70590,Thabo Sefolosha,72.69191000000001,36.7732,ATL
70590,Jeff Teague,75.58599,10.90308,ATL
70600,Ball,55.02049,6.35627,Ball
70600,Tayshaun Prince,65.4246,43.32706,MIN
70600,Gorgui Dieng,86.55842,37.42652,MIN
70600,Zach LaVine,54.84399,5.04462,MIN
70600,Andrew Wiggins,78.12223,9.91221,MIN
70600,Damjan Rudez,88.11374,48.65521,MIN
70600,Kyle Korver,64.53649,14.39284,ATL
70600,Paul Millsap,88.5434,36.99211,ATL
70600,Al Horford,84.26333,31.26984,ATL
70600,Thabo Sefolosha,72.69944,36.34483,ATL
70600,Jeff Teague,77.13112,10.58283,ATL
70610,Ball,56.06684,5.99468,Ball
70610,Tayshaun Prince,64.93961,42.45053,MIN
70610,Gorgui Dieng,86.23973,37.8808,MIN
70610,Zach LaVine,56.32896,4.5119,MIN
70610,Andrew Wiggins,78.57739,9.907070000000001,MIN
70610,Damjan Rudez,88.10986,48.64299,MIN
70610,Kyle Korver,65.23296,13.53029,ATL
70610,Paul Millsap,88.52715,37.16549,ATL
70610,Al Horford,84.05712,31.6794,ATL
70610,Thabo Sefolosha,72.80358,35.18509,ATL
70610,Jeff Teague,78.49623,9.96277,ATL
70620,Ball,59.76839,4.19631,Ball
70620,Tayshaun Prince,64.3217,41.54953,MIN
70620,Gorgui Dieng,85.83432,38.16085,MIN
70620,Zach LaVine,58.31811,4.17212,MIN
70620,Andrew Wiggins,79.12283,9.69842,MIN
70620,Damjan Rudez,88.08313,48.64104,MIN
70620,Kyle Korver,65.9048,12.73759,ATL
70620,Paul Millsap,88.45648,37.3556,ATL
70620,Al Horford,84.07046,30.4655,ATL
70620,Thabo Sefolosha,72.96911,33.837650000000004,ATL
70620,Jeff Teague,79.12283,9.69842,ATL
70630,Ball,61.13968,3.07862,Ball
70630,Tayshaun Prince,63.74364,40.77287,MIN
70630,Gorgui Dieng,85.40374,37.93733,MIN
70630,Zach LaVine,60.0904,3.34882,MIN
70630,Andrew Wiggins,79.40389,9.85105,MIN
70630,Damjan Rudez,88.07146,48.63591,MIN
70630,Kyle Korver,66.84243,11.759220000000001,ATL
70630,Paul Millsap,88.71144,36.83027,ATL
70630,Al Horford,84.09498,27.88469,ATL
70630,Thabo Sefolosha,73.45702,32.45435,ATL
70630,Jeff Teague,79.01522,10.2705,ATL
70640,Ball,63.05949,3.37019,Ball
70640,Tayshaun Prince,63.57747,39.83251,MIN
70640,Gorgui Dieng,85.12157,37.63401,MIN
70640,Zach LaVine,61.75913,3.13114,MIN
70640,Andrew Wiggins,79.81805,10.16494,MIN
70640,Damjan Rudez,88.10022,48.62934,MIN
70640,Kyle Korver,67.40835,10.7712,ATL
70640,Paul Millsap,88.59129,36.25623,ATL
70640,Al Horford,84.05634,24.7568,ATL
70640,Thabo Sefolosha,73.9199,31.58758,ATL
70640,Jeff Teague,78.25161,10.81071,ATL
70650,Ball,64.57293,3.48517,Ball
70650,Tayshaun Prince,63.43276,38.74865,MIN
70650,Gorgui Dieng,84.83051,37.00153,MIN
70650,Zach LaVine,63.14177,3.09118,MIN
70650,Andrew Wiggins,79.98196,10.35811,MIN
70650,Damjan Rudez,88.12634,48.63343,MIN
70650,Kyle Korver,67.93532,10.01528,ATL
70650,Paul Millsap,87.95402,35.75636,ATL
70650,Al Horford,83.76725,21.98387,ATL
70650,Thabo Sefolosha,74.0707,30.87114,ATL
70650,Jeff Teague,77.86693,10.67766,ATL
70660,Ball,65.75225,2.77738,Ball
70660,Tayshaun Prince,63.10699,37.93969,MIN
70660,Gorgui Dieng,83.95781,36.27863,MIN
70660,Zach LaVine,64.55713,2.96604,MIN
70660,Andrew Wiggins,80.92782,10.33867,MIN
70660,Damjan Rudez,88.1299,48.63222,MIN
70660,Kyle Korver,68.47693,9.53604,ATL
70660,Paul Millsap,87.63282,34.8197,ATL
70660,Al Horford,83.26351,19.6499,ATL
70660,Thabo Sefolosha,74.53841,30.33055,ATL
70660,Jeff Teague,78.43434,10.49629,ATL
70670,Ball,66.01547,2.36684,Ball
70670,Tayshaun Prince,63.39959,37.3657,MIN
70670,Gorgui Dieng,83.60229,35.3879,MIN
70670,Zach LaVine,65.62283,3.03444,MIN
70670,Andrew Wiggins,82.33865,11.42712,MIN
70670,Damjan Rudez,88.12009,48.63,MIN
70670,Kyle Korver,69.07115,9.19048,ATL
70670,Paul Millsap,87.04678,33.9338,ATL
70670,Al Horford,82.9655,18.5989,ATL
70670,Thabo Sefolosha,74.33801,30.17178,ATL
70670,Jeff Teague,79.19612,9.93119,ATL
70680,Ball,67.36219,2.7416,Ball
70680,Tayshaun Prince,63.51225,36.7057,MIN
70680,Gorgui Dieng,83.2464,34.46718,MIN
70680,Zach LaVine,66.23963,3.09468,MIN
70680,Andrew Wiggins,84.30182,13.96478,MIN
70680,Damjan Rudez,88.09968,48.61471,MIN
70680,Kyle Korver,69.32694,8.97999,ATL
70680,Paul Millsap,86.61033,33.123780000000004,ATL
70680,Al Horford,83.09539,18.57476,ATL
70680,Thabo Sefolosha,74.07278,29.97829,ATL
70680,Jeff Teague,80.40907,10.72255,ATL
70690,Ball,67.26573,2.70356,Ball
70690,Tayshaun Prince,63.60223,36.23896,MIN
70690,Gorgui Dieng,82.02683,33.31663,MIN
70690,Zach LaVine,66.05662,2.99076,MIN
70690,Andrew Wiggins,85.95467,17.12426,MIN
70690,Damjan Rudez,87.90662,48.52438,MIN
70690,Kyle Korver,69.28559,8.6945,ATL
70690,Paul Millsap,86.53897,32.32058,ATL
70690,Al Horford,83.52488,19.53921,ATL
70690,Thabo Sefolosha,74.02333,29.69145,ATL
70690,Jeff Teague,81.49475,12.38792,ATL
70700,Ball,67.04696,2.71837,Ball
70700,Tayshaun Prince,63.44154,35.63966,MIN
70700,Gorgui Dieng,80.8422,31.73279,MIN
70700,Zach LaVine,66.03794,2.83994,MIN
70700,Andrew Wiggins,87.22456,20.66629,MIN
70700,Damjan Rudez,87.68925,48.3603,MIN
70700,Kyle Korver,69.20327,8.50813,ATL
70700,Paul Millsap,86.38565,32.3937,ATL
70700,Al Horford,84.37781,20.02678,ATL
70700,Thabo Sefolosha,73.19274,30.08104,ATL
70700,Jeff Teague,82.7653,14.51243,ATL
70710,Ball,65.98952,3.99527,Ball
70710,Tayshaun Prince,63.0107,35.09075,MIN
70710,Gorgui Dieng,79.85419,30.00785,MIN
70710,Zach LaVine,66.31592,3.03573,MIN
70710,Andrew Wiggins,87.71444,24.09607,MIN
70710,Damjan Rudez,87.33803,48.27481,MIN
70710,Kyle Korver,69.21291,8.4769,ATL
70710,Paul Millsap,86.20062,32.76604,ATL
70710,Al Horford,85.05768,21.56602,ATL
70710,Thabo Sefolosha,72.81048,30.21304,ATL
70710,Jeff Teague,84.16936,16.5603,ATL
70720,Ball,66.50929,4.28218,Ball
70720,Tayshaun Prince,62.60296,35.23321,MIN
70720,Gorgui Dieng,79.03735,28.80583,MIN
70720,Zach LaVine,67.10672,3.37664,MIN
70720,Andrew Wiggins,87.77582,27.15968,MIN
70720,Damjan Rudez,86.59291,48.35297,MIN
70720,Kyle Korver,69.5238,8.50237,ATL
70720,Paul Millsap,86.27648,32.81134,ATL
70720,Al Horford,84.74785,22.76405,ATL
70720,Thabo Sefolosha,72.6922,30.06259,ATL
70720,Jeff Teague,85.29824,19.03258,ATL
70730,Ball,69.62726,2.66607,Ball
70730,Tayshaun Prince,61.98857,35.77322,MIN
70730,Gorgui Dieng,79.31833,28.80449,MIN
70730,Zach LaVine,69.32787,3.70916,MIN
70730,Andrew Wiggins,88.16601,29.56726,MIN
70730,Damjan Rudez,85.91971,48.45947,MIN
70730,Kyle Korver,70.98689,8.55055,ATL
70730,Paul Millsap,86.49107,32.69006,ATL
70730,Al Horford,83.57754,23.27197,ATL
70730,Thabo Sefolosha,72.31338,30.25969,ATL
70730,Jeff Teague,85.99612,21.63805,ATL
70740,Ball,73.19657,3.14785,Ball
70740,Tayshaun Prince,61.61701,35.25816,MIN
70740,Gorgui Dieng,80.14588,29.5385,MIN
70740,Zach LaVine,72.79207,4.45674,MIN
70740,Andrew Wiggins,88.46774,31.00659,MIN
70740,Damjan Rudez,85.02915,48.41668,MIN
70740,Kyle Korver,73.32906,8.67363,ATL
70740,Paul Millsap,86.61115,32.48887,ATL
70740,Al Horford,83.16004,24.02364,ATL
70740,Thabo Sefolosha,72.7174,29.78387,ATL
70740,Jeff Teague,86.49455,23.70293,ATL
70750,Ball,79.5511,5.5280000000000005,Ball
70750,Tayshaun Prince,61.50736,33.5255,MIN
70750,Gorgui Dieng,80.44178,29.97632,MIN
70750,Zach LaVine,77.56674,6.17264,MIN
70750,Andrew Wiggins,88.92107,31.50244,MIN
70750,Damjan Rudez,84.02137,48.29555,MIN
70750,Kyle Korver,76.39794,9.57722,ATL
70750,Paul Millsap,86.92592,32.23946,ATL
70750,Al Horford,83.52557,23.50461,ATL
70750,Thabo Sefolosha,73.22307,29.23324,ATL
70750,Jeff Teague,87.1085,25.77716,ATL
70760,Ball,82.43484,7.67935,Ball
70760,Tayshaun Prince,62.00474,31.638,MIN
70760,Gorgui Dieng,80.37271,29.11423,MIN
70760,Zach LaVine,81.57615,7.31326,MIN
70760,Andrew Wiggins,89.31472,31.15436,MIN
70760,Damjan Rudez,82.66874,48.20852,MIN
70760,Kyle Korver,79.92607,11.08274,ATL
70760,Paul Millsap,87.05647,32.00733,ATL
70760,Al Horford,84.7091,21.80557,ATL
70760,Thabo Sefolosha,74.24376,28.69507,ATL
70760,Jeff Teague,87.95695,27.34355,ATL
70770,Ball,84.37027,7.72548,Ball
70770,Tayshaun Prince,62.82773,29.62407,MIN
70770,Gorgui Dieng,79.93564,26.36919,MIN
70770,Zach LaVine,83.1489,7.50226,MIN
70770,Andrew Wiggins,89.11801,30.56347,MIN
70770,Damjan Rudez,81.38431,48.0592,MIN
70770,Kyle Korver,82.53052,10.30443,ATL
70770,Paul Millsap,86.84243,31.15428,ATL
70770,Al Horford,86.21567,20.4312,ATL
70770,Thabo Sefolosha,75.03163,28.52093,ATL
70770,Jeff Teague,88.72793,28.52594,ATL
70780,Ball,82.04145,8.38114,Ball
70780,Tayshaun Prince,63.02524,27.30475,MIN
70780,Gorgui Dieng,78.73526,23.08689,MIN
70780,Zach LaVine,83.31279,7.89048,MIN
70780,Andrew Wiggins,89.23971,30.23382,MIN
70780,Damjan Rudez,80.68515,47.78449,MIN
70780,Kyle Korver,84.49133,8.72562,ATL
70780,Paul Millsap,87.00311,30.48588,ATL
70780,Al Horford,86.25148,20.81933,ATL
70780,Thabo Sefolosha,75.00416,28.24404,ATL
70780,Jeff Teague,88.62191,28.80278,ATL
70790,Ball,81.81797,7.66195,Ball
70790,Tayshaun Prince,62.764920000000004,25.46434,MIN
70790,Gorgui Dieng,76.93358,19.99399,MIN
70790,Zach LaVine,82.52585,8.15526,MIN
70790,Andrew Wiggins,89.21867,30.02009,MIN
70790,Damjan Rudez,80.27215,47.44128,MIN
70790,Kyle Korver,84.48153,8.61991,ATL
70790,Paul Millsap,87.21596,30.15297,ATL
70790,Al Horford,84.75747,21.36389,ATL
70790,Thabo Sefolosha,74.81248,27.83298,ATL
70790,Jeff Teague,88.56387,28.51594,ATL
70800,Ball,80.63337,9.29482,Ball
70800,Tayshaun Prince,62.81718,24.93628,MIN
70800,Gorgui Dieng,75.3988,17.66702,MIN
70800,Zach LaVine,80.45335,8.22308,MIN
70800,Andrew Wiggins,89.11498,28.50159,MIN
70800,Damjan Rudez,79.64714,46.94795,MIN
70800,Kyle Korver,82.82089,9.39099,ATL
70800,Paul Millsap,87.53073,29.49552,ATL
70800,Al Horford,82.65609,21.04603,ATL
70800,Thabo Sefolosha,75.12047,27.22131,ATL
70800,Jeff Teague,88.86185,28.06899,ATL
70810,Ball,76.76639,9.9203,Ball
70810,Tayshaun Prince,62.54914,24.69757,MIN
70810,Gorgui Dieng,74.00578,15.63588,MIN
70810,Zach LaVine,77.8864,8.1364,MIN
70810,Andrew Wiggins,89.43039,26.98933,MIN
70810,Damjan Rudez,78.61256,45.87759,MIN
70810,Kyle Korver,80.51767,10.3671,ATL
70810,Paul Millsap,87.88251,28.85676,ATL
70810,Al Horford,81.30164,20.69629,ATL
70810,Thabo Sefolosha,76.20634,26.62332,ATL
70810,Jeff Teague,89.37413,27.08575,ATL
70820,Ball,72.18914,11.22556,Ball
70820,Tayshaun Prince,61.91124,24.59857,MIN
70820,Gorgui Dieng,72.72059,12.9642,MIN
70820,Zach LaVine,74.99548,8.71608,MIN
70820,Andrew Wiggins,90.35841,25.60507,MIN
70820,Damjan Rudez,76.93096,44.84963,MIN
70820,Kyle Korver,76.03616,10.78523,ATL
70820,Paul Millsap,87.27308,28.40545,ATL
70820,Al Horford,80.5649,19.78164,ATL
70820,Thabo Sefolosha,75.49454,26.62064,ATL
70820,Jeff Teague,89.32472,26.68972,ATL
70830,Ball,64.94889,11.70997,Ball
70830,Tayshaun Prince,59.99669,24.39213,MIN
70830,Gorgui Dieng,69.50304,11.49856,MIN
70830,Zach LaVine,75.3406,8.09352,MIN
70830,Andrew Wiggins,89.16123,23.93326,MIN
70830,Damjan Rudez,75.09354,44.70505,MIN
70830,Kyle Korver,70.75839,9.86316,ATL
70830,Paul Millsap,86.57283,27.87201,ATL
70830,Al Horford,79.29976,19.17348,ATL
70830,Thabo Sefolosha,72.76364,26.75487,ATL
70830,Jeff Teague,88.73196,26.6758,ATL
70840,Ball,58.57995,12.73006,Ball
70840,Tayshaun Prince,56.7554,23.63663,MIN
70840,Gorgui Dieng,64.53043,10.40621,MIN
70840,Zach LaVine,75.93166,7.4017,MIN
70840,Andrew Wiggins,86.88813,22.6182,MIN
70840,Damjan Rudez,73.20889,44.92754,MIN
70840,Kyle Korver,65.10677,8.71043,ATL
70840,Paul Millsap,86.1473,27.3448,ATL
70840,Al Horford,77.729,18.77931,ATL
70840,Thabo Sefolosha,68.65139,26.16937,ATL
70840,Jeff Teague,88.6464,26.43629,ATL
70850,Ball,54.98294,13.49185,Ball
70850,Tayshaun Prince,52.47209,22.41758,MIN
70850,Gorgui Dieng,58.44603,11.06762,MIN
70850,Zach LaVine,75.80828,6.58237,MIN
70850,Andrew Wiggins,84.06334,22.09788,MIN
70850,Damjan Rudez,70.17046,44.77393,MIN
70850,Kyle Korver,58.63624,10.83275,ATL
70850,Paul Millsap,85.54458,27.34895,ATL
70850,Al Horford,76.42424,18.19913,ATL
70850,Thabo Sefolosha,63.36811,24.94427,ATL
70850,Jeff Teague,88.85238,26.3341,ATL
70860,Ball,51.41135,14.60445,Ball
70860,Tayshaun Prince,48.62071,21.67735,MIN
70860,Gorgui Dieng,54.00747,13.29997,MIN
70860,Zach LaVine,76.1174,6.25958,MIN
70860,Andrew Wiggins,81.16022,22.50616,MIN
70860,Damjan Rudez,67.33438,44.27564,MIN
70860,Kyle Korver,54.00747,13.29997,ATL
70860,Paul Millsap,85.03711,27.33509,ATL
70860,Al Horford,75.21529,17.58016,ATL
70860,Thabo Sefolosha,58.75313,22.90091,ATL
70860,Jeff Teague,88.7668,26.21885,ATL
70870,Ball,51.99117,16.05246,Ball
70870,Tayshaun Prince,45.83272,21.97308,MIN
70870,Gorgui Dieng,51.82626,14.82635,MIN
70870,Zach LaVine,76.34696,5.94981,MIN
70870,Andrew Wiggins,78.57388,23.1946,MIN
70870,Damjan Rudez,66.70026,44.32087,MIN
70870,Kyle Korver,51.82626,14.82635,ATL
70870,Paul Millsap,84.67256,26.84088,ATL
70870,Al Horford,74.7879,16.93448,ATL
70870,Thabo Sefolosha,56.39317,20.98826,ATL
70870,Jeff Teague,88.19865,26.06366,ATL
70880,Ball,51.66953,16.45958,Ball
70880,Tayshaun Prince,44.0689,22.56716,MIN
70880,Gorgui Dieng,51.582300000000004,15.77812,MIN
70880,Zach LaVine,76.40508,5.84973,MIN
70880,Andrew Wiggins,76.19654,23.75509,MIN
70880,Damjan Rudez,67.86728,44.84617,MIN
70880,Kyle Korver,51.582300000000004,15.77812,ATL
70880,Paul Millsap,83.91433,26.7193,ATL
70880,Al Horford,75.16207,16.37097,ATL
70880,Thabo Sefolosha,55.95945,19.88866,ATL
70880,Jeff Teague,87.69856,25.67174,ATL
