60500,Ball,24.67898,40.92042,Ball
60500,O.J. Mayo,61.93279,15.64555,MIL
60500,Jerryd Bayless,45.89792,37.21708,MIL
60500,John Henson,51.87148,25.90678,MIL
60500,Michael Carter-Williams,62.46803,33.79421,MIL
60500,Jabari Parker,50.0185,23.02387,MIL
60500,Jameer Nelson,23.49886,39.80852,DEN
60500,Randy Foye,59.95159,40.93935,DEN
60500,Danilo Gallinari,37.9169,23.463540000000002,DEN
60500,Will Barton,50.14643,2.64342,DEN
60500,Nikola Jokic,20.32923,29.3166,DEN
60510,Ball,28.88822,41.42282,Ball
60510,O.J. Mayo,65.36209,14.08588,MIL
60510,Jerryd Bayless,48.59241,37.41904,MIL
60510,John Henson,55.33075,26.687640000000002,MIL
60510,Michael Carter-Williams,66.25756,36.0673,MIL
60510,Jabari Parker,53.79148,23.08513,MIL
60510,Jameer Nelson,28.148,40.24727,DEN
60510,Randy Foye,64.0415,42.59918,DEN
60510,Danilo Gallinari,42.44197,23.07531,DEN
60510,Will Barton,54.03482,2.03962,DEN
60510,Nikola Jokic,25.32536,28.2234,DEN
60510,Ball,29.48775,41.53393,Ball
60510,O.J. Mayo,65.7303,13.96679,MIL
60510,Jerryd Bayless,48.86888,37.45512,MIL
60510,John Henson,55.70325,26.76574,MIL
60510,Michael Carter-Williams,66.66509,36.29729,MIL
60510,Jabari Parker,54.16639,23.07105,MIL
60510,Jameer Nelson,28.66387,40.3079,DEN
60510,Randy Foye,64.40701,42.71789,DEN
60510,Danilo Gallinari,42.9445,22.97119,DEN
60510,Will Barton,54.4742,2.00808,DEN
60510,Nikola Jokic,25.89235,28.0818,DEN
60530,Ball,40.02115,42.24312,Ball
60530,O.J. Mayo,72.40274,13.37763,MIL
60530,Jerryd Bayless,53.64884,37.85765,MIL
60530,John Henson,62.16273,27.44379,MIL
60530,Michael Carter-Williams,71.1202,39.86543,MIL
60530,Jabari Parker,61.16812,22.69909,MIL
60530,Jameer Nelson,38.74799,41.41061,DEN
60530,Randy Foye,66.91132,42.13399,DEN
60530,Danilo Gallinari,52.00496,20.28376,DEN
60530,Will Barton,63.15854,1.81343,DEN
60530,Nikola Jokic,36.94716,26.18284,DEN
60540,Ball,44.24325,42.82887,Ball
60540,O.J. Mayo,74.69681,13.66038,MIL
60540,Jerryd Bayless,55.46574,37.55374,MIL
60540,John Henson,64.74124,27.69518,MIL
60540,Michael Carter-Williams,69.8723,40.46389,MIL
60540,Jabari Parker,64.57216,22.07826,MIL
60540,Jameer Nelson,43.51521,41.82195,DEN
60540,Randy Foye,65.60308,40.76517,DEN
60540,Danilo Gallinari,55.7193,18.77256,DEN
60540,Will Barton,67.42541,1.7926000000000002,DEN
60540,Nikola Jokic,42.35066,25.71678,DEN
60550,Ball,49.5584,43.16635,Ball
60550,O.J. Mayo,76.67562,14.11889,MIL
60550,Jerryd Bayless,57.27157,37.42864,MIL
60550,John Henson,66.53783,28.63697,MIL
60550,Michael Carter-Williams,67.71001,40.25669,MIL
60550,Jabari Parker,67.60255,21.84689,MIL
60550,Jameer Nelson,48.21578,42.34951,DEN
60550,Randy Foye,64.22519,39.65835,DEN
60550,Danilo Gallinari,58.93317,18.20454,DEN
60550,Will Barton,71.51859,1.9236900000000001,DEN
60550,Nikola Jokic,47.37924,25.52177,DEN
60560,Ball,53.79161,44.64291,Ball
60560,O.J. Mayo,78.41403,14.56064,MIL
60560,Jerryd Bayless,59.03634,37.18137,MIL
60560,John Henson,68.21482,29.72856,MIL
60560,Michael Carter-Williams,67.13262,40.37091,MIL
60560,Jabari Parker,69.98879,22.14988,MIL
60560,Jameer Nelson,52.79569,43.45048,DEN
60560,Randy Foye,62.88711,38.95471,DEN
60560,Danilo Gallinari,61.76503,18.12275,DEN
60560,Will Barton,75.32636,2.01955,DEN
60560,Nikola Jokic,51.85171,25.70455,DEN
60570,Ball,58.31298,46.32772,Ball
60570,O.J. Mayo,80.10103,15.0489,MIL
60570,Jerryd Bayless,60.91925,36.23931,MIL
60570,John Henson,69.71015,31.13231,MIL
60570,Michael Carter-Williams,68.48874,41.39152,MIL
60570,Jabari Parker,71.97828,22.1839,MIL
60570,Jameer Nelson,56.88875,45.00299,DEN
60570,Randy Foye,61.94256,37.8501,DEN
60570,Danilo Gallinari,64.09938,18.11925,DEN
60570,Will Barton,78.81285,2.14755,DEN
60570,Nikola Jokic,55.97967,26.19939,DEN
60580,Ball,61.58649,46.88626,Ball
60580,O.J. Mayo,81.34175,14.99889,MIL
60580,Jerryd Bayless,62.25744,34.89347,MIL
60580,John Henson,70.76466,31.46621,MIL
60580,Michael Carter-Williams,69.55844,42.274680000000004,MIL
60580,Jabari Parker,73.61933,22.4987,MIL
60580,Jameer Nelson,60.73501,46.0112,DEN
60580,Randy Foye,61.34582,36.44698,DEN
60580,Danilo Gallinari,65.97297,17.62914,DEN
60580,Will Barton,81.48139,2.04237,DEN
60580,Nikola Jokic,59.88952,26.90749,DEN
60590,Ball,65.28837,46.21461,Ball
60590,O.J. Mayo,82.23966,15.7217,MIL
60590,Jerryd Bayless,63.04969,32.96028,MIL
60590,John Henson,72.69638,32.87365,MIL
60590,Michael Carter-Williams,69.36761,42.51509,MIL
60590,Jabari Parker,74.79991,22.82091,MIL
60590,Jameer Nelson,64.22193,46.22,DEN
60590,Randy Foye,60.92418,34.31573,DEN
60590,Danilo Gallinari,67.42524,17.23291,DEN
60590,Will Barton,83.59686,2.1207,DEN
60590,Nikola Jokic,63.45834,28.05173,DEN
60600,Ball,69.7066,47.01893,Ball
60600,O.J. Mayo,83.15885,17.19752,MIL
60600,Jerryd Bayless,63.32261,30.49621,MIL
60600,John Henson,74.65751,34.44783,MIL
60600,Michael Carter-Williams,69.80632,42.8984,MIL
60600,Jabari Parker,75.87668,22.61815,MIL
60600,Jameer Nelson,68.23211,46.01415,DEN
60600,Randy Foye,60.88804,31.930320000000002,DEN
60600,Danilo Gallinari,68.39117,16.53778,DEN
60600,Will Barton,85.31711,2.01946,DEN
60600,Nikola Jokic,66.78764,30.11766,DEN
60610,Ball,74.36699,46.34939,Ball
60610,O.J. Mayo,84.12673,18.59283,MIL
60610,Jerryd Bayless,64.24179,28.43693,MIL
60610,John Henson,76.61204,35.30843,MIL
60610,Michael Carter-Williams,72.6201,42.98086,MIL
60610,Jabari Parker,76.9764,22.11147,MIL
60610,Jameer Nelson,73.05926,45.01243,DEN
60610,Randy Foye,61.2618,29.52724,DEN
60610,Danilo Gallinari,68.65948,16.00389,DEN
60610,Will Barton,86.44947,1.88111,DEN
60610,Nikola Jokic,69.3287,32.47004,DEN
60620,Ball,77.69432,40.83425,Ball
60620,O.J. Mayo,85.37887,20.2672,MIL
60620,Jerryd Bayless,66.57376,27.27914,MIL
60620,John Henson,79.90335,35.55993,MIL
60620,Michael Carter-Williams,76.38291,41.64565,MIL
60620,Jabari Parker,78.21565,22.18343,MIL
60620,Jameer Nelson,77.36253,42.99386,DEN
60620,Randy Foye,62.04451,27.61554,DEN
60620,Danilo Gallinari,68.57555,16.31916,DEN
60620,Will Barton,87.05885,2.06121,DEN
60620,Nikola Jokic,72.27047,33.37813,DEN
60630,Ball,82.56304,40.29911,Ball
60630,O.J. Mayo,86.5634,21.70115,MIL
60630,Jerryd Bayless,70.25128,27.79862,MIL
60630,John Henson,82.78045,35.1434,MIL
60630,Michael Carter-Williams,80.02943,38.28268,MIL
60630,Jabari Parker,79.27216,22.67124,MIL
60630,Jameer Nelson,80.61355,40.00075,DEN
60630,Randy Foye,62.17154,26.10094,DEN
60630,Danilo Gallinari,68.61004,16.96846,DEN
60630,Will Barton,87.40529,1.83769,DEN
60630,Nikola Jokic,74.59658,34.06706,DEN
60640,Ball,80.20736,40.0001,Ball
60640,O.J. Mayo,87.25471,22.28224,MIL
60640,Jerryd Bayless,73.76223,28.80826,MIL
60640,John Henson,85.28864,35.1891,MIL
60640,Michael Carter-Williams,82.89768,35.76791,MIL
60640,Jabari Parker,79.97566,22.85593,MIL
60640,Jameer Nelson,81.14171,39.70911,DEN
60640,Randy Foye,61.98925,25.55452,DEN
60640,Danilo Gallinari,68.34712,16.96084,DEN
60640,Will Barton,87.37307,1.67931,DEN
60640,Nikola Jokic,76.29487,34.8198,DEN
60650,Ball,79.39755,41.02981,Ball
60650,O.J. Mayo,87.45614,21.43319,MIL
60650,Jerryd Bayless,75.54522,29.7511,MIL
60650,John Henson,86.47004,34.4162,MIL
60650,Michael Carter-Williams,83.00981,35.551,MIL
60650,Jabari Parker,79.79239,22.07518,MIL
60650,Jameer Nelson,79.58334,40.75598,DEN
60650,Randy Foye,61.56737,25.68994,DEN
60650,Danilo Gallinari,67.86574,15.95577,DEN
60650,Will Barton,87.28705,1.77654,DEN
60650,Nikola Jokic,78.22222,34.85776,DEN
60660,Ball,76.32219,42.07401,Ball
60660,O.J. Mayo,87.36502,19.98009,MIL
60660,Jerryd Bayless,74.71241,28.96374,MIL
60660,John Henson,85.73709,33.09039,MIL
60660,Michael Carter-Williams,80.9566,36.73826,MIL
60660,Jabari Parker,78.75494,21.39588,MIL
60660,Jameer Nelson,76.65289,40.70498,DEN
60660,Randy Foye,61.08541,25.36477,DEN
60660,Danilo Gallinari,67.28251,13.7274,DEN
60660,Will Barton,87.24724,1.69244,DEN
60660,Nikola Jokic,79.90055,34.78221,DEN
60670,Ball,67.96212,33.07611,Ball
60670,O.J. Mayo,87.10888,18.7308,MIL
60670,Jerryd Bayless,71.86971,27.07235,MIL
60670,John Henson,83.96613,32.45549,MIL
60670,Michael Carter-Williams,78.65544,37.13544,MIL
60670,Jabari Parker,77.48797,20.75238,MIL
60670,Jameer Nelson,74.63904,40.35537,DEN
60670,Randy Foye,60.71923,25.3134,DEN
60670,Danilo Gallinari,66.99585,11.59426,DEN
60670,Will Barton,87.2584,1.6595300000000002,DEN
60670,Nikola Jokic,80.15054,34.8551,DEN
60680,Ball,61.95476,25.14434,Ball
60680,O.J. Mayo,86.69166,17.44203,MIL
60680,Jerryd Bayless,68.33095,25.83647,MIL
60680,John Henson,82.71669,32.04407,MIL
60680,Michael Carter-Williams,77.50587,37.17682,MIL
60680,Jabari Parker,76.23327,18.30438,MIL
60680,Jameer Nelson,73.97421,41.42307,DEN
60680,Randy Foye,61.07125,24.67969,DEN
60680,Danilo Gallinari,67.34941,11.92658,DEN
60680,Will Barton,87.30837,1.62419,DEN
60680,Nikola Jokic,80.47223,35.4486,DEN
60690,Ball,62.27123,23.42862,Ball
60690,O.J. Mayo,85.91807,15.0328,MIL
60690,Jerryd Bayless,65.78485,25.10538,MIL
60690,John Henson,82.17108,31.78093,MIL
60690,Michael Carter-Williams,77.14037,37.41842,MIL
60690,Jabari Parker,74.68516,15.83084,MIL
60690,Jameer Nelson,73.68134,42.5979,DEN
60690,Randy Foye,62.30605,24.36434,DEN
60690,Danilo Gallinari,67.83029,13.8226,DEN
60690,Will Barton,87.33458,1.61271,DEN
60690,Nikola Jokic,81.45673,36.019,DEN
60700,Ball,62.29306,24.10515,Ball
60700,O.J. Mayo,85.15556,13.56585,MIL
60700,Jerryd Bayless,63.3183,24.28642,MIL
60700,John Henson,82.42704,31.05154,MIL
60700,Michael Carter-Williams,76.87219,37.65992,MIL
60700,Jabari Parker,72.42487,15.11501,MIL
60700,Jameer Nelson,73.59851,43.48864,DEN
60700,Randy Foye,62.77569,24.18393,DEN
60700,Danilo Gallinari,67.84244,16.2681,DEN
60700,Will Barton,87.30896,1.6606,DEN
60700,Nikola Jokic,83.07979,36.37228,DEN
60710,Ball,61.82231,20.42058,Ball
60710,O.J. Mayo,84.64901,13.881730000000001,MIL
60710,Jerryd Bayless,63.76574,23.35346,MIL
60710,John Henson,82.99448,30.48069,MIL
60710,Michael Carter-Williams,76.63882,38.03744,MIL
60710,Jabari Parker,70.0985,15.45726,MIL
60710,Jameer Nelson,74.11471,44.26043,DEN
60710,Randy Foye,62.13991,21.95097,DEN
60710,Danilo Gallinari,67.39829,18.75589,DEN
60710,Will Barton,87.26403,1.5844200000000002,DEN
60710,Nikola Jokic,85.20667,35.54652,DEN
60720,Ball,60.88741,17.13456,Ball
60720,O.J. Mayo,84.46087,13.29526,MIL
60720,Jerryd Bayless,64.18579,21.21188,MIL
60720,John Henson,83.52217,30.0805,MIL
60720,Michael Carter-Williams,76.83281,37.24819,MIL
60720,Jabari Parker,68.29358,15.27595,MIL
60720,Jameer Nelson,75.49518,45.10282,DEN
60720,Randy Foye,62.39287,17.97872,DEN
60720,Danilo Gallinari,67.91129,20.60764,DEN
60720,Will Barton,87.0808,1.56301,DEN
60720,Nikola Jokic,87.67768,33.12601,DEN
60730,Ball,63.00921,12.0275,Ball
60730,O.J. Mayo,84.47303,11.68394,MIL
60730,Jerryd Bayless,65.9012,20.14955,MIL
60730,John Henson,83.3524,28.50545,MIL
60730,Michael Carter-Williams,76.94784,35.46926,MIL
60730,Jabari Parker,68.38336,13.9678,MIL
60730,Jameer Nelson,77.1829,45.59147,DEN
60730,Randy Foye,63.18698,13.09683,DEN
60730,Danilo Gallinari,70.71716,21.86257,DEN
60730,Will Barton,86.91555,1.59829,DEN
60730,Nikola Jokic,89.17678,29.37391,DEN
60740,Ball,63.56768,7.36418,Ball
60740,O.J. Mayo,84.48382,10.2104,MIL
60740,Jerryd Bayless,70.00256,20.03247,MIL
60740,John Henson,82.8845,26.21936,MIL
60740,Michael Carter-Williams,77.6521,33.6405,MIL
60740,Jabari Parker,69.19275,12.55447,MIL
60740,Jameer Nelson,78.66477,46.14105,DEN
60740,Randy Foye,63.29496,9.22249,DEN
60740,Danilo Gallinari,74.75934,22.58335,DEN
60740,Will Barton,86.97539,1.54194,DEN
60740,Nikola Jokic,89.44136,25.15305,DEN
60750,Ball,63.98152,5.72978,Ball
60750,O.J. Mayo,84.6991,9.35324,MIL
60750,Jerryd Bayless,74.39931,20.65473,MIL
60750,John Henson,82.49182,23.94406,MIL
60750,Michael Carter-Williams,79.26689,32.40418,MIL
60750,Jabari Parker,69.00637,12.0294,MIL
60750,Jameer Nelson,78.95776,46.3499,DEN
60750,Randy Foye,62.6879,6.88446,DEN
60750,Danilo Gallinari,78.55921,23.37564,DEN
60750,Will Barton,87.08464,1.46096,DEN
60750,Nikola Jokic,88.49164,20.89692,DEN
60760,Ball,62.95706,6.91441,Ball
60760,O.J. Mayo,84.71003,9.4023,MIL
60760,Jerryd Bayless,78.17685,22.32395,MIL
60760,John Henson,82.92571,23.24665,MIL
60760,Michael Carter-Williams,79.87844,32.21499,MIL
60760,Jabari Parker,68.75116,11.88147,MIL
60760,Jameer Nelson,77.61115,46.33216,DEN
60760,Randy Foye,62.06563,6.69855,DEN
60760,Danilo Gallinari,80.78799,24.55245,DEN
60760,Will Barton,87.00266,1.35933,DEN
60760,Nikola Jokic,86.40204,17.38383,DEN
60770,Ball,59.58704,7.30077,Ball
60770,O.J. Mayo,84.69426,9.45856,MIL
60770,Jerryd Bayless,80.55546,24.73009,MIL
60770,John Henson,83.70151,22.84305,MIL
60770,Michael Carter-Williams,78.96522,33.2818,MIL
60770,Jabari Parker,68.58865,12.72827,MIL
60770,Jameer Nelson,76.13514,46.0117,DEN
60770,Randy Foye,61.06029,8.08912,DEN
60770,Danilo Gallinari,81.07273,26.83678,DEN
60770,Will Barton,86.69051,1.1734200000000001,DEN
60770,Nikola Jokic,83.48488,14.9459,DEN
60780,Ball,58.73634,10.376290000000001,Ball
60780,O.J. Mayo,84.72083,9.50147,MIL
60780,Jerryd Bayless,81.85179,27.36183,MIL
60780,John Henson,83.42849,21.15706,MIL
60780,Michael Carter-Williams,76.84096,34.56092,MIL
60780,Jabari Parker,68.5217,14.45237,MIL
60780,Jameer Nelson,74.51726,45.72857,DEN
60780,Randy Foye,60.1688,10.39255,DEN
60780,Danilo Gallinari,81.26098,29.96146,DEN
60780,Will Barton,86.68655,1.10833,DEN
60780,Nikola Jokic,79.63591,13.58079,DEN
60790,Ball,58.19604,14.15444,Ball
60790,O.J. Mayo,84.82279,9.51387,MIL
60790,Jerryd Bayless,82.53289,29.83107,MIL
60790,John Henson,81.42642,19.20215,MIL
60790,Michael Carter-Williams,74.79571,35.83529,MIL
60790,Jabari Parker,68.30082,16.50445,MIL
60790,Jameer Nelson,72.59584,45.83229,DEN
60790,Randy Foye,59.54103,13.04561,DEN
60790,Danilo Gallinari,81.9697,32.41488,DEN
60790,Will Barton,86.96106,1.18688,DEN
60790,Nikola Jokic,75.56484,13.49053,DEN
60800,Ball,57.71696,15.73658,Ball
60800,O.J. Mayo,84.92931,9.52028,MIL
60800,Jerryd Bayless,82.93374,31.24508,MIL
60800,John Henson,78.31347,17.62511,MIL
60800,Michael Carter-Williams,72.2433,37.33029,MIL
60800,Jabari Parker,67.71214,18.50289,MIL
60800,Jameer Nelson,70.49117,45.30391,DEN
60800,Randy Foye,58.77728,15.65738,DEN
60800,Danilo Gallinari,82.56337,33.41191,DEN
60800,Will Barton,86.97472,1.21405,DEN
60800,Nikola Jokic,72.52455,14.48702,DEN
60810,Ball,57.22322,19.9549,Ball
60810,O.J. Mayo,84.96425,9.55682,MIL
60810,Jerryd Bayless,83.19581,31.40712,MIL
60810,John Henson,74.84609,16.96087,MIL
60810,Michael Carter-Williams,69.54878,38.76552,MIL
60810,Jabari Parker,67.04243,20.32589,MIL
60810,Jameer Nelson,68.30583,44.95,DEN
60810,Randy Foye,58.32736,18.34887,DEN
60810,Danilo Gallinari,82.80087,33.01621,DEN
60810,Will Barton,86.73771,1.22215,DEN
60810,Nikola Jokic,70.32584,15.73715,DEN
60820,Ball,56.91396,21.7418,Ball
60820,O.J. Mayo,84.92183,9.81846,MIL
60820,Jerryd Bayless,83.33328,30.73952,MIL
60820,John Henson,72.18419,17.23016,MIL
60820,Michael Carter-Williams,68.17548,39.49964,MIL
60820,Jabari Parker,66.64473,22.06299,MIL
60820,Jameer Nelson,65.34862,44.85772,DEN
60820,Randy Foye,57.81478,21.09263,DEN
60820,Danilo Gallinari,82.77029,31.51329,DEN
60820,Will Barton,86.26845,1.16851,DEN
60820,Nikola Jokic,68.98871,16.54003,DEN
60830,Ball,57.1743,29.77566,Ball
60830,O.J. Mayo,84.73191,10.97378,MIL
60830,Jerryd Bayless,83.78606,29.56999,MIL
60830,John Henson,70.82,18.25047,MIL
60830,Michael Carter-Williams,66.66268,39.47986,MIL
60830,Jabari Parker,66.60125,23.71177,MIL
60830,Jameer Nelson,61.83225,44.62385,DEN
60830,Randy Foye,57.68351,23.36169,DEN
60830,Danilo Gallinari,82.84972,30.1999,DEN
60830,Will Barton,85.27097,1.22927,DEN
60830,Nikola Jokic,67.95112,17.42173,DEN
60840,Ball,56.06395,42.62964,Ball
60840,O.J. Mayo,84.29131,12.62721,MIL
60840,Jerryd Bayless,82.84561,28.23243,MIL
60840,John Henson,70.44686,19.55728,MIL
60840,Michael Carter-Williams,65.23022,39.29798,MIL
60840,Jabari Parker,66.7112,24.93809,MIL
60840,Jameer Nelson,58.80219,44.02757,DEN
60840,Randy Foye,58.13121,23.71922,DEN
60840,Danilo Gallinari,83.06837,29.81338,DEN
60840,Will Barton,84.20835,1.34246,DEN
60840,Nikola Jokic,66.718,18.10957,DEN
60850,Ball,58.34566,42.48539,Ball
60850,O.J. Mayo,84.01923,14.35367,MIL
60850,Jerryd Bayless,81.46381,27.68119,MIL
60850,John Henson,70.81103,20.62378,MIL
60850,Michael Carter-Williams,64.53668,38.8676,MIL
60850,Jabari Parker,66.83108,24.99113,MIL
60850,Jameer Nelson,57.93271,43.77069,DEN
60850,Randy Foye,58.97269,23.49856,DEN
60850,Danilo Gallinari,82.41807,29.1831,DEN
60850,Will Barton,83.60428,1.36276,DEN
60850,Nikola Jokic,66.54412,18.00755,DEN
60860,Ball,58.70094,43.9203,Ball
60860,O.J. Mayo,84.38314,16.5115,MIL
60860,Jerryd Bayless,79.63733,28.08197,MIL
60860,John Henson,72.5947,23.26257,MIL
60860,Michael Carter-Williams,63.87605,38.94734,MIL
60860,Jabari Parker,67.39279,24.60882,MIL
60860,Jameer Nelson,58.46726,44.29016,DEN
60860,Randy Foye,59.99765,22.66997,DEN
60860,Danilo Gallinari,81.59835,29.0629,DEN
60860,Will Barton,83.34922,1.27837,DEN
60860,Nikola Jokic,67.73173,17.72493,DEN
60870,Ball,60.31391,44.39765,Ball
60870,O.J. Mayo,84.69763,18.47494,MIL
60870,Jerryd Bayless,78.06965,29.26461,MIL
60870,John Henson,74.66158,27.28118,MIL
60870,Michael Carter-Williams,63.74285,39.42794,MIL
60870,Jabari Parker,68.72301,24.27868,MIL
60870,Jameer Nelson,59.10728,44.53994,DEN
60870,Randy Foye,60.84358,21.31375,DEN
60870,Danilo Gallinari,82.00386,31.19837,DEN
60870,Will Barton,83.53518,1.2610700000000001,DEN
60870,Nikola Jokic,69.68364,17.63534,DEN
60880,Ball,58.76114,44.67499,Ball
60880,O.J. Mayo,84.55634,19.26878,MIL
60880,Jerryd Bayless,78.75079,31.86004,MIL
60880,John Henson,75.9612,30.61028,MIL
60880,Michael Carter-Williams,64.10364,39.7274,MIL
60880,Jabari Parker,70.38685,23.57329,MIL
60880,Jameer Nelson,59.21814,44.30869,DEN
60880,Randy Foye,61.55284,19.59287,DEN
60880,Danilo Gallinari,82.60617,34.11132,DEN
60880,Will Barton,83.91434,1.29755,DEN
60880,Nikola Jokic,71.9762,19.37543,DEN
60890,Ball,60.62991,33.39077,Ball
60890,O.J. Mayo,83.77056,18.54931,MIL
60890,Jerryd Bayless,80.71786,34.34498,MIL
60890,John Henson,76.77329,30.13239,MIL
60890,Michael Carter-Williams,64.63611,39.73472,MIL
60890,Jabari Parker,71.97973,23.14685,MIL
60890,Jameer Nelson,59.184,43.8801,DEN
60890,Randy Foye,61.94579,17.6678,DEN
60890,Danilo Gallinari,83.45705,36.09534,DEN
60890,Will Barton,84.02832,1.2997,DEN
60890,Nikola Jokic,73.68711,22.20884,DEN
60900,Ball,62.64133,17.37129,Ball
60900,O.J. Mayo,82.35245,15.51191,MIL
60900,Jerryd Bayless,82.88383,34.99896,MIL
60900,John Henson,77.45858,26.8943,MIL
60900,Michael Carter-Williams,65.76056,39.43052,MIL
60900,Jabari Parker,72.66165,22.14641,MIL
60900,Jameer Nelson,59.82346,44.08538,DEN
60900,Randy Foye,62.69202,15.87045,DEN
60900,Danilo Gallinari,84.41292,37.02402,DEN
60900,Will Barton,84.10157,1.23534,DEN
60900,Nikola Jokic,74.63093,23.93381,DEN
60910,Ball,65.48962,13.83953,Ball
60910,O.J. Mayo,81.81554,12.51115,MIL
60910,Jerryd Bayless,84.92946,35.0334,MIL
60910,John Henson,78.03201,23.8824,MIL
60910,Michael Carter-Williams,67.31665,38.70676,MIL
60910,Jabari Parker,71.62746,19.21262,MIL
60910,Jameer Nelson,60.63283,43.64512,DEN
60910,Randy Foye,64.07334,13.97834,DEN
60910,Danilo Gallinari,85.10401,37.49332,DEN
60910,Will Barton,84.6124,1.18248,DEN
60910,Nikola Jokic,74.3865,23.81034,DEN
60920,Ball,65.92228,13.9559,Ball
60920,O.J. Mayo,82.33818,10.89973,MIL
60920,Jerryd Bayless,86.14397,34.42798,MIL
60920,John Henson,78.1781,22.85346,MIL
60920,Michael Carter-Williams,69.50763,37.21018,MIL
60920,Jabari Parker,69.38996,16.01442,MIL
60920,Jameer Nelson,61.48591,42.67604,DEN
60920,Randy Foye,64.90391,13.63852,DEN
60920,Danilo Gallinari,85.74567,37.76881,DEN
60920,Will Barton,84.70378,1.34595,DEN
60920,Nikola Jokic,73.26809,23.46366,DEN
60930,Ball,72.76873,17.14651,Ball
60930,O.J. Mayo,83.20136,10.99367,MIL
60930,Jerryd Bayless,86.39959,34.06219,MIL
60930,John Henson,77.44565,22.9937,MIL
60930,Michael Carter-Williams,72.11865,34.90591,MIL
60930,Jabari Parker,66.73461,12.64298,MIL
60930,Jameer Nelson,62.25075,41.73223,DEN
60930,Randy Foye,65.84946,13.25756,DEN
60930,Danilo Gallinari,86.0502,36.77096,DEN
60930,Will Barton,83.75697,1.9176600000000001,DEN
60930,Nikola Jokic,71.75294,23.54887,DEN
60940,Ball,79.4183,20.24925,Ball
60940,O.J. Mayo,84.22682,12.39079,MIL
60940,Jerryd Bayless,85.69849,34.14015,MIL
60940,John Henson,76.28226,23.2756,MIL
60940,Michael Carter-Williams,74.8343,32.40499,MIL
60940,Jabari Parker,64.44931,9.65715,MIL
60940,Jameer Nelson,62.39399,40.50484,DEN
60940,Randy Foye,65.3966,12.53729,DEN
60940,Danilo Gallinari,85.77442,35.88319,DEN
60940,Will Barton,82.32558,3.1325,DEN
60940,Nikola Jokic,69.72922,24.29254,DEN
60950,Ball,85.75766,22.8619,Ball
60950,O.J. Mayo,84.90863,14.10771,MIL
60950,Jerryd Bayless,85.32755,34.13099,MIL
60950,John Henson,75.9446,23.51028,MIL
60950,Michael Carter-Williams,77.7643,30.03692,MIL
60950,Jabari Parker,62.49553,7.64631,MIL
60950,Jameer Nelson,61.47756,39.21995,DEN
60950,Randy Foye,63.7629,11.88615,DEN
60950,Danilo Gallinari,85.44793,35.77895,DEN
60950,Will Barton,80.64145,4.75179,DEN
60950,Nikola Jokic,67.2747,24.91757,DEN
60960,Ball,88.75385,21.70475,Ball
60960,O.J. Mayo,85.16471,15.56673,MIL
60960,Jerryd Bayless,85.00874,34.29199,MIL
60960,John Henson,75.62948,23.93693,MIL
60960,Michael Carter-Williams,80.70003,28.08054,MIL
60960,Jabari Parker,60.547,5.9699100000000005,MIL
60960,Jameer Nelson,59.97702,38.1398,DEN
60960,Randy Foye,61.68659,11.23864,DEN
60960,Danilo Gallinari,84.65116,35.69496,DEN
60960,Will Barton,78.46377,6.32377,DEN
60960,Nikola Jokic,64.41457,25.35589,DEN
60970,Ball,86.29294,17.83848,Ball
60970,O.J. Mayo,84.99902,16.58773,MIL
60970,Jerryd Bayless,85.41289,34.47296,MIL
60970,John Henson,74.10824,25.07439,MIL
60970,Michael Carter-Williams,83.04583,25.70822,MIL
60970,Jabari Parker,58.95413,4.22555,MIL
60970,Jameer Nelson,58.25222,36.99296,DEN
60970,Randy Foye,58.91231,10.76783,DEN
60970,Danilo Gallinari,82.61257,35.8129,DEN
60970,Will Barton,76.15559,7.9773700000000005,DEN
60970,Nikola Jokic,61.20066,25.68558,DEN
60980,Ball,84.83668,16.41644,Ball
60980,O.J. Mayo,84.6157,16.75242,MIL
60980,Jerryd Bayless,85.12608,35.04331,MIL
60980,John Henson,71.35855,26.47144,MIL
60980,Michael Carter-Williams,83.78372,23.37069,MIL
60980,Jabari Parker,57.30379,3.02078,MIL
60980,Jameer Nelson,56.14879,36.01194,DEN
60980,Randy Foye,55.08088,10.82621,DEN
60980,Danilo Gallinari,79.42318,35.95742,DEN
60980,Will Barton,73.05302,9.54071,DEN
60980,Nikola Jokic,57.6563,25.87462,DEN
60990,Ball,81.81974,17.84953,Ball
60990,O.J. Mayo,83.6244,16.68695,MIL
60990,Jerryd Bayless,83.76281,36.2616,MIL
60990,John Henson,67.18899,28.15296,MIL
60990,Michael Carter-Williams,81.77443,21.43653,MIL
60990,Jabari Parker,54.93989,2.3578200000000002,MIL
60990,Jameer Nelson,53.43745,34.75899,DEN
60990,Randy Foye,50.10319,11.04889,DEN
60990,Danilo Gallinari,75.47917,35.82702,DEN
60990,Will Barton,68.87501,11.18329,DEN
60990,Nikola Jokic,53.60367,26.09014,DEN
61000,Ball,77.07639,19.3299,Ball
61000,O.J. Mayo,81.35127,17.33814,MIL
61000,Jerryd Bayless,80.9202,37.48111,MIL
61000,John Henson,62.07607,29.63268,MIL
61000,Michael Carter-Williams,78.14594,19.72259,MIL
61000,Jabari Parker,51.58172,1.88638,MIL
61000,Jameer Nelson,50.24006,33.18765,DEN
61000,Randy Foye,44.68426,11.77698,DEN
61000,Danilo Gallinari,71.09674,35.77745,DEN
61000,Will Barton,64.13967,12.45452,DEN
61000,Nikola Jokic,49.09579,26.48528,DEN
61010,Ball,71.59051,15.67185,Ball
61010,O.J. Mayo,77.8685,18.65388,MIL
61010,Jerryd Bayless,76.75542,38.72718,MIL
61010,John Henson,56.82616,30.71033,MIL
61010,Michael Carter-Williams,73.92644,17.86111,MIL
61010,Jabari Parker,47.63227,1.68289,MIL
61010,Jameer Nelson,46.65,31.41492,DEN
61010,Randy Foye,39.33174,12.80235,DEN
61010,Danilo Gallinari,66.40873,35.76409,DEN
61010,Will Barton,59.32958,13.74437,DEN
61010,Nikola Jokic,44.05089,27.10436,DEN
61020,Ball,69.11917,13.9387,Ball
61020,O.J. Mayo,73.56709,20.11799,MIL
61020,Jerryd Bayless,71.70302,39.8751,MIL
61020,John Henson,51.83371,31.48511,MIL
61020,Michael Carter-Williams,69.27881,16.04734,MIL
61020,Jabari Parker,43.2941,1.79832,MIL
61020,Jameer Nelson,42.84906,29.67163,DEN
61020,Randy Foye,34.47662,13.51513,DEN
61020,Danilo Gallinari,61.30058,35.92309,DEN
61020,Will Barton,54.51572,15.45611,DEN
61020,Nikola Jokic,38.93431,27.61363,DEN
61030,Ball,63.94115,12.66751,Ball
61030,O.J. Mayo,69.03613,21.23731,MIL
61030,Jerryd Bayless,66.15379,41.20536,MIL
61030,John Henson,47.29045,31.87849,MIL
61030,Michael Carter-Williams,64.65632,14.34641,MIL
61030,Jabari Parker,38.74224,1.96256,MIL
61030,Jameer Nelson,39.13154,27.89008,DEN
61030,Randy Foye,29.95996,13.29695,DEN
61030,Danilo Gallinari,56.00871,36.22807,DEN
61030,Will Barton,49.8728,17.11708,DEN
61030,Nikola Jokic,33.95536,27.67042,DEN
61040,Ball,59.77243,11.51318,Ball
61040,O.J. Mayo,64.39952,21.75724,MIL
61040,Jerryd Bayless,60.49528,42.63737,MIL
61040,John Henson,42.95346,32.14808,MIL
61040,Michael Carter-Williams,60.06746,12.80055,MIL
61040,Jabari Parker,34.308840000000004,2.02438,MIL
61040,Jameer Nelson,35.97061,25.38485,DEN
61040,Randy Foye,26.20513,12.63046,DEN
61040,Danilo Gallinari,50.64218,36.62466,DEN
61040,Will Barton,45.39914,18.88679,DEN
61040,Nikola Jokic,29.45242,27.495260000000002,DEN
61050,Ball,54.2236,10.06647,Ball
61050,O.J. Mayo,59.79494,21.57348,MIL
61050,Jerryd Bayless,54.8526,44.00463,MIL
61050,John Henson,38.84201,31.95979,MIL
61050,Michael Carter-Williams,55.42392,11.72273,MIL
61050,Jabari Parker,30.01738,2.0580600000000002,MIL
61050,Jameer Nelson,33.59237,22.32563,DEN
61050,Randy Foye,22.92321,12.071110000000001,DEN
61050,Danilo Gallinari,45.2759,37.13003,DEN
61050,Will Barton,41.47543,20.83522,DEN
61050,Nikola Jokic,25.56187,27.28883,DEN
61060,Ball,50.64428,9.36197,Ball
61060,O.J. Mayo,55.46284,20.76887,MIL
61060,Jerryd Bayless,49.49338,45.39214,MIL
61060,John Henson,35.11167,31.44218,MIL
61060,Michael Carter-Williams,51.01672,10.73029,MIL
61060,Jabari Parker,26.26712,2.31146,MIL
61060,Jameer Nelson,31.94367,19.13771,DEN
61060,Randy Foye,20.25184,11.61428,DEN
61060,Danilo Gallinari,39.96952,37.54634,DEN
61060,Will Barton,38.05012,22.06709,DEN
61060,Nikola Jokic,22.6069,26.74016,DEN
61070,Ball,45.2939,8.50424,Ball
61070,O.J. Mayo,51.43561,19.65404,MIL
61070,Jerryd Bayless,44.33475,46.64241,MIL
61070,John Henson,31.91863,30.578,MIL
61070,Michael Carter-Williams,47.01401,9.8448,MIL
61070,Jabari Parker,23.01518,2.96843,MIL
61070,Jameer Nelson,30.72325,16.34202,DEN
61070,Randy Foye,18.1818,11.0921,DEN
61070,Danilo Gallinari,35.1291,37.63808,DEN
61070,Will Barton,34.83641,22.26832,DEN
61070,Nikola Jokic,20.33736,25.76413,DEN
61080,Ball,42.42819,8.03241,Ball
61080,O.J. Mayo,47.7816,18.4155,MIL
61080,Jerryd Bayless,39.42134,47.60624,MIL
61080,John Henson,29.19815,29.93669,MIL
61080,Michael Carter-Williams,43.5434,9.1609,MIL
61080,Jabari Parker,20.27385,3.68161,MIL
61080,Jameer Nelson,29.90712,14.10586,DEN
61080,Randy Foye,16.44153,10.68974,DEN
61080,Danilo Gallinari,30.69229,37.69443,DEN
61080,Will Barton,32.09232,21.64501,DEN
61080,Nikola Jokic,18.4454,24.83762,DEN
61090,Ball,39.10615,8.47709,Ball
61090,O.J. Mayo,44.6193,17.48501,MIL
61090,Jerryd Bayless,34.58281,48.17288,MIL
61090,John Henson,27.29883,29.51014,MIL
61090,Michael Carter-Williams,40.65195,8.70398,MIL
61090,Jabari Parker,18.05913,5.0492,MIL
61090,Jameer Nelson,29.09679,12.52527,DEN
61090,Randy Foye,15.03584,10.52118,DEN
61090,Danilo Gallinari,26.61699,38.14985,DEN
61090,Will Barton,29.60872,20.68953,DEN
61090,Nikola Jokic,17.07986,24.06066,DEN
61100,Ball,37.89565,6.70383,Ball
61100,O.J. Mayo,41.97618,16.60592,MIL
61100,Jerryd Bayless,29.97682,48.4154,MIL
61100,John Henson,25.53956,29.05363,MIL
61100,Michael Carter-Williams,38.04067,8.07914,MIL
61100,Jabari Parker,16.63702,7.10985,MIL
61100,Jameer Nelson,28.50084,11.62134,DEN
61100,Randy Foye,13.98445,10.16248,DEN
61100,Danilo Gallinari,23.18717,38.47809,DEN
61100,Will Barton,27.68124,19.92349,DEN
61100,Nikola Jokic,16.6325,23.47834,DEN
61110,Ball,35.04426,6.35972,Ball
61110,O.J. Mayo,39.86108,16.12074,MIL
61110,Jerryd Bayless,25.48387,48.877250000000004,MIL
61110,John Henson,24.22181,28.59227,MIL
61110,Michael Carter-Williams,34.88751,7.23138,MIL
61110,Jabari Parker,15.43419,9.35065,MIL
61110,Jameer Nelson,27.23397,10.451,DEN
61110,Randy Foye,13.45893,10.66763,DEN
61110,Danilo Gallinari,20.309,38.38911,DEN
61110,Will Barton,26.252580000000002,18.92414,DEN
61110,Nikola Jokic,16.74663,23.72993,DEN
61120,Ball,30.40834,4.47744,Ball
61120,O.J. Mayo,37.98088,15.54516,MIL
61120,Jerryd Bayless,21.70251,49.35169,MIL
61120,John Henson,23.63934,27.69605,MIL
61120,Michael Carter-Williams,31.2706,5.97777,MIL
61120,Jabari Parker,14.55815,10.76334,MIL
61120,Jameer Nelson,25.26192,8.9802,DEN
61120,Randy Foye,12.87599,12.00764,DEN
61120,Danilo Gallinari,17.80618,38.10748,DEN
61120,Will Barton,25.44481,17.79892,DEN
61120,Nikola Jokic,16.93879,24.14017,DEN
61130,Ball,27.92016,3.6909,Ball
61130,O.J. Mayo,36.43254,14.75707,MIL
61130,Jerryd Bayless,18.74834,49.21764,MIL
61130,John Henson,23.25719,26.87647,MIL
61130,Michael Carter-Williams,27.59977,4.76281,MIL
61130,Jabari Parker,13.52339,11.41001,MIL
61130,Jameer Nelson,23.09759,7.33258,DEN
61130,Randy Foye,11.94866,13.10044,DEN
61130,Danilo Gallinari,15.49007,38.13035,DEN
61130,Will Barton,24.84759,16.53983,DEN
61130,Nikola Jokic,17.36293,24.36555,DEN
61140,Ball,22.285,3.84608,Ball
61140,O.J. Mayo,35.03992,13.90889,MIL
61140,Jerryd Bayless,16.29877,49.34066,MIL
61140,John Henson,23.13966,26.84144,MIL
61140,Michael Carter-Williams,23.62742,4.10896,MIL
61140,Jabari Parker,11.94986,11.59946,MIL
61140,Jameer Nelson,20.843890000000002,6.06594,DEN
61140,Randy Foye,11.52699,13.81176,DEN
61140,Danilo Gallinari,13.5152,37.89119,DEN
61140,Will Barton,24.04545,15.35964,DEN
61140,Nikola Jokic,17.84231,24.31204,DEN
61150,Ball,20.11489,3.00566,Ball
61150,O.J. Mayo,33.75292,13.13345,MIL
61150,Jerryd Bayless,14.66329,49.32148,MIL
61150,John Henson,22.8366,27.548000000000002,MIL
61150,Michael Carter-Williams,19.59994,3.7922700000000003,MIL
61150,Jabari Parker,10.3713,11.15532,MIL
61150,Jameer Nelson,18.07368,5.30931,DEN
61150,Randy Foye,11.95192,13.52893,DEN
61150,Danilo Gallinari,11.739370000000001,37.66299,DEN
61150,Will Barton,23.51997,14.07222,DEN
61150,Nikola Jokic,17.61252,24.02297,DEN
61160,Ball,13.27078,2.65368,Ball
61160,O.J. Mayo,32.93797,12.01914,MIL
61160,Jerryd Bayless,13.50473,49.10546,MIL
61160,John Henson,22.4059,27.84456,MIL
61160,Michael Carter-Williams,14.60012,3.70694,MIL
61160,Jabari Parker,9.09267,10.93256,MIL
61160,Jameer Nelson,14.38008,5.18755,DEN
61160,Randy Foye,11.43749,12.49882,DEN
61160,Danilo Gallinari,10.23501,37.6855,DEN
61160,Will Barton,23.17484,13.2097,DEN
61160,Nikola Jokic,17.05615,23.93464,DEN
61170,Ball,7.7921,3.39508,Ball
61170,O.J. Mayo,32.10256,11.08661,MIL
61170,Jerryd Bayless,12.626290000000001,48.94276,MIL
61170,John Henson,22.46563,27.61085,MIL
61170,Michael Carter-Williams,9.563790000000001,4.01124,MIL
61170,Jabari Parker,8.84057,10.69227,MIL
61170,Jameer Nelson,9.85201,6.461,DEN
61170,Randy Foye,10.22392,13.25795,DEN
61170,Danilo Gallinari,9.21206,37.32489,DEN
61170,Will Barton,22.15041,12.87823,DEN
61170,Nikola Jokic,15.51395,23.91031,DEN
61180,Ball,7.58506,3.05859,Ball
61180,O.J. Mayo,31.3469,10.17198,MIL
61180,Jerryd Bayless,11.75021,48.96707,MIL
61180,John Henson,22.39096,26.36498,MIL
61180,Michael Carter-Williams,6.87092,3.11774,MIL
61180,Jabari Parker,10.33687,10.15907,MIL
61180,Jameer Nelson,7.18151,6.83368,DEN
61180,Randy Foye,9.19191,13.87266,DEN
61180,Danilo Gallinari,8.55093,37.35512,DEN
61180,Will Barton,21.30045,12.48596,DEN
61180,Nikola Jokic,13.719100000000001,23.70892,DEN
61190,Ball,8.56436,2.89583,Ball
61190,O.J. Mayo,31.28138,9.24342,MIL
61190,Jerryd Bayless,10.99139,48.82422,MIL
61190,John Henson,22.23335,24.66226,MIL
61190,Michael Carter-Williams,7.25349,2.9737,MIL
61190,Jabari Parker,12.16463,8.69279,MIL
61190,Jameer Nelson,7.33831,5.53672,DEN
61190,Randy Foye,9.56816,12.67039,DEN
61190,Danilo Gallinari,8.5103,37.28414,DEN
61190,Will Barton,21.3539,11.68223,DEN
61190,Nikola Jokic,13.06094,23.08137,DEN
61200,Ball,12.111,2.17051,Ball
61200,O.J. Mayo,31.66965,8.88722,MIL
61200,Jerryd Bayless,10.41098,48.70489,MIL
61200,John Henson,21.9518,23.57599,MIL
61200,Michael Carter-Williams,10.34053,3.2657,MIL
61200,Jabari Parker,12.34787,6.61902,MIL
61200,Jameer Nelson,9.33583,5.48187,DEN
61200,Randy Foye,11.71499,10.56725,DEN
61200,Danilo Gallinari,8.68378,37.36864,DEN
61200,Will Barton,21.47847,10.92154,DEN
61200,Nikola Jokic,13.95501,22.37207,DEN
61210,Ball,15.85501,2.8044000000000002,Ball
61210,O.J. Mayo,32.46826,9.45407,MIL
61210,Jerryd Bayless,10.33309,48.57005,MIL
61210,John Henson,22.66408,22.71033,MIL
61210,Michael Carter-Williams,14.31151,3.62036,MIL
61210,Jabari Parker,12.16211,6.05517,MIL
61210,Jameer Nelson,11.42866,7.07321,DEN
61210,Randy Foye,14.83079,8.43558,DEN
61210,Danilo Gallinari,8.8285,37.49684,DEN
61210,Will Barton,21.84447,11.08792,DEN
61210,Nikola Jokic,14.88547,21.84006,DEN
61220,Ball,19.04299,9.19633,Ball
61220,O.J. Mayo,33.41713,10.44324,MIL
61220,Jerryd Bayless,10.68487,48.64389,MIL
61220,John Henson,23.7334,22.33019,MIL
61220,Michael Carter-Williams,16.96821,4.65775,MIL
61220,Jabari Parker,11.7825,6.82364,MIL
61220,Jameer Nelson,12.50274,8.40148,DEN
61220,Randy Foye,16.99515,6.90469,DEN
61220,Danilo Gallinari,9.15994,37.36934,DEN
61220,Will Barton,23.10164,12.3309,DEN
61220,Nikola Jokic,15.17848,21.42212,DEN
61230,Ball,23.66952,21.08243,Ball
61230,O.J. Mayo,34.45559,12.05822,MIL
61230,Jerryd Bayless,11.156,48.66796,MIL
61230,John Henson,24.0503,22.76276,MIL
61230,Michael Carter-Williams,18.59276,5.08723,MIL
61230,Jabari Parker,10.85042,8.10789,MIL
61230,Jameer Nelson,11.95856,9.66638,DEN
61230,Randy Foye,18.89857,6.96347,DEN
61230,Danilo Gallinari,9.99101,37.49518,DEN
61230,Will Barton,24.58148,14.45437,DEN
61230,Nikola Jokic,15.56421,21.97996,DEN
61240,Ball,21.65143,24.9155,Ball
61240,O.J. Mayo,35.17581,13.55449,MIL
61240,Jerryd Bayless,11.68409,48.57907,MIL
61240,John Henson,22.60811,24.06232,MIL
61240,Michael Carter-Williams,18.65875,4.35207,MIL
61240,Jabari Parker,8.78116,10.616530000000001,MIL
61240,Jameer Nelson,10.8262,12.25302,DEN
61240,Randy Foye,19.50929,7.31914,DEN
61240,Danilo Gallinari,10.69948,37.78101,DEN
61240,Will Barton,25.61018,17.19734,DEN
61240,Nikola Jokic,16.40269,23.1137,DEN
61250,Ball,19.49358,28.75592,Ball
61250,O.J. Mayo,35.36712,14.19277,MIL
61250,Jerryd Bayless,12.28411,48.49093,MIL
61250,John Henson,18.71819,26.67636,MIL
61250,Michael Carter-Williams,17.88607,3.21333,MIL
61250,Jabari Parker,6.97711,14.19633,MIL
61250,Jameer Nelson,9.0671,15.89012,DEN
61250,Randy Foye,18.54222,8.25296,DEN
61250,Danilo Gallinari,11.39956,38.14988,DEN
61250,Will Barton,24.89986,20.03399,DEN
61250,Nikola Jokic,15.47757,25.03302,DEN
61260,Ball,15.64661,30.38056,Ball
61260,O.J. Mayo,35.35756,14.18697,MIL
61260,Jerryd Bayless,12.20322,48.62232,MIL
61260,John Henson,13.91444,28.89753,MIL
61260,Michael Carter-Williams,17.19,2.77849,MIL
61260,Jabari Parker,7.51118,15.66576,MIL
61260,Jameer Nelson,7.24028,18.14087,DEN
61260,Randy Foye,16.3669,10.31701,DEN
61260,Danilo Gallinari,11.76931,38.20405,DEN
61260,Will Barton,22.7438,22.8203,DEN
61260,Nikola Jokic,12.67438,27.60438,DEN
61270,Ball,10.34637,31.89417,Ball
61270,O.J. Mayo,35.28535,14.01685,MIL
61270,Jerryd Bayless,11.11509,48.56842,MIL
61270,John Henson,9.90028,30.79695,MIL
61270,Michael Carter-Williams,17.10195,2.90288,MIL
61270,Jabari Parker,8.18876,16.94596,MIL
61270,Jameer Nelson,6.5126,18.66177,DEN
61270,Randy Foye,13.65049,13.34006,DEN
61270,Danilo Gallinari,11.84164,38.52265,DEN
61270,Will Barton,19.46359,24.98781,DEN
61270,Nikola Jokic,9.5458,28.37482,DEN
