30200,Ball,75.04713,19.86705,Ball
30200,Kevin Martin,63.88798,29.21194,MIN
30200,Ricky Rubio,80.48971,20.23115,MIN
30200,Andrew Wiggins,86.23656,29.70855,MIN
30200,Damjan Rudez,80.82795,30.13182,MIN
30200,Karl-Anthony Towns,81.95488,25.41617,MIN
30200,Kyle Korver,61.3085,31.19381,ATL
30200,Paul Millsap,77.63427,33.77063,ATL
30200,Al Horford,64.88519,27.871760000000002,ATL
30200,Thabo Sefolosha,88.29044,29.48605,ATL
30200,Jeff Teague,76.14164,19.56343,ATL
30200,Ball,75.10352,20.05334,Ball
30200,Kevin Martin,63.73739,29.10831,MIN
30200,Ricky Rubio,80.40268,20.42936,MIN
30200,Andrew Wiggins,86.37836,29.4063,MIN
30200,Damjan Rudez,80.91095,30.19308,MIN
30200,Karl-Anthony Towns,81.90849,25.48771,MIN
30200,Kyle Korver,61.41679,30.79815,ATL
30200,Paul Millsap,77.98043,33.68618,ATL
30200,Al Horford,64.87273,27.96719,ATL
30200,Thabo Sefolosha,88.43945,29.06058,ATL
30200,Jeff Teague,76.07473,19.80831,ATL
30220,Ball,67.70382,22.06969,Ball
30220,Kevin Martin,63.29719,24.28985,MIN
30220,Ricky Rubio,77.58339,22.99314,MIN
30220,Andrew Wiggins,87.1824,23.90794,MIN
30220,Damjan Rudez,82.17876,31.19672,MIN
30220,Karl-Anthony Towns,80.9941,26.99751,MIN
30220,Kyle Korver,63.29719,24.28985,ATL
30220,Paul Millsap,82.80462,33.63208,ATL
30220,Al Horford,64.38173,28.3202,ATL
30220,Thabo Sefolosha,89.27364,21.50988,ATL
30220,Jeff Teague,73.77987,24.02236,ATL
30220,Ball,66.99746,22.10051,Ball
30220,Kevin Martin,63.33598,23.95932,MIN
30220,Ricky Rubio,77.37119,23.12552,MIN
30220,Andrew Wiggins,87.17343,23.63721,MIN
30220,Damjan Rudez,82.27658,31.17001,MIN
30220,Karl-Anthony Towns,80.88492,27.10009,MIN
30220,Kyle Korver,63.33598,23.95932,ATL
30220,Paul Millsap,82.98103,33.73297,ATL
30220,Al Horford,64.39803,28.33355,ATL
30220,Thabo Sefolosha,89.1799,21.03865,ATL
30220,Jeff Teague,73.60298,24.22176,ATL
30230,Ball,64.8378,33.6742,Ball
30230,Kevin Garnett,57.90253,12.4586,MIN
30230,Kevin Martin,15.59634,27.5323,MIN
30230,Ricky Rubio,65.29369,32.50002,MIN
30230,Andrew Wiggins,14.88594,6.74485,MIN
30230,Karl-Anthony Towns,19.42693,23.60679,MIN
30230,Kyle Korver,15.52928,31.40621,ATL
30230,Paul Millsap,22.34262,24.93584,ATL
30230,Al Horford,13.02065,27.30871,ATL
30230,Thabo Sefolosha,11.03521,14.61565,ATL
30230,Jeff Teague,25.95092,26.25209,ATL
30240,Ball,60.90112,33.5804,Ball
30240,Kevin Garnett,53.32123,15.73824,MIN
30240,Kevin Martin,13.92127,27.00502,MIN
30240,Ricky Rubio,62.836240000000004,34.35959,MIN
30240,Andrew Wiggins,13.25392,6.56072,MIN
30240,Karl-Anthony Towns,20.31098,22.42302,MIN
30240,Kyle Korver,14.449770000000001,30.1647,ATL
30240,Paul Millsap,21.36488,25.26848,ATL
30240,Al Horford,13.18448,27.26439,ATL
30240,Thabo Sefolosha,10.29361,15.05486,ATL
30240,Jeff Teague,26.1642,27.61288,ATL
30250,Ball,57.36414,36.679,Ball
30250,Kevin Garnett,48.471940000000004,19.05521,MIN
30250,Kevin Martin,13.28161,26.48179,MIN
30250,Ricky Rubio,59.78447,36.26891,MIN
30250,Andrew Wiggins,11.7805,6.34914,MIN
30250,Karl-Anthony Towns,21.26874,21.08428,MIN
30250,Kyle Korver,13.07409,29.39369,ATL
30250,Paul Millsap,20.64489,25.7245,ATL
30250,Al Horford,13.53466,26.76699,ATL
30250,Thabo Sefolosha,9.69469,14.68221,ATL
30250,Jeff Teague,26.34033,28.89465,ATL
30260,Ball,55.26886,39.15851,Ball
30260,Kevin Garnett,43.24672,22.31798,MIN
30260,Kevin Martin,12.03825,24.07075,MIN
30260,Ricky Rubio,56.41424,38.28663,MIN
30260,Andrew Wiggins,10.33138,5.91303,MIN
30260,Karl-Anthony Towns,22.0314,20.21986,MIN
30260,Kyle Korver,12.02613,28.68933,ATL
30260,Paul Millsap,20.10902,26.85618,ATL
30260,Al Horford,14.22088,26.17204,ATL
30260,Thabo Sefolosha,8.91854,14.71412,ATL
30260,Jeff Teague,26.43163,30.07783,ATL
30270,Ball,51.64916,40.72247,Ball
30270,Kevin Garnett,37.93865,25.37446,MIN
30270,Kevin Martin,10.62156,22.27357,MIN
30270,Ricky Rubio,52.8253,39.99445,MIN
30270,Andrew Wiggins,8.80122,5.84772,MIN
30270,Karl-Anthony Towns,22.73317,19.76612,MIN
30270,Kyle Korver,10.8728,27.13519,ATL
30270,Paul Millsap,20.06279,27.5566,ATL
30270,Al Horford,15.0168,25.43885,ATL
30270,Thabo Sefolosha,8.29982,15.28872,ATL
30270,Jeff Teague,26.31365,31.47241,ATL
30280,Ball,47.09326,41.13789,Ball
30280,Kevin Garnett,32.39267,28.02629,MIN
30280,Kevin Martin,9.40825,21.15453,MIN
30280,Ricky Rubio,49.23135,41.48242,MIN
30280,Andrew Wiggins,7.45869,5.77208,MIN
30280,Karl-Anthony Towns,23.3782,19.29835,MIN
30280,Kyle Korver,9.29334,25.66906,ATL
30280,Paul Millsap,19.67234,28.36371,ATL
30280,Al Horford,15.78324,24.68701,ATL
30280,Thabo Sefolosha,7.96025,16.23243,ATL
30280,Jeff Teague,26.27548,32.90647,ATL
30290,Ball,44.97475,41.48175,Ball
30290,Kevin Garnett,26.68405,29.92499,MIN
30290,Kevin Martin,8.03724,20.24524,MIN
30290,Ricky Rubio,45.70409,42.86059,MIN
30290,Andrew Wiggins,6.32663,5.79572,MIN
30290,Karl-Anthony Towns,23.78169,19.01862,MIN
30290,Kyle Korver,7.89967,24.08934,ATL
30290,Paul Millsap,18.72824,29.32736,ATL
30290,Al Horford,16.702280000000002,24.33958,ATL
30290,Thabo Sefolosha,8.03783,16.56384,ATL
30290,Jeff Teague,25.8953,34.16934,ATL
30300,Ball,41.16519,43.07235,Ball
30300,Kevin Garnett,21.63871,31.18244,MIN
30300,Kevin Martin,6.21676,20.3609,MIN
30300,Ricky Rubio,42.41646,44.08166,MIN
30300,Andrew Wiggins,5.34166,5.87989,MIN
30300,Karl-Anthony Towns,23.68025,19.25453,MIN
30300,Kyle Korver,6.29114,22.66753,ATL
30300,Paul Millsap,17.83971,30.47178,ATL
30300,Al Horford,17.6066,23.9141,ATL
30300,Thabo Sefolosha,7.88443,17.06921,ATL
30300,Jeff Teague,25.4023,35.6723,ATL
30310,Ball,37.81824,44.97209,Ball
30310,Kevin Garnett,17.85072,32.68089,MIN
30310,Kevin Martin,4.918,20.84426,MIN
30310,Ricky Rubio,39.28059,44.97529,MIN
30310,Andrew Wiggins,4.42273,5.73463,MIN
30310,Karl-Anthony Towns,23.41495,20.14905,MIN
30310,Kyle Korver,4.67657,21.72972,ATL
30310,Paul Millsap,16.61542,31.33385,ATL
30310,Al Horford,18.10947,23.68835,ATL
30310,Thabo Sefolosha,7.61306,17.53765,ATL
30310,Jeff Teague,25.05044,37.13127,ATL
30320,Ball,36.14366,43.90257,Ball
30320,Kevin Garnett,14.71446,33.55091,MIN
30320,Kevin Martin,3.5461400000000003,20.79447,MIN
30320,Ricky Rubio,36.54486,45.71967,MIN
30320,Andrew Wiggins,4.01643,5.4407,MIN
30320,Karl-Anthony Towns,23.36593,21.87943,MIN
30320,Kyle Korver,3.42225,20.84981,ATL
30320,Paul Millsap,15.10442,31.89912,ATL
30320,Al Horford,18.46862,24.69005,ATL
30320,Thabo Sefolosha,7.46472,18.16389,ATL
30320,Jeff Teague,24.46837,38.17687,ATL
30330,Ball,34.90798,44.54618,Ball
30330,Kevin Garnett,11.86795,33.10259,MIN
30330,Kevin Martin,3.33066,20.8412,MIN
30330,Ricky Rubio,34.45549,45.91106,MIN
30330,Andrew Wiggins,3.85892,5.14861,MIN
30330,Karl-Anthony Towns,22.52363,23.71657,MIN
30330,Kyle Korver,3.20676,20.89654,ATL
30330,Paul Millsap,13.83012,32.74606,ATL
30330,Al Horford,18.44563,26.27647,ATL
30330,Thabo Sefolosha,7.40267,18.02571,ATL
30330,Jeff Teague,23.65203,38.99037,ATL
30340,Ball,32.83617,44.31861,Ball
30340,Kevin Garnett,9.80173,32.20421,MIN
30340,Kevin Martin,3.96912,21.56794,MIN
30340,Ricky Rubio,32.58894,45.78572,MIN
30340,Andrew Wiggins,3.79009,4.87157,MIN
30340,Karl-Anthony Towns,21.030640000000002,24.63523,MIN
30340,Kyle Korver,3.72043,21.77327,ATL
30340,Paul Millsap,13.0705,32.1221,ATL
30340,Al Horford,18.33594,27.2442,ATL
30340,Thabo Sefolosha,7.32928,17.77529,ATL
30340,Jeff Teague,23.27901,39.48103,ATL
30350,Ball,32.06649,44.0355,Ball
30350,Kevin Garnett,8.26193,30.79071,MIN
30350,Kevin Martin,3.68322,22.0492,MIN
30350,Ricky Rubio,31.18996,45.53581,MIN
30350,Andrew Wiggins,3.65308,4.77625,MIN
30350,Karl-Anthony Towns,18.78915,24.12455,MIN
30350,Kyle Korver,3.5028,22.18843,ATL
30350,Paul Millsap,12.53417,31.23976,ATL
30350,Al Horford,17.38354,27.39636,ATL
30350,Thabo Sefolosha,7.40543,17.71877,ATL
30350,Jeff Teague,22.98287,39.44949,ATL
30360,Ball,30.43028,44.13774,Ball
30360,Kevin Garnett,7.24033,28.97206,MIN
30360,Kevin Martin,3.72455,22.11307,MIN
30360,Ricky Rubio,30.03465,44.97787,MIN
30360,Andrew Wiggins,3.34584,4.75256,MIN
30360,Karl-Anthony Towns,15.45407,22.70114,MIN
30360,Kyle Korver,3.79619,22.14178,ATL
30360,Paul Millsap,11.60685,31.26554,ATL
30360,Al Horford,15.77193,26.89739,ATL
30360,Thabo Sefolosha,7.58841,17.65202,ATL
30360,Jeff Teague,22.94778,38.92189,ATL
30370,Ball,29.37361,42.76354,Ball
30370,Kevin Garnett,6.98007,26.15767,MIN
30370,Kevin Martin,5.44549,22.60894,MIN
30370,Ricky Rubio,29.09806,44.17001,MIN
30370,Andrew Wiggins,3.08287,4.80801,MIN
30370,Karl-Anthony Towns,11.95899,22.3778,MIN
30370,Kyle Korver,5.50842,22.60988,ATL
30370,Paul Millsap,11.27293,30.63011,ATL
30370,Al Horford,14.41093,26.67029,ATL
30370,Thabo Sefolosha,7.80485,17.37184,ATL
30370,Jeff Teague,22.32298,39.07627,ATL
30380,Ball,28.76682,42.59082,Ball
30380,Kevin Garnett,7.5772,23.89405,MIN
30380,Kevin Martin,9.23406,25.58882,MIN
30380,Ricky Rubio,28.17295,43.0852,MIN
30380,Andrew Wiggins,2.93683,4.8594100000000005,MIN
30380,Karl-Anthony Towns,9.99236,24.0628,MIN
30380,Kyle Korver,7.60104,23.511,ATL
30380,Paul Millsap,11.411200000000001,29.97971,ATL
30380,Al Horford,13.9628,26.37158,ATL
30380,Thabo Sefolosha,8.03029,17.10702,ATL
30380,Jeff Teague,21.71023,38.74364,ATL
30390,Ball,28.8435,40.34444,Ball
30390,Kevin Garnett,8.10834,24.43072,MIN
30390,Kevin Martin,14.09253,30.06221,MIN
30390,Ricky Rubio,27.77341,41.53515,MIN
30390,Andrew Wiggins,3.1586600000000002,4.84915,MIN
30390,Karl-Anthony Towns,10.2385,25.14351,MIN
30390,Kyle Korver,8.86244,23.43214,ATL
30390,Paul Millsap,11.58673,30.23396,ATL
30390,Al Horford,13.7784,26.25699,ATL
30390,Thabo Sefolosha,8.18105,16.30655,ATL
30390,Jeff Teague,21.99952,37.85826,ATL
30400,Ball,28.80778,39.19365,Ball
30400,Kevin Garnett,8.1848,23.56498,MIN
30400,Kevin Martin,15.83152,33.50267,MIN
30400,Ricky Rubio,27.55975,40.235,MIN
30400,Andrew Wiggins,3.44375,4.89297,MIN
30400,Karl-Anthony Towns,11.03152,26.45462,MIN
30400,Kyle Korver,10.56074,23.24767,ATL
30400,Paul Millsap,11.65088,30.57614,ATL
30400,Al Horford,14.02161,26.01548,ATL
30400,Thabo Sefolosha,8.14772,15.87697,ATL
30400,Jeff Teague,21.8543,36.46522,ATL
30410,Ball,27.27999,38.28773,Ball
30410,Kevin Garnett,8.27135,22.22556,MIN
30410,Kevin Martin,16.41114,37.16678,MIN
30410,Ricky Rubio,27.43146,39.34077,MIN
30410,Andrew Wiggins,3.7878600000000002,4.88217,MIN
30410,Karl-Anthony Towns,10.88813,29.09934,MIN
30410,Kyle Korver,13.84113,23.66428,ATL
30410,Paul Millsap,11.53811,31.87394,ATL
30410,Al Horford,14.14846,26.60024,ATL
30410,Thabo Sefolosha,8.10838,15.60028,ATL
30410,Jeff Teague,21.72169,35.6535,ATL
30420,Ball,18.87385,41.09452,Ball
30420,Kevin Garnett,9.81129,21.31898,MIN
30420,Kevin Martin,16.59923,40.56382,MIN
30420,Ricky Rubio,27.5627,38.74417,MIN
30420,Andrew Wiggins,4.02865,4.8159600000000005,MIN
30420,Karl-Anthony Towns,10.90929,31.34135,MIN
30420,Kyle Korver,17.01716,25.00605,ATL
30420,Paul Millsap,11.24085,33.29221,ATL
30420,Al Horford,12.9688,27.81612,ATL
30420,Thabo Sefolosha,8.03703,15.46719,ATL
30420,Jeff Teague,21.77771,34.53102,ATL
30430,Ball,17.97447,44.04451,Ball
30430,Kevin Garnett,12.39395,20.557290000000002,MIN
30430,Kevin Martin,17.42521,43.27332,MIN
30430,Ricky Rubio,28.43929,37.39749,MIN
30430,Andrew Wiggins,4.4929,4.51191,MIN
30430,Karl-Anthony Towns,10.87494,32.92743,MIN
30430,Kyle Korver,18.11707,28.76611,ATL
30430,Paul Millsap,11.11322,35.43879,ATL
30430,Al Horford,11.28196,29.48468,ATL
30430,Thabo Sefolosha,7.87316,15.79163,ATL
30430,Jeff Teague,21.20791,33.70388,ATL
30440,Ball,20.07545,44.55062,Ball
30440,Kevin Garnett,15.27952,20.13109,MIN
30440,Kevin Martin,18.92773,44.76024,MIN
30440,Ricky Rubio,29.55453,35.05015,MIN
30440,Andrew Wiggins,5.05845,4.14458,MIN
30440,Karl-Anthony Towns,10.16447,33.30763,MIN
30440,Kyle Korver,17.45653,33.75259,ATL
30440,Paul Millsap,11.08774,37.39927,ATL
30440,Al Horford,9.76716,30.66155,ATL
30440,Thabo Sefolosha,7.73137,15.91293,ATL
30440,Jeff Teague,20.98184,32.75524,ATL
30450,Ball,19.93425,45.12288,Ball
30450,Kevin Garnett,17.91903,20.01643,MIN
30450,Kevin Martin,19.58795,45.38318,MIN
30450,Ricky Rubio,30.50385,31.8806,MIN
30450,Andrew Wiggins,5.45601,4.29441,MIN
30450,Karl-Anthony Towns,9.81978,32.70179,MIN
30450,Kyle Korver,17.66999,37.80825,ATL
30450,Paul Millsap,10.85164,36.97595,ATL
30450,Al Horford,9.18797,30.94283,ATL
30450,Thabo Sefolosha,7.54453,16.26083,ATL
30450,Jeff Teague,20.709,31.57893,ATL
30460,Ball,18.91986,46.3959,Ball
30460,Kevin Garnett,20.06426,21.22705,MIN
30460,Kevin Martin,19.03508,45.37571,MIN
30460,Ricky Rubio,31.57052,28.47523,MIN
30460,Andrew Wiggins,6.10367,4.36373,MIN
30460,Karl-Anthony Towns,10.34883,32.53702,MIN
30460,Kyle Korver,18.0324,40.66966,ATL
30460,Paul Millsap,11.52442,34.69072,ATL
30460,Al Horford,9.17905,31.33161,ATL
30460,Thabo Sefolosha,7.4507,16.420560000000002,ATL
30460,Jeff Teague,20.45983,30.17684,ATL
