53530,Ball,59.76524,27.31675,Ball
53530,Gary Neal,59.31371,27.30097,WAS
53530,Kris Humphries,87.72319,47.25029,WAS
53530,Garrett Temple,72.47872,5.24276,WAS
53530,Ramon Sessions,76.49315,40.22922,WAS
53530,DeJuan Blair,81.78361,23.66596,WAS
53530,Zach Randolph,80.09956,16.43535,MEM
53530,Tony Allen,79.10115,35.32327,MEM
53530,Jeff Green,65.50181,25.92176,MEM
53530,Mike Conley,82.6166,25.05664,MEM
53530,JaMychal Green,86.27815,38.58584,MEM
53540,Ball,59.90353,25.55477,Ball
53540,Gary Neal,60.04813,26.84299,WAS
53540,Kris Humphries,87.34402,46.9036,WAS
53540,Garrett Temple,71.38175,5.45831,WAS
53540,Ramon Sessions,75.20691,40.64249,WAS
53540,DeJuan Blair,83.1635,21.6757,WAS
53540,Zach Randolph,78.03083,13.32411,MEM
53540,Tony Allen,78.46442,35.51139,MEM
53540,Jeff Green,63.61324,26.04854,MEM
53540,Mike Conley,83.09228,23.5003,MEM
53540,JaMychal Green,87.26156,38.19755,MEM
53540,Ball,60.16719,25.77748,Ball
53540,Gary Neal,60.20144,26.84316,WAS
53540,Kris Humphries,87.30293,46.84097,WAS
53540,Garrett Temple,71.31462,5.45394,WAS
53540,Ramon Sessions,75.08222,40.71765,WAS
53540,DeJuan Blair,83.29359,21.42239,WAS
53540,Zach Randolph,77.73397,13.0364,MEM
53540,Tony Allen,78.36208,35.53658,MEM
53540,Jeff Green,63.50076,26.10697,MEM
53540,Mike Conley,83.07655,23.32694,MEM
53540,JaMychal Green,87.3751,38.16896,MEM
53550,Ball,61.17151,29.74365,Ball
53550,Gary Neal,61.69185,27.82615,WAS
53550,Kris Humphries,87.06231,46.09858,WAS
53550,Garrett Temple,71.12685,5.33679,WAS
53550,Ramon Sessions,74.14219,41.70779,WAS
53550,DeJuan Blair,83.8145,19.29785,WAS
53550,Zach Randolph,75.27064,11.71621,MEM
53550,Tony Allen,77.44254,35.73089,MEM
53550,Jeff Green,63.26584,26.84538,MEM
53550,Mike Conley,82.91238,21.80941,MEM
53550,JaMychal Green,88.06021,37.92583,MEM
53560,Ball,64.65466,32.68103,Ball
53560,Gary Neal,64.59835,30.12948,WAS
53560,Kris Humphries,86.92906,45.50088,WAS
53560,Garrett Temple,71.12006,5.17269,WAS
53560,Ramon Sessions,73.68724,43.49689,WAS
53560,DeJuan Blair,83.58349,17.53287,WAS
53560,Zach Randolph,74.3312,12.51288,MEM
53560,Tony Allen,76.71523,35.49181,MEM
53560,Jeff Green,64.65641,28.48171,MEM
53560,Mike Conley,82.89447,20.45438,MEM
53560,JaMychal Green,88.02572,37.30795,MEM
53570,Ball,70.73632,33.24355,Ball
53570,Gary Neal,69.85617,31.7638,WAS
53570,Kris Humphries,86.27483,44.49838,WAS
53570,Garrett Temple,71.4097,5.07269,WAS
53570,Ramon Sessions,74.17378,45.46355,WAS
53570,DeJuan Blair,83.80514,16.26414,WAS
53570,Zach Randolph,75.57803,14.95471,MEM
53570,Tony Allen,76.37608,34.43271,MEM
53570,Jeff Green,67.8031,29.71878,MEM
53570,Mike Conley,83.69328,19.58071,MEM
53570,JaMychal Green,87.74829,36.97365,MEM
53580,Ball,77.00171,30.19046,Ball
53580,Gary Neal,76.42223,31.55219,WAS
53580,Kris Humphries,84.24166,42.12299,WAS
53580,Garrett Temple,73.48825,4.37977,WAS
53580,Ramon Sessions,74.84676,46.38706,WAS
53580,DeJuan Blair,84.667,16.7418,WAS
53580,Zach Randolph,79.13304,18.62652,MEM
53580,Tony Allen,78.26163,31.64278,MEM
53580,Jeff Green,72.7616,29.80202,MEM
53580,Mike Conley,84.87635,19.16436,MEM
53580,JaMychal Green,87.41099,36.47817,MEM
53590,Ball,79.98131,29.35267,Ball
53590,Gary Neal,80.83169,30.53067,WAS
53590,Kris Humphries,82.33973,39.45386,WAS
53590,Garrett Temple,76.00493,3.65504,WAS
53590,Ramon Sessions,74.60988,46.4525,WAS
53590,DeJuan Blair,85.14685,18.1715,WAS
53590,Zach Randolph,83.40244,21.3138,MEM
53590,Tony Allen,82.60054,29.71463,MEM
53590,Jeff Green,77.05411,29.11399,MEM
53590,Mike Conley,85.59532,19.24349,MEM
53590,JaMychal Green,86.59368,35.18515,MEM
53590,Ball,80.45331,29.66983,Ball
53590,Gary Neal,81.22543,30.38592,WAS
53590,Kris Humphries,82.14529,39.14514,WAS
53590,Garrett Temple,76.31115,3.59097,WAS
53590,Ramon Sessions,74.53076,46.44953,WAS
53590,DeJuan Blair,85.2459,18.4001,WAS
53590,Zach Randolph,83.91746,21.38196,MEM
53590,Tony Allen,83.08548,29.49789,MEM
53590,Jeff Green,77.4681,29.01018,MEM
53590,Mike Conley,85.66131,19.25647,MEM
53590,JaMychal Green,86.45858,35.04189,MEM
53600,Ball,83.93699,29.87059,Ball
53600,Gary Neal,84.16167,29.43772,WAS
53600,Kris Humphries,81.10824,36.14713,WAS
53600,Garrett Temple,79.12258,2.95435,WAS
53600,Ramon Sessions,73.6593,46.27313,WAS
53600,DeJuan Blair,86.75491,20.10901,WAS
53600,Zach Randolph,87.10483,21.29531,MEM
53600,Tony Allen,87.96606,27.72624,MEM
53600,Jeff Green,81.32474,27.9373,MEM
53600,Mike Conley,85.88433,19.84365,MEM
53600,JaMychal Green,84.96758,33.92745,MEM
53610,Ball,89.20051,27.792,Ball
53610,Gary Neal,87.07947,28.519,WAS
53610,Kris Humphries,80.93845,32.47535,WAS
53610,Garrett Temple,81.03165,2.55484,WAS
53610,Ramon Sessions,72.83892,45.60965,WAS
53610,DeJuan Blair,87.29503,21.4195,WAS
53610,Zach Randolph,88.28605,21.94198,MEM
53610,Tony Allen,92.46714,27.15434,MEM
53610,Jeff Green,85.87468,26.71997,MEM
53610,Mike Conley,86.56077,21.04195,MEM
53610,JaMychal Green,83.31993,32.34714,MEM
53620,Ball,88.69928,27.97555,Ball
53620,Gary Neal,89.27091,27.81179,WAS
53620,Kris Humphries,80.43321,29.5717,WAS
53620,Garrett Temple,81.28251,3.03724,WAS
53620,Ramon Sessions,71.85235,44.74049,WAS
53620,DeJuan Blair,87.34433,22.07063,WAS
53620,Zach Randolph,87.65616,22.61916,MEM
53620,Tony Allen,95.0239,27.85499,MEM
53620,Jeff Green,89.22884,25.78187,MEM
53620,Mike Conley,87.31942,21.51747,MEM
53620,JaMychal Green,82.48963,30.34346,MEM
53630,Ball,91.58953,23.19165,Ball
53630,Gary Neal,90.52768,27.4478,WAS
53630,Kris Humphries,78.78601,26.98751,WAS
53630,Garrett Temple,80.24613,3.95787,WAS
53630,Ramon Sessions,70.59974,43.85604,WAS
53630,DeJuan Blair,87.87394,21.87044,WAS
53630,Zach Randolph,85.48309,22.84287,MEM
53630,Tony Allen,97.11948,29.54832,MEM
53630,Jeff Green,90.87261,24.08521,MEM
53630,Mike Conley,87.80738,21.94707,MEM
53630,JaMychal Green,82.26143,29.08729,MEM
53640,Ball,92.7059,19.64431,Ball
53640,Gary Neal,90.46023,27.15457,WAS
53640,Kris Humphries,76.06487,25.20467,WAS
53640,Garrett Temple,79.2311,5.13144,WAS
53640,Ramon Sessions,69.57675,43.14783,WAS
53640,DeJuan Blair,89.33497,21.827280000000002,WAS
53640,Zach Randolph,82.66507,22.29659,MEM
53640,Tony Allen,97.09825,30.63338,MEM
53640,Jeff Green,91.47932,21.50511,MEM
53640,Mike Conley,89.33497,21.827280000000002,MEM
53640,JaMychal Green,80.50105,28.51001,MEM
53640,Ball,92.78823,19.2466,Ball
53640,Gary Neal,90.35642,27.13649,WAS
53640,Kris Humphries,75.65405,25.01745,WAS
53640,Garrett Temple,79.0751,5.29241,WAS
53640,Ramon Sessions,69.41397,43.06583,WAS
53640,DeJuan Blair,89.48446,21.83525,WAS
53640,Zach Randolph,82.28259,22.24321,MEM
53640,Tony Allen,97.05321,30.69799,MEM
53640,Jeff Green,91.46689,21.13813,MEM
53640,Mike Conley,89.48446,21.83525,MEM
53640,JaMychal Green,80.19602,28.47565,MEM
53650,Ball,90.02171,15.58715,Ball
53650,Gary Neal,89.32025,26.15445,WAS
53650,Kris Humphries,72.07389,23.78963,WAS
53650,Garrett Temple,77.10748,6.85333,WAS
53650,Ramon Sessions,67.60081,42.39739,WAS
53650,DeJuan Blair,89.45318,21.24853,WAS
53650,Zach Randolph,78.21644,21.39888,MEM
53650,Tony Allen,96.05766,31.12363,MEM
53650,Jeff Green,90.02033,17.40496,MEM
53650,Mike Conley,89.96344,21.65105,MEM
53650,JaMychal Green,76.95907,28.28021,MEM
53660,Ball,83.96319,13.3749,Ball
53660,Gary Neal,87.2966,24.88209,WAS
53660,Kris Humphries,67.29229,22.75563,WAS
53660,Garrett Temple,73.6592,8.66719,WAS
53660,Ramon Sessions,64.57485,41.54056,WAS
53660,DeJuan Blair,87.48037,19.50283,WAS
53660,Zach Randolph,72.79385,19.08865,MEM
53660,Tony Allen,94.19814,31.50384,MEM
53660,Jeff Green,86.35504,13.19563,MEM
53660,Mike Conley,94.57044,25.33985,MEM
53660,JaMychal Green,73.08587,28.89,MEM
53670,Ball,79.69771,11.6028,Ball
53670,Gary Neal,84.0723,23.96442,WAS
53670,Kris Humphries,61.87246,21.74556,WAS
53670,Garrett Temple,68.98499,9.94192,WAS
53670,Ramon Sessions,59.9907,39.96959,WAS
53670,DeJuan Blair,84.23647,17.93696,WAS
53670,Zach Randolph,67.64354,16.75058,MEM
53670,Tony Allen,91.9509,31.86572,MEM
53670,Jeff Green,80.99522,10.0179,MEM
53670,Mike Conley,96.88318,27.73465,MEM
53670,JaMychal Green,67.26445,30.34465,MEM
53680,Ball,72.67543,7.65387,Ball
53680,Gary Neal,79.01077,23.51078,WAS
53680,Kris Humphries,55.46815,20.24034,WAS
53680,Garrett Temple,62.9207,10.77238,WAS
53680,Ramon Sessions,53.83606,38.02322,WAS
53680,DeJuan Blair,79.09643,16.70007,WAS
53680,Zach Randolph,59.89436,14.27291,MEM
53680,Tony Allen,87.36191,32.36561,MEM
53680,Jeff Green,74.9842,8.12947,MEM
53680,Mike Conley,93.18697,25.85265,MEM
53680,JaMychal Green,59.32461,31.59808,MEM
53690,Ball,69.06108,5.28319,Ball
53690,Gary Neal,74.07088,23.97879,WAS
53690,Kris Humphries,49.91984,19.11408,WAS
53690,Garrett Temple,56.99993,11.25628,WAS
53690,Ramon Sessions,48.10762,36.45972,WAS
53690,DeJuan Blair,73.91231,16.294,WAS
53690,Zach Randolph,53.09147,12.31328,MEM
53690,Tony Allen,82.1517,33.27288,MEM
53690,Jeff Green,70.37183,6.60215,MEM
53690,Mike Conley,89.3055,25.10529,MEM
53690,JaMychal Green,52.15052,31.88277,MEM
53690,Ball,68.6253,4.95637,Ball
53690,Gary Neal,73.49069,24.07281,WAS
53690,Kris Humphries,49.29703,18.99986,WAS
53690,Garrett Temple,56.32105,11.34067,WAS
53690,Ramon Sessions,47.4235,36.29443,WAS
53690,DeJuan Blair,73.30432,16.28009,WAS
53690,Zach Randolph,52.39266,12.11433,MEM
53690,Tony Allen,81.52442,33.38602,MEM
53690,Jeff Green,69.81742,6.41024,MEM
53690,Mike Conley,88.83699,25.10005,MEM
53690,JaMychal Green,51.31254,31.86202,MEM
53700,Ball,63.58756,3.91692,Ball
53700,Gary Neal,68.12111,25.17301,WAS
53700,Kris Humphries,43.67202,18.18983,WAS
53700,Garrett Temple,50.40206,12.10116,WAS
53700,Ramon Sessions,41.23497,34.70619,WAS
53700,DeJuan Blair,67.54304,16.34232,WAS
53700,Zach Randolph,46.09288,10.72559,MEM
53700,Tony Allen,75.64335,34.44036,MEM
53700,Jeff Green,64.60105,4.99904,MEM
53700,Mike Conley,84.39121,25.7364,MEM
53700,JaMychal Green,43.74605,31.48534,MEM
53710,Ball,57.85565,2.94672,Ball
53710,Gary Neal,61.87694,26.53077,WAS
53710,Kris Humphries,37.43461,17.16552,WAS
53710,Garrett Temple,44.12419,12.67763,WAS
53710,Ramon Sessions,34.33673,33.32026,WAS
53710,DeJuan Blair,60.62361,16.47477,WAS
53710,Zach Randolph,39.12816,10.05738,MEM
53710,Tony Allen,68.76269,35.70505,MEM
53710,Jeff Green,59.25316,4.05797,MEM
53710,Mike Conley,79.21763,27.18406,MEM
53710,JaMychal Green,35.71071,30.86038,MEM
53720,Ball,53.21818,2.77943,Ball
53720,Gary Neal,55.56448,27.81077,WAS
53720,Kris Humphries,31.741880000000002,16.11756,WAS
53720,Garrett Temple,38.90269,13.0881,WAS
53720,Ramon Sessions,28.21129,32.1076,WAS
53720,DeJuan Blair,53.78442,16.5854,WAS
53720,Zach Randolph,32.76903,10.33375,MEM
53720,Tony Allen,61.80216,36.84848,MEM
53720,Jeff Green,53.99236,3.79135,MEM
53720,Mike Conley,73.98029,29.09059,MEM
53720,JaMychal Green,28.71687,30.57062,MEM
53730,Ball,47.61915,2.88448,Ball
53730,Gary Neal,48.70831,29.01667,WAS
53730,Kris Humphries,26.31616,15.85447,WAS
53730,Garrett Temple,34.61289,12.97455,WAS
53730,Ramon Sessions,22.44972,30.83191,WAS
53730,DeJuan Blair,46.50943,17.41026,WAS
53730,Zach Randolph,26.48621,11.39083,MEM
53730,Tony Allen,54.12987,37.19116,MEM
53730,Jeff Green,49.06514,4.1865,MEM
53730,Mike Conley,68.03537,30.96125,MEM
53730,JaMychal Green,22.6414,30.5596,MEM
53740,Ball,44.46803,2.79768,Ball
53740,Gary Neal,43.22263,29.9473,WAS
53740,Kris Humphries,22.47438,15.7479,WAS
53740,Garrett Temple,32.13663,12.52923,WAS
53740,Ramon Sessions,17.72607,30.29725,WAS
53740,DeJuan Blair,41.00298,19.03568,WAS
53740,Zach Randolph,22.33922,12.58258,MEM
53740,Tony Allen,48.34241,36.9729,MEM
53740,Jeff Green,45.47349,4.81986,MEM
53740,Mike Conley,63.17831,32.19292,MEM
53740,JaMychal Green,18.99424,30.9406,MEM
53740,Ball,44.19491,2.89092,Ball
53740,Gary Neal,42.65338,30.02153,WAS
53740,Kris Humphries,22.02836,15.75406,WAS
53740,Garrett Temple,31.92045,12.49478,WAS
53740,Ramon Sessions,17.25266,30.20955,WAS
53740,DeJuan Blair,40.42892,19.25489,WAS
53740,Zach Randolph,21.94125,12.68378,MEM
53740,Tony Allen,47.74051,36.92202,MEM
53740,Jeff Green,45.19434,4.91295,MEM
53740,Mike Conley,62.64231,32.31776,MEM
53740,JaMychal Green,18.64695,31.01193,MEM
53750,Ball,42.47558,3.27983,Ball
53750,Gary Neal,37.53138,30.4836,WAS
53750,Kris Humphries,18.80442,15.64115,WAS
53750,Garrett Temple,30.31225,12.12366,WAS
53750,Ramon Sessions,13.97887,28.99151,WAS
53750,DeJuan Blair,35.50102,21.32168,WAS
53750,Zach Randolph,18.64322,13.08537,MEM
53750,Tony Allen,42.44421,36.3247,MEM
53750,Jeff Green,43.55132,5.29555,MEM
53750,Mike Conley,57.89344,33.33805,MEM
53750,JaMychal Green,15.79653,31.97727,MEM
53760,Ball,41.91783,4.5439,Ball
53760,Gary Neal,32.55256,30.53315,WAS
53760,Kris Humphries,17.11638,14.53597,WAS
53760,Garrett Temple,29.30824,12.25676,WAS
53760,Ramon Sessions,12.24566,28.33161,WAS
53760,DeJuan Blair,30.51413,23.49054,WAS
53760,Zach Randolph,16.10613,12.74749,MEM
53760,Tony Allen,37.21106,36.08067,MEM
53760,Jeff Green,43.37467,5.80457,MEM
53760,Mike Conley,52.89362,34.22596,MEM
53760,JaMychal Green,13.28018,33.3365,MEM
53770,Ball,42.49969,7.37157,Ball
53770,Gary Neal,29.6498,30.37041,WAS
53770,Kris Humphries,15.8674,13.55889,WAS
53770,Garrett Temple,29.26001,12.83874,WAS
53770,Ramon Sessions,11.62724,28.66596,WAS
53770,DeJuan Blair,26.08363,25.16523,WAS
53770,Zach Randolph,13.87174,12.1975,MEM
53770,Tony Allen,32.57555,36.31541,MEM
53770,Jeff Green,43.30577,6.78046,MEM
53770,Mike Conley,48.15802,35.17304,MEM
53770,JaMychal Green,11.62034,34.83433,MEM
53780,Ball,43.70195,9.02579,Ball
53780,Gary Neal,28.75446,30.71192,WAS
53780,Kris Humphries,14.32187,13.0851,WAS
53780,Garrett Temple,29.94337,12.75946,WAS
53780,Ramon Sessions,11.24908,29.73431,WAS
53780,DeJuan Blair,21.88888,26.82757,WAS
53780,Zach Randolph,12.10146,11.3564,MEM
53780,Tony Allen,28.72967,37.25898,MEM
53780,Jeff Green,43.49665,7.7758400000000005,MEM
53780,Mike Conley,43.40326,36.30782,MEM
53780,JaMychal Green,9.80233,35.84716,MEM
53790,Ball,43.39241,9.62,Ball
53790,Gary Neal,28.86902,31.75684,WAS
53790,Kris Humphries,13.23031,13.225,WAS
53790,Garrett Temple,30.86559,12.69453,WAS
53790,Ramon Sessions,11.78456,31.03059,WAS
53790,DeJuan Blair,18.88222,28.03606,WAS
53790,Zach Randolph,9.81543,10.75748,MEM
53790,Tony Allen,26.49453,38.10563,MEM
53790,Jeff Green,43.26938,8.38008,MEM
53790,Mike Conley,39.95369,37.32593,MEM
53790,JaMychal Green,8.78587,37.03117,MEM
53790,Ball,43.3023,9.69,Ball
53790,Gary Neal,28.89925,31.865,WAS
53790,Kris Humphries,13.09798,13.27534,WAS
53790,Garrett Temple,30.97924,12.71747,WAS
53790,Ramon Sessions,11.90079,31.18543,WAS
53790,DeJuan Blair,18.58115,28.1479,WAS
53790,Zach Randolph,9.55843,10.70832,MEM
53790,Tony Allen,26.26191,38.19569,MEM
53790,Jeff Green,43.25743,8.45349,MEM
53790,Mike Conley,39.59907,37.45564,MEM
53790,JaMychal Green,8.7125,37.20262,MEM
53800,Ball,42.27897,9.83421,Ball
53800,Gary Neal,29.14098,32.63759,WAS
53800,Kris Humphries,11.91809,13.84055,WAS
53800,Garrett Temple,32.09697,13.09077,WAS
53800,Ramon Sessions,13.08339,32.42428,WAS
53800,DeJuan Blair,15.79564,28.97315,WAS
53800,Zach Randolph,7.75352,10.01228,MEM
53800,Tony Allen,24.25042,39.06394,MEM
53800,Jeff Green,43.40197,9.10546,MEM
53800,Mike Conley,36.46733,38.80463,MEM
53800,JaMychal Green,7.76542,38.53698,MEM
53810,Ball,41.80827,9.51492,Ball
53810,Gary Neal,28.6914,33.88358,WAS
53810,Kris Humphries,10.65135,14.18398,WAS
53810,Garrett Temple,33.40757,13.36883,WAS
53810,Ramon Sessions,14.20029,33.54065,WAS
53810,DeJuan Blair,13.04309,29.48299,WAS
53810,Zach Randolph,6.12229,8.87487,MEM
53810,Tony Allen,22.85296,40.42947,MEM
53810,Jeff Green,43.57431,9.96968,MEM
53810,Mike Conley,33.32645,40.25835,MEM
53810,JaMychal Green,7.00921,40.06308,MEM
53820,Ball,41.46641,10.96446,Ball
53820,Gary Neal,27.63207,35.14265,WAS
53820,Kris Humphries,9.61425,14.50384,WAS
53820,Garrett Temple,34.31185,13.843630000000001,WAS
53820,Ramon Sessions,15.28286,34.33107,WAS
53820,DeJuan Blair,11.07884,29.9877,WAS
53820,Zach Randolph,5.10362,7.45807,MEM
53820,Tony Allen,22.14161,41.65606,MEM
53820,Jeff Green,43.32988,10.86378,MEM
53820,Mike Conley,30.52917,41.6363,MEM
53820,JaMychal Green,6.44275,41.56991,MEM
53830,Ball,41.30983,11.03905,Ball
53830,Gary Neal,26.14536,36.2385,WAS
53830,Kris Humphries,8.62773,14.825,WAS
53830,Garrett Temple,34.48476,15.14331,WAS
53830,Ramon Sessions,16.10868,34.62722,WAS
53830,DeJuan Blair,9.4328,30.88864,WAS
53830,Zach Randolph,4.60208,5.47263,MEM
53830,Tony Allen,21.34113,42.49263,MEM
53830,Jeff Green,42.46621,11.85713,MEM
53830,Mike Conley,28.62143,42.33406,MEM
53830,JaMychal Green,5.54276,43.07744,MEM
53840,Ball,40.67994,10.29518,Ball
53840,Gary Neal,24.82217,36.74858,WAS
53840,Kris Humphries,7.96374,14.50218,WAS
53840,Garrett Temple,33.62736,15.7278,WAS
53840,Ramon Sessions,16.13875,34.81006,WAS
53840,DeJuan Blair,8.20878,31.3221,WAS
53840,Zach Randolph,4.18618,3.95396,MEM
53840,Tony Allen,20.752580000000002,42.64888,MEM
53840,Jeff Green,41.38402,12.4806,MEM
53840,Mike Conley,28.02474,42.78445,MEM
53840,JaMychal Green,5.18569,44.25039,MEM
53840,Ball,40.46366,10.3534,Ball
53840,Gary Neal,24.69997,36.7686,WAS
53840,Kris Humphries,7.8871,14.45021,WAS
53840,Garrett Temple,33.48513,15.77008,WAS
53840,Ramon Sessions,16.11353,34.83642,WAS
53840,DeJuan Blair,8.0935,31.37212,WAS
53840,Zach Randolph,4.13701,3.79434,MEM
53840,Tony Allen,20.7326,42.62888,MEM
53840,Jeff Green,41.2498,12.53047,MEM
53840,Mike Conley,27.95458,42.84958,MEM
53840,JaMychal Green,5.16608,44.36449,MEM
53850,Ball,37.49945,12.3083,Ball
53850,Gary Neal,23.877110000000002,36.75017,WAS
53850,Kris Humphries,7.45157,14.25681,WAS
53850,Garrett Temple,32.108,16.21884,WAS
53850,Ramon Sessions,15.82431,34.93059,WAS
53850,DeJuan Blair,7.41021,31.99075,WAS
53850,Zach Randolph,3.60548,2.52476,MEM
53850,Tony Allen,21.24441,42.21805,MEM
53850,Jeff Green,39.27167,12.92897,MEM
53850,Mike Conley,28.05373,43.16234,MEM
53850,JaMychal Green,4.9265,45.30149,MEM
53860,Ball,35.68981,12.15245,Ball
53860,Gary Neal,23.50148,36.22839,WAS
53860,Kris Humphries,7.51018,14.56232,WAS
53860,Garrett Temple,30.14588,16.675910000000002,WAS
53860,Ramon Sessions,15.48659,34.25321,WAS
53860,DeJuan Blair,6.82925,33.04103,WAS
53860,Zach Randolph,3.1379,1.56136,MEM
53860,Tony Allen,22.83611,40.85739,MEM
53860,Jeff Green,36.25008,13.45681,MEM
53860,Mike Conley,28.79623,43.2148,MEM
53860,JaMychal Green,4.41403,45.99432,MEM
53870,Ball,31.31371,13.27041,Ball
53870,Gary Neal,23.47773,35.50184,WAS
53870,Kris Humphries,7.40231,14.32733,WAS
53870,Garrett Temple,27.65177,17.15923,WAS
53870,Ramon Sessions,15.02674,32.57795,WAS
53870,DeJuan Blair,6.4424,33.14492,WAS
53870,Zach Randolph,2.11089,1.46526,MEM
53870,Tony Allen,24.15841,39.0302,MEM
53870,Jeff Green,33.35476,14.13256,MEM
53870,Mike Conley,28.45502,43.29815,MEM
53870,JaMychal Green,4.67879,46.53826,MEM
53880,Ball,27.53441,12.75748,Ball
53880,Gary Neal,23.37467,34.74725,WAS
53880,Kris Humphries,7.17719,14.12899,WAS
53880,Garrett Temple,24.18789,17.3326,WAS
53880,Ramon Sessions,14.76254,30.53105,WAS
53880,DeJuan Blair,6.33024,32.58558,WAS
53880,Zach Randolph,0.89568,1.8414700000000002,MEM
53880,Tony Allen,24.1199,36.73614,MEM
53880,Jeff Green,27.74846,14.21514,MEM
53880,Mike Conley,27.66203,43.48524,MEM
53880,JaMychal Green,5.60746,47.10614,MEM
53890,Ball,19.95809,13.5114,Ball
53890,Gary Neal,23.01035,34.64673,WAS
53890,Kris Humphries,7.14559,14.67669,WAS
53890,Garrett Temple,20.25611,17.82749,WAS
53890,Ramon Sessions,14.96177,28.57928,WAS
53890,DeJuan Blair,6.51174,32.35692,WAS
53890,Zach Randolph,1.09116,1.87793,MEM
53890,Tony Allen,23.21476,35.21945,MEM
53890,Jeff Green,21.88779,14.44224,MEM
53890,Mike Conley,27.64258,43.3102,MEM
53890,JaMychal Green,6.15922,47.04708,MEM
53890,Ball,19.57076,13.55158,Ball
53890,Gary Neal,22.95396,34.67337,WAS
53890,Kris Humphries,7.17154,14.8251,WAS
53890,Garrett Temple,19.75375,17.93727,WAS
53890,Ramon Sessions,14.97245,28.39724,WAS
53890,DeJuan Blair,6.53888,32.31311,WAS
53890,Zach Randolph,1.2122600000000001,1.86259,MEM
53890,Tony Allen,23.06084,35.1331,MEM
53890,Jeff Green,21.20866,14.54327,MEM
53890,Mike Conley,27.66075,43.26472,MEM
53890,JaMychal Green,6.20828,46.97898,MEM
53900,Ball,13.74739,17.46308,Ball
53900,Gary Neal,22.20433,34.41266,WAS
53900,Kris Humphries,7.60876,16.576810000000002,WAS
53900,Garrett Temple,14.97297,18.91943,WAS
53900,Ramon Sessions,14.69771,26.96789,WAS
53900,DeJuan Blair,6.32129,31.32862,WAS
53900,Zach Randolph,2.34483,1.8296800000000002,MEM
53900,Tony Allen,21.9758,35.25371,MEM
53900,Jeff Green,15.28508,16.71964,MEM
53900,Mike Conley,27.96719,42.63068,MEM
53900,JaMychal Green,6.81203,45.64701,MEM
53910,Ball,9.82476,20.76614,Ball
53910,Gary Neal,22.12517,34.19189,WAS
53910,Kris Humphries,7.34092,18.84521,WAS
53910,Garrett Temple,10.01934,20.21199,WAS
53910,Ramon Sessions,14.51962,25.95935,WAS
53910,DeJuan Blair,6.73485,29.65266,WAS
53910,Zach Randolph,3.56971,2.14117,MEM
53910,Tony Allen,19.12447,35.06827,MEM
53910,Jeff Green,10.08498,20.12175,MEM
53910,Mike Conley,28.42769,41.64199,MEM
53910,JaMychal Green,7.7197,42.80066,MEM
53920,Ball,6.76318,23.32404,Ball
53920,Gary Neal,22.92553,34.63397,WAS
53920,Kris Humphries,5.29795,20.90187,WAS
53920,Garrett Temple,7.91791,22.7327,WAS
53920,Ramon Sessions,14.2747,25.61971,WAS
53920,DeJuan Blair,7.14794,28.78207,WAS
53920,Zach Randolph,4.71013,2.21531,MEM
53920,Tony Allen,15.06057,33.24131,MEM
53920,Jeff Green,6.91306,23.11134,MEM
53920,Mike Conley,28.74053,40.61656,MEM
53920,JaMychal Green,7.87221,38.52695,MEM
53930,Ball,3.80896,21.20185,Ball
53930,Gary Neal,23.39612,35.16398,WAS
53930,Kris Humphries,3.94762,22.53731,WAS
53930,Garrett Temple,5.64996,24.85309,WAS
53930,Ramon Sessions,13.79127,25.42658,WAS
53930,DeJuan Blair,6.03514,28.5157,WAS
53930,Zach Randolph,4.25823,2.21982,MEM
53930,Tony Allen,11.24887,29.36828,MEM
53930,Jeff Green,3.63342,26.55959,MEM
53930,Mike Conley,29.23915,39.44153,MEM
53930,JaMychal Green,6.81045,33.87244,MEM
