16640,Ball,25.04785,30.92631,Ball
16640,Manu Ginobili,56.06629,11.93981,SAS
16640,David West,63.62717,28.91353,SAS
16640,Boris Diaw,58.01833,20.45854,SAS
16640,Patty Mills,41.23784,27.53807,SAS
16640,Kawhi Leonard,48.66287,39.77226,SAS
16640,Spencer Hawes,49.53879,26.03319,CHA
16640,Jeremy Lin,24.68043,32.13989,CHA
16640,Nicolas Batum,30.46399,45.31635,CHA
16640,Jeremy Lamb,31.89926,4.6521,CHA
16640,Cody Zeller,19.51515,22.53358,CHA
16650,Ball,31.16018,33.01894,Ball
16650,Manu Ginobili,59.97959,11.37393,SAS
16650,David West,68.17183,27.99209,SAS
16650,Boris Diaw,59.89217,21.09871,SAS
16650,Patty Mills,45.52619,29.36854,SAS
16650,Kawhi Leonard,52.76521,39.61687,SAS
16650,Spencer Hawes,56.71027,26.00694,CHA
16650,Jeremy Lin,29.26886,32.71699,CHA
16650,Nicolas Batum,36.4136,46.28079,CHA
16650,Jeremy Lamb,38.63499,3.32312,CHA
16650,Cody Zeller,25.93455,22.38304,CHA
16660,Ball,34.49711,34.11027,Ball
16660,Manu Ginobili,63.71613,10.87422,SAS
16660,David West,72.23513,27.1394,SAS
16660,Boris Diaw,61.47625,22.19014,SAS
16660,Patty Mills,49.4288,30.3692,SAS
16660,Kawhi Leonard,56.53188,39.65669,SAS
16660,Spencer Hawes,63.83417,25.72542,CHA
16660,Jeremy Lin,33.40754,33.08352,CHA
16660,Nicolas Batum,42.30834,47.01216,CHA
16660,Jeremy Lamb,45.40462,2.55739,CHA
16660,Cody Zeller,32.73703,22.2098,CHA
16680,Ball,41.7242,33.91158,Ball
16680,Manu Ginobili,70.05468,10.53136,SAS
16680,David West,77.70995,25.60224,SAS
16680,Boris Diaw,64.6851,21.98501,SAS
16680,Patty Mills,55.21908,30.722830000000002,SAS
16680,Kawhi Leonard,63.25917,40.54114,SAS
16680,Spencer Hawes,75.99142,23.94963,CHA
16680,Jeremy Lin,40.45873,32.9757,CHA
16680,Nicolas Batum,53.28878,47.89975,CHA
16680,Jeremy Lamb,58.30959,1.44014,CHA
16680,Cody Zeller,45.62995,23.38257,CHA
16690,Ball,44.68968,33.69884,Ball
16690,Manu Ginobili,72.70564,9.96092,SAS
16690,David West,80.06493,25.04313,SAS
16690,Boris Diaw,66.3578,22.93048,SAS
16690,Patty Mills,57.3371,30.73171,SAS
16690,Kawhi Leonard,66.51728,40.89617,SAS
16690,Spencer Hawes,80.57313,23.16384,CHA
16690,Jeremy Lin,43.68299,32.79331,CHA
16690,Nicolas Batum,58.86235,48.4283,CHA
16690,Jeremy Lamb,64.38575,1.27586,CHA
16690,Cody Zeller,51.61206,26.01805,CHA
16700,Ball,47.50725,32.9752,Ball
16700,Manu Ginobili,74.89583,9.49147,SAS
16700,David West,82.26228,24.83302,SAS
16700,Boris Diaw,67.95062,24.50077,SAS
16700,Patty Mills,59.02526,30.2789,SAS
16700,Kawhi Leonard,69.66659,41.33991,SAS
16700,Spencer Hawes,84.02048,22.63588,CHA
16700,Jeremy Lin,46.10835,32.04707,CHA
16700,Nicolas Batum,64.04855,48.65811,CHA
16700,Jeremy Lamb,69.99361,1.14402,CHA
16700,Cody Zeller,56.47237,29.85354,CHA
16710,Ball,48.90624,33.31004,Ball
16710,Manu Ginobili,76.48514,9.80773,SAS
16710,David West,83.58134,24.59827,SAS
16710,Boris Diaw,69.74056,26.54576,SAS
16710,Patty Mills,60.14183,29.63278,SAS
16710,Kawhi Leonard,72.82141,41.32452,SAS
16710,Spencer Hawes,86.72405,21.25802,CHA
16710,Jeremy Lin,48.239,32.0233,CHA
16710,Nicolas Batum,69.03724,48.50337,CHA
16710,Jeremy Lamb,74.65474,1.42949,CHA
16710,Cody Zeller,60.99067,33.27022,CHA
16720,Ball,51.08864,31.64367,Ball
16720,Manu Ginobili,77.77914,10.54838,SAS
16720,David West,84.55296,23.81716,SAS
16720,Boris Diaw,71.44971,28.46331,SAS
16720,Patty Mills,60.60089,29.29764,SAS
16720,Kawhi Leonard,75.75823,41.47188,SAS
16720,Spencer Hawes,87.89838,19.45937,CHA
16720,Jeremy Lin,49.77146,31.3336,CHA
16720,Nicolas Batum,73.60361,48.26482,CHA
16720,Jeremy Lamb,78.15522,1.8081,CHA
16720,Cody Zeller,65.84363,35.75612,CHA
16730,Ball,51.13924,32.20773,Ball
16730,Manu Ginobili,79.48829,10.48948,SAS
16730,David West,84.85081,22.21958,SAS
16730,Boris Diaw,73.30977,30.18012,SAS
16730,Patty Mills,60.39471,29.39172,SAS
16730,Kawhi Leonard,78.77719,43.03056,SAS
16730,Spencer Hawes,87.71686,18.03819,CHA
16730,Jeremy Lin,50.79438,30.98966,CHA
16730,Nicolas Batum,77.68944,47.99329,CHA
16730,Jeremy Lamb,80.62424,1.9708700000000001,CHA
16730,Cody Zeller,70.26532,37.4478,CHA
16740,Ball,52.54036,31.83149,Ball
16740,Manu Ginobili,80.67965,10.6245,SAS
16740,David West,84.83473,20.87273,SAS
16740,Boris Diaw,74.97012,31.6668,SAS
16740,Patty Mills,60.05696,29.71825,SAS
16740,Kawhi Leonard,81.0324,44.24677,SAS
16740,Spencer Hawes,86.33762,17.11126,CHA
16740,Jeremy Lin,51.71382,30.83787,CHA
16740,Nicolas Batum,80.63598,47.57283,CHA
16740,Jeremy Lamb,81.79183,1.97242,CHA
16740,Cody Zeller,73.49444,38.7614,CHA
16750,Ball,52.86315,31.60523,Ball
16750,Manu Ginobili,80.93233,10.4661,SAS
16750,David West,84.24055,19.79967,SAS
16750,Boris Diaw,76.4681,33.14236,SAS
16750,Patty Mills,59.88864,29.73486,SAS
16750,Kawhi Leonard,82.7977,45.00519,SAS
16750,Spencer Hawes,84.15023,16.41323,CHA
16750,Jeremy Lin,52.3054,30.32509,CHA
16750,Nicolas Batum,83.55191,47.15988,CHA
16750,Jeremy Lamb,82.20536,1.8885900000000002,CHA
16750,Cody Zeller,76.2754,39.8509,CHA
16760,Ball,52.82487,32.10421,Ball
16760,Manu Ginobili,80.8627,10.26331,SAS
16760,David West,83.28111,18.85688,SAS
16760,Boris Diaw,78.37238,34.20747,SAS
16760,Patty Mills,59.97341,29.86691,SAS
16760,Kawhi Leonard,83.85001,45.18763,SAS
16760,Spencer Hawes,82.42212,15.69874,CHA
16760,Jeremy Lin,53.07858,30.63148,CHA
16760,Nicolas Batum,85.78948,46.67409,CHA
16760,Jeremy Lamb,81.90875,1.78045,CHA
16760,Cody Zeller,78.12178,40.62025,CHA
16770,Ball,54.92921,31.95248,Ball
16770,Manu Ginobili,80.94905,9.90421,SAS
16770,David West,82.24075,18.07353,SAS
16770,Boris Diaw,80.08271,35.01445,SAS
16770,Patty Mills,60.31068,30.10406,SAS
16770,Kawhi Leonard,84.38504,44.94449,SAS
16770,Spencer Hawes,80.59089,15.10901,CHA
16770,Jeremy Lin,54.18864,30.54605,CHA
16770,Nicolas Batum,86.75933,45.72646,CHA
16770,Jeremy Lamb,81.76403,1.26567,CHA
16770,Cody Zeller,78.60061,41.58708,CHA
16780,Ball,54.69095,32.19755,Ball
16780,Manu Ginobili,81.39078,9.54461,SAS
16780,David West,81.1577,17.79053,SAS
16780,Boris Diaw,81.25176,35.30223,SAS
16780,Patty Mills,60.68109,30.41535,SAS
16780,Kawhi Leonard,84.33355,44.25377,SAS
16780,Spencer Hawes,78.28631,13.69941,CHA
16780,Jeremy Lin,54.93214,30.6542,CHA
16780,Nicolas Batum,86.7379,44.74442,CHA
16780,Jeremy Lamb,81.59154,2.07346,CHA
16780,Cody Zeller,77.20081,42.06579,CHA
16790,Ball,55.68685,32.36609,Ball
16790,Manu Ginobili,81.92675,9.60181,SAS
16790,David West,80.13107,17.95075,SAS
16790,Boris Diaw,80.36266,35.2521,SAS
16790,Patty Mills,61.03303,30.60967,SAS
16790,Kawhi Leonard,83.87863,43.53678,SAS
16790,Spencer Hawes,76.16617,12.45417,CHA
16790,Jeremy Lin,55.38962,30.97444,CHA
16790,Nicolas Batum,86.431,44.20934,CHA
16790,Jeremy Lamb,81.64563,2.66838,CHA
16790,Cody Zeller,74.4638,40.86804,CHA
16800,Ball,55.17465,32.5645,Ball
16800,Manu Ginobili,82.29648,10.3488,SAS
16800,David West,79.32996,17.34869,SAS
16800,Boris Diaw,78.50961,35.38323,SAS
16800,Patty Mills,61.05865,30.61066,SAS
16800,Kawhi Leonard,83.65668,42.47066,SAS
16800,Spencer Hawes,74.20921,10.82878,CHA
16800,Jeremy Lin,55.569,30.98961,CHA
16800,Nicolas Batum,86.10767,44.33245,CHA
16800,Jeremy Lamb,81.63407,2.69248,CHA
16800,Cody Zeller,71.29114,38.70773,CHA
16810,Ball,55.7406,32.55628,Ball
16810,Manu Ginobili,82.5068,10.82776,SAS
16810,David West,78.55855,17.80542,SAS
16810,Boris Diaw,76.27334,35.90754,SAS
16810,Patty Mills,60.93826,30.13058,SAS
16810,Kawhi Leonard,84.45791,41.47499,SAS
16810,Spencer Hawes,71.92758,8.25924,CHA
16810,Jeremy Lin,55.73669,31.45843,CHA
16810,Nicolas Batum,85.94629,44.24251,CHA
16810,Jeremy Lamb,81.40124,2.92219,CHA
16810,Cody Zeller,67.70612,35.69443,CHA
16820,Ball,56.51595,33.95667,Ball
16820,Manu Ginobili,82.49782,10.92323,SAS
16820,David West,77.78752,18.72832,SAS
16820,Boris Diaw,74.0349,35.41966,SAS
16820,Patty Mills,60.35338,30.61058,SAS
16820,Kawhi Leonard,85.4119,41.12207,SAS
16820,Spencer Hawes,70.14834,7.53777,CHA
16820,Jeremy Lin,56.54315,32.28346,CHA
16820,Nicolas Batum,86.05439,44.08541,CHA
16820,Jeremy Lamb,81.27799,3.53431,CHA
16820,Cody Zeller,63.93178,33.39837,CHA
16830,Ball,60.7297,36.33102,Ball
16830,Manu Ginobili,82.4061,11.61933,SAS
16830,David West,77.11025,19.39541,SAS
16830,Boris Diaw,72.42055,34.54845,SAS
16830,Patty Mills,59.72113,33.13678,SAS
16830,Kawhi Leonard,85.28603,40.92608,SAS
16830,Spencer Hawes,68.36521,7.82995,CHA
16830,Jeremy Lin,58.88113,34.49088,CHA
16830,Nicolas Batum,85.96585,44.11637,CHA
16830,Jeremy Lamb,80.84408,3.15222,CHA
16830,Cody Zeller,61.60093,32.82361,CHA
16840,Ball,64.02477,37.56955,Ball
16840,Manu Ginobili,82.08012,11.74034,SAS
16840,David West,77.01128,20.56478,SAS
16840,Boris Diaw,72.73274,33.36207,SAS
16840,Patty Mills,60.96067,34.88775,SAS
16840,Kawhi Leonard,85.12188,40.88712,SAS
16840,Spencer Hawes,67.42669,8.28008,CHA
16840,Jeremy Lin,62.63828,36.31012,CHA
16840,Nicolas Batum,85.81612,44.59786,CHA
16840,Jeremy Lamb,80.4461,2.73311,CHA
16840,Cody Zeller,61.71665,32.52295,CHA
16850,Ball,67.97473,37.10284,Ball
16850,Manu Ginobili,81.52782,11.21284,SAS
16850,David West,77.21229,21.59071,SAS
16850,Boris Diaw,74.3351,32.66171,SAS
16850,Patty Mills,64.08849,35.10524,SAS
16850,Kawhi Leonard,85.12938,40.96586,SAS
16850,Spencer Hawes,67.32722,8.09425,CHA
16850,Jeremy Lin,65.90289,36.48458,CHA
16850,Nicolas Batum,86.03667,45.03566,CHA
16850,Jeremy Lamb,80.13815,2.51413,CHA
16850,Cody Zeller,64.21367,31.25513,CHA
16860,Ball,70.40247,35.8304,Ball
16860,Manu Ginobili,81.2091,11.70778,SAS
16860,David West,77.87545,22.44519,SAS
16860,Boris Diaw,75.9665,31.775760000000002,SAS
16860,Patty Mills,67.67892,34.04116,SAS
16860,Kawhi Leonard,85.12731,41.16658,SAS
16860,Spencer Hawes,67.37001,8.06967,CHA
16860,Jeremy Lin,68.32432,35.57205,CHA
16860,Nicolas Batum,86.307,45.33188,CHA
16860,Jeremy Lamb,79.87958,2.21344,CHA
16860,Cody Zeller,67.81341,29.28656,CHA
16870,Ball,72.25627,35.51834,Ball
16870,Manu Ginobili,81.08993,12.14289,SAS
16870,David West,78.72144,22.95687,SAS
16870,Boris Diaw,78.36113,30.39871,SAS
16870,Patty Mills,72.47131,32.35484,SAS
16870,Kawhi Leonard,85.1016,41.17015,SAS
16870,Spencer Hawes,67.36969,8.10856,CHA
16870,Jeremy Lin,71.3486,34.04759,CHA
16870,Nicolas Batum,86.10411,45.76191,CHA
16870,Jeremy Lamb,80.32441,1.97851,CHA
16870,Cody Zeller,72.47798,27.69611,CHA
16880,Ball,76.69487,34.50513,Ball
16880,Manu Ginobili,81.16932,12.05215,SAS
16880,David West,79.22042,23.31035,SAS
16880,Boris Diaw,81.02597,29.20171,SAS
16880,Patty Mills,76.56702,32.03618,SAS
16880,Kawhi Leonard,84.99515,41.17095,SAS
16880,Spencer Hawes,67.58413,7.95989,CHA
16880,Jeremy Lin,75.67401,33.05587,CHA
16880,Nicolas Batum,85.22841,46.06971,CHA
16880,Jeremy Lamb,81.25471,1.7248700000000001,CHA
16880,Cody Zeller,77.61973,26.51279,CHA
16890,Ball,80.32424,34.85261,Ball
16890,Manu Ginobili,82.29238,11.39136,SAS
16890,David West,79.23005,23.24156,SAS
16890,Boris Diaw,83.44665,28.07265,SAS
16890,Patty Mills,79.67033,32.24012,SAS
16890,Kawhi Leonard,84.84643,40.98846,SAS
16890,Spencer Hawes,67.70965,7.9734,CHA
16890,Jeremy Lin,80.76791,32.72176,CHA
16890,Nicolas Batum,84.08434,46.08928,CHA
16890,Jeremy Lamb,81.43055,1.58684,CHA
16890,Cody Zeller,82.29982,26.87177,CHA
16900,Ball,85.17163,30.83189,Ball
16900,Manu Ginobili,83.93737,12.87056,SAS
16900,David West,79.5354,22.81497,SAS
16900,Boris Diaw,85.84951,28.309,SAS
16900,Patty Mills,82.54431,31.93198,SAS
16900,Kawhi Leonard,84.38657,40.18817,SAS
16900,Spencer Hawes,68.15395,8.09143,CHA
16900,Jeremy Lin,83.7014,32.00914,CHA
16900,Nicolas Batum,82.46275,45.85487,CHA
16900,Jeremy Lamb,81.73098,1.65954,CHA
16900,Cody Zeller,85.76974,27.24386,CHA
16910,Ball,86.33989,30.3768,Ball
16910,Manu Ginobili,85.77383,15.83785,SAS
16910,David West,81.33615,22.87161,SAS
16910,Boris Diaw,88.03185,29.31966,SAS
16910,Patty Mills,84.29954,30.78218,SAS
16910,Kawhi Leonard,83.29726,39.47623,SAS
16910,Spencer Hawes,67.68462,8.62219,CHA
16910,Jeremy Lin,84.42857,31.09979,CHA
16910,Nicolas Batum,80.49352,45.67172,CHA
16910,Jeremy Lamb,82.6026,1.71256,CHA
16910,Cody Zeller,87.76284,26.67836,CHA
16930,Ball,69.71933,5.51319,Ball
16930,Manu Ginobili,71.21536,6.41795,SAS
16930,David West,48.13075,27.00401,SAS
16930,Boris Diaw,82.1758,20.83047,SAS
16930,Patty Mills,57.72323,40.97526,SAS
16930,Kawhi Leonard,21.62153,47.67507,SAS
16930,Spencer Hawes,22.74395,24.47714,CHA
16930,Jeremy Lin,50.35846,34.32876,CHA
16930,Nicolas Batum,19.39455,42.52848,CHA
16930,Jeremy Lamb,40.43648,11.82011,CHA
16930,Cody Zeller,41.1189,26.13291,CHA
16940,Ball,67.00288,5.48036,Ball
16940,Manu Ginobili,67.88131,5.51483,SAS
16940,David West,42.14985,27.68458,SAS
16940,Boris Diaw,77.65132,20.52969,SAS
16940,Patty Mills,53.09162,41.60854,SAS
16940,Kawhi Leonard,18.86393,47.99586,SAS
16940,Spencer Hawes,21.29424,25.79789,CHA
16940,Jeremy Lin,45.47917,34.96255,CHA
16940,Nicolas Batum,16.81517,42.13845,CHA
16940,Jeremy Lamb,38.39383,12.1087,CHA
16940,Cody Zeller,38.16957,25.32028,CHA
16950,Ball,63.8793,4.92527,Ball
16950,Manu Ginobili,64.73718,5.83854,SAS
16950,David West,36.23121,28.35587,SAS
16950,Boris Diaw,72.69861,20.55012,SAS
16950,Patty Mills,47.9494,41.18619,SAS
16950,Kawhi Leonard,16.62032,48.21046,SAS
16950,Spencer Hawes,19.77203,26.08245,CHA
16950,Jeremy Lin,40.83917,35.38012,CHA
16950,Nicolas Batum,14.56405,42.08331,CHA
16950,Jeremy Lamb,36.53987,12.28644,CHA
16950,Cody Zeller,35.6942,24.40469,CHA
16960,Ball,59.95404,4.30564,Ball
16960,Manu Ginobili,61.04388,5.65473,SAS
16960,David West,30.73263,29.05718,SAS
16960,Boris Diaw,67.3546,21.09939,SAS
16960,Patty Mills,42.4308,39.54347,SAS
16960,Kawhi Leonard,14.25916,48.17836,SAS
16960,Spencer Hawes,18.35434,26.54544,CHA
16960,Jeremy Lin,36.67681,35.48868,CHA
16960,Nicolas Batum,12.77706,41.8042,CHA
16960,Jeremy Lamb,34.99281,12.46155,CHA
16960,Cody Zeller,33.35646,23.75954,CHA
16970,Ball,56.40881,4.17876,Ball
16970,Manu Ginobili,57.31105,4.6330100000000005,SAS
16970,David West,26.04925,29.58645,SAS
16970,Boris Diaw,61.8042,21.85403,SAS
16970,Patty Mills,37.09129,36.45967,SAS
16970,Kawhi Leonard,11.92684,47.61824,SAS
16970,Spencer Hawes,16.88077,26.28267,CHA
16970,Jeremy Lin,32.92882,35.30882,CHA
16970,Nicolas Batum,11.12403,41.54317,CHA
16970,Jeremy Lamb,33.32569,11.85039,CHA
16970,Cody Zeller,31.04493,23.42192,CHA
16980,Ball,51.4049,4.45847,Ball
16980,Manu Ginobili,53.00265,4.8847000000000005,SAS
16980,David West,22.19619,29.92801,SAS
16980,Boris Diaw,56.38778,22.71728,SAS
16980,Patty Mills,31.69841,32.62976,SAS
16980,Kawhi Leonard,10.11305,46.86949,SAS
16980,Spencer Hawes,14.96911,25.58323,CHA
16980,Jeremy Lin,29.34024,33.7287,CHA
16980,Nicolas Batum,9.67412,41.60294,CHA
16980,Jeremy Lamb,31.94854,11.7118,CHA
16980,Cody Zeller,28.97528,22.61205,CHA
16990,Ball,47.82293,4.61934,Ball
16990,Manu Ginobili,48.8081,5.45713,SAS
16990,David West,20.08326,30.74445,SAS
16990,Boris Diaw,50.53697,24.42378,SAS
16990,Patty Mills,26.15525,28.62445,SAS
16990,Kawhi Leonard,8.74896,46.95493,SAS
16990,Spencer Hawes,13.4006,26.24884,CHA
16990,Jeremy Lin,26.28116,31.67629,CHA
16990,Nicolas Batum,8.5168,41.41786,CHA
16990,Jeremy Lamb,30.56504,11.64632,CHA
16990,Cody Zeller,27.03301,22.61197,CHA
17000,Ball,43.17168,5.76304,Ball
17000,Manu Ginobili,44.79663,5.9863800000000005,SAS
17000,David West,19.70536,31.6894,SAS
17000,Boris Diaw,44.76802,25.48563,SAS
17000,Patty Mills,20.6943,24.31862,SAS
17000,Kawhi Leonard,8.12667,47.62959,SAS
17000,Spencer Hawes,12.51756,25.90484,CHA
17000,Jeremy Lin,23.14147,28.14765,CHA
17000,Nicolas Batum,7.62309,40.36314,CHA
17000,Jeremy Lamb,29.29998,11.34407,CHA
17000,Cody Zeller,25.25943,22.96601,CHA
17010,Ball,40.3209,6.58466,Ball
17010,Manu Ginobili,41.41974,7.0891,SAS
17010,David West,19.86626,31.94964,SAS
17010,Boris Diaw,38.6632,25.45134,SAS
17010,Patty Mills,15.38638,19.79155,SAS
17010,Kawhi Leonard,8.14809,48.16638,SAS
17010,Spencer Hawes,12.6402,25.80848,CHA
17010,Jeremy Lin,19.80528,24.4378,CHA
17010,Nicolas Batum,7.53306,39.91407,CHA
17010,Jeremy Lamb,28.3619,11.91854,CHA
17010,Cody Zeller,23.54907,22.99762,CHA
17020,Ball,37.3447,8.24965,Ball
17020,Manu Ginobili,38.60991,8.36745,SAS
17020,David West,19.83545,32.02021,SAS
17020,Boris Diaw,32.89873,24.07088,SAS
17020,Patty Mills,10.69053,15.69925,SAS
17020,Kawhi Leonard,7.90695,48.50833,SAS
17020,Spencer Hawes,13.38256,26.97176,CHA
17020,Jeremy Lin,16.65942,21.17189,CHA
17020,Nicolas Batum,7.47305,39.48911,CHA
17020,Jeremy Lamb,27.44372,12.59796,CHA
17020,Cody Zeller,22.30113,22.92664,CHA
17030,Ball,35.59147,11.70386,Ball
17030,Manu Ginobili,36.55894,10.03982,SAS
17030,David West,19.39584,31.72476,SAS
17030,Boris Diaw,28.03655,21.73071,SAS
17030,Patty Mills,6.92688,11.68988,SAS
17030,Kawhi Leonard,7.69708,48.36496,SAS
17030,Spencer Hawes,14.46081,27.8987,CHA
17030,Jeremy Lin,13.578710000000001,18.14005,CHA
17030,Nicolas Batum,7.34917,39.10045,CHA
17030,Jeremy Lamb,26.92293,13.52251,CHA
17030,Cody Zeller,21.20059,21.90207,CHA
17040,Ball,34.89242,13.88918,Ball
17040,Manu Ginobili,34.31051,12.81782,SAS
17040,David West,19.53044,31.32239,SAS
17040,Boris Diaw,24.79202,19.10464,SAS
17040,Patty Mills,4.74874,8.00358,SAS
17040,Kawhi Leonard,7.84883,48.0151,SAS
17040,Spencer Hawes,15.6405,28.37804,CHA
17040,Jeremy Lin,11.01297,15.61581,CHA
17040,Nicolas Batum,7.28564,38.98354,CHA
17040,Jeremy Lamb,26.93513,15.83866,CHA
17040,Cody Zeller,20.40295,20.42337,CHA
17050,Ball,29.33805,15.62534,Ball
17050,Manu Ginobili,30.91481,14.13061,SAS
17050,David West,20.41145,31.23045,SAS
17050,Boris Diaw,23.94847,17.79732,SAS
17050,Patty Mills,5.15537,4.84661,SAS
17050,Kawhi Leonard,7.99927,47.84246,SAS
17050,Spencer Hawes,16.35679,28.47999,CHA
17050,Jeremy Lin,8.83779,13.92367,CHA
17050,Nicolas Batum,7.36026,39.2028,CHA
17050,Jeremy Lamb,27.40886,18.23223,CHA
17050,Cody Zeller,19.31434,19.50475,CHA
17060,Ball,25.54766,12.19239,Ball
17060,Manu Ginobili,26.38405,12.93153,SAS
17060,David West,20.87217,30.48099,SAS
17060,Boris Diaw,24.53423,17.36934,SAS
17060,Patty Mills,6.06314,3.02768,SAS
17060,Kawhi Leonard,7.95739,47.76863,SAS
17060,Spencer Hawes,16.09991,28.47237,CHA
17060,Jeremy Lin,7.4556000000000004,12.81254,CHA
17060,Nicolas Batum,7.44435,39.2558,CHA
17060,Jeremy Lamb,27.23986,18.45847,CHA
17060,Cody Zeller,17.62608,18.76157,CHA
17070,Ball,21.45177,11.24027,Ball
17070,Manu Ginobili,22.06026,11.1339,SAS
17070,David West,21.69219,29.65804,SAS
17070,Boris Diaw,24.36958,16.76793,SAS
17070,Patty Mills,5.40481,2.43607,SAS
17070,Kawhi Leonard,7.92601,47.72399,SAS
17070,Spencer Hawes,14.93016,27.55385,CHA
17070,Jeremy Lin,7.00419,11.70453,CHA
17070,Nicolas Batum,7.31429,38.44116,CHA
17070,Jeremy Lamb,26.01118,17.13936,CHA
17070,Cody Zeller,16.00823,17.77548,CHA
17080,Ball,18.46594,10.06779,Ball
17080,Manu Ginobili,19.31383,9.77018,SAS
17080,David West,22.63134,28.82188,SAS
17080,Boris Diaw,22.93652,17.78043,SAS
17080,Patty Mills,4.5702,2.36828,SAS
17080,Kawhi Leonard,7.93167,47.71182,SAS
17080,Spencer Hawes,14.13373,26.95482,CHA
17080,Jeremy Lin,6.8953,10.7602,CHA
17080,Nicolas Batum,6.92659,36.56119,CHA
17080,Jeremy Lamb,24.67423,14.8256,CHA
17080,Cody Zeller,15.97534,16.1399,CHA
17090,Ball,21.30591,22.04765,Ball
17090,Manu Ginobili,18.39014,8.8689,SAS
17090,David West,23.35663,28.6133,SAS
17090,Boris Diaw,20.10176,19.52112,SAS
17090,Patty Mills,4.00677,2.29671,SAS
17090,Kawhi Leonard,7.95929,47.71808,SAS
17090,Spencer Hawes,13.48124,26.21244,CHA
17090,Jeremy Lin,6.77226,11.11021,CHA
17090,Nicolas Batum,6.76166,34.63345,CHA
17090,Jeremy Lamb,21.60013,13.56601,CHA
17090,Cody Zeller,17.33042,13.553889999999999,CHA
17100,Ball,23.06049,27.34647,Ball
17100,Manu Ginobili,18.88672,7.97424,SAS
17100,David West,23.78001,28.60525,SAS
17100,Boris Diaw,16.30504,20.86006,SAS
17100,Patty Mills,3.8095600000000003,2.22668,SAS
17100,Kawhi Leonard,8.01711,47.86623,SAS
17100,Spencer Hawes,12.85162,24.99809,CHA
17100,Jeremy Lin,6.71124,12.08883,CHA
17100,Nicolas Batum,6.89523,33.75066,CHA
17100,Jeremy Lamb,19.30725,13.08802,CHA
17100,Cody Zeller,18.31483,10.69172,CHA
17110,Ball,21.97597,28.48527,Ball
17110,Manu Ginobili,20.1282,7.74877,SAS
17110,David West,23.33749,28.11176,SAS
17110,Boris Diaw,12.40826,21.82642,SAS
17110,Patty Mills,3.949,2.16899,SAS
17110,Kawhi Leonard,8.09766,47.94427,SAS
17110,Spencer Hawes,13.70312,25.03873,CHA
17110,Jeremy Lin,6.50899,13.88277,CHA
17110,Nicolas Batum,7.91026,34.70584,CHA
17110,Jeremy Lamb,17.43636,13.93435,CHA
17110,Cody Zeller,16.81283,10.74344,CHA
17120,Ball,10.37624,24.74705,Ball
17120,Manu Ginobili,21.79064,7.9516100000000005,SAS
17120,David West,23.17142,27.88822,SAS
17120,Boris Diaw,9.2164,23.06779,SAS
17120,Patty Mills,4.06951,2.11365,SAS
17120,Kawhi Leonard,8.10408,47.94231,SAS
17120,Spencer Hawes,15.64016,26.42138,CHA
17120,Jeremy Lin,6.27388,17.08791,CHA
17120,Nicolas Batum,9.33873,36.550110000000004,CHA
17120,Jeremy Lamb,16.06657,15.56032,CHA
17120,Cody Zeller,13.93259,12.53284,CHA
17130,Ball,5.89496,26.44141,Ball
17130,Manu Ginobili,23.5829,8.72844,SAS
17130,David West,23.8531,27.81104,SAS
17130,Boris Diaw,6.45046,24.76001,SAS
17130,Patty Mills,4.10844,2.12846,SAS
17130,Kawhi Leonard,7.99381,47.99534,SAS
17130,Spencer Hawes,17.47944,27.99176,CHA
17130,Jeremy Lin,5.90683,21.99234,CHA
17130,Nicolas Batum,9.91207,37.5835,CHA
17130,Jeremy Lamb,14.62504,17.04831,CHA
17130,Cody Zeller,10.74073,16.08891,CHA
17140,Ball,4.57867,26.0838,Ball
17140,Manu Ginobili,25.49146,10.23262,SAS
17140,David West,25.40627,27.44958,SAS
17140,Boris Diaw,4.19352,26.69077,SAS
17140,Patty Mills,4.48815,2.31859,SAS
17140,Kawhi Leonard,8.72749,47.81819,SAS
17140,Spencer Hawes,18.61425,28.06717,CHA
17140,Jeremy Lin,4.22852,26.48447,CHA
17140,Nicolas Batum,9.48107,37.42724,CHA
17140,Jeremy Lamb,13.92943,18.02163,CHA
17140,Cody Zeller,8.04239,20.09105,CHA
17150,Ball,5.54502,24.97703,Ball
17150,Manu Ginobili,27.6026,11.58891,SAS
17150,David West,28.1002,26.80528,SAS
17150,Boris Diaw,2.56378,28.51378,SAS
17150,Patty Mills,5.52808,3.16429,SAS
17150,Kawhi Leonard,10.609,47.31026,SAS
17150,Spencer Hawes,19.1512,28.08486,CHA
17150,Jeremy Lin,3.22695,29.05051,CHA
17150,Nicolas Batum,9.28149,37.53283,CHA
17150,Jeremy Lamb,14.20897,17.92261,CHA
17150,Cody Zeller,5.22437,22.70903,CHA
17160,Ball,4.07438,24.52835,Ball
17160,Manu Ginobili,30.63858,12.66611,SAS
17160,David West,31.61353,26.5655,SAS
17160,Boris Diaw,3.16221,30.19511,SAS
17160,Patty Mills,7.24069,5.21995,SAS
17160,Kawhi Leonard,14.12543,46.66396,SAS
17160,Spencer Hawes,19.91889,28.27102,CHA
17160,Jeremy Lin,4.75345,31.98839,CHA
17160,Nicolas Batum,10.19617,38.24093,CHA
17160,Jeremy Lamb,15.34556,16.96228,CHA
17160,Cody Zeller,2.23171,24.36597,CHA
