14000,Ball,80.61821,20.5001,Ball
14000,Ersan Ilyasova,90.24554,19.73103,DET
14000,Aron Baynes,85.00866,21.76278,DET
14000,Reggie Jackson,79.41453,20.07031,DET
14000,Kentavious Caldwell-Pope,85.10921,1.03732,DET
14000,Stanley Johnson,56.73827,34.19475,DET
14000,Trevor Ariza,77.6938,16.48358,HOU
14000,Dwight Howard,86.59614,22.54045,HOU
14000,Ty Lawson,85.36137,11.01802,HOU
14000,James Harden,86.23219,27.17509,HOU
14000,Terrence Jones,66.29207,29.71863,HOU
14000,Ball,80.67049,21.18167,Ball
14000,Ersan Ilyasova,90.31122,19.29714,DET
14000,Aron Baynes,85.16992,21.882,DET
14000,Reggie Jackson,79.56698,20.63809,DET
14000,Kentavious Caldwell-Pope,84.89458,1.05595,DET
14000,Stanley Johnson,56.94268,34.24571,DET
14000,Trevor Ariza,77.95867,16.72292,HOU
14000,Dwight Howard,86.79953,22.6358,HOU
14000,Ty Lawson,85.50705,11.06971,HOU
14000,James Harden,86.47906,27.04614,HOU
14000,Terrence Jones,66.52725,29.79361,HOU
14010,Ball,81.75434,25.6089,Ball
14010,Ersan Ilyasova,90.4264,16.94186,DET
14010,Aron Baynes,86.02899,23.3972,DET
14010,Reggie Jackson,80.6381,24.83801,DET
14010,Kentavious Caldwell-Pope,82.8047,1.61985,DET
14010,Stanley Johnson,58.589150000000004,34.63696,DET
14010,Trevor Ariza,80.58778,18.49146,HOU
14010,Dwight Howard,87.80478,24.34827,HOU
14010,Ty Lawson,86.70661,11.76049,HOU
14010,James Harden,88.3431,25.73801,HOU
14010,Terrence Jones,68.40912,29.93347,HOU
14030,Ball,85.77759,25.71731,Ball
14030,Ersan Ilyasova,89.19304,19.58556,DET
14030,Aron Baynes,87.68499,25.86228,DET
14030,Reggie Jackson,82.47359,28.23956,DET
14030,Kentavious Caldwell-Pope,77.76144,3.73559,DET
14030,Stanley Johnson,59.37631,34.27896,DET
14030,Trevor Ariza,84.91716,22.45839,HOU
14030,Dwight Howard,89.09844,26.52272,HOU
14030,Ty Lawson,86.88621,12.31751,HOU
14030,James Harden,91.01389,23.54956,HOU
14030,Terrence Jones,71.44224,30.60549,HOU
14040,Ball,88.83047,24.94512,Ball
14040,Ersan Ilyasova,88.50369,22.22818,DET
14040,Aron Baynes,87.9605,26.85931,DET
14040,Reggie Jackson,83.47814,28.62077,DET
14040,Kentavious Caldwell-Pope,74.95174,5.24428,DET
14040,Stanley Johnson,58.35708,33.70668,DET
14040,Trevor Ariza,86.23215,23.33253,HOU
14040,Dwight Howard,89.2278,28.15752,HOU
14040,Ty Lawson,86.84643,12.24163,HOU
14040,James Harden,90.75345,23.23603,HOU
14040,Terrence Jones,72.23421,31.70493,HOU
14050,Ball,88.21855,25.17308,Ball
14050,Ersan Ilyasova,88.02288,23.89768,DET
14050,Aron Baynes,87.50825,26.9617,DET
14050,Reggie Jackson,83.17362,28.59605,DET
14050,Kentavious Caldwell-Pope,72.16824,7.41132,DET
14050,Stanley Johnson,56.67109,33.22355,DET
14050,Trevor Ariza,86.93637,23.1462,HOU
14050,Dwight Howard,88.77046,29.28945,HOU
14050,Ty Lawson,87.22983,11.95039,HOU
14050,James Harden,90.40009,22.3838,HOU
14050,Terrence Jones,72.64135,32.57516,HOU
14050,Ball,88.12092,25.21428,Ball
14050,Ersan Ilyasova,87.94942,23.9024,DET
14050,Aron Baynes,87.39779,26.96468,DET
14050,Reggie Jackson,83.05092,28.60736,DET
14050,Kentavious Caldwell-Pope,71.92672,7.67694,DET
14050,Stanley Johnson,56.48614,33.15928,DET
14050,Trevor Ariza,86.97597,23.11601,HOU
14050,Dwight Howard,88.66975,29.42735,HOU
14050,Ty Lawson,87.26904,11.91968,HOU
14050,James Harden,90.38116,22.28965,HOU
14050,Terrence Jones,72.6303,32.61711,HOU
14060,Ball,87.69174,24.90501,Ball
14060,Ersan Ilyasova,86.56876,23.08558,DET
14060,Aron Baynes,85.43805,27.44494,DET
14060,Reggie Jackson,81.10721,28.52159,DET
14060,Kentavious Caldwell-Pope,70.03137,10.34536,DET
14060,Stanley Johnson,54.57622,32.44175,DET
14060,Trevor Ariza,87.14703,23.0801,HOU
14060,Dwight Howard,87.08578,30.906,HOU
14060,Ty Lawson,87.36299,11.56915,HOU
14060,James Harden,90.23809,21.79271,HOU
14060,Terrence Jones,72.02575,33.21356,HOU
14080,Ball,79.84358,33.34487,Ball
14080,Ersan Ilyasova,80.69538,21.79926,DET
14080,Aron Baynes,76.91825,29.61296,DET
14080,Reggie Jackson,73.7425,25.75886,DET
14080,Kentavious Caldwell-Pope,66.82729,16.18927,DET
14080,Stanley Johnson,49.41785,30.92001,DET
14080,Trevor Ariza,89.01875,23.4916,HOU
14080,Dwight Howard,79.67674,34.00087,HOU
14080,Ty Lawson,85.39243,9.68057,HOU
14080,James Harden,90.63676,21.70065,HOU
14080,Terrence Jones,69.57824,36.02604,HOU
14090,Ball,74.84889,33.81448,Ball
14090,Ersan Ilyasova,76.41612,21.54189,DET
14090,Aron Baynes,71.14818,29.82079,DET
14090,Reggie Jackson,68.76841,24.83446,DET
14090,Kentavious Caldwell-Pope,65.8151,18.23917,DET
14090,Stanley Johnson,46.82573,30.05803,DET
14090,Trevor Ariza,90.74657,23.14803,HOU
14090,Dwight Howard,75.0798,33.73959,HOU
14090,Ty Lawson,83.23752,8.42657,HOU
14090,James Harden,90.20938,21.16728,HOU
14090,Terrence Jones,66.96909,37.1837,HOU
14100,Ball,80.80819,30.04792,Ball
14100,Ersan Ilyasova,71.48239,22.02443,DET
14100,Aron Baynes,64.90694,29.78939,DET
14100,Reggie Jackson,63.73613,23.54706,DET
14100,Kentavious Caldwell-Pope,64.67044,19.73197,DET
14100,Stanley Johnson,44.23352,29.32815,DET
14100,Trevor Ariza,92.65519,22.70931,HOU
14100,Dwight Howard,69.66317,33.51236,HOU
14100,Ty Lawson,79.95306,6.93367,HOU
14100,James Harden,90.01101,20.72815,HOU
14100,Terrence Jones,63.76377,38.47212,HOU
14100,Ball,82.00506,29.322400000000002,Ball
14100,Ersan Ilyasova,70.95944,22.16398,DET
14100,Aron Baynes,64.27117,29.7058,DET
14100,Reggie Jackson,63.21849,23.35966,DET
14100,Kentavious Caldwell-Pope,64.53349,19.8297,DET
14100,Stanley Johnson,43.97834,29.23697,DET
14100,Trevor Ariza,92.84675,22.6809,HOU
14100,Dwight Howard,69.10832,33.51661,HOU
14100,Ty Lawson,79.56806,6.8118,HOU
14100,James Harden,89.99718,20.74449,HOU
14100,Terrence Jones,63.41677,38.67316,HOU
14110,Ball,92.25529,23.10888,Ball
14110,Ersan Ilyasova,66.15358,23.69894,DET
14110,Aron Baynes,58.61274,29.36863,DET
14110,Reggie Jackson,58.30272,21.6092,DET
14110,Kentavious Caldwell-Pope,63.15758,20.55492,DET
14110,Stanley Johnson,41.83245,28.38074,DET
14110,Trevor Ariza,94.10137,22.70521,HOU
14110,Dwight Howard,63.88758,33.62677,HOU
14110,Ty Lawson,75.70321,5.90446,HOU
14110,James Harden,89.74565,21.11253,HOU
14110,Terrence Jones,59.9752,40.11674,HOU
14130,Ball,88.34443,21.92218,Ball
14130,Ersan Ilyasova,54.77361,27.46039,DET
14130,Aron Baynes,45.82098,28.69159,DET
14130,Reggie Jackson,47.55064,18.66079,DET
14130,Kentavious Caldwell-Pope,59.58467,21.9702,DET
14130,Stanley Johnson,37.47352,26.91144,DET
14130,Trevor Ariza,93.81659,23.71013,HOU
14130,Dwight Howard,52.67058,33.01335,HOU
14130,Ty Lawson,65.49424,4.78151,HOU
14130,James Harden,88.12893,21.25939,HOU
14130,Terrence Jones,52.00074,42.32925,HOU
14140,Ball,85.30196,21.62829,Ball
14140,Ersan Ilyasova,49.16045,29.04957,DET
14140,Aron Baynes,39.65333,28.17484,DET
14140,Reggie Jackson,42.53602,17.21299,DET
14140,Kentavious Caldwell-Pope,57.80428,22.32178,DET
14140,Stanley Johnson,35.52818,26.28228,DET
14140,Trevor Ariza,91.69246,24.76899,HOU
14140,Dwight Howard,47.06687,32.52515,HOU
14140,Ty Lawson,60.14274,4.23814,HOU
14140,James Harden,86.58974,21.54193,HOU
14140,Terrence Jones,48.0117,43.11671,HOU
14150,Ball,84.22419,20.14683,Ball
14150,Ersan Ilyasova,43.90669,30.64671,DET
14150,Aron Baynes,34.6708,28.12496,DET
14150,Reggie Jackson,37.81781,15.78227,DET
14150,Kentavious Caldwell-Pope,56.2747,22.66286,DET
14150,Stanley Johnson,33.88863,25.64872,DET
14150,Trevor Ariza,88.45417,25.60897,HOU
14150,Dwight Howard,41.6965,32.28875,HOU
14150,Ty Lawson,54.8751,3.65016,HOU
14150,James Harden,84.66473,21.40028,HOU
14150,Terrence Jones,44.10799,43.77334,HOU
14150,Ball,84.01421,20.22554,Ball
14150,Ersan Ilyasova,43.39338,30.77866,DET
14150,Aron Baynes,34.24101,28.16155,DET
14150,Reggie Jackson,37.37184,15.64971,DET
14150,Kentavious Caldwell-Pope,56.10213,22.68704,DET
14150,Stanley Johnson,33.7349,25.57221,DET
14150,Trevor Ariza,88.07771,25.72331,HOU
14150,Dwight Howard,41.1808,32.28218,HOU
14150,Ty Lawson,54.34758,3.56769,HOU
14150,James Harden,84.46608,21.36162,HOU
14150,Terrence Jones,43.72167,43.81814,HOU
14160,Ball,81.76112,20.43157,Ball
14160,Ersan Ilyasova,39.14249,32.35202,DET
14160,Aron Baynes,30.24718,28.07387,DET
14160,Reggie Jackson,33.52655,14.52602,DET
14160,Kentavious Caldwell-Pope,54.248310000000004,22.68059,DET
14160,Stanley Johnson,32.4496,25.0732,DET
14160,Trevor Ariza,84.4712,26.86902,HOU
14160,Dwight Howard,36.74662,32.02939,HOU
14160,Ty Lawson,49.68873,2.9852,HOU
14160,James Harden,82.75491,21.1531,HOU
14160,Terrence Jones,40.19724,44.29313,HOU
14180,Ball,78.30831,18.56972,Ball
14180,Ersan Ilyasova,30.39003,35.99349,DET
14180,Aron Baynes,22.59377,26.90028,DET
14180,Reggie Jackson,26.46212,12.54248,DET
14180,Kentavious Caldwell-Pope,50.54401,22.27292,DET
14180,Stanley Johnson,30.8085,26.22013,DET
14180,Trevor Ariza,75.39616,29.86542,HOU
14180,Dwight Howard,27.951,32.30185,HOU
14180,Ty Lawson,40.21708,2.51836,HOU
14180,James Harden,78.33478,20.62903,HOU
14180,Terrence Jones,33.50169,44.79982,HOU
14190,Ball,73.93007,18.69115,Ball
14190,Ersan Ilyasova,26.57696,36.99608,DET
14190,Aron Baynes,19.4685,27.18441,DET
14190,Reggie Jackson,23.99999,11.67491,DET
14190,Kentavious Caldwell-Pope,48.65463,21.63348,DET
14190,Stanley Johnson,30.24706,26.76659,DET
14190,Trevor Ariza,70.79275,31.50674,HOU
14190,Dwight Howard,24.29034,32.15699,HOU
14190,Ty Lawson,38.07556,2.69433,HOU
14190,James Harden,75.75602,19.82711,HOU
14190,Terrence Jones,30.82598,44.81796,HOU
14200,Ball,71.44513,19.7657,Ball
14200,Ersan Ilyasova,23.50499,37.72523,DET
14200,Aron Baynes,17.04483,27.49757,DET
14200,Reggie Jackson,22.13867,11.14761,DET
14200,Kentavious Caldwell-Pope,46.8274,21.1479,DET
14200,Stanley Johnson,30.37726,27.84564,DET
14200,Trevor Ariza,66.23171,33.2689,HOU
14200,Dwight Howard,21.26599,31.80126,HOU
14200,Ty Lawson,39.19659,2.84741,HOU
14200,James Harden,72.33139,19.34766,HOU
14200,Terrence Jones,28.16433,44.97529,HOU
14200,Ball,71.1264,19.60018,Ball
14200,Ersan Ilyasova,23.19431,37.80076,DET
14200,Aron Baynes,16.85371,27.52303,DET
14200,Reggie Jackson,21.9868,11.12227,DET
14200,Kentavious Caldwell-Pope,46.63708,21.0891,DET
14200,Stanley Johnson,30.40628,27.97051,DET
14200,Trevor Ariza,65.79345,33.42817,HOU
14200,Dwight Howard,21.00969,31.84999,HOU
14200,Ty Lawson,39.41576,2.80832,HOU
14200,James Harden,71.93061,19.2941,HOU
14200,Terrence Jones,27.86051,45.07424,HOU
14210,Ball,67.64598,18.33366,Ball
14210,Ersan Ilyasova,20.5635,38.44246,DET
14210,Aron Baynes,15.26665,27.7128,DET
14210,Reggie Jackson,21.20059,10.96084,DET
14210,Kentavious Caldwell-Pope,44.90297,20.26565,DET
14210,Stanley Johnson,30.63339,29.23256,DET
14210,Trevor Ariza,61.74005,34.86122,HOU
14210,Dwight Howard,18.85914,32.42355,HOU
14210,Ty Lawson,41.97734,3.24866,HOU
14210,James Harden,68.48081,18.46011,HOU
14210,Terrence Jones,25.62636,45.21888,HOU
14230,Ball,61.05773,12.79006,Ball
14230,Ersan Ilyasova,16.07965,39.32352,DET
14230,Aron Baynes,12.31762,28.59022,DET
14230,Reggie Jackson,22.09184,12.57876,DET
14230,Kentavious Caldwell-Pope,40.962650000000004,18.36455,DET
14230,Stanley Johnson,29.69943,32.11745,DET
14230,Trevor Ariza,53.32166,37.59806,HOU
14230,Dwight Howard,15.05039,33.21597,HOU
14230,Ty Lawson,47.86549,5.29563,HOU
14230,James Harden,61.19843,15.06515,HOU
14230,Terrence Jones,20.89603,45.27112,HOU
14240,Ball,56.51648,10.41478,Ball
14240,Ersan Ilyasova,14.43652,39.67162,DET
14240,Aron Baynes,11.37842,28.35875,DET
14240,Reggie Jackson,23.24639,13.53805,DET
14240,Kentavious Caldwell-Pope,38.82817,17.11896,DET
14240,Stanley Johnson,29.0975,33.57494,DET
14240,Trevor Ariza,49.43729,38.63318,HOU
14240,Dwight Howard,13.06881,33.29675,HOU
14240,Ty Lawson,50.34716,6.66402,HOU
14240,James Harden,57.18173,13.25376,HOU
14240,Terrence Jones,18.55754,45.13721,HOU
14250,Ball,53.13107,8.88382,Ball
14250,Ersan Ilyasova,12.56459,39.59762,DET
14250,Aron Baynes,10.59848,28.90514,DET
14250,Reggie Jackson,24.32491,14.765270000000001,DET
14250,Kentavious Caldwell-Pope,36.53761,15.92605,DET
14250,Stanley Johnson,28.02745,34.70216,DET
14250,Trevor Ariza,45.89961,39.49812,HOU
14250,Dwight Howard,11.50317,33.79354,HOU
14250,Ty Lawson,52.27269,8.08941,HOU
14250,James Harden,53.31254,11.64804,HOU
14250,Terrence Jones,16.61708,44.76257,HOU
14250,Ball,53.21371,8.95178,Ball
14250,Ersan Ilyasova,12.41263,39.59952,DET
14250,Aron Baynes,10.52224,28.9481,DET
14250,Reggie Jackson,24.43205,14.89876,DET
14250,Kentavious Caldwell-Pope,36.29629,15.7978,DET
14250,Stanley Johnson,27.90575,34.75661,DET
14250,Trevor Ariza,45.57766,39.58725,HOU
14250,Dwight Howard,11.32762,33.81878,HOU
14250,Ty Lawson,52.4074,8.21975,HOU
14250,James Harden,52.936,11.48708,HOU
14250,Terrence Jones,16.4593,44.72723,HOU
14260,Ball,54.63167,9.81103,Ball
14260,Ersan Ilyasova,11.22662,39.62509,DET
14260,Aron Baynes,9.80693,29.091,DET
14260,Reggie Jackson,25.40204,16.14163,DET
14260,Kentavious Caldwell-Pope,33.85027,14.64769,DET
14260,Stanley Johnson,26.587040000000002,35.99355,DET
14260,Trevor Ariza,42.77619,40.23526,HOU
14260,Dwight Howard,9.97905,33.86839,HOU
14260,Ty Lawson,53.29457,9.52031,HOU
14260,James Harden,49.59011,10.03268,HOU
14260,Terrence Jones,15.82978,44.33484,HOU
14280,Ball,53.18777,14.66268,Ball
14280,Ersan Ilyasova,10.75086,37.81425,DET
14280,Aron Baynes,8.62135,29.29805,DET
14280,Reggie Jackson,27.55138,18.41479,DET
14280,Kentavious Caldwell-Pope,28.15655,12.90064,DET
14280,Stanley Johnson,24.28221,35.98043,DET
14280,Trevor Ariza,37.70601,41.37314,HOU
14280,Dwight Howard,7.88994,35.08603,HOU
14280,Ty Lawson,53.7539,13.44711,HOU
14280,James Harden,42.64929,7.22129,HOU
14280,Terrence Jones,16.49495,41.75436,HOU
14290,Ball,52.16194,15.34673,Ball
14290,Ersan Ilyasova,11.76507,35.89556,DET
14290,Aron Baynes,8.14565,30.62675,DET
14290,Reggie Jackson,28.52338,19.51276,DET
14290,Kentavious Caldwell-Pope,25.41789,11.83567,DET
14290,Stanley Johnson,23.98751,36.2216,DET
14290,Trevor Ariza,35.56622,41.81841,HOU
14290,Dwight Howard,7.27396,34.98709,HOU
14290,Ty Lawson,53.0607,15.30508,HOU
14290,James Harden,39.47854,6.09165,HOU
14290,Terrence Jones,17.595,39.64909,HOU
14300,Ball,51.12994,16.65382,Ball
14300,Ersan Ilyasova,13.44709,34.4643,DET
14300,Aron Baynes,7.89395,31.25571,DET
14300,Reggie Jackson,29.55139,20.30157,DET
14300,Kentavious Caldwell-Pope,23.10032,11.2278,DET
14300,Stanley Johnson,23.69915,36.11666,DET
14300,Trevor Ariza,33.32814,42.42614,HOU
14300,Dwight Howard,6.85518,34.65002,HOU
14300,Ty Lawson,51.90385,17.19179,HOU
14300,James Harden,36.389920000000004,5.24976,HOU
14300,Terrence Jones,19.29638,37.02102,HOU
14300,Ball,51.01707,16.85402,Ball
14300,Ersan Ilyasova,13.64155,34.42148,DET
14300,Aron Baynes,7.88157,31.28897,DET
14300,Reggie Jackson,29.65229,20.3893,DET
14300,Kentavious Caldwell-Pope,22.88082,11.1766,DET
14300,Stanley Johnson,23.65465,36.22402,DET
14300,Trevor Ariza,33.10192,42.46507,HOU
14300,Dwight Howard,6.81298,34.62567,HOU
14300,Ty Lawson,51.78056,17.39143,HOU
14300,James Harden,36.09542,5.15559,HOU
14300,Terrence Jones,19.47143,36.6687,HOU
14310,Ball,49.33439,19.67367,Ball
14310,Ersan Ilyasova,15.50907,33.59584,DET
14310,Aron Baynes,7.80508,31.57621,DET
14310,Reggie Jackson,30.49639,21.29652,DET
14310,Kentavious Caldwell-Pope,20.92881,10.66005,DET
14310,Stanley Johnson,23.01933,37.28845,DET
14310,Trevor Ariza,31.15007,42.66178,HOU
14310,Dwight Howard,6.46895,34.57195,HOU
14310,Ty Lawson,50.65082,19.2549,HOU
14310,James Harden,33.43037,4.6559,HOU
14310,Terrence Jones,21.38402,33.89613,HOU
14330,Ball,47.87146,23.671,Ball
14330,Ersan Ilyasova,20.07245,30.19075,DET
14330,Aron Baynes,7.27033,32.01393,DET
14330,Reggie Jackson,32.77115,22.69133,DET
14330,Kentavious Caldwell-Pope,17.16716,9.98736,DET
14330,Stanley Johnson,20.33451,38.40841,DET
14330,Trevor Ariza,26.66352,43.62441,HOU
14330,Dwight Howard,5.48214,36.16518,HOU
14330,Ty Lawson,47.72378,22.68993,HOU
14330,James Harden,27.9414,3.8251600000000003,HOU
14330,Terrence Jones,26.84786,29.28371,HOU
14340,Ball,44.99537,25.02666,Ball
14340,Ersan Ilyasova,22.1445,28.54917,DET
14340,Aron Baynes,7.18926,32.02482,DET
14340,Reggie Jackson,34.22325,22.9971,DET
14340,Kentavious Caldwell-Pope,15.59104,9.46969,DET
14340,Stanley Johnson,18.88614,39.22479,DET
14340,Trevor Ariza,24.35405,44.40906,HOU
14340,Dwight Howard,4.32594,36.8164,HOU
14340,Ty Lawson,45.88969,23.79937,HOU
14340,James Harden,26.04792,3.5915600000000003,HOU
14340,Terrence Jones,29.09398,27.81283,HOU
14350,Ball,43.64585,26.94272,Ball
14350,Ersan Ilyasova,24.12049,28.387340000000002,DET
14350,Aron Baynes,6.83436,31.8636,DET
14350,Reggie Jackson,34.95245,23.46217,DET
14350,Kentavious Caldwell-Pope,14.45627,9.24841,DET
14350,Stanley Johnson,17.3397,40.94934,DET
14350,Trevor Ariza,22.09528,45.26953,HOU
14350,Dwight Howard,3.31558,37.27132,HOU
14350,Ty Lawson,43.60119,24.84434,HOU
14350,James Harden,23.86894,2.5641,HOU
14350,Terrence Jones,31.30995,27.2587,HOU
14350,Ball,43.33127,26.30978,Ball
14350,Ersan Ilyasova,24.29595,28.46945,DET
14350,Aron Baynes,6.79517,31.8259,DET
14350,Reggie Jackson,34.9586,23.51185,DET
14350,Kentavious Caldwell-Pope,14.36583,9.24666,DET
14350,Stanley Johnson,17.18999,40.99742,DET
14350,Trevor Ariza,21.863410000000002,45.34098,HOU
14350,Dwight Howard,3.2533,37.33863,HOU
14350,Ty Lawson,43.33584,24.88637,HOU
14350,James Harden,23.63701,2.47818,HOU
14350,Terrence Jones,31.55342,27.2776,HOU
14360,Ball,39.37444,23.85855,Ball
14360,Ersan Ilyasova,25.28208,28.85167,DET
14360,Aron Baynes,6.52688,31.77095,DET
14360,Reggie Jackson,34.35113,24.46243,DET
14360,Kentavious Caldwell-Pope,13.79891,8.99574,DET
14360,Stanley Johnson,15.92121,41.15541,DET
14360,Trevor Ariza,19.85551,46.00364,HOU
14360,Dwight Howard,2.86832,38.37055,HOU
14360,Ty Lawson,40.74477,24.15143,HOU
14360,James Harden,21.98122,2.10872,HOU
14360,Terrence Jones,32.69731,27.115850000000002,HOU
