36600,Ball,86.91432,25.4323,Ball
36600,Ersan Ilyasova,86.67033,16.75619,DET
36600,Reggie Jackson,61.06082,23.88712,DET
36600,Marcus Morris,87.84707,29.91172,DET
36600,Kentavious Caldwell-Pope,66.08829,13.974450000000001,DET
36600,Andre Drummond,87.37808,24.36448,DET
36600,Trevor Ariza,60.50981,37.50061,HOU
36600,Dwight Howard,85.24552,28.13406,HOU
36600,Patrick Beverley,56.91279,20.17357,HOU
36600,James Harden,56.17531,10.96321,HOU
36600,Clint Capela,87.25911,13.06773,HOU
36610,Ball,84.73186,26.52143,Ball
36610,Ersan Ilyasova,86.23239,17.22834,DET
36610,Reggie Jackson,63.5288,24.99918,DET
36610,Marcus Morris,88.67788,29.3941,DET
36610,Kentavious Caldwell-Pope,66.47861,12.88536,DET
36610,Andre Drummond,88.19142,23.75386,DET
36610,Trevor Ariza,57.87234,36.54674,HOU
36610,Dwight Howard,84.28304,28.90919,HOU
36610,Patrick Beverley,53.7513,20.60552,HOU
36610,James Harden,54.18344,11.28163,HOU
36610,Clint Capela,84.70012,14.53532,HOU
36620,Ball,81.61729,27.32879,Ball
36620,Ersan Ilyasova,85.75778,17.33663,DET
36620,Reggie Jackson,66.7305,25.78714,DET
36620,Marcus Morris,88.32668,30.18338,DET
36620,Kentavious Caldwell-Pope,67.68182,10.50086,DET
36620,Andre Drummond,87.42686,23.47391,DET
36620,Trevor Ariza,55.21029,35.71639,HOU
36620,Dwight Howard,81.19871,28.63497,HOU
36620,Patrick Beverley,50.83006,21.0642,HOU
36620,James Harden,52.07681,11.80702,HOU
36620,Clint Capela,81.56083,15.85383,HOU
36630,Ball,85.38719,16.69982,Ball
36630,Ersan Ilyasova,86.04575,16.6035,DET
36630,Reggie Jackson,70.44566,24.82962,DET
36630,Marcus Morris,86.67309,32.52516,DET
36630,Kentavious Caldwell-Pope,69.16531,8.42433,DET
36630,Andre Drummond,85.54371,24.04958,DET
36630,Trevor Ariza,51.85632,34.68333,HOU
36630,Dwight Howard,77.10933,27.68967,HOU
36630,Patrick Beverley,48.59016,21.61838,HOU
36630,James Harden,49.76985,12.07659,HOU
36630,Clint Capela,77.09364,17.50751,HOU
36640,Ball,84.82073,16.24246,Ball
36640,Ersan Ilyasova,85.78471,16.86797,DET
36640,Reggie Jackson,72.93421,22.34953,DET
36640,Marcus Morris,83.95511,33.67413,DET
36640,Kentavious Caldwell-Pope,69.5752,6.85233,DET
36640,Andre Drummond,82.43074,25.43088,DET
36640,Trevor Ariza,47.9782,33.66315,HOU
36640,Dwight Howard,71.9428,27.32329,HOU
36640,Patrick Beverley,46.75486,21.54441,HOU
36640,James Harden,47.37299,12.46934,HOU
36640,Clint Capela,71.63914,18.53316,HOU
36650,Ball,77.28749,16.70194,Ball
36650,Ersan Ilyasova,84.83481,18.26199,DET
36650,Reggie Jackson,72.80587,18.79339,DET
36650,Marcus Morris,79.96347,34.96608,DET
36650,Kentavious Caldwell-Pope,67.93062,4.91985,DET
36650,Andre Drummond,78.96858,25.25501,DET
36650,Trevor Ariza,43.91058,33.01593,HOU
36650,Dwight Howard,66.01691,27.28315,HOU
36650,Patrick Beverley,45.41467,20.75528,HOU
36650,James Harden,45.04566,12.63366,HOU
36650,Clint Capela,65.2514,19.57231,HOU
36660,Ball,71.5166,13.56841,Ball
36660,Ersan Ilyasova,82.62649,20.18288,DET
36660,Reggie Jackson,70.32588,14.64672,DET
36660,Marcus Morris,74.82564,36.08937,DET
36660,Kentavious Caldwell-Pope,64.05224,3.58345,DET
36660,Andre Drummond,74.40796,24.48609,DET
36660,Trevor Ariza,40.2338,32.95672,HOU
36660,Dwight Howard,60.1012,26.83724,HOU
36660,Patrick Beverley,44.46185,18.75064,HOU
36660,James Harden,42.8082,12.60222,HOU
36660,Clint Capela,58.64855,19.93069,HOU
36670,Ball,63.3356,10.50982,Ball
36670,Ersan Ilyasova,78.66999,21.52076,DET
36670,Reggie Jackson,65.58185,11.70827,DET
36670,Marcus Morris,69.22419,36.8076,DET
36670,Kentavious Caldwell-Pope,58.31857,2.52742,DET
36670,Andre Drummond,69.11446,24.44002,DET
36670,Trevor Ariza,37.37798,33.5655,HOU
36670,Dwight Howard,54.06702,26.97811,HOU
36670,Patrick Beverley,43.57685,16.40508,HOU
36670,James Harden,40.42754,12.02475,HOU
36670,Clint Capela,52.56181,20.24851,HOU
36680,Ball,56.87601,10.21968,Ball
36680,Ersan Ilyasova,73.61612,23.95963,DET
36680,Reggie Jackson,59.64318,9.82209,DET
36680,Marcus Morris,63.46754,37.67353,DET
36680,Kentavious Caldwell-Pope,52.16254,3.68925,DET
36680,Andre Drummond,62.78807,25.13404,DET
36680,Trevor Ariza,34.9393,34.17036,HOU
36680,Dwight Howard,48.14594,27.11072,HOU
36680,Patrick Beverley,41.4304,14.93171,HOU
36680,James Harden,37.74623,10.756920000000001,HOU
36680,Clint Capela,47.02666,20.71979,HOU
36690,Ball,52.09147,10.32883,Ball
36690,Ersan Ilyasova,67.87476,25.99597,DET
36690,Reggie Jackson,52.94637,9.16271,DET
36690,Marcus Morris,57.5546,38.96176,DET
36690,Kentavious Caldwell-Pope,44.73974,4.13306,DET
36690,Andre Drummond,56.01951,25.73338,DET
36690,Trevor Ariza,32.56997,34.47469,HOU
36690,Dwight Howard,42.523,27.14073,HOU
36690,Patrick Beverley,38.32187,14.26857,HOU
36690,James Harden,34.50442,9.26945,HOU
36690,Clint Capela,41.55552,21.82566,HOU
36700,Ball,46.02726,10.30839,Ball
36700,Ersan Ilyasova,61.77449,27.46458,DET
36700,Reggie Jackson,46.68424,9.21074,DET
36700,Marcus Morris,51.667,40.5966,DET
36700,Kentavious Caldwell-Pope,36.65047,4.34799,DET
36700,Andre Drummond,49.47147,25.87838,DET
36700,Trevor Ariza,30.22963,34.79824,HOU
36700,Dwight Howard,37.24738,26.65798,HOU
36700,Patrick Beverley,34.91732,13.84098,HOU
36700,James Harden,30.7893,7.84647,HOU
36700,Clint Capela,35.66978,22.590980000000002,HOU
36710,Ball,40.92118,10.83893,Ball
36710,Ersan Ilyasova,55.45976,28.87873,DET
36710,Reggie Jackson,41.08506,10.02236,DET
36710,Marcus Morris,45.88548,42.26152,DET
36710,Kentavious Caldwell-Pope,28.97154,4.47349,DET
36710,Andre Drummond,43.23991,25.49037,DET
36710,Trevor Ariza,27.8333,34.83857,HOU
36710,Dwight Howard,32.72061,25.97466,HOU
36710,Patrick Beverley,31.78557,13.66457,HOU
36710,James Harden,26.69495,6.6049,HOU
36710,Clint Capela,29.43342,22.7265,HOU
36720,Ball,37.42876,12.09153,Ball
36720,Ersan Ilyasova,49.34174,30.25844,DET
36720,Reggie Jackson,36.46355,11.45969,DET
36720,Marcus Morris,40.2912,43.86237,DET
36720,Kentavious Caldwell-Pope,21.50342,3.87079,DET
36720,Andre Drummond,37.45358,24.53268,DET
36720,Trevor Ariza,25.4297,35.24094,HOU
36720,Dwight Howard,29.16301,24.72599,HOU
36720,Patrick Beverley,29.45896,14.1137,HOU
36720,James Harden,22.45665,6.02313,HOU
36720,Clint Capela,23.87224,23.19156,HOU
36730,Ball,33.53355,14.88706,Ball
36730,Ersan Ilyasova,43.48481,31.89015,DET
36730,Reggie Jackson,32.71796,13.81456,DET
36730,Marcus Morris,34.83042,45.10962,DET
36730,Kentavious Caldwell-Pope,14.85577,2.58042,DET
36730,Andre Drummond,32.57878,23.39816,DET
36730,Trevor Ariza,23.13306,35.87201,HOU
36730,Dwight Howard,25.78087,23.63117,HOU
36730,Patrick Beverley,28.22298,15.34318,HOU
36730,James Harden,18.31393,6.45098,HOU
36730,Clint Capela,19.78896,24.17001,HOU
36740,Ball,31.01735,17.13036,Ball
36740,Ersan Ilyasova,38.39804,33.92208,DET
36740,Reggie Jackson,30.35392,16.6216,DET
36740,Marcus Morris,29.64523,45.94998,DET
36740,Kentavious Caldwell-Pope,10.03642,1.37893,DET
36740,Andre Drummond,28.9444,22.65773,DET
36740,Trevor Ariza,20.85107,36.462650000000004,HOU
36740,Dwight Howard,23.31155,22.69177,HOU
36740,Patrick Beverley,27.90277,16.32381,HOU
36740,James Harden,14.80353,7.90013,HOU
36740,Clint Capela,17.7289,25.62159,HOU
36750,Ball,31.74278,21.80604,Ball
36750,Ersan Ilyasova,34.17146,35.97769,DET
36750,Reggie Jackson,29.92171,20.57067,DET
36750,Marcus Morris,24.81087,46.88909,DET
36750,Kentavious Caldwell-Pope,7.31591,1.47082,DET
36750,Andre Drummond,26.97667,21.61686,DET
36750,Trevor Ariza,18.70849,36.81158,HOU
36750,Dwight Howard,22.26229,23.9647,HOU
36750,Patrick Beverley,28.1281,18.68174,HOU
36750,James Harden,12.3399,9.23635,HOU
36750,Clint Capela,17.32828,28.02672,HOU
36760,Ball,30.87598,25.4071,Ball
36760,Ersan Ilyasova,30.9987,38.62543,DET
36760,Reggie Jackson,29.84925,24.0076,DET
36760,Marcus Morris,20.52798,47.36004,DET
36760,Kentavious Caldwell-Pope,7.29108,1.2104,DET
36760,Andre Drummond,25.681,20.23471,DET
36760,Trevor Ariza,16.61315,37.48149,HOU
36760,Dwight Howard,22.41748,25.93985,HOU
36760,Patrick Beverley,28.75836,22.58189,HOU
36760,James Harden,11.06277,11.29824,HOU
36760,Clint Capela,18.69067,31.16063,HOU
36770,Ball,27.13292,35.73596,Ball
36770,Ersan Ilyasova,28.44285,40.66658,DET
36770,Reggie Jackson,30.6396,26.57455,DET
36770,Marcus Morris,16.62635,47.54451,DET
36770,Kentavious Caldwell-Pope,9.26533,1.19336,DET
36770,Andre Drummond,22.90542,19.75054,DET
36770,Trevor Ariza,14.61163,38.4196,HOU
36770,Dwight Howard,22.34699,27.92073,HOU
36770,Patrick Beverley,29.12905,25.66323,HOU
36770,James Harden,10.73855,13.69137,HOU
36770,Clint Capela,21.28003,33.77971,HOU
36780,Ball,25.56415,41.45428,Ball
36780,Ersan Ilyasova,25.89147,41.44051,DET
36780,Reggie Jackson,32.55148,27.59963,DET
36780,Marcus Morris,13.72525,47.61669,DET
36780,Kentavious Caldwell-Pope,11.95944,1.5561600000000002,DET
36780,Andre Drummond,18.57295,20.82864,DET
36780,Trevor Ariza,12.71115,39.70437,HOU
36780,Dwight Howard,20.41913,29.83111,HOU
36780,Patrick Beverley,29.46867,26.9424,HOU
36780,James Harden,10.97889,16.27147,HOU
36780,Clint Capela,21.53197,36.03625,HOU
36790,Ball,22.43017,42.82701,Ball
36790,Ersan Ilyasova,23.63345,41.48531,DET
36790,Reggie Jackson,34.73551,27.55748,DET
36790,Marcus Morris,11.777470000000001,47.90925,DET
36790,Kentavious Caldwell-Pope,14.67891,1.94951,DET
36790,Andre Drummond,13.97161,23.25961,DET
36790,Trevor Ariza,11.74546,41.41389,HOU
36790,Dwight Howard,17.82492,30.33924,HOU
36790,Patrick Beverley,29.34566,26.66954,HOU
36790,James Harden,11.47451,18.94822,HOU
36790,Clint Capela,20.22028,37.93185,HOU
36800,Ball,14.89229,29.95317,Ball
36800,Ersan Ilyasova,22.53203,41.57823,DET
36800,Reggie Jackson,36.08166,26.26008,DET
36800,Marcus Morris,11.31959,48.1306,DET
36800,Kentavious Caldwell-Pope,17.4197,2.47659,DET
36800,Andre Drummond,9.94755,25.1612,DET
36800,Trevor Ariza,11.20526,42.63692,HOU
36800,Dwight Howard,14.40985,29.26845,HOU
36800,Patrick Beverley,29.26235,26.38504,HOU
36800,James Harden,12.47693,18.95927,HOU
36800,Clint Capela,19.61013,38.42957,HOU
36810,Ball,17.25416,36.11321,Ball
36810,Ersan Ilyasova,21.49218,41.92462,DET
36810,Reggie Jackson,36.09512,24.08382,DET
36810,Marcus Morris,12.76849,48.22159,DET
36810,Kentavious Caldwell-Pope,19.8604,2.88064,DET
36810,Andre Drummond,7.3739,28.17647,DET
36810,Trevor Ariza,11.78579,43.74616,HOU
36810,Dwight Howard,11.47832,28.28528,HOU
36810,Patrick Beverley,29.61811,26.31677,HOU
36810,James Harden,13.27699,17.24796,HOU
36810,Clint Capela,19.76992,38.09994,HOU
36820,Ball,20.48365,44.53612,Ball
36820,Ersan Ilyasova,20.63487,42.37395,DET
36820,Reggie Jackson,33.68468,21.58606,DET
36820,Marcus Morris,16.3785,47.87744,DET
36820,Kentavious Caldwell-Pope,21.75421,3.10006,DET
36820,Andre Drummond,6.59767,31.9562,DET
36820,Trevor Ariza,14.68109,44.99434,HOU
36820,Dwight Howard,9.234210000000001,28.59629,HOU
36820,Patrick Beverley,30.01003,25.99674,HOU
36820,James Harden,14.08216,15.44264,HOU
36820,Clint Capela,18.23216,37.83475,HOU
36830,Ball,22.74715,46.32435,Ball
36830,Ersan Ilyasova,20.36999,42.92245,DET
36830,Reggie Jackson,29.87201,19.15091,DET
36830,Marcus Morris,20.66579,46.19248,DET
36830,Kentavious Caldwell-Pope,22.35093,3.14181,DET
36830,Andre Drummond,6.73623,33.975880000000004,DET
36830,Trevor Ariza,18.82977,44.97241,HOU
36830,Dwight Howard,8.31103,29.28798,HOU
36830,Patrick Beverley,28.71953,24.78103,HOU
36830,James Harden,15.08943,14.88286,HOU
36830,Clint Capela,17.28199,37.99205,HOU
36840,Ball,28.44617,46.81378,Ball
36840,Ersan Ilyasova,20.52311,43.18248,DET
36840,Reggie Jackson,25.56399,16.39762,DET
36840,Marcus Morris,25.19582,44.0446,DET
36840,Kentavious Caldwell-Pope,22.24906,3.07545,DET
36840,Andre Drummond,7.40669,35.03418,DET
36840,Trevor Ariza,22.23283,43.21006,HOU
36840,Dwight Howard,8.36694,30.10211,HOU
36840,Patrick Beverley,26.35317,23.07412,HOU
36840,James Harden,16.63276,15.3317,HOU
36840,Clint Capela,16.19051,37.71088,HOU
36850,Ball,31.44079,46.3166,Ball
36850,Ersan Ilyasova,20.51393,43.50651,DET
36850,Reggie Jackson,21.69241,13.96923,DET
36850,Marcus Morris,30.0372,43.2657,DET
36850,Kentavious Caldwell-Pope,22.93393,3.54642,DET
36850,Andre Drummond,8.4329,35.07963,DET
36850,Trevor Ariza,24.73444,41.21058,HOU
36850,Dwight Howard,8.5207,30.56502,HOU
36850,Patrick Beverley,24.25573,21.49132,HOU
36850,James Harden,18.282,15.79801,HOU
36850,Clint Capela,15.73781,37.75236,HOU
36860,Ball,34.66726,45.57083,Ball
36860,Ersan Ilyasova,20.22277,43.77498,DET
36860,Reggie Jackson,17.76177,11.61272,DET
36860,Marcus Morris,33.979260000000004,40.9811,DET
36860,Kentavious Caldwell-Pope,24.06877,4.15705,DET
36860,Andre Drummond,9.41515,36.35693,DET
36860,Trevor Ariza,28.26043,39.69106,HOU
36860,Dwight Howard,8.57675,31.23039,HOU
36860,Patrick Beverley,20.95632,19.51055,HOU
36860,James Harden,20.40612,14.97183,HOU
36860,Clint Capela,15.79493,38.29114,HOU
36870,Ball,38.00933,45.14561,Ball
36870,Ersan Ilyasova,19.83009,44.36635,DET
36870,Reggie Jackson,14.09686,8.7994,DET
36870,Marcus Morris,37.73462,41.99091,DET
36870,Kentavious Caldwell-Pope,25.72769,5.30757,DET
36870,Andre Drummond,10.44111,37.12938,DET
36870,Trevor Ariza,31.66118,39.7751,HOU
36870,Dwight Howard,9.13012,31.91629,HOU
36870,Patrick Beverley,17.04939,17.93109,HOU
36870,James Harden,22.62709,14.91025,HOU
36870,Clint Capela,16.49104,38.93798,HOU
36880,Ball,42.04846,44.82091,Ball
36880,Ersan Ilyasova,18.95877,44.93816,DET
36880,Reggie Jackson,11.28773,7.08218,DET
36880,Marcus Morris,40.47557,43.166,DET
36880,Kentavious Caldwell-Pope,27.483060000000002,6.23879,DET
36880,Andre Drummond,11.26469,37.19991,DET
36880,Trevor Ariza,33.93762,39.68052,HOU
36880,Dwight Howard,10.10695,32.62994,HOU
36880,Patrick Beverley,13.90482,16.40993,HOU
36880,James Harden,24.57129,16.14653,HOU
36880,Clint Capela,17.03282,39.60067,HOU
36890,Ball,42.57032,45.23199,Ball
36890,Ersan Ilyasova,17.0521,45.16864,DET
36890,Reggie Jackson,9.06607,5.59234,DET
36890,Marcus Morris,42.05227,43.64118,DET
36890,Kentavious Caldwell-Pope,29.09413,6.8272200000000005,DET
36890,Andre Drummond,11.87306,37.22762,DET
36890,Trevor Ariza,34.11995,38.91708,HOU
36890,Dwight Howard,11.02729,33.60062,HOU
36890,Patrick Beverley,11.55912,14.84551,HOU
36890,James Harden,26.35579,16.54709,HOU
36890,Clint Capela,16.877,39.89734,HOU
36900,Ball,40.98754,41.90689,Ball
36900,Ersan Ilyasova,14.88324,45.72518,DET
36900,Reggie Jackson,8.21335,4.37611,DET
36900,Marcus Morris,42.45175,42.60549,DET
36900,Kentavious Caldwell-Pope,30.87485,7.31795,DET
36900,Andre Drummond,12.29127,36.73223,DET
36900,Trevor Ariza,33.69255,37.80601,HOU
36900,Dwight Howard,11.77859,33.76831,HOU
36900,Patrick Beverley,10.0885,14.50683,HOU
36900,James Harden,27.7439,16.77969,HOU
36900,Clint Capela,16.12206,40.09832,HOU
36910,Ball,41.91059,38.53856,Ball
36910,Ersan Ilyasova,12.49588,46.13852,DET
36910,Reggie Jackson,7.22422,3.24383,DET
36910,Marcus Morris,42.21806,40.24782,DET
36910,Kentavious Caldwell-Pope,32.60578,7.90299,DET
36910,Andre Drummond,13.58899,36.58267,DET
36910,Trevor Ariza,33.20283,36.46871,HOU
36910,Dwight Howard,12.47315,33.38721,HOU
36910,Patrick Beverley,9.62252,14.13457,HOU
36910,James Harden,29.08022,16.59055,HOU
36910,Clint Capela,14.61265,40.32105,HOU
