2570,Ball,22.39191,34.6008,Ball
2570,Jameer Nelson,26.63403,4.96092,DEN
2570,Darrell Arthur,3.31438,36.16193,DEN
2570,Kenneth Faried,26.77735,34.17892,DEN
2570,Danilo Gallinari,24.17914,35.76918,DEN
2570,Gary Harris,7.39237,1.5915400000000002,DEN
2570,Chris Bosh,6.86869,32.05709,MIA
2570,Luol Deng,26.566,36.16852,MIA
2570,Beno Udrih,18.35919,18.05674,MIA
2570,Gerald Green,6.46573,14.0021,MIA
2570,Hassan Whiteside,17.47241,31.38834,MIA
2580,Ball,19.67135,32.86572,Ball
2580,Jameer Nelson,26.17762,6.2405,DEN
2580,Darrell Arthur,2.96116,37.84243,DEN
2580,Kenneth Faried,25.83013,33.6647,DEN
2580,Danilo Gallinari,21.554850000000002,33.5035,DEN
2580,Gary Harris,8.389240000000001,1.47486,DEN
2580,Chris Bosh,7.08023,32.62087,MIA
2580,Luol Deng,23.69903,36.74379,MIA
2580,Beno Udrih,17.62779,19.22652,MIA
2580,Gerald Green,6.82101,13.57879,MIA
2580,Hassan Whiteside,15.70732,30.75292,MIA
2590,Ball,19.98048,27.7823,Ball
2590,Jameer Nelson,26.15804,7.17163,DEN
2590,Darrell Arthur,2.52317,39.06161,DEN
2590,Kenneth Faried,24.50224,32.71649,DEN
2590,Danilo Gallinari,19.83756,29.7839,DEN
2590,Gary Harris,8.90946,1.34786,DEN
2590,Chris Bosh,7.27252,32.80084,MIA
2590,Luol Deng,20.81683,34.55879,MIA
2590,Beno Udrih,17.29441,19.88661,MIA
2590,Gerald Green,7.46703,12.6814,MIA
2590,Hassan Whiteside,14.41588,29.2344,MIA
2600,Ball,18.16122,24.71525,Ball
2600,Jameer Nelson,26.33911,7.52145,DEN
2600,Darrell Arthur,2.3610100000000003,40.03161,DEN
2600,Kenneth Faried,22.27148,31.73714,DEN
2600,Danilo Gallinari,19.17011,26.14058,DEN
2600,Gary Harris,8.87096,1.35476,DEN
2600,Chris Bosh,6.78507,33.07685,MIA
2600,Luol Deng,18.91585,30.92904,MIA
2600,Beno Udrih,17.78164,19.1207,MIA
2600,Gerald Green,8.13771,12.0073,MIA
2600,Hassan Whiteside,13.89183,27.6113,MIA
2610,Ball,18.22532,24.34551,Ball
2610,Jameer Nelson,26.32339,7.49632,DEN
2610,Darrell Arthur,2.50856,40.72718,DEN
2610,Kenneth Faried,19.82795,30.86593,DEN
2610,Danilo Gallinari,18.84955,24.02616,DEN
2610,Gary Harris,8.37767,1.4902900000000001,DEN
2610,Chris Bosh,6.6041,32.84489,MIA
2610,Luol Deng,17.80347,26.72539,MIA
2610,Beno Udrih,18.37208,18.44086,MIA
2610,Gerald Green,8.59068,11.08792,MIA
2610,Hassan Whiteside,12.75823,26.04602,MIA
2620,Ball,19.693,22.40922,Ball
2620,Jameer Nelson,26.31015,7.47335,DEN
2620,Darrell Arthur,2.5832100000000002,40.87969,DEN
2620,Kenneth Faried,16.83061,29.80538,DEN
2620,Danilo Gallinari,19.33828,23.3154,DEN
2620,Gary Harris,7.94872,1.5982500000000002,DEN
2620,Chris Bosh,6.71514,33.09814,MIA
2620,Luol Deng,17.12368,24.04176,MIA
2620,Beno Udrih,18.66437,18.66078,MIA
2620,Gerald Green,8.53293,11.05523,MIA
2620,Hassan Whiteside,11.60906,25.59176,MIA
2630,Ball,22.99103,19.91434,Ball
2630,Jameer Nelson,26.35698,7.96227,DEN
2630,Darrell Arthur,2.57852,40.74455,DEN
2630,Kenneth Faried,14.1037,29.29079,DEN
2630,Danilo Gallinari,20.74715,23.16807,DEN
2630,Gary Harris,8.03575,1.6127500000000001,DEN
2630,Chris Bosh,7.09058,33.32823,MIA
2630,Luol Deng,17.04205,22.99328,MIA
2630,Beno Udrih,19.46292,17.88693,MIA
2630,Gerald Green,8.53944,11.04202,MIA
2630,Hassan Whiteside,11.79166,26.40098,MIA
2640,Ball,26.0862,9.36974,Ball
2640,Jameer Nelson,25.93389,8.38597,DEN
2640,Darrell Arthur,2.54911,40.68724,DEN
2640,Kenneth Faried,11.99405,28.79615,DEN
2640,Danilo Gallinari,22.26719,23.76065,DEN
2640,Gary Harris,8.21685,1.5824500000000001,DEN
2640,Chris Bosh,7.30893,33.22268,MIA
2640,Luol Deng,17.77134,23.38591,MIA
2640,Beno Udrih,20.82493,15.76201,MIA
2640,Gerald Green,9.02996,10.01145,MIA
2640,Hassan Whiteside,12.15838,26.87688,MIA
2650,Ball,17.5656,5.10724,Ball
2650,Jameer Nelson,24.14345,8.57473,DEN
2650,Darrell Arthur,2.51765,40.75981,DEN
2650,Kenneth Faried,10.40892,29.223,DEN
2650,Danilo Gallinari,24.11943,25.02115,DEN
2650,Gary Harris,8.1599,1.73306,DEN
2650,Chris Bosh,7.20292,33.327,MIA
2650,Luol Deng,19.24483,23.47341,MIA
2650,Beno Udrih,21.09077,13.91893,MIA
2650,Gerald Green,9.25838,8.4742,MIA
2650,Hassan Whiteside,10.92812,26.09834,MIA
2660,Ball,8.92673,1.5061499999999999,Ball
2660,Jameer Nelson,22.09674,10.74333,DEN
2660,Darrell Arthur,2.55327,40.89099,DEN
2660,Kenneth Faried,9.30606,30.07027,DEN
2660,Danilo Gallinari,26.00189,26.39107,DEN
2660,Gary Harris,7.73618,2.3266999999999998,DEN
2660,Chris Bosh,6.80629,33.2859,MIA
2660,Luol Deng,20.67117,23.8781,MIA
2660,Beno Udrih,19.36934,12.97292,MIA
2660,Gerald Green,8.81105,7.1957,MIA
2660,Hassan Whiteside,9.69608,25.84404,MIA
2670,Ball,8.06828,2.70367,Ball
2670,Jameer Nelson,20.29677,14.41299,DEN
2670,Darrell Arthur,2.539,40.84727,DEN
2670,Kenneth Faried,8.69412,30.74594,DEN
2670,Danilo Gallinari,27.58815,27.86107,DEN
2670,Gary Harris,7.52272,2.61694,DEN
2670,Chris Bosh,6.26163,33.15715,MIA
2670,Luol Deng,21.70176,24.43411,MIA
2670,Beno Udrih,17.01123,14.10021,MIA
2670,Gerald Green,7.59321,7.04308,MIA
2670,Hassan Whiteside,8.9302,26.41753,MIA
2680,Ball,8.84711,2.03552,Ball
2680,Jameer Nelson,18.65889,19.07406,DEN
2680,Darrell Arthur,2.47894,40.69283,DEN
2680,Kenneth Faried,8.164860000000001,31.32781,DEN
2680,Danilo Gallinari,28.72874,28.47701,DEN
2680,Gary Harris,7.95469,2.19073,DEN
2680,Chris Bosh,5.95178,33.11484,MIA
2680,Luol Deng,22.3657,24.80759,MIA
2680,Beno Udrih,14.82441,16.37104,MIA
2680,Gerald Green,7.52949,6.67071,MIA
2680,Hassan Whiteside,7.7840300000000004,26.69481,MIA
2690,Ball,8.81255,2.24616,Ball
2690,Jameer Nelson,17.428,23.85798,DEN
2690,Darrell Arthur,2.46416,40.67646,DEN
2690,Kenneth Faried,8.5487,31.27088,DEN
2690,Danilo Gallinari,29.05612,27.80796,DEN
2690,Gary Harris,7.58176,2.45683,DEN
2690,Chris Bosh,5.74643,33.67642,MIA
2690,Luol Deng,22.65664,25.21273,MIA
2690,Beno Udrih,13.35255,19.20032,MIA
2690,Gerald Green,7.9258500000000005,6.48818,MIA
2690,Hassan Whiteside,7.03754,27.56248,MIA
2700,Ball,3.89936,4.96893,Ball
2700,Jameer Nelson,16.76198,28.34396,DEN
2700,Darrell Arthur,2.45344,40.77239,DEN
2700,Kenneth Faried,9.8517,29.9124,DEN
2700,Danilo Gallinari,28.79806,25.79558,DEN
2700,Gary Harris,5.52919,4.36084,DEN
2700,Chris Bosh,5.55117,34.36799,MIA
2700,Luol Deng,22.6619,24.69151,MIA
2700,Beno Udrih,12.82131,22.34371,MIA
2700,Gerald Green,6.62018,7.62574,MIA
2700,Hassan Whiteside,6.77755,27.91975,MIA
2710,Ball,1.09434,8.00577,Ball
2710,Jameer Nelson,16.88985,32.27514,DEN
2710,Darrell Arthur,2.52456,41.25517,DEN
2710,Kenneth Faried,11.51467,27.745730000000002,DEN
2710,Danilo Gallinari,28.14832,23.8891,DEN
2710,Gary Harris,3.1248,8.39147,DEN
2710,Chris Bosh,5.53692,34.4324,MIA
2710,Luol Deng,22.57446,23.45556,MIA
2710,Beno Udrih,12.97463,25.16647,MIA
2710,Gerald Green,4.28759,10.20968,MIA
2710,Hassan Whiteside,6.586,27.51336,MIA
2720,Ball,2.00014,11.54095,Ball
2720,Jameer Nelson,17.88541,35.27713,DEN
2720,Darrell Arthur,2.52232,42.40745,DEN
2720,Kenneth Faried,12.70134,25.42127,DEN
2720,Danilo Gallinari,27.86903,22.43668,DEN
2720,Gary Harris,2.61628,10.55303,DEN
2720,Chris Bosh,5.421,34.55696,MIA
2720,Luol Deng,22.46773,22.25994,MIA
2720,Beno Udrih,13.57969,27.60286,MIA
2720,Gerald Green,2.13794,13.3757,MIA
2720,Hassan Whiteside,6.89026,26.94675,MIA
2730,Ball,5.37993,10.3831,Ball
2730,Jameer Nelson,19.12755,37.61759,DEN
2730,Darrell Arthur,2.26291,43.58156,DEN
2730,Kenneth Faried,13.785,22.33688,DEN
2730,Danilo Gallinari,28.59544,21.30199,DEN
2730,Gary Harris,4.16874,11.15295,DEN
2730,Chris Bosh,5.23081,34.40741,MIA
2730,Luol Deng,21.90334,21.46169,MIA
2730,Beno Udrih,13.72519,29.75035,MIA
2730,Gerald Green,2.09156,15.07368,MIA
2730,Hassan Whiteside,7.48037,25.30134,MIA
2740,Ball,8.60791,11.89943,Ball
2740,Jameer Nelson,20.52294,39.39202,DEN
2740,Darrell Arthur,2.13137,44.1174,DEN
2740,Kenneth Faried,14.88449,19.83917,DEN
2740,Danilo Gallinari,29.799970000000002,21.12238,DEN
2740,Gary Harris,7.4926,12.01388,DEN
2740,Chris Bosh,5.3538,34.57083,MIA
2740,Luol Deng,21.97807,21.11431,MIA
2740,Beno Udrih,13.66811,31.20294,MIA
2740,Gerald Green,4.30152,15.65114,MIA
2740,Hassan Whiteside,8.67393,23.22168,MIA
2750,Ball,10.5392,11.19718,Ball
2750,Jameer Nelson,21.88909,40.52035,DEN
2750,Darrell Arthur,2.19862,44.17768,DEN
2750,Kenneth Faried,15.63346,18.02618,DEN
2750,Danilo Gallinari,31.154420000000002,20.98168,DEN
2750,Gary Harris,10.10361,11.68766,DEN
2750,Chris Bosh,5.52092,33.99119,MIA
2750,Luol Deng,22.52137,20.76404,MIA
2750,Beno Udrih,14.61512,32.3905,MIA
2750,Gerald Green,7.38196,15.26902,MIA
2750,Hassan Whiteside,9.10743,22.02201,MIA
2760,Ball,9.8427,13.8842,Ball
2760,Jameer Nelson,23.22221,41.26827,DEN
2760,Darrell Arthur,2.46869,43.75869,DEN
2760,Kenneth Faried,15.72766,17.10722,DEN
2760,Danilo Gallinari,32.56534,20.64795,DEN
2760,Gary Harris,11.05022,10.76425,DEN
2760,Chris Bosh,5.62418,33.2176,MIA
2760,Luol Deng,23.17247,20.61703,MIA
2760,Beno Udrih,15.73786,32.58092,MIA
2760,Gerald Green,9.6075,13.84254,MIA
2760,Hassan Whiteside,10.39173,21.25375,MIA
2770,Ball,7.6531400000000005,19.63341,Ball
2770,Jameer Nelson,24.81604,41.40288,DEN
2770,Darrell Arthur,3.20174,42.74868,DEN
2770,Kenneth Faried,14.82592,17.29316,DEN
2770,Danilo Gallinari,34.11992,20.75999,DEN
2770,Gary Harris,12.41697,8.4707,DEN
2770,Chris Bosh,5.68494,31.67886,MIA
2770,Luol Deng,24.37036,21.22753,MIA
2770,Beno Udrih,16.39314,32.36144,MIA
2770,Gerald Green,10.9699,12.61268,MIA
2770,Hassan Whiteside,10.8495,21.11235,MIA
2780,Ball,5.53344,25.04728,Ball
2780,Jameer Nelson,26.65701,41.34698,DEN
2780,Darrell Arthur,4.67137,41.12994,DEN
2780,Kenneth Faried,13.26034,18.10483,DEN
2780,Danilo Gallinari,36.06838,21.12336,DEN
2780,Gary Harris,14.14712,5.78313,DEN
2780,Chris Bosh,5.59927,29.32724,MIA
2780,Luol Deng,25.54217,22.25565,MIA
2780,Beno Udrih,16.17118,31.87635,MIA
2780,Gerald Green,12.361650000000001,11.48397,MIA
2780,Hassan Whiteside,10.15064,21.74394,MIA
2790,Ball,3.18934,25.57954,Ball
2790,Jameer Nelson,28.6321,40.9389,DEN
2790,Darrell Arthur,7.02287,38.8518,DEN
2790,Kenneth Faried,12.07364,19.02555,DEN
2790,Danilo Gallinari,38.09263,21.74597,DEN
2790,Gary Harris,16.45627,3.53592,DEN
2790,Chris Bosh,4.45406,28.18702,MIA
2790,Luol Deng,27.09234,23.36463,MIA
2790,Beno Udrih,15.64466,31.39165,MIA
2790,Gerald Green,13.16745,10.16654,MIA
2790,Hassan Whiteside,9.21794,22.34083,MIA
2800,Ball,1.35349,24.82432,Ball
2800,Jameer Nelson,30.72235,40.32008,DEN
2800,Darrell Arthur,10.23378,36.51287,DEN
2800,Kenneth Faried,12.392,20.28061,DEN
2800,Danilo Gallinari,40.39166,22.72017,DEN
2800,Gary Harris,19.92333,2.65567,DEN
2800,Chris Bosh,2.98332,26.45292,MIA
2800,Luol Deng,29.72547,24.09188,MIA
2800,Beno Udrih,15.04718,31.06627,MIA
2800,Gerald Green,14.28188,9.07397,MIA
2800,Hassan Whiteside,8.76864,22.50514,MIA
2830,Ball,0.43317000000000005,24.76217,Ball
2830,Jameer Nelson,37.0107,37.53171,DEN
2830,Darrell Arthur,23.53979,30.98552,DEN
2830,Kenneth Faried,21.72304,22.42395,DEN
2830,Danilo Gallinari,48.74976,24.64076,DEN
2830,Gary Harris,34.70169,5.24537,DEN
2830,Chris Bosh,-0.33575000000000005,24.834600000000002,MIA
2830,Luol Deng,38.60072,28.12565,MIA
2830,Beno Udrih,10.65384,33.22994,MIA
2830,Gerald Green,20.65177,6.57529,MIA
2830,Hassan Whiteside,13.43896,21.68595,MIA
2840,Ball,2.55907,27.20149,Ball
2840,Jameer Nelson,38.91645,36.82259,DEN
2840,Darrell Arthur,27.95744,29.62,DEN
2840,Kenneth Faried,25.77555,22.58322,DEN
2840,Danilo Gallinari,51.84184,25.82243,DEN
2840,Gary Harris,39.61316,6.92673,DEN
2840,Chris Bosh,0.21918,24.90538,MIA
2840,Luol Deng,42.33114,30.32044,MIA
2840,Beno Udrih,10.30178,34.80209,MIA
2840,Gerald Green,23.60842,5.99594,MIA
2840,Hassan Whiteside,16.05113,21.80326,MIA
2850,Ball,8.23962,31.68071,Ball
2850,Jameer Nelson,40.90768,36.50271,DEN
2850,Darrell Arthur,32.31802,28.31722,DEN
2850,Kenneth Faried,29.95682,22.65315,DEN
2850,Danilo Gallinari,54.99796,27.52295,DEN
2850,Gary Harris,44.13448,8.68273,DEN
2850,Chris Bosh,1.67724,24.55337,MIA
2850,Luol Deng,46.28866,32.52076,MIA
2850,Beno Udrih,11.05908,35.96084,MIA
2850,Gerald Green,27.42512,5.2234,MIA
2850,Hassan Whiteside,19.70796,21.50033,MIA
2860,Ball,11.1378,34.02443,Ball
2860,Jameer Nelson,42.8635,36.08644,DEN
2860,Darrell Arthur,36.03373,27.85559,DEN
2860,Kenneth Faried,34.13777,22.62336,DEN
2860,Danilo Gallinari,58.04547,29.42248,DEN
2860,Gary Harris,48.36852,10.50674,DEN
2860,Chris Bosh,4.05884,24.10593,MIA
2860,Luol Deng,50.23353,34.74113,MIA
2860,Beno Udrih,12.03767,36.37105,MIA
2860,Gerald Green,31.86881,4.25458,MIA
2860,Hassan Whiteside,23.94918,21.10253,MIA
2870,Ball,14.49793,35.64317,Ball
2870,Jameer Nelson,44.72149,35.86697,DEN
2870,Darrell Arthur,39.49425,27.47016,DEN
2870,Kenneth Faried,38.10956,22.59306,DEN
2870,Danilo Gallinari,60.82604,31.389310000000002,DEN
2870,Gary Harris,52.68507,12.05146,DEN
2870,Chris Bosh,6.93075,23.94619,MIA
2870,Luol Deng,54.20239,36.78755,MIA
2870,Beno Udrih,13.585560000000001,36.5084,MIA
2870,Gerald Green,36.69961,3.33044,MIA
2870,Hassan Whiteside,28.72362,20.51268,MIA
2880,Ball,16.96492,37.49316,Ball
2880,Jameer Nelson,46.43537,35.59728,DEN
2880,Darrell Arthur,42.7405,26.90822,DEN
2880,Kenneth Faried,42.06468,22.39262,DEN
2880,Danilo Gallinari,63.27167,32.9996,DEN
2880,Gary Harris,56.86917,13.32054,DEN
2880,Chris Bosh,10.25907,23.63067,MIA
2880,Luol Deng,58.03471,38.77972,MIA
2880,Beno Udrih,15.87613,36.91133,MIA
2880,Gerald Green,41.6832,2.64882,MIA
2880,Hassan Whiteside,33.64946,19.82811,MIA
2890,Ball,19.96427,37.90891,Ball
2890,Jameer Nelson,47.98015,35.26521,DEN
2890,Darrell Arthur,45.6155,26.25738,DEN
2890,Kenneth Faried,45.87679,22.07621,DEN
2890,Danilo Gallinari,65.30493,34.47269,DEN
2890,Gary Harris,60.52753,14.24115,DEN
2890,Chris Bosh,14.29751,22.95835,MIA
2890,Luol Deng,61.74535,40.62255,MIA
2890,Beno Udrih,18.35359,36.89882,MIA
2890,Gerald Green,46.6329,2.12817,MIA
2890,Hassan Whiteside,38.57872,19.19251,MIA
2900,Ball,21.83715,38.32567,Ball
2900,Jameer Nelson,49.61353,35.08841,DEN
2900,Darrell Arthur,48.39819,25.76558,DEN
2900,Kenneth Faried,49.56762,21.93402,DEN
2900,Danilo Gallinari,67.1822,35.75391,DEN
2900,Gary Harris,63.8546,14.65065,DEN
2900,Chris Bosh,18.78143,22.28714,MIA
2900,Luol Deng,65.10827,42.15641,MIA
2900,Beno Udrih,21.15682,37.13918,MIA
2900,Gerald Green,51.77775,1.76248,MIA
2900,Hassan Whiteside,43.61376,18.4619,MIA
2910,Ball,26.10768,38.83799,Ball
2910,Jameer Nelson,51.20101,34.84223,DEN
2910,Darrell Arthur,50.99606,25.19569,DEN
2910,Kenneth Faried,53.3885,22.02689,DEN
2910,Danilo Gallinari,69.24294,36.63835,DEN
2910,Gary Harris,66.43161,14.26693,DEN
2910,Chris Bosh,23.67799,21.35078,MIA
2910,Luol Deng,67.94918,43.31751,MIA
2910,Beno Udrih,24.6538,37.63749,MIA
2910,Gerald Green,56.72791,1.58972,MIA
2910,Hassan Whiteside,48.39655,17.75159,MIA
2920,Ball,29.61259,39.05442,Ball
2920,Jameer Nelson,52.69689,34.91399,DEN
2920,Darrell Arthur,53.50363,24.96062,DEN
2920,Kenneth Faried,57.01359,21.66446,DEN
2920,Danilo Gallinari,71.1247,36.9553,DEN
2920,Gary Harris,68.64664,13.55402,DEN
2920,Chris Bosh,28.92004,20.47953,MIA
2920,Luol Deng,70.22664,44.34672,MIA
2920,Beno Udrih,28.74812,38.32731,MIA
2920,Gerald Green,61.40074,1.57068,MIA
2920,Hassan Whiteside,53.08894,17.43765,MIA
2930,Ball,34.18997,40.04418,Ball
2930,Jameer Nelson,54.27394,35.42515,DEN
2930,Darrell Arthur,56.00925,24.52226,DEN
2930,Kenneth Faried,60.46856,21.64249,DEN
2930,Danilo Gallinari,72.9353,37.12026,DEN
2930,Gary Harris,70.72904,12.84007,DEN
2930,Chris Bosh,34.40948,19.52549,MIA
2930,Luol Deng,72.43973,44.79832,MIA
2930,Beno Udrih,33.09758,39.04426,MIA
2930,Gerald Green,65.92631,1.73427,MIA
2930,Hassan Whiteside,57.47624,17.19796,MIA
2940,Ball,39.18408,39.61883,Ball
2940,Jameer Nelson,55.80145,36.10507,DEN
2940,Darrell Arthur,58.57092,24.24196,DEN
2940,Kenneth Faried,63.91778,21.7327,DEN
2940,Danilo Gallinari,74.55047,37.69228,DEN
2940,Gary Harris,72.73727,12.07544,DEN
2940,Chris Bosh,40.13043,18.82808,MIA
2940,Luol Deng,74.49329,45.4275,MIA
2940,Beno Udrih,37.70605,39.54883,MIA
2940,Gerald Green,70.20158,2.11006,MIA
2940,Hassan Whiteside,62.00653,17.14642,MIA
