47130,Ball,61.83896,41.10548,Ball
47130,Tim Duncan,82.37243,33.00613,SAS
47130,David West,66.09511,35.82647,SAS
47130,Danny Green,63.33371,8.43325,SAS
47130,Patty Mills,62.1308,40.20883,SAS
47130,Kawhi Leonard,83.02057,2.00455,SAS
47130,Al Jefferson,81.71414,30.81488,CHA
47130,Jeremy Lin,67.86594,36.49891,CHA
47130,Nicolas Batum,83.11449,13.02155,CHA
47130,Kemba Walker,73.50385,18.30988,CHA
47130,Cody Zeller,74.38995,33.66994,CHA
47140,Ball,65.38729,44.02729,Ball
47140,Tim Duncan,82.30837,33.66228,SAS
47140,David West,68.49157,33.05082,SAS
47140,Danny Green,63.95507,9.47826,SAS
47140,Patty Mills,65.74258,42.5323,SAS
47140,Kawhi Leonard,84.77591,2.12455,SAS
47140,Al Jefferson,81.67769,31.46443,CHA
47140,Jeremy Lin,69.96513,38.996340000000004,CHA
47140,Nicolas Batum,84.48601,13.41774,CHA
47140,Kemba Walker,73.94717,19.28134,CHA
47140,Cody Zeller,74.3733,32.53378,CHA
47150,Ball,75.40527,42.14778,Ball
47150,Tim Duncan,82.62888,34.70673,SAS
47150,David West,70.0163,30.57322,SAS
47150,Danny Green,64.15263,10.81279,SAS
47150,Patty Mills,70.47114,43.99423,SAS
47150,Kawhi Leonard,85.91793,2.05125,SAS
47150,Al Jefferson,82.51767,32.08474,CHA
47150,Jeremy Lin,72.67381,40.99772,CHA
47150,Nicolas Batum,85.20424,13.75122,CHA
47150,Kemba Walker,74.38934,19.55706,CHA
47150,Cody Zeller,75.26905,31.75983,CHA
47160,Ball,83.0776,37.66895,Ball
47160,Tim Duncan,83.66822,35.35136,SAS
47160,David West,71.75448,27.69521,SAS
47160,Danny Green,64.19043,11.84438,SAS
47160,Patty Mills,76.79452,43.77823,SAS
47160,Kawhi Leonard,85.96191,2.09229,SAS
47160,Al Jefferson,83.81555,32.41129,CHA
47160,Jeremy Lin,76.81254,41.3265,CHA
47160,Nicolas Batum,85.59351,14.96438,CHA
47160,Kemba Walker,74.34279,19.38703,CHA
47160,Cody Zeller,76.91615,30.82254,CHA
47170,Ball,85.14892,37.66628,Ball
47170,Tim Duncan,84.2234,35.71428,SAS
47170,David West,74.27504,25.62316,SAS
47170,Danny Green,63.63326,13.5395,SAS
47170,Patty Mills,83.15177,40.95621,SAS
47170,Kawhi Leonard,85.4134,2.05265,SAS
47170,Al Jefferson,84.58636,33.1921,CHA
47170,Jeremy Lin,81.77427,39.90598,CHA
47170,Nicolas Batum,86.0215,15.56288,CHA
47170,Kemba Walker,74.35917,19.4212,CHA
47170,Cody Zeller,78.46007,29.27567,CHA
47180,Ball,83.67455,37.16782,Ball
47180,Tim Duncan,84.18506,36.02056,SAS
47180,David West,77.56568,23.97082,SAS
47180,Danny Green,63.02327,15.23774,SAS
47180,Patty Mills,87.82056,36.40737,SAS
47180,Kawhi Leonard,85.28159,2.12898,SAS
47180,Al Jefferson,84.62882,33.98118,CHA
47180,Jeremy Lin,86.28285,36.45521,CHA
47180,Nicolas Batum,86.27639,15.8993,CHA
47180,Kemba Walker,74.21576,20.12617,CHA
47180,Cody Zeller,80.72407,27.80503,CHA
47190,Ball,83.79041,37.30285,Ball
47190,Tim Duncan,83.75243,36.80983,SAS
47190,David West,80.9148,22.65843,SAS
47190,Danny Green,62.28213,17.12228,SAS
47190,Patty Mills,91.07682,30.05616,SAS
47190,Kawhi Leonard,85.13256,2.18911,SAS
47190,Al Jefferson,84.26579,34.38868,CHA
47190,Jeremy Lin,88.8318,31.76092,CHA
47190,Nicolas Batum,85.71587,15.38522,CHA
47190,Kemba Walker,74.08362,21.28914,CHA
47190,Cody Zeller,82.80729,26.20592,CHA
47200,Ball,83.22168,37.91225,Ball
47200,Tim Duncan,83.57453,37.35277,SAS
47200,David West,83.48414,21.42799,SAS
47200,Danny Green,61.84842,18.74523,SAS
47200,Patty Mills,92.2225,23.61099,SAS
47200,Kawhi Leonard,84.40516,2.15902,SAS
47200,Al Jefferson,84.36262,34.22762,CHA
47200,Jeremy Lin,89.62816,27.25701,CHA
47200,Nicolas Batum,84.88141,15.546240000000001,CHA
47200,Kemba Walker,74.41958,22.79352,CHA
47200,Cody Zeller,84.67437,24.78699,CHA
47210,Ball,83.64474,37.65065,Ball
47210,Tim Duncan,83.74759,37.17092,SAS
47210,David West,85.44322,20.28683,SAS
47210,Danny Green,61.35865,20.25786,SAS
47210,Patty Mills,91.93531,17.86408,SAS
47210,Kawhi Leonard,83.01685,2.88509,SAS
47210,Al Jefferson,84.86099,34.03707,CHA
47210,Jeremy Lin,89.76099,23.05394,CHA
47210,Nicolas Batum,83.99863,15.67216,CHA
47210,Kemba Walker,74.78796,24.40879,CHA
47210,Cody Zeller,86.39768,23.6007,CHA
47220,Ball,82.75406,36.48877,Ball
47220,Tim Duncan,83.33934,36.82857,SAS
47220,David West,87.0046,18.92597,SAS
47220,Danny Green,61.13671,22.09826,SAS
47220,Patty Mills,90.97637,12.95466,SAS
47220,Kawhi Leonard,81.35888,2.95051,SAS
47220,Al Jefferson,84.92747,33.36342,CHA
47220,Jeremy Lin,89.67828,19.53037,CHA
47220,Nicolas Batum,82.982,16.01524,CHA
47220,Kemba Walker,75.16054,25.71495,CHA
47220,Cody Zeller,87.60849,22.15254,CHA
47230,Ball,82.11579,35.92604,Ball
47230,Tim Duncan,82.80816,36.42093,SAS
47230,David West,88.24005,17.75675,SAS
47230,Danny Green,61.13896,23.72157,SAS
47230,Patty Mills,89.57714,9.1295,SAS
47230,Kawhi Leonard,79.49502,2.87801,SAS
47230,Al Jefferson,84.61748,32.81803,CHA
47230,Jeremy Lin,89.49601,16.86357,CHA
47230,Nicolas Batum,81.9802,16.8534,CHA
47230,Kemba Walker,75.08103,26.66593,CHA
47230,Cody Zeller,88.45015,21.34685,CHA
47240,Ball,82.04695,36.06843,Ball
47240,Tim Duncan,82.39753,35.30886,SAS
47240,David West,89.43162,17.13118,SAS
47240,Danny Green,61.09339,25.52539,SAS
47240,Patty Mills,87.8785,6.00133,SAS
47240,Kawhi Leonard,77.31598,3.55408,SAS
47240,Al Jefferson,84.11285,32.3551,CHA
47240,Jeremy Lin,88.8527,14.63318,CHA
47240,Nicolas Batum,81.09496,17.11976,CHA
47240,Kemba Walker,74.75334,27.2683,CHA
47240,Cody Zeller,89.22198,20.44592,CHA
47250,Ball,83.31276,35.5115,Ball
47250,Tim Duncan,82.75272,34.04922,SAS
47250,David West,90.69194,16.75446,SAS
47250,Danny Green,61.16783,26.7115,SAS
47250,Patty Mills,86.37096,3.91912,SAS
47250,Kawhi Leonard,75.40262,4.24322,SAS
47250,Al Jefferson,83.99509,31.46961,CHA
47250,Jeremy Lin,88.23586,13.67072,CHA
47250,Nicolas Batum,80.28076,16.65285,CHA
47250,Kemba Walker,75.34355,27.73947,CHA
47250,Cody Zeller,89.73649,19.63648,CHA
47260,Ball,81.37154,33.65644,Ball
47260,Tim Duncan,82.90586,33.32797,SAS
47260,David West,92.01186,16.25423,SAS
47260,Danny Green,61.56301,28.42054,SAS
47260,Patty Mills,85.06215,3.0432,SAS
47260,Kawhi Leonard,73.76578,5.3752,SAS
47260,Al Jefferson,84.01069,31.06202,CHA
47260,Jeremy Lin,87.7551,13.80265,CHA
47260,Nicolas Batum,80.08438,16.65016,CHA
47260,Kemba Walker,77.35038,28.65996,CHA
47260,Cody Zeller,90.02465,19.59763,CHA
47270,Ball,82.99311,34.33627,Ball
47270,Tim Duncan,83.13602,33.07665,SAS
47270,David West,92.13856,17.23968,SAS
47270,Danny Green,62.25313,30.74106,SAS
47270,Patty Mills,84.79092,2.6863900000000003,SAS
47270,Kawhi Leonard,72.30582,6.57507,SAS
47270,Al Jefferson,84.1561,30.30739,CHA
47270,Jeremy Lin,87.17522,14.39497,CHA
47270,Nicolas Batum,79.88866,16.59803,CHA
47270,Kemba Walker,79.60561,29.555320000000002,CHA
47270,Cody Zeller,90.9738,19.1659,CHA
47280,Ball,82.47221,33.60872,Ball
47280,Tim Duncan,83.4152,32.93112,SAS
47280,David West,91.70712,18.99223,SAS
47280,Danny Green,63.36644,33.47141,SAS
47280,Patty Mills,85.26676,2.5406500000000003,SAS
47280,Kawhi Leonard,70.68901,6.40265,SAS
47280,Al Jefferson,84.59991,30.06843,CHA
47280,Jeremy Lin,86.74675,14.91882,CHA
47280,Nicolas Batum,79.48994,16.77555,CHA
47280,Kemba Walker,76.64461,29.32429,CHA
47280,Cody Zeller,91.70712,18.99223,CHA
47290,Ball,82.09694,34.61519,Ball
47290,Tim Duncan,83.22716,32.83921,SAS
47290,David West,92.09482,19.82307,SAS
47290,Danny Green,64.72834,36.39144,SAS
47290,Patty Mills,85.37801,2.41299,SAS
47290,Kawhi Leonard,69.57189,6.97578,SAS
47290,Al Jefferson,84.57506,29.95855,CHA
47290,Jeremy Lin,86.56148,15.3491,CHA
47290,Nicolas Batum,79.01516,17.40196,CHA
47290,Kemba Walker,75.48583,30.3259,CHA
47290,Cody Zeller,92.04566,19.82604,CHA
47300,Ball,72.63527,38.28785,Ball
47300,Tim Duncan,82.90254,32.58148,SAS
47300,David West,92.18976,21.77669,SAS
47300,Danny Green,66.13463,38.73298,SAS
47300,Patty Mills,85.2003,2.32782,SAS
47300,Kawhi Leonard,68.78665,8.23401,SAS
47300,Al Jefferson,84.40135,29.92475,CHA
47300,Jeremy Lin,86.38479,15.78086,CHA
47300,Nicolas Batum,78.57448,17.94593,CHA
47300,Kemba Walker,75.00947,32.01438,CHA
47300,Cody Zeller,92.14059,21.77965,CHA
47310,Ball,68.91068,42.08418,Ball
47310,Tim Duncan,82.59383,33.18559,SAS
47310,David West,91.48959,23.29686,SAS
47310,Danny Green,67.70579,40.46199,SAS
47310,Patty Mills,85.26416,2.36089,SAS
47310,Kawhi Leonard,67.61088,9.47677,SAS
47310,Al Jefferson,83.94615,30.02874,CHA
47310,Jeremy Lin,86.47409,16.13752,CHA
47310,Nicolas Batum,77.4929,18.6155,CHA
47310,Kemba Walker,73.37162,35.01941,CHA
47310,Cody Zeller,91.42348,23.48601,CHA
47320,Ball,78.38299,37.93397,Ball
47320,Tim Duncan,82.64573,34.17288,SAS
47320,David West,90.22569,23.28747,SAS
47320,Danny Green,68.27084,40.93539,SAS
47320,Patty Mills,85.22887,2.3777,SAS
47320,Kawhi Leonard,66.42119,10.24678,SAS
47320,Al Jefferson,83.87833,31.10495,CHA
47320,Jeremy Lin,86.46435,16.08428,CHA
47320,Nicolas Batum,76.86476,19.19831,CHA
47320,Kemba Walker,72.5218,37.42767,CHA
47320,Cody Zeller,89.46378,24.69701,CHA
47330,Ball,81.73398,35.49279,Ball
47330,Tim Duncan,82.63345,34.72823,SAS
47330,David West,90.08088,22.05972,SAS
47330,Danny Green,67.86952,40.42841,SAS
47330,Patty Mills,84.37292,2.50551,SAS
47330,Kawhi Leonard,65.95453,10.31142,SAS
47330,Al Jefferson,83.90371,32.02539,CHA
47330,Jeremy Lin,86.51449,16.28903,CHA
47330,Nicolas Batum,77.07108,20.5203,CHA
47330,Kemba Walker,73.12085,36.89613,CHA
47330,Cody Zeller,89.22016,24.55524,CHA
47340,Ball,82.02073,35.05535,Ball
47340,Tim Duncan,82.41158,34.62673,SAS
47340,David West,90.76512,20.69956,SAS
47340,Danny Green,66.92619,39.68308,SAS
47340,Patty Mills,83.22231,2.38642,SAS
47340,Kawhi Leonard,66.19304,10.48116,SAS
47340,Al Jefferson,83.9049,32.17372,CHA
47340,Jeremy Lin,86.37409,16.33909,CHA
47340,Nicolas Batum,77.59148,21.2719,CHA
47340,Kemba Walker,74.30232,35.32523,CHA
47340,Cody Zeller,90.08049,22.28073,CHA
47350,Ball,81.6897,35.06793,Ball
47350,Tim Duncan,82.79701,34.67749,SAS
47350,David West,91.1321,18.55327,SAS
47350,Danny Green,65.60316,38.15342,SAS
47350,Patty Mills,82.50996,2.25945,SAS
47350,Kawhi Leonard,66.91221,10.35723,SAS
47350,Al Jefferson,84.18855,32.30429,CHA
47350,Jeremy Lin,86.09258,16.46375,CHA
47350,Nicolas Batum,77.77421,20.86716,CHA
47350,Kemba Walker,75.37995,33.99607,CHA
47350,Cody Zeller,90.71081,19.70003,CHA
47360,Ball,82.14542,35.37687,Ball
47360,Tim Duncan,82.93171,34.96093,SAS
47360,David West,90.77925,17.07979,SAS
47360,Danny Green,64.3206,35.72501,SAS
47360,Patty Mills,82.49323,2.18692,SAS
47360,Kawhi Leonard,67.55799,10.12623,SAS
47360,Al Jefferson,84.33342,32.18708,CHA
47360,Jeremy Lin,85.66771,16.80093,CHA
47360,Nicolas Batum,77.6268,19.51376,CHA
47360,Kemba Walker,76.30529,32.70759,CHA
47360,Cody Zeller,90.53552,19.98039,CHA
47370,Ball,82.18109,35.22482,Ball
47370,Tim Duncan,83.06418,34.7313,SAS
47370,David West,90.40373,15.34562,SAS
47370,Danny Green,63.67242,33.35878,SAS
47370,Patty Mills,83.06673,2.14942,SAS
47370,Kawhi Leonard,67.42602,10.20828,SAS
47370,Al Jefferson,84.45639,32.08969,CHA
47370,Jeremy Lin,85.31854,17.22474,CHA
47370,Nicolas Batum,78.15594,18.35591,CHA
47370,Kemba Walker,75.91633,31.23703,CHA
47370,Cody Zeller,90.23004,19.05131,CHA
47380,Ball,81.40802,34.41634,Ball
47380,Tim Duncan,82.72994,33.64208,SAS
47380,David West,90.60702,14.17794,SAS
47380,Danny Green,63.13689,30.85242,SAS
47380,Patty Mills,83.28954,2.14961,SAS
47380,Kawhi Leonard,66.87577,10.288170000000001,SAS
47380,Al Jefferson,84.33542,31.52786,CHA
47380,Jeremy Lin,84.86815,16.98648,CHA
47380,Nicolas Batum,78.49072,17.72759,CHA
47380,Kemba Walker,75.38468,29.82689,CHA
47380,Cody Zeller,90.28651,18.24503,CHA
47390,Ball,81.28607,29.73774,Ball
47390,Tim Duncan,81.76789,31.7898,SAS
47390,David West,90.65557,13.07328,SAS
47390,Danny Green,62.81223,28.55605,SAS
47390,Patty Mills,83.75186,2.29829,SAS
47390,Kawhi Leonard,66.92255,9.97827,SAS
47390,Al Jefferson,83.92859,30.47049,CHA
47390,Jeremy Lin,84.84497,16.71192,CHA
47390,Nicolas Batum,78.36426,17.94415,CHA
47390,Kemba Walker,75.44753,28.70396,CHA
47390,Cody Zeller,90.3594,18.01001,CHA
47400,Ball,80.4189,29.91454,Ball
47400,Tim Duncan,80.03164,30.54752,SAS
47400,David West,90.4193,12.79391,SAS
47400,Danny Green,62.60917,26.57606,SAS
47400,Patty Mills,83.76748,2.39177,SAS
47400,Kawhi Leonard,67.05282,9.86254,SAS
47400,Al Jefferson,83.4458,28.97488,CHA
47400,Jeremy Lin,84.78985,16.31719,CHA
47400,Nicolas Batum,78.88628,18.93975,CHA
47400,Kemba Walker,76.81659,27.47738,CHA
47400,Cody Zeller,90.12392,18.31006,CHA
47410,Ball,84.29147,27.68908,Ball
47410,Tim Duncan,77.87756,29.7596,SAS
47410,David West,89.65843,13.00063,SAS
47410,Danny Green,62.45889,25.55189,SAS
47410,Patty Mills,82.96603,2.5314300000000003,SAS
47410,Kawhi Leonard,66.52836,10.3341,SAS
47410,Al Jefferson,83.13572,28.40009,CHA
47410,Jeremy Lin,84.47174,15.29496,CHA
47410,Nicolas Batum,80.37528,20.47415,CHA
47410,Kemba Walker,77.91067,27.06684,CHA
47410,Cody Zeller,89.88829,19.44317,CHA
47420,Ball,88.39389,25.41405,Ball
47420,Tim Duncan,75.24469,28.72499,SAS
47420,David West,88.47943,14.20259,SAS
47420,Danny Green,62.11041,25.86214,SAS
47420,Patty Mills,82.11778,3.6189999999999998,SAS
47420,Kawhi Leonard,65.36257,10.77272,SAS
47420,Al Jefferson,83.71007,27.75422,CHA
47420,Jeremy Lin,83.9573,14.73965,CHA
47420,Nicolas Batum,82.76757,22.04441,CHA
47420,Kemba Walker,78.34103,27.27167,CHA
47420,Cody Zeller,89.52192,21.27622,CHA
47430,Ball,88.67258,24.23284,Ball
47430,Tim Duncan,72.10435,27.56852,SAS
47430,David West,87.32035,15.2619,SAS
47430,Danny Green,61.41116,26.12713,SAS
47430,Patty Mills,80.9478,5.3979800000000004,SAS
47430,Kawhi Leonard,63.702,10.836500000000001,SAS
47430,Al Jefferson,83.919,26.78893,CHA
47430,Jeremy Lin,82.61709,13.72123,CHA
47430,Nicolas Batum,84.49832,23.22763,CHA
47430,Kemba Walker,78.79566,28.27739,CHA
47430,Cody Zeller,89.06091,23.22589,CHA
47440,Ball,88.41754,24.39566,Ball
47440,Tim Duncan,68.57885,26.68254,SAS
47440,David West,85.23849,16.97676,SAS
47440,Danny Green,60.30777,26.44989,SAS
47440,Patty Mills,78.86827,7.19669,SAS
47440,Kawhi Leonard,61.18439,11.30033,SAS
47440,Al Jefferson,83.3811,26.34568,CHA
47440,Jeremy Lin,80.43061,12.58253,CHA
47440,Nicolas Batum,84.65445,22.73715,CHA
47440,Kemba Walker,79.39194,29.82662,CHA
47440,Cody Zeller,88.72323,24.1079,CHA
47450,Ball,90.29229,25.9287,Ball
47450,Tim Duncan,64.57842,25.99103,SAS
47450,David West,81.91779,18.34368,SAS
47450,Danny Green,58.90626,27.30621,SAS
47450,Patty Mills,75.56807,8.716660000000001,SAS
47450,Kawhi Leonard,58.01392,12.1539,SAS
47450,Al Jefferson,82.25353,25.63242,CHA
47450,Jeremy Lin,77.36766,11.50522,CHA
47450,Nicolas Batum,83.34957,21.72803,CHA
47450,Kemba Walker,80.00379,31.243290000000002,CHA
47450,Cody Zeller,89.96977,25.51101,CHA
47460,Ball,92.6375,26.95572,Ball
47460,Tim Duncan,60.7055,25.61768,SAS
47460,David West,77.56132,19.56257,SAS
47460,Danny Green,57.37457,28.10345,SAS
47460,Patty Mills,71.63963,9.6119,SAS
47460,Kawhi Leonard,54.89363,12.84159,SAS
47460,Al Jefferson,79.67082,24.66708,CHA
47460,Jeremy Lin,72.84467,10.95786,CHA
47460,Nicolas Batum,81.51515,20.43547,CHA
47460,Kemba Walker,80.93512,32.59547,CHA
47460,Cody Zeller,92.86469,26.48801,CHA
