2510,Ball,90.97859,17.83371,Ball
2510,Amir Johnson,82.90937,22.37865,BOS
2510,Isaiah Thomas,77.70351,26.54602,BOS
2510,Avery Bradley,52.66632,37.99016,BOS
2510,Jae Crowder,90.70819,18.40612,BOS
2510,Jared Sullinger,82.81651,28.78551,BOS
2510,Andrew Bogut,66.29475,34.877,GSW
2510,Brandon Rush,72.52494,10.5517,GSW
2510,Stephen Curry,56.41436,42.09777,GSW
2510,Draymond Green,54.35774,13.58139,GSW
2510,Ian Clark,56.23635,21.01762,GSW
2520,Ball,89.36933,16.9281,Ball
2520,Amir Johnson,79.5543,21.65989,BOS
2520,Isaiah Thomas,78.39481,26.87459,BOS
2520,Avery Bradley,45.81685,36.53567,BOS
2520,Jae Crowder,90.47759,17.37247,BOS
2520,Jared Sullinger,79.98976,29.72691,BOS
2520,Andrew Bogut,61.21457,34.35803,GSW
2520,Brandon Rush,68.69037,12.796990000000001,GSW
2520,Stephen Curry,50.08016,39.56354,GSW
2520,Draymond Green,50.65097,14.12268,GSW
2520,Ian Clark,53.46326,21.55465,GSW
2530,Ball,85.92696,18.07562,Ball
2530,Amir Johnson,74.74459,21.17026,BOS
2530,Isaiah Thomas,78.20595,27.13584,BOS
2530,Avery Bradley,39.00118,36.08456,BOS
2530,Jae Crowder,88.83132,16.11657,BOS
2530,Jared Sullinger,75.84941,31.10435,BOS
2530,Andrew Bogut,55.78357,33.66665,GSW
2530,Brandon Rush,63.83467,14.47289,GSW
2530,Stephen Curry,43.75691,36.76857,GSW
2530,Draymond Green,46.85783,14.60743,GSW
2530,Ian Clark,50.36892,22.33613,GSW
2540,Ball,78.18209,25.08764,Ball
2540,Amir Johnson,68.97077,20.86104,BOS
2540,Isaiah Thomas,76.01547,27.44671,BOS
2540,Avery Bradley,32.55433,36.8171,BOS
2540,Jae Crowder,85.42235,15.01259,BOS
2540,Jared Sullinger,70.26544,32.52195,BOS
2540,Andrew Bogut,50.06062,32.89662,GSW
2540,Brandon Rush,58.40801,15.22558,GSW
2540,Stephen Curry,37.60846,34.76869,GSW
2540,Draymond Green,42.96769,15.04878,GSW
2540,Ian Clark,47.29201,23.5671,GSW
2550,Ball,71.93837,27.98607,Ball
2550,Amir Johnson,62.92949,20.56675,BOS
2550,Isaiah Thomas,72.34049,28.1535,BOS
2550,Avery Bradley,26.5697,38.45779,BOS
2550,Jae Crowder,80.55878,13.84387,BOS
2550,Jared Sullinger,64.81597,33.87156,BOS
2550,Andrew Bogut,44.55372,32.03284,GSW
2550,Brandon Rush,53.05063,15.1142,GSW
2550,Stephen Curry,31.60967,34.2137,GSW
2550,Draymond Green,39.12541,15.47734,GSW
2550,Ian Clark,44.32276,24.59765,GSW
2560,Ball,66.00251,29.41484,Ball
2560,Amir Johnson,56.5549,19.95754,BOS
2560,Isaiah Thomas,67.64676,28.74565,BOS
2560,Avery Bradley,21.31776,40.44503,BOS
2560,Jae Crowder,75.06,12.50736,BOS
2560,Jared Sullinger,59.06408,35.13471,BOS
2560,Andrew Bogut,39.17579,30.99563,GSW
2560,Brandon Rush,47.96121,14.31045,GSW
2560,Stephen Curry,25.88606,34.71103,GSW
2560,Draymond Green,35.38486,16.00145,GSW
2560,Ian Clark,41.74054,25.70588,GSW
2570,Ball,62.05377,30.3193,Ball
2570,Amir Johnson,50.49848,19.46481,BOS
2570,Isaiah Thomas,62.3063,29.11875,BOS
2570,Avery Bradley,16.64575,42.60853,BOS
2570,Jae Crowder,69.26,11.06806,BOS
2570,Jared Sullinger,52.77859,35.94456,BOS
2570,Andrew Bogut,34.29253,30.20517,GSW
2570,Brandon Rush,43.19611,13.24367,GSW
2570,Stephen Curry,20.84361,35.94068,GSW
2570,Draymond Green,31.91357,16.65948,GSW
2570,Ian Clark,39.27156,26.60453,GSW
2580,Ball,54.8854,29.24811,Ball
2580,Amir Johnson,44.49229,19.23876,BOS
2580,Isaiah Thomas,56.70253,29.11777,BOS
2580,Avery Bradley,12.94311,44.40838,BOS
2580,Jae Crowder,63.03253,9.51653,BOS
2580,Jared Sullinger,46.82925,36.49651,BOS
2580,Andrew Bogut,30.01038,29.83731,GSW
2580,Brandon Rush,38.84178,12.02149,GSW
2580,Stephen Curry,16.5135,37.11963,GSW
2580,Draymond Green,28.89897,17.21517,GSW
2580,Ian Clark,36.66297,27.3958,GSW
2590,Ball,50.42283,28.08391,Ball
2590,Amir Johnson,39.1708,19.73884,BOS
2590,Isaiah Thomas,51.31227,28.86249,BOS
2590,Avery Bradley,10.67811,46.27123,BOS
2590,Jae Crowder,56.89995,7.9507,BOS
2590,Jared Sullinger,40.94073,36.6806,BOS
2590,Andrew Bogut,26.21516,29.65617,GSW
2590,Brandon Rush,34.83777,11.05225,GSW
2590,Stephen Curry,13.20372,38.01568,GSW
2590,Draymond Green,26.63171,17.96311,GSW
2590,Ian Clark,34.50568,27.9381,GSW
2600,Ball,45.02014,28.12687,Ball
2600,Amir Johnson,34.38217,20.97999,BOS
2600,Isaiah Thomas,45.78336,29.00404,BOS
2600,Avery Bradley,9.76344,47.52805,BOS
2600,Jae Crowder,50.67232,6.36396,BOS
2600,Jared Sullinger,35.78163,36.53454,BOS
2600,Andrew Bogut,22.899070000000002,29.81023,GSW
2600,Brandon Rush,30.98678,10.27147,GSW
2600,Stephen Curry,11.15158,38.46073,GSW
2600,Draymond Green,25.41054,18.67901,GSW
2600,Ian Clark,32.34149,28.04327,GSW
2610,Ball,38.97094,30.92249,Ball
2610,Amir Johnson,30.79609,22.73767,BOS
2610,Isaiah Thomas,40.82268,30.12959,BOS
2610,Avery Bradley,9.70027,48.21214,BOS
2610,Jae Crowder,44.58778,4.96209,BOS
2610,Jared Sullinger,31.2728,35.98763,BOS
2610,Andrew Bogut,20.33847,29.85237,GSW
2610,Brandon Rush,27.67263,9.8634,GSW
2610,Stephen Curry,10.76986,38.62603,GSW
2610,Draymond Green,25.17386,19.67946,GSW
2610,Ian Clark,31.22605,28.84282,GSW
2620,Ball,36.3986,33.2127,Ball
2620,Amir Johnson,27.47931,23.65303,BOS
2620,Isaiah Thomas,36.10896,31.99917,BOS
2620,Avery Bradley,10.16841,48.5498,BOS
2620,Jae Crowder,38.54593,3.7424,BOS
2620,Jared Sullinger,27.65096,35.10396,BOS
2620,Andrew Bogut,18.02578,30.43896,GSW
2620,Brandon Rush,24.42977,10.05584,GSW
2620,Stephen Curry,11.24909,38.61178,GSW
2620,Draymond Green,24.85084,21.15941,GSW
2620,Ian Clark,31.31233,30.18454,GSW
2630,Ball,29.83864,36.23956,Ball
2630,Amir Johnson,22.84986,23.66544,BOS
2630,Isaiah Thomas,31.24818,34.45638,BOS
2630,Avery Bradley,10.49764,48.62353,BOS
2630,Jae Crowder,33.30226,3.19811,BOS
2630,Jared Sullinger,25.62549,34.54353,BOS
2630,Andrew Bogut,16.42321,31.1155,GSW
2630,Brandon Rush,21.16248,10.5874,GSW
2630,Stephen Curry,11.82432,38.91372,GSW
2630,Draymond Green,24.29558,22.43821,GSW
2630,Ian Clark,30.18544,32.78434,GSW
2640,Ball,25.21085,37.52998,Ball
2640,Amir Johnson,17.92953,22.95742,BOS
2640,Isaiah Thomas,26.41406,35.80674,BOS
2640,Avery Bradley,11.11498,48.70634,BOS
2640,Jae Crowder,29.85698,3.73725,BOS
2640,Jared Sullinger,25.71025,34.8521,BOS
2640,Andrew Bogut,14.97874,31.89021,GSW
2640,Brandon Rush,18.53253,11.42921,GSW
2640,Stephen Curry,12.18478,39.31219,GSW
2640,Draymond Green,21.8388,23.84079,GSW
2640,Ian Clark,27.23358,35.1504,GSW
2650,Ball,20.31272,34.3412,Ball
2650,Amir Johnson,12.9338,22.05298,BOS
2650,Isaiah Thomas,21.75627,35.60425,BOS
2650,Avery Bradley,11.23905,48.75648,BOS
2650,Jae Crowder,28.32014,4.67576,BOS
2650,Jared Sullinger,26.30479,34.38653,BOS
2650,Andrew Bogut,14.29191,31.92746,GSW
2650,Brandon Rush,16.28171,11.96208,GSW
2650,Stephen Curry,12.16671,38.87927,GSW
2650,Draymond Green,17.42386,24.16531,GSW
2650,Ian Clark,23.60682,36.11944,GSW
2660,Ball,18.72572,31.8408,Ball
2660,Amir Johnson,8.24648,21.48171,BOS
2660,Isaiah Thomas,19.62246,32.70747,BOS
2660,Avery Bradley,11.75712,48.56338,BOS
2660,Jae Crowder,26.99203,5.1414,BOS
2660,Jared Sullinger,26.72951,33.03811,BOS
2660,Andrew Bogut,14.12781,30.61074,GSW
2660,Brandon Rush,14.92855,12.74631,GSW
2660,Stephen Curry,11.85144,37.76439,GSW
2660,Draymond Green,13.94438,24.00919,GSW
2660,Ian Clark,20.08001,35.01602,GSW
2670,Ball,23.23922,30.08192,Ball
2670,Amir Johnson,5.33977,22.47172,BOS
2670,Isaiah Thomas,18.71483,28.82735,BOS
2670,Avery Bradley,13.65965,48.07308,BOS
2670,Jae Crowder,25.91866,5.923080000000001,BOS
2670,Jared Sullinger,27.0145,32.17126,BOS
2670,Andrew Bogut,13.86707,27.61674,GSW
2670,Brandon Rush,14.63957,12.58479,GSW
2670,Stephen Curry,11.99046,36.64057,GSW
2670,Draymond Green,11.0393,23.53814,GSW
2670,Ian Clark,17.2645,31.24755,GSW
2680,Ball,25.94431,32.22174,Ball
2680,Amir Johnson,4.56233,24.536270000000002,BOS
2680,Isaiah Thomas,19.81057,24.63767,BOS
2680,Avery Bradley,15.94249,47.26636,BOS
2680,Jae Crowder,25.22858,6.82225,BOS
2680,Jared Sullinger,26.70788,32.61866,BOS
2680,Andrew Bogut,14.1239,24.67246,GSW
2680,Brandon Rush,15.67149,11.71298,GSW
2680,Stephen Curry,12.24172,35.81949,GSW
2680,Draymond Green,8.16828,23.29875,GSW
2680,Ian Clark,16.61482,26.56421,GSW
2690,Ball,24.03627,33.63148,Ball
2690,Amir Johnson,5.04984,26.56543,BOS
2690,Isaiah Thomas,22.04775,21.67666,BOS
2690,Avery Bradley,17.95853,46.77394,BOS
2690,Jae Crowder,24.62705,7.27136,BOS
2690,Jared Sullinger,26.12214,33.31801,BOS
2690,Andrew Bogut,14.35502,23.09263,GSW
2690,Brandon Rush,16.37617,11.63943,GSW
2690,Stephen Curry,12.54187,35.43933,GSW
2690,Draymond Green,6.08629,23.46248,GSW
2690,Ian Clark,17.65109,22.91203,GSW
2700,Ball,25.30534,33.6573,Ball
2700,Amir Johnson,6.71797,27.28093,BOS
2700,Isaiah Thomas,24.555,20.19334,BOS
2700,Avery Bradley,19.02197,46.50618,BOS
2700,Jae Crowder,24.87997,7.90569,BOS
2700,Jared Sullinger,25.7862,33.38523,BOS
2700,Andrew Bogut,13.79916,22.81265,GSW
2700,Brandon Rush,15.71684,12.74279,GSW
2700,Stephen Curry,12.55942,34.95912,GSW
2700,Draymond Green,5.11954,24.6404,GSW
2700,Ian Clark,19.24647,20.58086,GSW
2710,Ball,18.75661,30.70197,Ball
2710,Amir Johnson,7.6401900000000005,27.35944,BOS
2710,Isaiah Thomas,26.69573,19.58995,BOS
2710,Avery Bradley,19.81042,46.08275,BOS
2710,Jae Crowder,25.91874,8.52136,BOS
2710,Jared Sullinger,25.89357,33.77251,BOS
2710,Andrew Bogut,13.41841,23.43078,GSW
2710,Brandon Rush,14.68412,14.36134,GSW
2710,Stephen Curry,12.41356,34.33101,GSW
2710,Draymond Green,5.72559,26.01703,GSW
2710,Ian Clark,20.32638,19.33932,GSW
2720,Ball,11.69734,27.31821,Ball
2720,Amir Johnson,7.6348,26.93504,BOS
2720,Isaiah Thomas,29.01659,19.20121,BOS
2720,Avery Bradley,20.08675,45.54955,BOS
2720,Jae Crowder,27.4946,8.63469,BOS
2720,Jared Sullinger,27.49271,34.45708,BOS
2720,Andrew Bogut,12.86011,24.41724,GSW
2720,Brandon Rush,13.22082,16.05024,GSW
2720,Stephen Curry,12.4753,33.86302,GSW
2720,Draymond Green,6.79018,26.13625,GSW
2720,Ian Clark,21.272,18.88662,GSW
2730,Ball,5.2296,24.0505,Ball
2730,Amir Johnson,7.60577,26.30656,BOS
2730,Isaiah Thomas,31.19561,19.35705,BOS
2730,Avery Bradley,20.37283,45.18693,BOS
2730,Jae Crowder,29.57739,8.87981,BOS
2730,Jared Sullinger,30.28883,35.17879,BOS
2730,Andrew Bogut,11.2316,23.8868,GSW
2730,Brandon Rush,11.4268,17.45279,GSW
2730,Stephen Curry,12.27411,33.55135,GSW
2730,Draymond Green,6.21688,25.16679,GSW
2730,Ian Clark,22.49437,18.06344,GSW
2740,Ball,6.78327,21.26275,Ball
2740,Amir Johnson,7.79016,25.26541,BOS
2740,Isaiah Thomas,33.07764,19.44999,BOS
2740,Avery Bradley,20.83999,44.92122,BOS
2740,Jae Crowder,31.55205,9.20052,BOS
2740,Jared Sullinger,33.60973,35.608670000000004,BOS
2740,Andrew Bogut,9.68729,22.93737,GSW
2740,Brandon Rush,9.910260000000001,18.42129,GSW
2740,Stephen Curry,11.70954,33.44413,GSW
2740,Draymond Green,5.58141,23.75736,GSW
2740,Ian Clark,23.60965,16.47339,GSW
2750,Ball,7.7408,19.72052,Ball
2750,Amir Johnson,8.61237,24.12703,BOS
2750,Isaiah Thomas,35.3862,19.64896,BOS
2750,Avery Bradley,21.25482,44.61197,BOS
2750,Jae Crowder,33.81966,9.18307,BOS
2750,Jared Sullinger,37.34357,35.30275,BOS
2750,Andrew Bogut,8.63508,21.37195,GSW
2750,Brandon Rush,8.69415,18.66321,GSW
2750,Stephen Curry,11.65874,33.28557,GSW
2750,Draymond Green,4.72535,22.69464,GSW
2750,Ian Clark,25.20257,14.54115,GSW
2760,Ball,6.87764,19.53668,Ball
2760,Amir Johnson,11.30432,23.00388,BOS
2760,Isaiah Thomas,37.82688,19.72924,BOS
2760,Avery Bradley,22.36589,43.96155,BOS
2760,Jae Crowder,36.13532,9.42034,BOS
2760,Jared Sullinger,41.56904,34.4558,BOS
2760,Andrew Bogut,7.95157,19.40413,GSW
2760,Brandon Rush,7.36829,18.9192,GSW
2760,Stephen Curry,12.08316,33.08931,GSW
2760,Draymond Green,4.03087,23.11784,GSW
2760,Ian Clark,27.37039,12.24308,GSW
2770,Ball,6.3712,19.47837,Ball
2770,Amir Johnson,14.86709,22.78075,BOS
2770,Isaiah Thomas,40.66178,19.26709,BOS
2770,Avery Bradley,24.69285,42.79087,BOS
2770,Jae Crowder,38.48873,9.64669,BOS
2770,Jared Sullinger,45.9181,33.33704,BOS
2770,Andrew Bogut,7.08186,19.34053,GSW
2770,Brandon Rush,7.6839200000000005,17.95975,GSW
2770,Stephen Curry,12.33222,32.94783,GSW
2770,Draymond Green,4.67422,25.25424,GSW
2770,Ian Clark,29.74155,9.73434,GSW
2780,Ball,6.05075,20.01552,Ball
2780,Amir Johnson,19.60418,22.92381,BOS
2780,Isaiah Thomas,44.07118,18.66152,BOS
2780,Avery Bradley,27.94978,41.45565,BOS
2780,Jae Crowder,41.06595,10.06636,BOS
2780,Jared Sullinger,50.0478,32.11686,BOS
2780,Andrew Bogut,5.82045,19.89463,GSW
2780,Brandon Rush,9.03565,16.44727,GSW
2780,Stephen Curry,13.36633,32.82959,GSW
2780,Draymond Green,7.3483,27.81712,GSW
2780,Ian Clark,32.6954,7.40781,GSW
2790,Ball,9.69323,24.55149,Ball
2790,Amir Johnson,24.76471,23.40818,BOS
2790,Isaiah Thomas,47.80914,17.77837,BOS
2790,Avery Bradley,31.64056,39.97715,BOS
2790,Jae Crowder,43.5147,10.82297,BOS
2790,Jared Sullinger,53.83013,31.02403,BOS
2790,Andrew Bogut,5.40969,20.115850000000002,GSW
2790,Brandon Rush,11.619250000000001,14.79324,GSW
2790,Stephen Curry,15.9419,32.30223,GSW
2790,Draymond Green,11.7038,29.93227,GSW
2790,Ian Clark,36.68263,5.33401,GSW
2800,Ball,17.1945,30.06351,Ball
2800,Amir Johnson,30.48315,24.13081,BOS
2800,Isaiah Thomas,51.82884,16.62307,BOS
2800,Avery Bradley,35.57347,38.35569,BOS
2800,Jae Crowder,46.02621,11.83531,BOS
2800,Jared Sullinger,57.36318,29.92533,BOS
2800,Andrew Bogut,6.14515,19.88377,GSW
2800,Brandon Rush,15.82991,12.97449,GSW
2800,Stephen Curry,19.77358,30.97346,GSW
2800,Draymond Green,17.05045,31.0611,GSW
2800,Ian Clark,41.57376,3.84875,GSW
2810,Ball,25.52816,32.03359,Ball
2810,Amir Johnson,35.69308,24.44602,BOS
2810,Isaiah Thomas,55.92685,15.28684,BOS
2810,Avery Bradley,39.24646,36.21576,BOS
2810,Jae Crowder,48.85772,12.649000000000001,BOS
2810,Jared Sullinger,60.99666,28.98098,BOS
2810,Andrew Bogut,7.29068,19.64554,GSW
2810,Brandon Rush,21.4561,11.06195,GSW
2810,Stephen Curry,24.1027,29.00073,GSW
2810,Draymond Green,22.6009,32.715,GSW
2810,Ian Clark,46.963,2.91916,GSW
2820,Ball,32.30144,33.89952,Ball
2820,Amir Johnson,40.76522,25.37176,BOS
2820,Isaiah Thomas,60.16524,13.94312,BOS
2820,Avery Bradley,42.52114,33.46188,BOS
2820,Jae Crowder,51.69023,13.30284,BOS
2820,Jared Sullinger,64.40047,28.61115,BOS
2820,Andrew Bogut,9.76888,19.72686,GSW
2820,Brandon Rush,28.02782,9.09525,GSW
2820,Stephen Curry,28.61989,27.03208,GSW
2820,Draymond Green,29.86635,34.45357,GSW
2820,Ian Clark,52.4807,2.33775,GSW
2830,Ball,38.67386,37.39811,Ball
2830,Amir Johnson,46.01319,27.85333,BOS
2830,Isaiah Thomas,64.42764,12.58677,BOS
2830,Avery Bradley,45.12151,30.55734,BOS
2830,Jae Crowder,54.36615,13.78808,BOS
2830,Jared Sullinger,67.28932,28.35815,BOS
2830,Andrew Bogut,12.90314,19.868290000000002,GSW
2830,Brandon Rush,34.97487,7.28612,GSW
2830,Stephen Curry,33.75633,25.58731,GSW
2830,Draymond Green,36.26934,36.83997,GSW
2830,Ian Clark,58.09818,2.05969,GSW
2840,Ball,43.30029,40.08085,Ball
2840,Amir Johnson,51.28496,31.5502,BOS
2840,Isaiah Thomas,68.58746,11.39205,BOS
2840,Avery Bradley,47.60015,28.18587,BOS
2840,Jae Crowder,57.28601,13.80856,BOS
2840,Jared Sullinger,69.57997,28.0355,BOS
2840,Andrew Bogut,16.62299,20.14067,GSW
2840,Brandon Rush,42.20335,5.90068,GSW
2840,Stephen Curry,39.34709,24.97747,GSW
2840,Draymond Green,42.65767,39.17994,GSW
2840,Ian Clark,63.63215,1.78618,GSW
2850,Ball,49.34085,41.74131,Ball
2850,Amir Johnson,56.02406,35.1188,BOS
2850,Isaiah Thomas,72.58285,10.60379,BOS
2850,Avery Bradley,50.8556,26.71758,BOS
2850,Jae Crowder,60.2466,13.97055,BOS
2850,Jared Sullinger,71.62675,28.03088,BOS
2850,Andrew Bogut,20.6094,20.39953,GSW
2850,Brandon Rush,49.51781,5.29646,GSW
2850,Stephen Curry,45.03676,25.22244,GSW
2850,Draymond Green,48.99091,40.771770000000004,GSW
2850,Ian Clark,69.11152,1.4006,GSW
2860,Ball,55.07594,43.33527,Ball
2860,Amir Johnson,59.80418,37.85611,BOS
2860,Isaiah Thomas,76.15527,10.27212,BOS
2860,Avery Bradley,54.66835,26.43835,BOS
2860,Jae Crowder,63.28215,13.99783,BOS
2860,Jared Sullinger,73.25072,27.78424,BOS
2860,Andrew Bogut,25.00455,20.44397,GSW
2860,Brandon Rush,56.42851,5.22114,GSW
2860,Stephen Curry,50.51194,26.2819,GSW
2860,Draymond Green,53.87486,41.90031,GSW
2860,Ian Clark,74.02117,1.15801,GSW
2870,Ball,57.81163,43.2235,Ball
2870,Amir Johnson,62.03471,39.76664,BOS
2870,Isaiah Thomas,79.18919,10.278410000000001,BOS
2870,Avery Bradley,58.58031,27.26557,BOS
2870,Jae Crowder,66.90223,13.9401,BOS
2870,Jared Sullinger,74.36332,27.72214,BOS
2870,Andrew Bogut,29.53047,19.95531,GSW
2870,Brandon Rush,62.58054,5.49307,GSW
2870,Stephen Curry,55.69674,28.06583,GSW
2870,Draymond Green,57.15765,43.2636,GSW
2870,Ian Clark,78.23701,0.85091,GSW
2880,Ball,57.77889,42.42597,Ball
2880,Amir Johnson,62.39633,40.91964,BOS
2880,Isaiah Thomas,81.80356,10.40468,BOS
2880,Avery Bradley,61.87595,28.54163,BOS
2880,Jae Crowder,70.51089,13.70397,BOS
2880,Jared Sullinger,75.10796,27.38744,BOS
2880,Andrew Bogut,34.24635,19.07544,GSW
2880,Brandon Rush,67.94145,6.12326,GSW
2880,Stephen Curry,59.48591,30.43668,GSW
2880,Draymond Green,58.13942,43.808,GSW
2880,Ian Clark,81.70556,1.06416,GSW
2890,Ball,56.63342,41.93393,Ball
2890,Amir Johnson,61.69636,40.94168,BOS
2890,Isaiah Thomas,83.73401,10.82264,BOS
2890,Avery Bradley,64.25927,30.4248,BOS
2890,Jae Crowder,74.06484,14.0663,BOS
2890,Jared Sullinger,75.6967,26.58416,BOS
2890,Andrew Bogut,38.96566,18.07784,GSW
2890,Brandon Rush,72.68931,6.84085,GSW
2890,Stephen Curry,61.101,33.11498,GSW
2890,Draymond Green,58.20228,42.37438,GSW
2890,Ian Clark,84.29715,1.30692,GSW
2900,Ball,56.62287,37.49725,Ball
2900,Amir Johnson,61.67061,39.12305,BOS
2900,Isaiah Thomas,84.98727,11.005,BOS
2900,Avery Bradley,65.22383,32.57084,BOS
2900,Jae Crowder,77.53831,14.57047,BOS
2900,Jared Sullinger,75.93921,25.95281,BOS
2900,Andrew Bogut,43.87114,16.97109,GSW
2900,Brandon Rush,76.70135,7.41667,GSW
2900,Stephen Curry,61.58104,35.47598,GSW
2900,Draymond Green,58.12679,38.44164,GSW
2900,Ian Clark,85.4922,1.42818,GSW
