50990,Ball,62.66279,2.9213,Ball
50990,Devin Harris,85.79431,47.30674,DAL
50990,Jose Juan Barea,63.69443,39.99244,DAL
50990,Raymond Felton,62.31214,4.16673,DAL
50990,Charlie Villanueva,91.02086,35.11522,DAL
50990,Dwight Powell,68.88025,10.70378,DAL
50990,Gary Neal,66.48191,8.03272,WAS
50990,Garrett Temple,81.68021,35.2434,WAS
50990,Ramon Sessions,86.82524,27.78982,WAS
50990,Marcin Gortat,72.14257,5.11395,WAS
50990,Otto Porter,71.23416,25.26062,WAS
51000,Ball,59.91431,2.82053,Ball
51000,Devin Harris,86.24545,48.05215,DAL
51000,Jose Juan Barea,62.63967,39.11375,DAL
51000,Raymond Felton,59.60987,4.52368,DAL
51000,Charlie Villanueva,91.17915,35.09408,DAL
51000,Dwight Powell,66.95546,13.70902,DAL
51000,Gary Neal,65.65048,9.81113,WAS
51000,Garrett Temple,82.23958,35.15991,WAS
51000,Ramon Sessions,86.97286,29.64922,WAS
51000,Marcin Gortat,71.50447,6.51555,WAS
51000,Otto Porter,69.99554,25.62976,WAS
51010,Ball,58.73864,4.75483,Ball
51010,Devin Harris,86.13662,48.22387,DAL
51010,Jose Juan Barea,61.65071,38.9893,DAL
51010,Raymond Felton,57.38799,5.13173,DAL
51010,Charlie Villanueva,91.40739,34.82969,DAL
51010,Dwight Powell,65.19229,16.8492,DAL
51010,Gary Neal,65.76287,10.79706,WAS
51010,Garrett Temple,82.33392,35.46178,WAS
51010,Ramon Sessions,87.08783,31.54499,WAS
51010,Marcin Gortat,71.26741,7.7711500000000004,WAS
51010,Otto Porter,69.29435,26.01284,WAS
51020,Ball,56.9052,4.99474,Ball
51020,Devin Harris,86.09167,48.288,DAL
51020,Jose Juan Barea,61.37373,39.44367,DAL
51020,Raymond Felton,55.62755,5.51387,DAL
51020,Charlie Villanueva,91.50255,34.76878,DAL
51020,Dwight Powell,63.99919,19.93456,DAL
51020,Gary Neal,65.66311,11.84416,WAS
51020,Garrett Temple,82.29781,35.97739,WAS
51020,Ramon Sessions,86.79518,31.50331,WAS
51020,Marcin Gortat,71.60196,8.80846,WAS
51020,Otto Porter,68.49965,26.60474,WAS
51030,Ball,54.85791,6.68585,Ball
51030,Devin Harris,86.12378,48.32448,DAL
51030,Jose Juan Barea,61.68295,40.5314,DAL
51030,Raymond Felton,54.59032,5.69582,DAL
51030,Charlie Villanueva,91.47814,34.8956,DAL
51030,Dwight Powell,64.87779,22.39994,DAL
51030,Gary Neal,65.51299,12.52193,WAS
51030,Garrett Temple,82.63551,35.76509,WAS
51030,Ramon Sessions,86.39493,31.80981,WAS
51030,Marcin Gortat,72.40071,10.28576,WAS
51030,Otto Porter,68.54056,27.04483,WAS
51040,Ball,53.70091,7.71788,Ball
51040,Devin Harris,86.14993,48.36071,DAL
51040,Jose Juan Barea,61.79367,41.92079,DAL
51040,Raymond Felton,54.37592,6.06281,DAL
51040,Charlie Villanueva,91.59461,34.73376,DAL
51040,Dwight Powell,68.22465,24.33573,DAL
51040,Gary Neal,65.31135,12.94186,WAS
51040,Garrett Temple,82.93345,34.82692,WAS
51040,Ramon Sessions,86.22221,32.48357,WAS
51040,Marcin Gortat,73.80273,12.08931,WAS
51040,Otto Porter,68.22932,27.95917,WAS
51050,Ball,55.39938,7.896,Ball
51050,Devin Harris,86.16509,48.43183,DAL
51050,Jose Juan Barea,62.04177,42.95794,DAL
51050,Raymond Felton,54.88234,6.40328,DAL
51050,Charlie Villanueva,91.8423,34.28553,DAL
51050,Dwight Powell,72.13743,25.78232,DAL
51050,Gary Neal,65.57616,13.66409,WAS
51050,Garrett Temple,82.93234,33.95404,WAS
51050,Ramon Sessions,86.3033,32.60156,WAS
51050,Marcin Gortat,75.67323,13.9514,WAS
51050,Otto Porter,67.96804,28.70004,WAS
51060,Ball,55.12795,8.21064,Ball
51060,Devin Harris,86.15817,48.46489,DAL
51060,Jose Juan Barea,62.43528,43.90222,DAL
51060,Raymond Felton,55.82637,6.97563,DAL
51060,Charlie Villanueva,91.9712,34.00727,DAL
51060,Dwight Powell,76.04304,27.53991,DAL
51060,Gary Neal,66.87146,13.98043,WAS
51060,Garrett Temple,83.21595,33.24741,WAS
51060,Ramon Sessions,85.95105,33.0697,WAS
51060,Marcin Gortat,78.06654,15.34541,WAS
51060,Otto Porter,68.26213,28.80581,WAS
51070,Ball,57.29841,9.63401,Ball
51070,Devin Harris,86.15706,48.46073,DAL
51070,Jose Juan Barea,62.42554,44.78057,DAL
51070,Raymond Felton,57.37697,8.32651,DAL
51070,Charlie Villanueva,91.93512,33.93162,DAL
51070,Dwight Powell,79.44403,29.47613,DAL
51070,Gary Neal,68.22578,14.66322,WAS
51070,Garrett Temple,84.38063,32.42043,WAS
51070,Ramon Sessions,85.06604,34.27552,WAS
51070,Marcin Gortat,80.39051,16.37047,WAS
51070,Otto Porter,68.0859,28.97932,WAS
51080,Ball,59.81643,10.97114,Ball
51080,Devin Harris,86.16516,48.45649,DAL
51080,Jose Juan Barea,62.68182,45.24582,DAL
51080,Raymond Felton,59.51872,9.45199,DAL
51080,Charlie Villanueva,91.85527,33.93724,DAL
51080,Dwight Powell,82.11606,31.08489,DAL
51080,Gary Neal,68.96494,15.32291,WAS
51080,Garrett Temple,85.25897,32.65199,WAS
51080,Ramon Sessions,84.04789,35.747,WAS
51080,Marcin Gortat,82.3075,17.21918,WAS
51080,Otto Porter,68.12112,29.16451,WAS
51090,Ball,62.97192,12.38644,Ball
51090,Devin Harris,86.16995,48.45231,DAL
51090,Jose Juan Barea,63.07769,45.44122,DAL
51090,Raymond Felton,62.10803,10.90614,DAL
51090,Charlie Villanueva,91.85319,33.94345,DAL
51090,Dwight Powell,83.9806,33.40557,DAL
51090,Gary Neal,69.50567,15.84128,WAS
51090,Garrett Temple,86.0791,33.41371,WAS
51090,Ramon Sessions,83.34408,37.19658,WAS
51090,Marcin Gortat,83.88824,17.38592,WAS
51090,Otto Porter,68.5364,29.20473,WAS
51100,Ball,66.19638,11.05494,Ball
51100,Devin Harris,86.1838,48.42535,DAL
51100,Jose Juan Barea,63.09566,45.33372,DAL
51100,Raymond Felton,65.51689,12.26504,DAL
51100,Charlie Villanueva,91.90882,33.76427,DAL
51100,Dwight Powell,85.20869,34.8899,DAL
51100,Gary Neal,70.81911,16.41757,WAS
51100,Garrett Temple,86.974,33.20853,WAS
51100,Ramon Sessions,83.46402,38.22079,WAS
51100,Marcin Gortat,85.00029,17.82637,WAS
51100,Otto Porter,70.04365,29.04422,WAS
51110,Ball,69.50692,16.94731,Ball
51110,Devin Harris,86.17939,48.37671,DAL
51110,Jose Juan Barea,62.91006,44.89402,DAL
51110,Raymond Felton,69.45116,14.77276,DAL
51110,Charlie Villanueva,91.94739,33.32538,DAL
51110,Dwight Powell,86.08172,35.51854,DAL
51110,Gary Neal,73.38015,17.28038,WAS
51110,Garrett Temple,88.45187,33.20246,WAS
51110,Ramon Sessions,83.8978,39.20001,WAS
51110,Marcin Gortat,85.40721,19.38189,WAS
51110,Otto Porter,71.1554,29.2841,WAS
51120,Ball,65.45017,33.03042,Ball
51120,Devin Harris,86.18096,48.37761,DAL
51120,Jose Juan Barea,63.29732,44.29467,DAL
51120,Raymond Felton,72.47807,18.25333,DAL
51120,Charlie Villanueva,91.91813,31.70176,DAL
51120,Dwight Powell,86.05473,35.41607,DAL
51120,Gary Neal,76.38483,18.76326,WAS
51120,Garrett Temple,89.14809,32.84331,WAS
51120,Ramon Sessions,84.28199,39.81043,WAS
51120,Marcin Gortat,85.67203,21.71292,WAS
51120,Otto Porter,71.01182,30.12401,WAS
51130,Ball,63.91325,43.00784,Ball
51130,Devin Harris,86.22481,48.38217,DAL
51130,Jose Juan Barea,64.74775,43.91234,DAL
51130,Raymond Felton,74.31194,20.2116,DAL
51130,Charlie Villanueva,91.68079,29.00597,DAL
51130,Dwight Powell,86.31072,35.35118,DAL
51130,Gary Neal,78.13145,20.42398,WAS
51130,Garrett Temple,87.44352,33.13462,WAS
51130,Ramon Sessions,84.2723,40.79384,WAS
51130,Marcin Gortat,86.10625,23.89029,WAS
51130,Otto Porter,69.52016,31.9578,WAS
51140,Ball,67.72211,42.29255,Ball
51140,Devin Harris,86.27664,48.37885,DAL
51140,Jose Juan Barea,66.84707,42.77465,DAL
51140,Raymond Felton,74.54894,19.97661,DAL
51140,Charlie Villanueva,91.1131,25.68441,DAL
51140,Dwight Powell,86.4199,35.43539,DAL
51140,Gary Neal,78.53294,21.5777,WAS
51140,Garrett Temple,86.54741,33.05637,WAS
51140,Ramon Sessions,84.51922,42.02386,WAS
51140,Marcin Gortat,86.52411,25.44826,WAS
51140,Otto Porter,69.49445,35.05001,WAS
51150,Ball,72.11302,41.98596,Ball
51150,Devin Harris,86.21965,48.36841,DAL
51150,Jose Juan Barea,70.61349,41.36658,DAL
51150,Raymond Felton,73.69887,18.28561,DAL
51150,Charlie Villanueva,90.36389,22.36904,DAL
51150,Dwight Powell,86.53225,35.41602,DAL
51150,Gary Neal,78.2096,21.89978,WAS
51150,Garrett Temple,86.61047,32.86723,WAS
51150,Ramon Sessions,84.95054,42.25753,WAS
51150,Marcin Gortat,86.48104,25.59542,WAS
51150,Otto Porter,71.06209,35.59378,WAS
51160,Ball,76.29747,39.95277,Ball
51160,Devin Harris,85.71267,48.32373,DAL
51160,Jose Juan Barea,75.20232,38.77047,DAL
51160,Raymond Felton,72.67867,16.11708,DAL
51160,Charlie Villanueva,89.50232,19.20206,DAL
51160,Dwight Powell,87.59601,34.93218,DAL
51160,Gary Neal,77.14758,21.86997,WAS
51160,Garrett Temple,87.02173,32.62975,WAS
51160,Ramon Sessions,85.23928,42.43383,WAS
51160,Marcin Gortat,86.63995,24.67062,WAS
51160,Otto Porter,73.7753,34.23175,WAS
51170,Ball,80.48755,34.90633,Ball
51170,Devin Harris,84.21319,47.9571,DAL
51170,Jose Juan Barea,79.50912,34.2336,DAL
51170,Raymond Felton,71.24895,14.117,DAL
51170,Charlie Villanueva,88.72171,16.62497,DAL
51170,Dwight Powell,89.00484,33.55353,DAL
51170,Gary Neal,76.08972,21.37451,WAS
51170,Garrett Temple,87.517,31.75024,WAS
51170,Ramon Sessions,85.59032,42.7221,WAS
51170,Marcin Gortat,87.14692,23.91426,WAS
51170,Otto Porter,77.71598,32.15352,WAS
51180,Ball,83.7722,30.29137,Ball
51180,Devin Harris,82.04983,47.29907,DAL
51180,Jose Juan Barea,83.26425,30.27221,DAL
51180,Raymond Felton,69.49397,12.45984,DAL
51180,Charlie Villanueva,88.10869,15.57604,DAL
51180,Dwight Powell,90.24463,31.83923,DAL
51180,Gary Neal,75.35959,20.21314,WAS
51180,Garrett Temple,87.7615,30.42182,WAS
51180,Ramon Sessions,85.41744,42.12632,WAS
51180,Marcin Gortat,87.33412,24.88119,WAS
51180,Otto Porter,81.18913,29.22896,WAS
51190,Ball,86.30795,21.00252,Ball
51190,Devin Harris,79.32142,46.28777,DAL
51190,Jose Juan Barea,86.20066,27.991880000000002,DAL
51190,Raymond Felton,67.43938,11.40735,DAL
51190,Charlie Villanueva,88.14594,16.58269,DAL
51190,Dwight Powell,90.30187,30.39163,DAL
51190,Gary Neal,75.30135,18.89364,WAS
51190,Garrett Temple,87.93393,29.55383,WAS
51190,Ramon Sessions,84.42357,41.49899,WAS
51190,Marcin Gortat,86.81614,25.81707,WAS
51190,Otto Porter,83.47263,27.16521,WAS
51200,Ball,88.76566,21.46103,Ball
51200,Devin Harris,76.29534,45.01231,DAL
51200,Jose Juan Barea,87.90739,26.74857,DAL
51200,Raymond Felton,65.06245,10.8234,DAL
51200,Charlie Villanueva,88.33529,19.41378,DAL
51200,Dwight Powell,89.79344,30.05237,DAL
51200,Gary Neal,75.30216,18.49683,WAS
51200,Garrett Temple,88.32358,29.23029,WAS
51200,Ramon Sessions,83.63052,40.7145,WAS
51200,Marcin Gortat,86.75381,25.32567,WAS
51200,Otto Porter,85.01736,24.68077,WAS
51210,Ball,89.08722,22.98816,Ball
51210,Devin Harris,73.29539,43.35114,DAL
51210,Jose Juan Barea,88.83887,26.50946,DAL
51210,Raymond Felton,62.81599,10.42247,DAL
51210,Charlie Villanueva,88.93352,22.09421,DAL
51210,Dwight Powell,89.18954,30.86376,DAL
51210,Gary Neal,75.02681,18.36279,WAS
51210,Garrett Temple,88.87244,29.43184,WAS
51210,Ramon Sessions,82.87539,39.61651,WAS
51210,Marcin Gortat,87.2135,24.43191,WAS
51210,Otto Porter,86.8697,21.95693,WAS
51220,Ball,88.16063,24.99823,Ball
51220,Devin Harris,70.36654,41.44939,DAL
51220,Jose Juan Barea,88.45109,27.28268,DAL
51220,Raymond Felton,60.61931,10.56835,DAL
51220,Charlie Villanueva,89.22257,23.59582,DAL
51220,Dwight Powell,87.78539,31.83645,DAL
51220,Gary Neal,74.18871,18.7742,WAS
51220,Garrett Temple,88.49341,29.35417,WAS
51220,Ramon Sessions,82.37712,39.05877,WAS
51220,Marcin Gortat,86.9931,24.51114,WAS
51220,Otto Porter,89.13118,19.56579,WAS
51230,Ball,88.08989,25.43896,Ball
51230,Devin Harris,67.2671,39.39601,DAL
51230,Jose Juan Barea,86.50331,27.87924,DAL
51230,Raymond Felton,58.5535,11.16092,DAL
51230,Charlie Villanueva,89.03188,24.76152,DAL
51230,Dwight Powell,85.52376,32.44988,DAL
51230,Gary Neal,72.2689,19.63122,WAS
51230,Garrett Temple,87.69754,30.18274,WAS
51230,Ramon Sessions,82.34968,38.98867,WAS
51230,Marcin Gortat,86.47318,24.88633,WAS
51230,Otto Porter,91.14476,16.84422,WAS
51240,Ball,87.67035,25.60278,Ball
51240,Devin Harris,63.92932,37.22935,DAL
51240,Jose Juan Barea,83.1239,27.93028,DAL
51240,Raymond Felton,56.33622,12.57677,DAL
51240,Charlie Villanueva,88.92636,24.97866,DAL
51240,Dwight Powell,82.30269,32.92496,DAL
51240,Gary Neal,68.6734,20.18654,WAS
51240,Garrett Temple,86.5614,32.33362,WAS
51240,Ramon Sessions,82.19746,39.46205,WAS
51240,Marcin Gortat,87.07992,25.49984,WAS
51240,Otto Porter,92.74135,14.715440000000001,WAS
51250,Ball,83.6794,35.32059,Ball
51250,Devin Harris,60.22499,35.18153,DAL
51250,Jose Juan Barea,78.92984,27.35982,DAL
51250,Raymond Felton,53.7956,14.23517,DAL
51250,Charlie Villanueva,88.37606,25.16414,DAL
51250,Dwight Powell,78.2606,32.77848,DAL
51250,Gary Neal,63.73259,20.31687,WAS
51250,Garrett Temple,84.40183,34.68792,WAS
51250,Ramon Sessions,81.78899,40.4443,WAS
51250,Marcin Gortat,87.58666,26.72152,WAS
51250,Otto Porter,93.66953,13.68701,WAS
51260,Ball,81.24616,37.90345,Ball
51260,Devin Harris,56.16791,33.343,DAL
51260,Jose Juan Barea,74.25354,26.21904,DAL
51260,Raymond Felton,50.88932,15.48282,DAL
51260,Charlie Villanueva,86.63757,25.1579,DAL
51260,Dwight Powell,73.8751,32.42534,DAL
51260,Gary Neal,58.17678,19.502,WAS
51260,Garrett Temple,80.61987,37.10881,WAS
51260,Ramon Sessions,81.08333,41.41534,WAS
51260,Marcin Gortat,88.99469,27.40362,WAS
51260,Otto Porter,93.23069,13.82095,WAS
