6360,Ball,50.26491,34.76911,Ball
6360,Chris Johnson,69.18953,38.99154,UTA
6360,Gordon Hayward,51.45161,11.8184,UTA
6360,Rudy Gobert,4.94289,12.06748,UTA
6360,Raul Neto,75.08204,25.97336,UTA
6360,Trey Lyles,50.62612,40.57388,UTA
6360,Dwyane Wade,84.32913,28.8652,MIA
6360,Chris Bosh,21.05079,31.14872,MIA
6360,Luol Deng,27.93169,19.07771,MIA
6360,Goran Dragic,90.31443,19.3451,MIA
6360,Hassan Whiteside,10.27027,22.20079,MIA
6370,Ball,43.86589,20.5571,Ball
6370,Chris Johnson,61.65624,40.21829,UTA
6370,Gordon Hayward,45.29447,11.26293,UTA
6370,Rudy Gobert,3.58544,11.08704,UTA
6370,Raul Neto,68.59013,25.23335,UTA
6370,Trey Lyles,43.1174,39.15195,UTA
6370,Dwyane Wade,78.54985,29.64159,MIA
6370,Chris Bosh,20.92081,30.53485,MIA
6370,Luol Deng,25.87997,18.08832,MIA
6370,Goran Dragic,90.28295,17.75512,MIA
6370,Hassan Whiteside,8.67571,20.79407,MIA
6380,Ball,38.23925,11.7527,Ball
6380,Chris Johnson,54.25127,41.38658,UTA
6380,Gordon Hayward,39.30436,11.0207,UTA
6380,Rudy Gobert,2.99648,10.3142,UTA
6380,Raul Neto,61.79188,24.59949,UTA
6380,Trey Lyles,35.54365,38.44268,UTA
6380,Dwyane Wade,72.2734,30.30847,MIA
6380,Chris Bosh,20.13483,29.85879,MIA
6380,Luol Deng,24.114,17.33988,MIA
6380,Goran Dragic,87.6953,16.34611,MIA
6380,Hassan Whiteside,7.57557,19.48514,MIA
6390,Ball,33.87364,12.32105,Ball
6390,Chris Johnson,46.99032,42.24149,UTA
6390,Gordon Hayward,34.56713,10.91624,UTA
6390,Rudy Gobert,3.01863,9.38875,UTA
6390,Raul Neto,54.74043,24.20339,UTA
6390,Trey Lyles,28.33613,38.89381,UTA
6390,Dwyane Wade,65.79627,31.09343,MIA
6390,Chris Bosh,18.34292,29.70427,MIA
6390,Luol Deng,23.13721,16.72672,MIA
6390,Goran Dragic,83.22897,15.66143,MIA
6390,Hassan Whiteside,7.10548,18.44381,MIA
6400,Ball,31.43454,12.42,Ball
6400,Chris Johnson,40.40151,42.77175,UTA
6400,Gordon Hayward,30.99473,11.46646,UTA
6400,Rudy Gobert,3.09666,8.49938,UTA
6400,Raul Neto,47.50924,24.180790000000002,UTA
6400,Trey Lyles,21.88312,40.9112,UTA
6400,Dwyane Wade,59.12109,31.97931,MIA
6400,Chris Bosh,16.43289,29.81986,MIA
6400,Luol Deng,22.56392,16.17906,MIA
6400,Goran Dragic,77.93141,15.41059,MIA
6400,Hassan Whiteside,7.09999,17.2574,MIA
6410,Ball,31.51673,16.90871,Ball
6410,Chris Johnson,34.69762,42.6357,UTA
6410,Gordon Hayward,28.12982,11.24787,UTA
6410,Rudy Gobert,3.18728,8.54989,UTA
6410,Raul Neto,39.82487,24.38083,UTA
6410,Trey Lyles,15.8591,43.71389,UTA
6410,Dwyane Wade,52.20663,32.78959,MIA
6410,Chris Bosh,14.46036,29.63299,MIA
6410,Luol Deng,21.931350000000002,15.68396,MIA
6410,Goran Dragic,71.72901,15.7554,MIA
6410,Hassan Whiteside,7.18589,16.37118,MIA
6420,Ball,31.23179,23.71788,Ball
6420,Chris Johnson,29.88033,42.02489,UTA
6420,Gordon Hayward,26.39719,9.91092,UTA
6420,Rudy Gobert,3.1801,9.03383,UTA
6420,Raul Neto,31.74093,24.7771,UTA
6420,Trey Lyles,10.97059,46.01047,UTA
6420,Dwyane Wade,45.20466,33.5775,MIA
6420,Chris Bosh,12.80516,29.0753,MIA
6420,Luol Deng,20.75182,15.09071,MIA
6420,Goran Dragic,64.91284,16.71618,MIA
6420,Hassan Whiteside,6.98894,15.74591,MIA
6430,Ball,22.89173,23.88761,Ball
6430,Chris Johnson,25.73223,40.20107,UTA
6430,Gordon Hayward,24.96671,8.68292,UTA
6430,Rudy Gobert,3.92689,9.93599,UTA
6430,Raul Neto,23.6836,25.20085,UTA
6430,Trey Lyles,7.67783,47.13242,UTA
6430,Dwyane Wade,38.31323,34.523740000000004,MIA
6430,Chris Bosh,11.45789,28.40396,MIA
6430,Luol Deng,19.0774,14.8643,MIA
6430,Goran Dragic,57.59338,17.93222,MIA
6430,Hassan Whiteside,6.06455,16.14173,MIA
6440,Ball,13.53323,33.8937,Ball
6440,Chris Johnson,21.34329,37.21023,UTA
6440,Gordon Hayward,24.22604,8.11421,UTA
6440,Rudy Gobert,5.19724,11.67431,UTA
6440,Raul Neto,16.59695,25.34798,UTA
6440,Trey Lyles,6.08194,47.79363,UTA
6440,Dwyane Wade,31.70048,35.49555,MIA
6440,Chris Bosh,10.53333,28.14251,MIA
6440,Luol Deng,16.92317,15.41462,MIA
6440,Goran Dragic,50.11151,19.77001,MIA
6440,Hassan Whiteside,5.73065,17.73007,MIA
6450,Ball,5.70163,46.20091,Ball
6450,Chris Johnson,17.63753,34.70943,UTA
6450,Gordon Hayward,24.04945,8.00946,UTA
6450,Rudy Gobert,6.49889,14.19753,UTA
6450,Raul Neto,11.13882,24.64926,UTA
6450,Trey Lyles,5.53992,47.99969,UTA
6450,Dwyane Wade,25.48184,35.88118,MIA
6450,Chris Bosh,9.1946,29.02246,MIA
6450,Luol Deng,15.01648,16.45478,MIA
6450,Goran Dragic,42.83811,22.48289,MIA
6450,Hassan Whiteside,5.85069,20.02051,MIA
6460,Ball,5.0763,47.00477,Ball
6460,Chris Johnson,15.94322,33.35445,UTA
6460,Gordon Hayward,24.43826,8.4095,UTA
6460,Rudy Gobert,8.06058,16.65467,UTA
6460,Raul Neto,7.81585,24.19029,UTA
6460,Trey Lyles,5.2792,47.68241,UTA
6460,Dwyane Wade,20.21181,35.715,MIA
6460,Chris Bosh,7.74238,32.73451,MIA
6460,Luol Deng,12.80041,17.51693,MIA
6460,Goran Dragic,36.0041,25.08091,MIA
6460,Hassan Whiteside,5.53626,20.94418,MIA
6470,Ball,5.04345,44.75857,Ball
6470,Chris Johnson,15.69067,32.85545,UTA
6470,Gordon Hayward,25.28215,9.31868,UTA
6470,Rudy Gobert,8.0667,18.19759,UTA
6470,Raul Neto,7.47644,23.56203,UTA
6470,Trey Lyles,5.06357,47.30673,UTA
6470,Dwyane Wade,15.51735,35.13021,MIA
6470,Chris Bosh,6.54487,36.79434,MIA
6470,Luol Deng,11.52063,18.2816,MIA
6470,Goran Dragic,29.74693,26.72083,MIA
6470,Hassan Whiteside,5.73897,20.82345,MIA
6480,Ball,5.2425,37.25497,Ball
6480,Chris Johnson,15.92058,32.83479,UTA
6480,Gordon Hayward,26.44238,10.60509,UTA
6480,Rudy Gobert,8.17654,19.12168,UTA
6480,Raul Neto,9.752320000000001,23.05688,UTA
6480,Trey Lyles,4.83156,47.2062,UTA
6480,Dwyane Wade,12.30992,33.58804,MIA
6480,Chris Bosh,5.75397,39.62842,MIA
6480,Luol Deng,10.11819,18.73403,MIA
6480,Goran Dragic,24.14101,27.29807,MIA
6480,Hassan Whiteside,6.22091,20.80923,MIA
6490,Ball,5.56206,29.75911,Ball
6490,Chris Johnson,15.42975,32.31361,UTA
6490,Gordon Hayward,27.838070000000002,11.95245,UTA
6490,Rudy Gobert,8.14631,19.55041,UTA
6490,Raul Neto,11.2388,24.32571,UTA
6490,Trey Lyles,5.42284,47.77696,UTA
6490,Dwyane Wade,9.92799,31.82497,MIA
6490,Chris Bosh,5.84625,40.52401,MIA
6490,Luol Deng,9.02806,19.49194,MIA
6490,Goran Dragic,20.35023,26.82295,MIA
6490,Hassan Whiteside,6.35792,21.01406,MIA
6500,Ball,4.77844,24.94814,Ball
6500,Chris Johnson,14.13171,31.69947,UTA
6500,Gordon Hayward,29.442,13.50947,UTA
6500,Rudy Gobert,8.24587,19.65512,UTA
6500,Raul Neto,13.24544,25.16346,UTA
6500,Trey Lyles,7.30666,48.22954,UTA
6500,Dwyane Wade,8.3013,30.24123,MIA
6500,Chris Bosh,6.29618,40.48509,MIA
6500,Luol Deng,8.28642,20.92058,MIA
6500,Goran Dragic,17.31237,25.6946,MIA
6500,Hassan Whiteside,6.29491,21.30981,MIA
6510,Ball,2.36619,26.42302,Ball
6510,Chris Johnson,13.18861,31.5926,UTA
6510,Gordon Hayward,30.74516,15.11367,UTA
6510,Rudy Gobert,9.15489,20.05982,UTA
6510,Raul Neto,15.7521,25.95852,UTA
6510,Trey Lyles,10.82193,47.87203,UTA
6510,Dwyane Wade,7.25997,29.30688,MIA
6510,Chris Bosh,6.40093,40.25708,MIA
6510,Luol Deng,9.28246,19.57625,MIA
6510,Goran Dragic,15.98079,24.48727,MIA
6510,Hassan Whiteside,6.79258,21.15242,MIA
6520,Ball,0.5567500000000001,29.20885,Ball
6520,Chris Johnson,14.3605,31.32923,UTA
6520,Gordon Hayward,32.21324,16.14053,UTA
6520,Rudy Gobert,11.48481,20.92913,UTA
6520,Raul Neto,18.66015,25.83233,UTA
6520,Trey Lyles,15.49129,46.70386,UTA
6520,Dwyane Wade,5.72841,29.42522,MIA
6520,Chris Bosh,6.36834,40.10158,MIA
6520,Luol Deng,11.13514,17.52536,MIA
6520,Goran Dragic,15.56367,22.60149,MIA
6520,Hassan Whiteside,7.14082,20.7104,MIA
6620,Ball,2.22903,28.1907,Ball
6620,Chris Johnson,46.44475,33.7927,UTA
6620,Gordon Hayward,56.56906,12.05686,UTA
6620,Rudy Gobert,51.52261,25.17798,UTA
6620,Raul Neto,19.01321,21.10963,UTA
6620,Trey Lyles,67.11284,30.70237,UTA
6620,Dwyane Wade,-0.61831,35.2881,MIA
6620,Chris Bosh,21.55554,41.90064,MIA
6620,Luol Deng,52.76518,2.82351,MIA
6620,Goran Dragic,11.81494,15.804030000000001,MIA
6620,Hassan Whiteside,49.89181,20.9382,MIA
6630,Ball,6.15276,19.78509,Ball
6630,Chris Johnson,48.69432,33.72777,UTA
6630,Gordon Hayward,59.56983,11.73351,UTA
6630,Rudy Gobert,56.26772,25.07147,UTA
6630,Raul Neto,15.87785,20.11181,UTA
6630,Trey Lyles,69.18671,30.39321,UTA
6630,Dwyane Wade,0.61892,36.04591,MIA
6630,Chris Bosh,23.935670000000002,41.92079,MIA
6630,Luol Deng,57.38206,2.57855,MIA
6630,Goran Dragic,8.65207,16.28765,MIA
6630,Hassan Whiteside,55.50578,21.11209,MIA
6640,Ball,6.91822,16.9593,Ball
6640,Chris Johnson,50.79366,33.60964,UTA
6640,Gordon Hayward,62.45775,11.21447,UTA
6640,Rudy Gobert,60.78656,24.86298,UTA
6640,Raul Neto,14.71281,19.98087,UTA
6640,Trey Lyles,70.34239,30.52365,UTA
6640,Dwyane Wade,2.55225,36.51544,MIA
6640,Chris Bosh,26.66744,41.73264,MIA
6640,Luol Deng,61.65805,2.2864,MIA
6640,Goran Dragic,6.98268,16.27223,MIA
6640,Hassan Whiteside,60.31417,21.29409,MIA
6650,Ball,7.50425,24.28521,Ball
6650,Chris Johnson,52.92145,33.37662,UTA
6650,Gordon Hayward,65.2579,10.959810000000001,UTA
6650,Rudy Gobert,64.99439,24.24091,UTA
6650,Raul Neto,15.04612,19.79486,UTA
6650,Trey Lyles,71.19386,31.13822,UTA
6650,Dwyane Wade,5.00502,36.77613,MIA
6650,Chris Bosh,29.55359,41.67367,MIA
6650,Luol Deng,65.84808,2.20244,MIA
6650,Goran Dragic,6.99207,16.10805,MIA
6650,Hassan Whiteside,64.52414,21.24912,MIA
6660,Ball,8.20177,34.33259,Ball
6660,Chris Johnson,54.90335,33.29587,UTA
6660,Gordon Hayward,68.06342,10.76686,UTA
6660,Rudy Gobert,67.88741,23.31875,UTA
6660,Raul Neto,16.76692,18.94072,UTA
6660,Trey Lyles,71.53303,31.38249,UTA
6660,Dwyane Wade,8.01894,36.96743,MIA
6660,Chris Bosh,32.51798,41.17873,MIA
6660,Luol Deng,69.84388,2.05932,MIA
6660,Goran Dragic,8.78281,15.64429,MIA
6660,Hassan Whiteside,68.156,21.16692,MIA
6670,Ball,12.82595,36.24322,Ball
6670,Chris Johnson,56.94452,33.12982,UTA
6670,Gordon Hayward,70.61183,10.42387,UTA
6670,Rudy Gobert,70.83768,23.18579,UTA
6670,Raul Neto,19.06912,18.27213,UTA
6670,Trey Lyles,71.18498,31.47195,UTA
6670,Dwyane Wade,11.28525,37.11477,MIA
6670,Chris Bosh,35.44043,40.21946,MIA
6670,Luol Deng,73.36867,2.01221,MIA
6670,Goran Dragic,11.62006,15.23113,MIA
6670,Hassan Whiteside,71.08993,20.90879,MIA
6680,Ball,16.07523,37.30777,Ball
6680,Chris Johnson,58.81239,33.15215,UTA
6680,Gordon Hayward,73.07519,10.49993,UTA
6680,Rudy Gobert,73.21691,22.75684,UTA
6680,Raul Neto,22.3397,17.82238,UTA
6680,Trey Lyles,70.93254,31.48279,UTA
6680,Dwyane Wade,14.91907,37.34563,MIA
6680,Chris Bosh,38.39667,38.61225,MIA
6680,Luol Deng,76.43949,1.8133400000000002,MIA
6680,Goran Dragic,15.49412,14.68985,MIA
6680,Hassan Whiteside,73.67712,20.56486,MIA
6690,Ball,19.26618,38.02799,Ball
6690,Chris Johnson,60.09052,32.90921,UTA
6690,Gordon Hayward,75.4231,10.82129,UTA
6690,Rudy Gobert,75.40563,22.551,UTA
6690,Raul Neto,26.15469,17.5008,UTA
6690,Trey Lyles,70.69495,31.51596,UTA
6690,Dwyane Wade,18.6481,37.1796,MIA
6690,Chris Bosh,41.11736,36.47968,MIA
6690,Luol Deng,79.32233,2.10506,MIA
6690,Goran Dragic,20.11362,13.943060000000001,MIA
6690,Hassan Whiteside,75.86224,20.33563,MIA
6700,Ball,24.50605,37.26886,Ball
6700,Chris Johnson,61.02436,32.65905,UTA
6700,Gordon Hayward,77.50665,11.0265,UTA
6700,Rudy Gobert,77.42047,22.94891,UTA
6700,Raul Neto,30.44649,17.27492,UTA
6700,Trey Lyles,70.39563,31.19169,UTA
6700,Dwyane Wade,22.0761,37.077,MIA
6700,Chris Bosh,43.67498,34.07117,MIA
6700,Luol Deng,81.43316,2.2804,MIA
6700,Goran Dragic,24.7889,12.94044,MIA
6700,Hassan Whiteside,77.86075,19.86717,MIA
6710,Ball,27.34325,36.07814,Ball
6710,Chris Johnson,61.17811,32.62353,UTA
6710,Gordon Hayward,79.41214,11.48648,UTA
6710,Rudy Gobert,79.14766,22.94712,UTA
6710,Raul Neto,35.02622,17.0166,UTA
6710,Trey Lyles,70.23143,30.0912,UTA
6710,Dwyane Wade,26.72553,36.70098,MIA
6710,Chris Bosh,46.50625,31.88465,MIA
6710,Luol Deng,82.83952,2.66133,MIA
6710,Goran Dragic,29.50679,11.82603,MIA
6710,Hassan Whiteside,79.49103,19.45876,MIA
6720,Ball,31.48054,36.97645,Ball
6720,Chris Johnson,60.52424,32.66972,UTA
6720,Gordon Hayward,81.12764,11.67397,UTA
6720,Rudy Gobert,80.33273,22.85987,UTA
6720,Raul Neto,39.72665,16.85649,UTA
6720,Trey Lyles,70.01006,28.6295,UTA
6720,Dwyane Wade,30.75748,37.48033,MIA
6720,Chris Bosh,49.28913,29.96447,MIA
6720,Luol Deng,84.5947,2.41449,MIA
6720,Goran Dragic,34.26592,10.61222,MIA
6720,Hassan Whiteside,81.23857,19.3209,MIA
6730,Ball,37.02328,39.44825,Ball
6730,Chris Johnson,59.47843,32.8758,UTA
6730,Gordon Hayward,82.86771,12.1008,UTA
6730,Rudy Gobert,81.73098,22.91021,UTA
6730,Raul Neto,44.46244,16.68823,UTA
6730,Trey Lyles,70.10324,27.32407,UTA
6730,Dwyane Wade,34.734,38.8841,MIA
6730,Chris Bosh,52.16691,28.53309,MIA
6730,Luol Deng,86.07308,1.83955,MIA
6730,Goran Dragic,39.04629,9.49843,MIA
6730,Hassan Whiteside,82.89693,18.92097,MIA
