59680,Ball,59.58606,19.21678,Ball
59680,Tyson Chandler,69.87116,19.15052,PHX
59680,PJ Tucker,82.16795,16.30415,PHX
59680,Alex Len,85.63236,14.28204,PHX
59680,Archie Goodwin,82.40838,37.02958,PHX
59680,Devin Booker,63.74813,24.46132,PHX
59680,Kyle Korver,83.16163,6.79157,ATL
59680,Al Horford,66.86947,20.11591,ATL
59680,Thabo Sefolosha,86.22492,7.38986,ATL
59680,Tim Hardaway Jr.,82.54797,48.13425,ATL
59680,Dennis Schroder,59.10215,20.53753,ATL
59690,Ball,61.51896,17.1464,Ball
59690,Tyson Chandler,70.65304,18.51638,PHX
59690,PJ Tucker,79.8459,13.12234,PHX
59690,Alex Len,85.74479,14.56006,PHX
59690,Archie Goodwin,83.29719,36.96361,PHX
59690,Devin Booker,66.83879,24.38217,PHX
59690,Kyle Korver,79.98262,4.65284,ATL
59690,Al Horford,68.30429,21.78685,ATL
59690,Thabo Sefolosha,86.9664,9.25121,ATL
59690,Tim Hardaway Jr.,81.91694,48.00605,ATL
59690,Dennis Schroder,61.01706,18.34623,ATL
59700,Ball,63.24932,14.86404,Ball
59700,Tyson Chandler,71.5705,17.72353,PHX
59700,PJ Tucker,78.20637,10.4491,PHX
59700,Alex Len,86.20583,15.3996,PHX
59700,Archie Goodwin,83.85309,36.65868,PHX
59700,Devin Booker,70.23013,24.8731,PHX
59700,Kyle Korver,78.0475,3.4348,ATL
59700,Al Horford,70.7915,22.90375,ATL
59700,Thabo Sefolosha,87.6729,10.51056,ATL
59700,Tim Hardaway Jr.,80.73421,47.71127,ATL
59700,Dennis Schroder,62.83669,16.67782,ATL
59700,Ball,63.38186,14.64571,Ball
59700,Tyson Chandler,71.67376,17.65586,PHX
59700,PJ Tucker,78.07181,10.17335,PHX
59700,Alex Len,86.28277,15.48004,PHX
59700,Archie Goodwin,83.88429,36.60181,PHX
59700,Devin Booker,70.60283,24.94558,PHX
59700,Kyle Korver,77.90467,3.29301,ATL
59700,Al Horford,71.09245,22.9807,ATL
59700,Thabo Sefolosha,87.78154,10.58386,ATL
59700,Tim Hardaway Jr.,80.55386,47.65636,ATL
59700,Dennis Schroder,63.02287,16.52621,ATL
59720,Ball,66.50097,14.51557,Ball
59720,Tyson Chandler,72.82378,17.18891,PHX
59720,PJ Tucker,77.55499,6.6785,PHX
59720,Alex Len,87.86683,16.63091,PHX
59720,Archie Goodwin,82.96147,36.15072,PHX
59720,Devin Booker,78.24537,24.15706,PHX
59720,Kyle Korver,77.58599,1.82298,ATL
59720,Al Horford,76.92295,25.01869,ATL
59720,Thabo Sefolosha,89.567,9.74867,ATL
59720,Tim Hardaway Jr.,75.48721,45.91369,ATL
59720,Dennis Schroder,65.12305,15.01164,ATL
59720,Ball,66.5544,14.65924,Ball
59720,Tyson Chandler,72.81732,17.22517,PHX
59720,PJ Tucker,77.56233,6.59757,PHX
59720,Alex Len,87.92827,16.72098,PHX
59720,Archie Goodwin,82.82493,36.18337,PHX
59720,Devin Booker,78.57873,24.16148,PHX
59720,Kyle Korver,77.60941,1.81126,ATL
59720,Al Horford,77.22335,24.99985,ATL
59720,Thabo Sefolosha,89.66927,9.66677,ATL
59720,Tim Hardaway Jr.,75.20324,45.78721,ATL
59720,Dennis Schroder,65.13485,15.09758,ATL
59730,Ball,65.02048,17.63404,Ball
59730,Tyson Chandler,72.5867,18.38233,PHX
59730,PJ Tucker,77.91458,6.2828,PHX
59730,Alex Len,88.23191,17.37054,PHX
59730,Archie Goodwin,81.06722,36.22587,PHX
59730,Devin Booker,81.25804,24.66129,PHX
59730,Kyle Korver,77.5931,1.7657500000000002,ATL
59730,Al Horford,79.99144,25.1327,ATL
59730,Thabo Sefolosha,90.6771,8.97871,ATL
59730,Tim Hardaway Jr.,72.93588,44.67077,ATL
59730,Dennis Schroder,64.86675,16.41644,ATL
59740,Ball,63.11542,18.944490000000002,Ball
59740,Tyson Chandler,72.28313,20.49673,PHX
59740,PJ Tucker,78.26791,6.42438,PHX
59740,Alex Len,88.18483,17.68429,PHX
59740,Archie Goodwin,79.23246,36.09434,PHX
59740,Devin Booker,82.34624,26.05466,PHX
59740,Kyle Korver,77.44272,1.76181,ATL
59740,Al Horford,82.14507,25.19531,ATL
59740,Thabo Sefolosha,91.01129,8.15317,ATL
59740,Tim Hardaway Jr.,72.03082,44.10342,ATL
59740,Dennis Schroder,64.34043,18.04539,ATL
59740,Ball,62.90283,18.90035,Ball
59740,Tyson Chandler,72.28392,20.67151,PHX
59740,PJ Tucker,78.27003,6.46797,PHX
59740,Alex Len,88.14971,17.76562,PHX
59740,Archie Goodwin,79.0252,36.09144,PHX
59740,Devin Booker,82.39851,26.22822,PHX
59740,Kyle Korver,77.43621,1.7626,ATL
59740,Al Horford,82.33161,25.21029,ATL
59740,Thabo Sefolosha,91.02724,8.05696,ATL
59740,Tim Hardaway Jr.,71.987,44.08326,ATL
59740,Dennis Schroder,64.27996,18.27138,ATL
59750,Ball,63.57449,21.60869,Ball
59750,Tyson Chandler,72.33088,21.13468,PHX
59750,PJ Tucker,78.06917,7.0871,PHX
59750,Alex Len,87.53304,19.43309,PHX
59750,Archie Goodwin,77.65344,36.20327,PHX
59750,Devin Booker,83.57227,26.92396,PHX
59750,Kyle Korver,77.43016,1.79649,ATL
59750,Al Horford,82.97272,25.76436,ATL
59750,Thabo Sefolosha,91.20371,7.41845,ATL
59750,Tim Hardaway Jr.,72.1106,44.20878,ATL
59750,Dennis Schroder,64.06953,20.26572,ATL
59760,Ball,64.63078,23.00482,Ball
59760,Tyson Chandler,72.4937,21.54954,PHX
59760,PJ Tucker,77.99762,7.69247,PHX
59760,Alex Len,86.28333,21.91055,PHX
59760,Archie Goodwin,77.2465,36.12742,PHX
59760,Devin Booker,84.93521,25.43427,PHX
59760,Kyle Korver,77.37695,1.85366,ATL
59760,Al Horford,83.9181,25.750140000000002,ATL
59760,Thabo Sefolosha,90.927,6.71745,ATL
59760,Tim Hardaway Jr.,72.78175,44.7382,ATL
59760,Dennis Schroder,63.9162,21.92425,ATL
59770,Ball,64.33536,22.13853,Ball
59770,Tyson Chandler,72.33963,22.69812,PHX
59770,PJ Tucker,78.43046,7.82383,PHX
59770,Alex Len,85.55163,23.65954,PHX
59770,Archie Goodwin,77.59203,36.27065,PHX
59770,Devin Booker,84.3381,23.80832,PHX
59770,Kyle Korver,76.54298,2.10204,ATL
59770,Al Horford,84.86545,25.89725,ATL
59770,Thabo Sefolosha,90.51291,6.38952,ATL
59770,Tim Hardaway Jr.,73.73521,45.57286,ATL
59770,Dennis Schroder,63.7796,22.40488,ATL
59780,Ball,63.93444,22.20195,Ball
59780,Tyson Chandler,71.04239,23.44283,PHX
59780,PJ Tucker,77.96557,8.09568,PHX
59780,Alex Len,85.42086,24.51725,PHX
59780,Archie Goodwin,78.46394,36.46399,PHX
59780,Devin Booker,82.92677,22.45721,PHX
59780,Kyle Korver,74.51739,2.40011,ATL
59780,Al Horford,85.1038,26.42088,ATL
59780,Thabo Sefolosha,90.1289,6.3731100000000005,ATL
59780,Tim Hardaway Jr.,74.61001,45.95832,ATL
59780,Dennis Schroder,63.67436,22.37773,ATL
59790,Ball,69.80677,22.67335,Ball
59790,Tyson Chandler,69.10275,23.47708,PHX
59790,PJ Tucker,76.90956,8.84772,PHX
59790,Alex Len,85.36647,25.74117,PHX
59790,Archie Goodwin,79.23586,36.03811,PHX
59790,Devin Booker,82.99416,20.79271,PHX
59790,Kyle Korver,72.67046,3.4103,ATL
59790,Al Horford,85.05461,27.44894,ATL
59790,Thabo Sefolosha,90.07301,7.19382,ATL
59790,Tim Hardaway Jr.,74.57386,45.94127,ATL
59790,Dennis Schroder,63.61258,22.44918,ATL
59790,Ball,70.54878,22.72808,Ball
59790,Tyson Chandler,68.85702,23.47148,PHX
59790,PJ Tucker,76.86074,8.93162,PHX
59790,Alex Len,85.37645,25.89972,PHX
59790,Archie Goodwin,79.3276,35.96432,PHX
59790,Devin Booker,83.11957,20.54355,PHX
59790,Kyle Korver,72.47524,3.57013,ATL
59790,Al Horford,85.04729,27.61528,ATL
59790,Thabo Sefolosha,90.07889,7.3812,ATL
59790,Tim Hardaway Jr.,74.51598,45.91929,ATL
59790,Dennis Schroder,63.58726,22.44682,ATL
59800,Ball,77.20076,23.70416,Ball
59800,Tyson Chandler,66.6973,23.57664,PHX
59800,PJ Tucker,76.92687,10.31965,PHX
59800,Alex Len,85.25981,26.96681,PHX
59800,Archie Goodwin,80.13523,35.25462,PHX
59800,Devin Booker,84.53597,18.68123,PHX
59800,Kyle Korver,70.89042,5.21871,ATL
59800,Al Horford,84.88964,28.96368,ATL
59800,Thabo Sefolosha,89.87676,9.87438,ATL
59800,Tim Hardaway Jr.,73.54422,45.52928,ATL
59800,Dennis Schroder,62.55352,22.4692,ATL
59810,Ball,84.38848,24.62202,Ball
59810,Tyson Chandler,64.33596,23.97407,PHX
59810,PJ Tucker,77.43839,12.85191,PHX
59810,Alex Len,85.22699,27.34985,PHX
59810,Archie Goodwin,80.78157,34.50223,PHX
59810,Devin Booker,86.321,17.31502,PHX
59810,Kyle Korver,69.26281,7.1454,ATL
59810,Al Horford,85.425,29.61786,ATL
59810,Thabo Sefolosha,87.65624,12.69418,ATL
59810,Tim Hardaway Jr.,71.80973,44.57137,ATL
59810,Dennis Schroder,59.85294,22.70773,ATL
59820,Ball,88.8684,25.01591,Ball
59820,Tyson Chandler,62.3471,24.45833,PHX
59820,PJ Tucker,78.04876,15.69621,PHX
59820,Alex Len,85.53081,27.46596,PHX
59820,Archie Goodwin,81.33546,34.12253,PHX
59820,Devin Booker,85.9951,16.56226,PHX
59820,Kyle Korver,67.54961,9.31998,ATL
59820,Al Horford,85.92076,29.95919,ATL
59820,Thabo Sefolosha,83.99619,15.76212,ATL
59820,Tim Hardaway Jr.,69.94519,43.56047,ATL
59820,Dennis Schroder,56.62273,23.31793,ATL
59830,Ball,86.88592,24.98739,Ball
59830,Tyson Chandler,60.47362,24.38952,PHX
59830,PJ Tucker,78.32514,19.34222,PHX
59830,Alex Len,85.82371,27.10553,PHX
59830,Archie Goodwin,82.09888,34.14459,PHX
59830,Devin Booker,83.9807,17.72893,PHX
59830,Kyle Korver,65.53177,11.84978,ATL
59830,Al Horford,85.54964,29.67032,ATL
59830,Thabo Sefolosha,81.1342,19.33509,ATL
59830,Tim Hardaway Jr.,67.76071,42.47597,ATL
59830,Dennis Schroder,53.05388,24.24931,ATL
59840,Ball,85.29821,25.3928,Ball
59840,Tyson Chandler,59.17044,24.59016,PHX
59840,PJ Tucker,78.67723,21.92721,PHX
59840,Alex Len,85.49906,26.09483,PHX
59840,Archie Goodwin,82.69896,34.48564,PHX
59840,Devin Booker,81.96152,20.10503,PHX
59840,Kyle Korver,64.53399,13.89785,ATL
59840,Al Horford,84.74806,29.24323,ATL
59840,Thabo Sefolosha,81.23972,22.57433,ATL
59840,Tim Hardaway Jr.,66.15544,41.47703,ATL
59840,Dennis Schroder,50.73304,24.86877,ATL
59840,Ball,85.08365,25.36472,Ball
59840,Tyson Chandler,59.02973,24.61147,PHX
59840,PJ Tucker,78.72255,22.14739,PHX
59840,Alex Len,85.44652,25.98437,PHX
59840,Archie Goodwin,82.73851,34.52843,PHX
59840,Devin Booker,81.77605,20.43043,PHX
59840,Kyle Korver,64.47513000000001,14.125070000000001,ATL
59840,Al Horford,84.68574,29.21667,ATL
59840,Thabo Sefolosha,81.43887,22.92288,ATL
59840,Tim Hardaway Jr.,65.98307,41.38173,ATL
59840,Dennis Schroder,50.52065,24.93406,ATL
59850,Ball,83.51548,25.8502,Ball
59850,Tyson Chandler,57.83203,24.67273,PHX
59850,PJ Tucker,78.47264,23.91876,PHX
59850,Alex Len,84.73538,25.20732,PHX
59850,Archie Goodwin,83.02339,34.77491,PHX
59850,Devin Booker,80.36559,23.22428,PHX
59850,Kyle Korver,64.35413,15.80812,ATL
59850,Al Horford,84.65535,28.9069,ATL
59850,Thabo Sefolosha,82.68101,24.34308,ATL
59850,Tim Hardaway Jr.,64.47182,40.6891,ATL
59850,Dennis Schroder,48.97519,25.37093,ATL
59860,Ball,84.27521,24.04252,Ball
59860,Tyson Chandler,56.45217,24.97894,PHX
59860,PJ Tucker,76.58085,24.87942,PHX
59860,Alex Len,84.0663,24.95469,PHX
59860,Archie Goodwin,83.53678,34.7606,PHX
59860,Devin Booker,78.93657,25.89541,PHX
59860,Kyle Korver,64.24721,16.84904,ATL
59860,Al Horford,85.04458,28.79496,ATL
59860,Thabo Sefolosha,83.08552,23.94598,ATL
59860,Tim Hardaway Jr.,63.15811,40.16035,ATL
59860,Dennis Schroder,47.52127,25.50333,ATL
59870,Ball,82.9622,23.64762,Ball
59870,Tyson Chandler,54.77616,25.57407,PHX
59870,PJ Tucker,73.58004,25.87117,PHX
59870,Alex Len,84.60146,24.29303,PHX
59870,Archie Goodwin,84.01296,34.75833,PHX
59870,Devin Booker,76.83876,28.78008,PHX
59870,Kyle Korver,63.11841,17.60793,ATL
59870,Al Horford,85.18747,29.00946,ATL
59870,Thabo Sefolosha,83.0241,23.97387,ATL
59870,Tim Hardaway Jr.,61.31907,39.85385,ATL
59870,Dennis Schroder,46.09725,25.68134,ATL
59880,Ball,81.38411,22.69146,Ball
59880,Tyson Chandler,52.68374,26.14963,PHX
59880,PJ Tucker,69.11361,27.18179,PHX
59880,Alex Len,84.41254,24.76062,PHX
59880,Archie Goodwin,84.10145,34.72501,PHX
59880,Devin Booker,74.13643,31.89202,PHX
59880,Kyle Korver,60.22435,18.48747,ATL
59880,Al Horford,83.8462,29.14947,ATL
59880,Thabo Sefolosha,81.64649,24.560200000000002,ATL
59880,Tim Hardaway Jr.,58.64899,39.35926,ATL
59880,Dennis Schroder,44.42052,25.90336,ATL
59890,Ball,85.29532,23.11429,Ball
59890,Tyson Chandler,51.03203,26.56412,PHX
59890,PJ Tucker,64.80639,27.00135,PHX
59890,Alex Len,84.42653,25.13744,PHX
59890,Archie Goodwin,84.34376,34.5121,PHX
59890,Devin Booker,71.72635,34.42928,PHX
59890,Kyle Korver,56.50512,19.33633,ATL
59890,Al Horford,82.06252,29.20694,ATL
59890,Thabo Sefolosha,79.45093,24.1364,ATL
59890,Tim Hardaway Jr.,56.19157,38.64011,ATL
59890,Dennis Schroder,42.89915,25.84123,ATL
59890,Ball,85.13492,23.05853,Ball
59890,Tyson Chandler,50.83296,26.5864,PHX
59890,PJ Tucker,64.31971,26.9178,PHX
59890,Alex Len,84.44219,25.07985,PHX
59890,Archie Goodwin,84.40014,34.47163,PHX
59890,Devin Booker,71.4783,34.71052,PHX
59890,Kyle Korver,56.05611,19.41569,ATL
59890,Al Horford,81.83317,29.19317,ATL
59890,Thabo Sefolosha,79.15699,24.05633,ATL
59890,Tim Hardaway Jr.,55.89734,38.57175,ATL
59890,Dennis Schroder,42.73656,25.84644,ATL
59900,Ball,83.01194,24.70401,Ball
59900,Tyson Chandler,48.9899,26.29821,PHX
59900,PJ Tucker,60.01522,25.41126,PHX
59900,Alex Len,84.09807,25.19945,PHX
59900,Archie Goodwin,84.8129,34.19224,PHX
59900,Devin Booker,69.10927,37.25847,PHX
59900,Kyle Korver,52.04312,20.00949,ATL
59900,Al Horford,78.85514,29.42666,ATL
59900,Thabo Sefolosha,76.02499,23.44712,ATL
59900,Tim Hardaway Jr.,53.03847,38.04928,ATL
59900,Dennis Schroder,41.29343,26.02912,ATL
59910,Ball,82.94819,33.15396,Ball
59910,Tyson Chandler,46.91161,25.26793,PHX
59910,PJ Tucker,55.32783,22.31942,PHX
59910,Alex Len,83.04063,25.73455,PHX
59910,Archie Goodwin,84.5233,34.25768,PHX
59910,Devin Booker,66.04931,40.14244,PHX
59910,Kyle Korver,47.0507,20.41997,ATL
59910,Al Horford,74.22287,29.41439,ATL
59910,Thabo Sefolosha,71.8349,23.09523,ATL
59910,Tim Hardaway Jr.,49.84148,37.15844,ATL
59910,Dennis Schroder,39.64257,26.09934,ATL
59920,Ball,83.03712,35.8269,Ball
59920,Tyson Chandler,44.65329,24.10581,PHX
59920,PJ Tucker,50.63762,18.61767,PHX
59920,Alex Len,81.08705,26.28119,PHX
59920,Archie Goodwin,83.71098,34.6183,PHX
59920,Devin Booker,62.51186,42.55473,PHX
59920,Kyle Korver,41.97253,19.94065,ATL
59920,Al Horford,68.80609,29.40973,ATL
59920,Thabo Sefolosha,67.24956,22.98193,ATL
59920,Tim Hardaway Jr.,46.63462,35.84044,ATL
59920,Dennis Schroder,37.94477,26.04776,ATL
59930,Ball,82.00287,33.84411,Ball
59930,Tyson Chandler,41.87968,22.56345,PHX
59930,PJ Tucker,45.36402,14.58747,PHX
59930,Alex Len,78.0868,26.88186,PHX
59930,Archie Goodwin,82.21526,34.25118,PHX
59930,Devin Booker,57.62606,44.5159,PHX
59930,Kyle Korver,37.0165,18.97797,ATL
59930,Al Horford,62.20646,29.19722,ATL
59930,Thabo Sefolosha,62.16441,23.44916,ATL
59930,Tim Hardaway Jr.,43.16419,34.68648,ATL
59930,Dennis Schroder,35.81233,26.6009,ATL
59940,Ball,78.35782,33.05722,Ball
59940,Tyson Chandler,39.13728,21.31556,PHX
59940,PJ Tucker,41.00994,11.53073,PHX
59940,Alex Len,75.41347,27.09243,PHX
59940,Archie Goodwin,79.64963,33.78225,PHX
59940,Devin Booker,53.1102,45.72282,PHX
59940,Kyle Korver,32.95939,18.55215,ATL
59940,Al Horford,56.48738,28.55068,ATL
59940,Thabo Sefolosha,57.97821,23.80155,ATL
59940,Tim Hardaway Jr.,40.51333,33.9593,ATL
59940,Dennis Schroder,34.03344,27.55054,ATL
59940,Ball,77.8697,33.11849,Ball
59940,Tyson Chandler,38.8131,21.20097,PHX
59940,PJ Tucker,40.52778,11.19727,PHX
59940,Alex Len,75.07067,27.08686,PHX
59940,Archie Goodwin,79.29589,33.74764,PHX
59940,Devin Booker,52.61093,45.82391,PHX
59940,Kyle Korver,32.51319,18.50057,ATL
59940,Al Horford,55.84476,28.45887,ATL
59940,Thabo Sefolosha,57.516890000000004,23.84397,ATL
59940,Tim Hardaway Jr.,40.22604,33.88801,ATL
59940,Dennis Schroder,33.8024,27.68845,ATL
59950,Ball,75.30827,32.31315,Ball
59950,Tyson Chandler,35.7388,20.56801,PHX
59950,PJ Tucker,36.04126,8.62028,PHX
59950,Alex Len,71.59467,26.90567,PHX
59950,Archie Goodwin,75.72282,33.57523,PHX
59950,Devin Booker,47.86861,46.5332,PHX
59950,Kyle Korver,28.67022,17.83933,ATL
59950,Al Horford,49.83173,27.84739,ATL
59950,Thabo Sefolosha,53.73174,24.32174,ATL
59950,Tim Hardaway Jr.,37.71599,33.3422,ATL
59950,Dennis Schroder,31.73392,29.28841,ATL
59960,Ball,69.31659,33.38125,Ball
59960,Tyson Chandler,32.4949,20.96028,PHX
59960,PJ Tucker,30.9381,6.19104,PHX
59960,Alex Len,67.28515,26.32192,PHX
59960,Archie Goodwin,71.15781,33.7882,PHX
59960,Devin Booker,42.621,46.83322,PHX
59960,Kyle Korver,25.17952,16.51077,ATL
59960,Al Horford,43.22149,27.20868,ATL
59960,Thabo Sefolosha,49.58466,24.59251,ATL
59960,Tim Hardaway Jr.,35.43516,32.71298,ATL
59960,Dennis Schroder,29.858060000000002,31.39224,ATL
59970,Ball,65.53463,35.67973,Ball
59970,Tyson Chandler,29.48768,22.32105,PHX
59970,PJ Tucker,26.0433,4.53666,PHX
59970,Alex Len,62.62439,25.21187,PHX
59970,Archie Goodwin,66.47976,34.70273,PHX
59970,Devin Booker,37.33727,46.28798,PHX
59970,Kyle Korver,22.21607,14.68852,ATL
59970,Al Horford,36.69116,26.70934,ATL
59970,Thabo Sefolosha,46.03745,24.46735,ATL
59970,Tim Hardaway Jr.,33.87595,31.94467,ATL
59970,Dennis Schroder,28.14827,33.56044,ATL
59980,Ball,61.12133,36.60548,Ball
59980,Tyson Chandler,26.84976,24.41979,PHX
59980,PJ Tucker,21.00579,3.16344,PHX
59980,Alex Len,57.51142,23.63372,PHX
59980,Archie Goodwin,61.38794,35.4943,PHX
59980,Devin Booker,31.75982,44.84679,PHX
59980,Kyle Korver,19.19238,12.93606,ATL
59980,Al Horford,30.66611,26.06816,ATL
59980,Thabo Sefolosha,42.16327,24.11001,ATL
59980,Tim Hardaway Jr.,33.13423,31.8256,ATL
59980,Dennis Schroder,26.12008,35.56715,ATL
59990,Ball,55.78982,36.14205,Ball
59990,Tyson Chandler,26.10059,26.56515,PHX
59990,PJ Tucker,17.35484,2.4415,PHX
59990,Alex Len,53.28354,22.22503,PHX
59990,Archie Goodwin,57.46899,36.0377,PHX
59990,Devin Booker,27.45753,43.18898,PHX
59990,Kyle Korver,16.72634,11.99569,ATL
59990,Al Horford,26.64638,25.41057,ATL
59990,Thabo Sefolosha,39.22481,23.42972,ATL
59990,Tim Hardaway Jr.,32.82047,32.48043,ATL
59990,Dennis Schroder,24.3023,36.79094,ATL
59990,Ball,55.2286,36.10227,Ball
59990,Tyson Chandler,26.09012,26.85691,PHX
59990,PJ Tucker,16.97576,2.37576,PHX
59990,Alex Len,52.82245,22.0739,PHX
59990,Archie Goodwin,57.04967,36.10234,PHX
59990,Devin Booker,27.01488,42.98357,PHX
59990,Kyle Korver,16.45836,11.94103,ATL
59990,Al Horford,26.27902,25.35507,ATL
59990,Thabo Sefolosha,38.92048,23.36418,ATL
59990,Tim Hardaway Jr.,32.80693,32.58295,ATL
59990,Dennis Schroder,24.1036,36.91144,ATL
60000,Ball,52.23821,35.81022,Ball
60000,Tyson Chandler,26.25201,29.20167,PHX
60000,PJ Tucker,13.89695,1.9805300000000001,PHX
60000,Alex Len,48.71285,20.70772,PHX
60000,Archie Goodwin,53.19649,36.76835,PHX
60000,Devin Booker,23.23735,40.92358,PHX
60000,Kyle Korver,14.18051,11.67283,ATL
60000,Al Horford,23.74214,25.44057,ATL
60000,Thabo Sefolosha,36.1142,22.77947,ATL
60000,Tim Hardaway Jr.,32.96082,33.53768,ATL
60000,Dennis Schroder,22.26046,37.68014,ATL
60010,Ball,48.3358,36.75588,Ball
60010,Tyson Chandler,27.50625,31.37054,PHX
60010,PJ Tucker,10.96857,1.90928,PHX
60010,Alex Len,43.98341,19.8644,PHX
60010,Archie Goodwin,49.15252,37.72387,PHX
60010,Devin Booker,19.83202,38.53043,PHX
60010,Kyle Korver,11.91234,11.54044,ATL
60010,Al Horford,21.96827,26.50296,ATL
60010,Thabo Sefolosha,33.08959,22.1864,ATL
60010,Tim Hardaway Jr.,33.15205,34.58494,ATL
60010,Dennis Schroder,19.73916,37.37214,ATL
60020,Ball,44.76858,37.38532,Ball
60020,Tyson Chandler,29.1543,33.384,PHX
60020,PJ Tucker,8.77822,1.9293300000000002,PHX
60020,Alex Len,39.08811,19.20927,PHX
60020,Archie Goodwin,45.34531,38.39227,PHX
60020,Devin Booker,17.4345,36.4497,PHX
60020,Kyle Korver,10.26614,11.76975,ATL
60020,Al Horford,21.14357,28.0412,ATL
60020,Thabo Sefolosha,30.50229,21.95782,ATL
60020,Tim Hardaway Jr.,32.80115,35.68316,ATL
60020,Dennis Schroder,18.09815,36.51249,ATL
60030,Ball,39.7023,38.64353,Ball
60030,Tyson Chandler,30.99017,34.72542,PHX
60030,PJ Tucker,7.14194,1.98808,PHX
60030,Alex Len,33.34299,17.90434,PHX
60030,Archie Goodwin,40.67013,38.7179,PHX
60030,Devin Booker,14.86708,34.8949,PHX
60030,Kyle Korver,8.72918,12.37061,ATL
60030,Al Horford,21.09292,30.93489,ATL
60030,Thabo Sefolosha,27.84392,21.91848,ATL
60030,Tim Hardaway Jr.,32.28546,35.79021,ATL
60030,Dennis Schroder,16.6619,35.09227,ATL
60040,Ball,35.62467,40.58742,Ball
60040,Tyson Chandler,31.38479,35.39232,PHX
60040,PJ Tucker,6.19493,1.92136,PHX
60040,Alex Len,28.60137,16.67964,PHX
60040,Archie Goodwin,36.45651,39.419200000000004,PHX
60040,Devin Booker,13.22792,34.36573,PHX
60040,Kyle Korver,7.85596,12.879760000000001,ATL
60040,Al Horford,21.88005,33.65346,ATL
60040,Thabo Sefolosha,25.3248,22.1038,ATL
60040,Tim Hardaway Jr.,31.975270000000002,36.65789,ATL
60040,Dennis Schroder,15.01167,34.57695,ATL
60040,Ball,35.44596,40.72619,Ball
60040,Tyson Chandler,31.39479,35.51338,PHX
60040,PJ Tucker,6.12677,1.9043200000000002,PHX
60040,Alex Len,28.07271,16.57467,PHX
60040,Archie Goodwin,35.97542,39.49252,PHX
60040,Devin Booker,13.06246,34.3511,PHX
60040,Kyle Korver,7.79124,12.95475,ATL
60040,Al Horford,21.96369,33.96479,ATL
60040,Thabo Sefolosha,25.03037,22.12758,ATL
60040,Tim Hardaway Jr.,31.9365,36.81262,ATL
60040,Dennis Schroder,14.83398,34.54922,ATL
60050,Ball,31.93086,41.77538,Ball
60050,Tyson Chandler,31.32147,36.54238,PHX
60050,PJ Tucker,5.95381,1.74016,PHX
60050,Alex Len,23.22068,16.01975,PHX
60050,Archie Goodwin,31.20155,40.36361,PHX
60050,Devin Booker,11.17491,34.24328,PHX
60050,Kyle Korver,7.50185,13.88779,ATL
60050,Al Horford,22.32184,36.52653,ATL
60050,Thabo Sefolosha,22.37995,22.45727,ATL
60050,Tim Hardaway Jr.,30.85886,38.38132,ATL
60050,Dennis Schroder,13.20311,34.4263,ATL
60060,Ball,24.50238,42.12884,Ball
60060,Tyson Chandler,30.8493,37.19438,PHX
60060,PJ Tucker,6.71821,1.53755,PHX
60060,Alex Len,18.16461,16.77896,PHX
60060,Archie Goodwin,26.1909,41.07677,PHX
60060,Devin Booker,9.28718,34.37513,PHX
60060,Kyle Korver,7.55824,15.30368,ATL
60060,Al Horford,21.12006,37.9427,ATL
60060,Thabo Sefolosha,19.67715,23.38979,ATL
60060,Tim Hardaway Jr.,26.96289,39.1236,ATL
60060,Dennis Schroder,11.38486,34.46475,ATL
60070,Ball,21.48015,42.68932,Ball
60070,Tyson Chandler,28.72304,36.25049,PHX
60070,PJ Tucker,7.62478,1.59916,PHX
60070,Alex Len,13.70417,19.01487,PHX
60070,Archie Goodwin,21.87281,41.31246,PHX
60070,Devin Booker,8.00678,34.85381,PHX
60070,Kyle Korver,7.80719,17.15784,ATL
60070,Al Horford,18.88755,38.13527,ATL
60070,Thabo Sefolosha,17.17546,24.41378,ATL
60070,Tim Hardaway Jr.,22.32361,39.35899,ATL
60070,Dennis Schroder,9.31477,34.20268,ATL
60080,Ball,21.32296,40.61758,Ball
60080,Tyson Chandler,26.25929,34.32167,PHX
60080,PJ Tucker,8.88742,1.66853,PHX
60080,Alex Len,9.97269,21.8522,PHX
60080,Archie Goodwin,18.79467,41.5933,PHX
60080,Devin Booker,6.54368,34.85813,PHX
60080,Kyle Korver,8.11789,19.47777,ATL
60080,Al Horford,16.30102,37.34643,ATL
60080,Thabo Sefolosha,15.11297,25.20803,ATL
60080,Tim Hardaway Jr.,18.17399,39.93456,ATL
60080,Dennis Schroder,7.54463,33.93542,ATL
60090,Ball,24.11768,34.77048,Ball
60090,Tyson Chandler,25.51338,32.76228,PHX
60090,PJ Tucker,10.92094,1.7833999999999999,PHX
60090,Alex Len,8.20018,24.1605,PHX
60090,Archie Goodwin,17.55295,42.07597,PHX
60090,Devin Booker,5.40489,34.71282,PHX
60090,Kyle Korver,8.38121,20.31579,ATL
60090,Al Horford,15.29393,35.53504,ATL
60090,Thabo Sefolosha,13.83368,25.11896,ATL
60090,Tim Hardaway Jr.,16.04655,40.69632,ATL
60090,Dennis Schroder,6.83008,34.07088,ATL
60090,Ball,24.21381,34.0757,Ball
60090,Tyson Chandler,25.46507,32.54154,PHX
60090,PJ Tucker,11.14568,1.78971,PHX
60090,Alex Len,8.10087,24.35544,PHX
60090,Archie Goodwin,17.49289,42.15642,PHX
60090,Devin Booker,5.30821,34.74575,PHX
60090,Kyle Korver,8.4281,20.31601,ATL
60090,Al Horford,15.22346,35.24262,ATL
60090,Thabo Sefolosha,13.71684,25.11266,ATL
60090,Tim Hardaway Jr.,15.87447,40.8103,ATL
60090,Dennis Schroder,6.7344,34.06301,ATL
60100,Ball,24.49066,29.67849,Ball
60100,Tyson Chandler,25.03582,30.66161,PHX
60100,PJ Tucker,13.012,1.76974,PHX
60100,Alex Len,8.25956,25.5675,PHX
60100,Archie Goodwin,17.20691,42.89641,PHX
60100,Devin Booker,4.59456,35.12928,PHX
60100,Kyle Korver,9.68824,19.17838,ATL
60100,Al Horford,14.97164,32.4076,ATL
60100,Thabo Sefolosha,12.80962,24.50234,ATL
60100,Tim Hardaway Jr.,15.49392,41.47595,ATL
60100,Dennis Schroder,6.0376,34.00282,ATL
60110,Ball,19.93335,13.8163,Ball
60110,Tyson Chandler,24.05405,28.90072,PHX
60110,PJ Tucker,14.66979,1.9604300000000001,PHX
60110,Alex Len,9.41766,26.15719,PHX
60110,Archie Goodwin,17.32647,43.72427,PHX
60110,Devin Booker,4.34127,35.4043,PHX
60110,Kyle Korver,12.22766,16.04716,ATL
60110,Al Horford,15.34472,29.61917,ATL
60110,Thabo Sefolosha,11.527660000000001,23.74316,ATL
60110,Tim Hardaway Jr.,15.96782,41.2923,ATL
60110,Dennis Schroder,5.71764,34.09287,ATL
60120,Ball,16.17079,3.22606,Ball
60120,Tyson Chandler,22.11496,28.13765,PHX
60120,PJ Tucker,14.40163,2.57946,PHX
60120,Alex Len,10.73026,26.91051,PHX
60120,Archie Goodwin,17.8201,44.83416,PHX
60120,Devin Booker,4.63041,35.55284,PHX
60120,Kyle Korver,14.27394,11.94255,ATL
60120,Al Horford,15.30771,27.40124,ATL
60120,Thabo Sefolosha,10.02137,23.03278,ATL
60120,Tim Hardaway Jr.,15.78565,40.00647,ATL
60120,Dennis Schroder,5.73608,34.13948,ATL
60130,Ball,9.72237,5.20488,Ball
60130,Tyson Chandler,19.52169,27.68347,PHX
60130,PJ Tucker,11.87425,4.90209,PHX
60130,Alex Len,11.41412,28.10155,PHX
60130,Archie Goodwin,18.67991,45.36144,PHX
60130,Devin Booker,5.18009,36.06912,PHX
60130,Kyle Korver,13.46909,10.61004,ATL
60130,Al Horford,14.70628,25.80136,ATL
60130,Thabo Sefolosha,8.26691,21.8616,ATL
60130,Tim Hardaway Jr.,15.21836,38.07794,ATL
60130,Dennis Schroder,5.71687,34.35898,ATL
60140,Ball,6.6598500000000005,8.33291,Ball
60140,Tyson Chandler,17.33238,27.53923,PHX
60140,PJ Tucker,8.60505,7.62519,PHX
60140,Alex Len,11.54967,29.03217,PHX
60140,Archie Goodwin,19.52379,45.14635,PHX
60140,Devin Booker,5.47839,36.82514,PHX
60140,Kyle Korver,10.69199,11.71585,ATL
60140,Al Horford,14.21273,25.25728,ATL
60140,Thabo Sefolosha,7.07123,20.52853,ATL
60140,Tim Hardaway Jr.,14.82133,36.60624,ATL
60140,Dennis Schroder,5.92648,35.04905,ATL
60140,Ball,6.07052,8.77704,Ball
60140,Tyson Chandler,17.0879,27.5253,PHX
60140,PJ Tucker,8.22762,7.92681,PHX
60140,Alex Len,11.51131,29.04501,PHX
60140,Archie Goodwin,19.60637,45.09539,PHX
60140,Devin Booker,5.50058,36.94114,PHX
60140,Kyle Korver,10.3286,11.89545,ATL
60140,Al Horford,14.04745,25.19088,ATL
60140,Thabo Sefolosha,6.93335,20.41311,ATL
60140,Tim Hardaway Jr.,14.77989,36.46324,ATL
60140,Dennis Schroder,5.93932,35.12982,ATL
60150,Ball,4.14537,12.27702,Ball
60150,Tyson Chandler,14.754,26.73261,PHX
60150,PJ Tucker,5.4784,10.35147,PHX
60150,Alex Len,10.86589,28.53532,PHX
60150,Archie Goodwin,20.37485,44.57344,PHX
60150,Devin Booker,5.78039,38.12087,PHX
60150,Kyle Korver,7.38293,13.54206,ATL
60150,Al Horford,12.72652,24.65782,ATL
60150,Thabo Sefolosha,5.69239,19.96104,ATL
60150,Tim Hardaway Jr.,14.69205,35.17287,ATL
60150,Dennis Schroder,6.00023,35.73649,ATL
60160,Ball,3.47357,11.90178,Ball
60160,Tyson Chandler,12.84374,25.53809,PHX
60160,PJ Tucker,4.56957,11.76355,PHX
60160,Alex Len,9.55729,27.87121,PHX
60160,Archie Goodwin,21.55849,43.91174,PHX
60160,Devin Booker,5.93716,39.58448,PHX
60160,Kyle Korver,5.55331,14.10918,ATL
60160,Al Horford,11.41196,24.11169,ATL
60160,Thabo Sefolosha,5.41983,20.25861,ATL
60160,Tim Hardaway Jr.,14.98249,33.78869,ATL
60160,Dennis Schroder,5.88852,36.43054,ATL
60170,Ball,6.54303,11.9353,Ball
60170,Tyson Chandler,12.64425,23.56927,PHX
60170,PJ Tucker,5.26346,12.76995,PHX
60170,Alex Len,8.04785,27.8604,PHX
60170,Archie Goodwin,22.28351,43.14097,PHX
60170,Devin Booker,6.22419,40.79479,PHX
60170,Kyle Korver,4.59751,14.03282,ATL
60170,Al Horford,10.87373,23.89218,ATL
60170,Thabo Sefolosha,5.70282,21.04416,ATL
60170,Tim Hardaway Jr.,15.9255,32.33196,ATL
60170,Dennis Schroder,6.07955,36.96525,ATL
60180,Ball,8.19168,13.84361,Ball
60180,Tyson Chandler,13.14645,22.30171,PHX
60180,PJ Tucker,5.93523,13.34724,PHX
60180,Alex Len,7.06184,28.04381,PHX
60180,Archie Goodwin,23.54814,42.34802,PHX
60180,Devin Booker,6.90941,41.67035,PHX
60180,Kyle Korver,5.11608,15.13599,ATL
60180,Al Horford,11.07457,22.88751,ATL
60180,Thabo Sefolosha,6.47998,22.36685,ATL
60180,Tim Hardaway Jr.,17.27636,30.80901,ATL
60180,Dennis Schroder,6.49952,37.43281,ATL
60190,Ball,9.793330000000001,14.39321,Ball
60190,Tyson Chandler,13.793520000000001,21.43566,PHX
60190,PJ Tucker,7.48988,13.13161,PHX
60190,Alex Len,6.7383,27.84777,PHX
60190,Archie Goodwin,25.36729,41.92349,PHX
60190,Devin Booker,7.66077,42.04835,PHX
60190,Kyle Korver,6.52561,16.22603,ATL
60190,Al Horford,11.46989,21.56055,ATL
60190,Thabo Sefolosha,6.89532,24.21515,ATL
60190,Tim Hardaway Jr.,17.92016,29.79052,ATL
60190,Dennis Schroder,7.05208,37.79114,ATL
60190,Ball,10.40601,14.68382,Ball
60190,Tyson Chandler,13.87959,21.32711,PHX
60190,PJ Tucker,7.6639,13.03511,PHX
60190,Alex Len,6.71942,27.83666,PHX
60190,Archie Goodwin,25.5564,41.89663,PHX
60190,Devin Booker,7.74334,42.05839,PHX
60190,Kyle Korver,6.6437,16.26139,ATL
60190,Al Horford,11.49581,21.4358,ATL
60190,Thabo Sefolosha,6.88194,24.38274,ATL
60190,Tim Hardaway Jr.,17.9709,29.75083,ATL
60190,Dennis Schroder,7.127,37.79618,ATL
60200,Ball,15.0181,17.06406,Ball
60200,Tyson Chandler,15.2424,19.39362,PHX
60200,PJ Tucker,9.74881,11.85306,PHX
60200,Alex Len,6.52831,28.1735,PHX
60200,Archie Goodwin,27.35684,41.51767,PHX
60200,Devin Booker,8.68063,42.24474,PHX
60200,Kyle Korver,7.50253,16.06535,ATL
60200,Al Horford,11.5489,20.69149,ATL
60200,Thabo Sefolosha,6.77167,25.51082,ATL
60200,Tim Hardaway Jr.,18.77199,30.14285,ATL
60200,Dennis Schroder,7.93876,37.69325,ATL
60210,Ball,19.26278,18.37074,Ball
60210,Tyson Chandler,16.81386,17.29149,PHX
60210,PJ Tucker,12.73554,10.26722,PHX
60210,Alex Len,6.60638,30.30005,PHX
60210,Archie Goodwin,29.44957,40.76972,PHX
60210,Devin Booker,9.70988,42.34748,PHX
60210,Kyle Korver,8.92517,15.51192,ATL
60210,Al Horford,11.98392,20.48883,ATL
60210,Thabo Sefolosha,7.29451,25.59674,ATL
60210,Tim Hardaway Jr.,20.01133,30.48376,ATL
60210,Dennis Schroder,9.29823,37.59602,ATL
