46830,Ball,72.71397,40.70008,Ball
46830,Pau Gasol,81.15076,28.98806,CHI
46830,Derrick Rose,74.67979,32.78154,CHI
46830,Jimmy Butler,78.34043,37.56222,CHI
46830,Doug McDermott,86.17384,11.67927,CHI
46830,Nikola Mirotic,77.53115,21.67854,CHI
46830,Deron Williams,73.60719,38.83819,DAL
46830,Zaza Pachulia,65.42848,23.18792,DAL
46830,Wesley Matthews,76.79577,34.11167,DAL
46830,Chandler Parsons,85.69098,1.6082,DAL
46830,Dwight Powell,75.04006,18.71367,DAL
46840,Ball,75.73176,43.62576,Ball
46840,Pau Gasol,82.14824,28.25102,CHI
46840,Derrick Rose,75.12824,33.88979,CHI
46840,Jimmy Butler,78.64512,35.95523,CHI
46840,Doug McDermott,85.85126,12.12393,CHI
46840,Nikola Mirotic,79.33149,20.66012,CHI
46840,Deron Williams,76.56796,41.69212,DAL
46840,Zaza Pachulia,70.15959,21.35776,DAL
46840,Wesley Matthews,77.38278,33.80318,DAL
46840,Chandler Parsons,84.87168,1.61056,DAL
46840,Dwight Powell,78.9084,17.23303,DAL
46850,Ball,82.81632,41.72399,Ball
46850,Pau Gasol,83.45502,28.01697,CHI
46850,Derrick Rose,75.89079,34.88603,CHI
46850,Jimmy Butler,80.23725,35.39102,CHI
46850,Doug McDermott,85.83327,11.89918,CHI
46850,Nikola Mirotic,81.57157,20.02438,CHI
46850,Deron Williams,80.70796,42.07348,DAL
46850,Zaza Pachulia,73.99608,20.06056,DAL
46850,Wesley Matthews,78.03906,33.52144,DAL
46850,Chandler Parsons,83.73663,1.89924,DAL
46850,Dwight Powell,82.85022,15.13603,DAL
46860,Ball,83.97989,40.23648,Ball
46860,Pau Gasol,84.49738,27.17429,CHI
46860,Derrick Rose,77.35459,35.88164,CHI
46860,Jimmy Butler,82.889,36.54797,CHI
46860,Doug McDermott,85.77083,11.13147,CHI
46860,Nikola Mirotic,84.11732,19.68516,CHI
46860,Deron Williams,84.00172,42.06741,DAL
46860,Zaza Pachulia,76.95728,20.22576,DAL
46860,Wesley Matthews,78.29635,33.19029,DAL
46860,Chandler Parsons,82.40105,2.14917,DAL
46860,Dwight Powell,86.42817,13.56268,DAL
46870,Ball,83.67147,44.33356,Ball
46870,Pau Gasol,85.29195,26.29074,CHI
46870,Derrick Rose,78.57446,35.56584,CHI
46870,Jimmy Butler,84.35532,37.66604,CHI
46870,Doug McDermott,84.856,10.97641,CHI
46870,Nikola Mirotic,86.51885,19.57543,CHI
46870,Deron Williams,84.91758,42.92842,DAL
46870,Zaza Pachulia,78.92417,20.87694,DAL
46870,Wesley Matthews,77.3652,33.534909999999996,DAL
46870,Chandler Parsons,80.89613,2.37158,DAL
46870,Dwight Powell,89.07334,12.15844,DAL
46880,Ball,83.29901,44.53734,Ball
46880,Pau Gasol,85.65438,25.52568,CHI
46880,Derrick Rose,78.33904,35.27199,CHI
46880,Jimmy Butler,84.68899,39.0399,CHI
46880,Doug McDermott,83.43044,11.65555,CHI
46880,Nikola Mirotic,88.28231,18.7722,CHI
46880,Deron Williams,84.65784,43.91327,DAL
46880,Zaza Pachulia,80.10662,21.57981,DAL
46880,Wesley Matthews,76.03076,34.21691,DAL
46880,Chandler Parsons,79.35682,2.56818,DAL
46880,Dwight Powell,90.9643,10.84355,DAL
46890,Ball,82.77968,45.74057,Ball
46890,Pau Gasol,85.03795,24.50892,CHI
46890,Derrick Rose,77.34577,35.25802,CHI
46890,Jimmy Butler,84.57475,40.32394,CHI
46890,Doug McDermott,82.18331,12.95964,CHI
46890,Nikola Mirotic,88.91232,17.43587,CHI
46890,Deron Williams,84.66151,42.48223,DAL
46890,Zaza Pachulia,81.67451,21.51061,DAL
46890,Wesley Matthews,75.16973,34.4132,DAL
46890,Chandler Parsons,77.91551,2.66616,DAL
46890,Dwight Powell,92.21009,9.45502,DAL
46900,Ball,82.57398,45.89741,Ball
46900,Pau Gasol,83.77606,23.24452,CHI
46900,Derrick Rose,77.29918,35.90438,CHI
46900,Jimmy Butler,84.71885,41.73295,CHI
46900,Doug McDermott,80.67102,14.25145,CHI
46900,Nikola Mirotic,88.95583,16.29458,CHI
46900,Deron Williams,84.71885,41.73295,DAL
46900,Zaza Pachulia,82.27867,20.3796,DAL
46900,Wesley Matthews,75.72061,34.01423,DAL
46900,Chandler Parsons,76.47971,3.28306,DAL
46900,Dwight Powell,92.46816,7.94742,DAL
46910,Ball,82.34438,46.67055,Ball
46910,Pau Gasol,83.31602,22.16867,CHI
46910,Derrick Rose,78.15041,36.18548,CHI
46910,Jimmy Butler,83.96217,42.27675,CHI
46910,Doug McDermott,79.22968,15.26288,CHI
46910,Nikola Mirotic,88.90437,15.90587,CHI
46910,Deron Williams,83.96217,42.27675,DAL
46910,Zaza Pachulia,81.22429,18.96514,DAL
46910,Wesley Matthews,78.48263,33.65791,DAL
46910,Chandler Parsons,74.90507,3.94949,DAL
46910,Dwight Powell,92.19244,6.9561,DAL
46920,Ball,82.3888,46.76224,Ball
46920,Pau Gasol,83.45643,22.10502,CHI
46920,Derrick Rose,80.761,36.31399,CHI
46920,Jimmy Butler,83.84272,42.65765,CHI
46920,Doug McDermott,77.88858,15.76409,CHI
46920,Nikola Mirotic,88.98495,16.36863,CHI
46920,Deron Williams,83.84272,42.65765,DAL
46920,Zaza Pachulia,79.4306,18.5041,DAL
46920,Wesley Matthews,81.72823,34.73676,DAL
46920,Chandler Parsons,73.48297,4.77311,DAL
46920,Dwight Powell,91.43125,6.183,DAL
46930,Ball,82.4388,47.17772,Ball
46930,Pau Gasol,83.31631,22.37197,CHI
46930,Derrick Rose,83.09329,37.98886,CHI
46930,Jimmy Butler,83.27196,42.95077,CHI
46930,Doug McDermott,77.02045,15.77697,CHI
46930,Nikola Mirotic,88.94008,16.41169,CHI
46930,Deron Williams,83.705,44.27776,DAL
46930,Zaza Pachulia,77.51459,20.59296,DAL
46930,Wesley Matthews,83.25121,36.35206,DAL
46930,Chandler Parsons,71.74767,5.604,DAL
46930,Dwight Powell,90.4541,5.06319,DAL
46940,Ball,77.67043,38.31955,Ball
46940,Pau Gasol,82.75125,23.13054,CHI
46940,Derrick Rose,84.26202,38.85186,CHI
46940,Jimmy Butler,82.71506,43.822,CHI
46940,Doug McDermott,76.45399,16.13132,CHI
46940,Nikola Mirotic,88.56955,16.18688,CHI
46940,Deron Williams,83.56975,46.81304,DAL
46940,Zaza Pachulia,75.39064,23.90337,DAL
46940,Wesley Matthews,83.9349,37.15443,DAL
46940,Chandler Parsons,70.2354,6.46734,DAL
46940,Dwight Powell,89.90558,3.6821900000000003,DAL
46950,Ball,72.78744,28.753610000000002,Ball
46950,Pau Gasol,81.52638,24.60827,CHI
46950,Derrick Rose,85.56618,37.61159,CHI
46950,Jimmy Butler,82.9196,44.25448,CHI
46950,Doug McDermott,74.83237,16.58696,CHI
46950,Nikola Mirotic,87.49242,15.6053,CHI
46950,Deron Williams,83.89068,47.02537,DAL
46950,Zaza Pachulia,73.88021,26.88865,DAL
46950,Wesley Matthews,83.76426,36.96382,DAL
46950,Chandler Parsons,69.08505,7.2991,DAL
46950,Dwight Powell,89.75929,2.73863,DAL
46960,Ball,74.60785,30.626829999999998,Ball
46960,Pau Gasol,80.91685,26.38878,CHI
46960,Derrick Rose,86.06087,35.18589,CHI
46960,Jimmy Butler,83.66581,43.66264,CHI
46960,Doug McDermott,72.88945,16.42248,CHI
46960,Nikola Mirotic,86.40378,15.6412,CHI
46960,Deron Williams,84.04372,47.36755,DAL
46960,Zaza Pachulia,73.54971,28.75021,DAL
46960,Wesley Matthews,83.81181,35.81959,DAL
46960,Chandler Parsons,67.55773,7.97167,DAL
46960,Dwight Powell,89.60813,2.70435,DAL
46970,Ball,74.84244,30.19198,Ball
46970,Pau Gasol,81.58983,28.21141,CHI
46970,Derrick Rose,85.07379,32.62504,CHI
46970,Jimmy Butler,83.92553,42.4854,CHI
46970,Doug McDermott,71.438,15.2506,CHI
46970,Nikola Mirotic,85.62082,15.53713,CHI
46970,Deron Williams,83.50384,47.9419,DAL
46970,Zaza Pachulia,73.57919,29.30301,DAL
46970,Wesley Matthews,84.16962,33.82279,DAL
46970,Chandler Parsons,66.40806,8.75771,DAL
46970,Dwight Powell,89.55603,3.33072,DAL
46980,Ball,73.62949,29.27071,Ball
46980,Pau Gasol,81.94331,28.65654,CHI
46980,Derrick Rose,84.13686,30.70121,CHI
46980,Jimmy Butler,83.8639,41.81079,CHI
46980,Doug McDermott,70.98857,14.77961,CHI
46980,Nikola Mirotic,85.36903,15.50494,CHI
46980,Deron Williams,83.13468,48.18715,DAL
46980,Zaza Pachulia,72.77766,29.464,DAL
46980,Wesley Matthews,83.80189,32.34504,DAL
46980,Chandler Parsons,65.16221,9.57105,DAL
46980,Dwight Powell,89.50572,4.3497,DAL
46990,Ball,72.56675,28.29492,Ball
46990,Pau Gasol,80.61883,27.76029,CHI
46990,Derrick Rose,83.98813,30.7262,CHI
46990,Jimmy Butler,83.79923,41.19354,CHI
46990,Doug McDermott,70.52955,14.82309,CHI
46990,Nikola Mirotic,85.19249,15.270340000000001,CHI
46990,Deron Williams,83.12635,48.11626,DAL
46990,Zaza Pachulia,71.7433,29.05197,DAL
46990,Wesley Matthews,83.63825,32.73017,DAL
46990,Chandler Parsons,63.88172,10.76754,DAL
46990,Dwight Powell,88.27654,4.7880400000000005,DAL
47000,Ball,72.07952,29.62333,Ball
47000,Pau Gasol,78.82612,27.09488,CHI
47000,Derrick Rose,84.05596,31.34689,CHI
47000,Jimmy Butler,83.50626,40.29022,CHI
47000,Doug McDermott,69.51237,14.57037,CHI
47000,Nikola Mirotic,84.90257,15.07523,CHI
47000,Deron Williams,83.20518,48.05318,DAL
47000,Zaza Pachulia,71.39994,28.8776,DAL
47000,Wesley Matthews,82.8539,33.91057,DAL
47000,Chandler Parsons,62.84399,11.92634,DAL
47000,Dwight Powell,86.39756,5.24246,DAL
47010,Ball,72.70435,30.15845,Ball
47010,Pau Gasol,77.98703,27.0574,CHI
47010,Derrick Rose,83.5414,31.82861,CHI
47010,Jimmy Butler,82.68283,39.05758,CHI
47010,Doug McDermott,68.37093,14.18943,CHI
47010,Nikola Mirotic,84.72313,15.262270000000001,CHI
47010,Deron Williams,82.92534,47.96207,DAL
47010,Zaza Pachulia,71.60967,28.80275,DAL
47010,Wesley Matthews,81.58345,33.86757,DAL
47010,Chandler Parsons,61.52109,12.78134,DAL
47010,Dwight Powell,84.29576,6.16021,DAL
47020,Ball,71.34333,29.28721,Ball
47020,Pau Gasol,77.54442,26.99882,CHI
47020,Derrick Rose,82.66759,32.11033,CHI
47020,Jimmy Butler,81.83859,38.48861,CHI
47020,Doug McDermott,67.06663,14.84397,CHI
47020,Nikola Mirotic,84.32356,15.46344,CHI
47020,Deron Williams,81.45483,47.84676,DAL
47020,Zaza Pachulia,71.7269,28.64282,DAL
47020,Wesley Matthews,81.15612,33.25912,DAL
47020,Chandler Parsons,60.51093,12.93562,DAL
47020,Dwight Powell,82.35717,7.20618,DAL
47030,Ball,71.51777,29.02667,Ball
47030,Pau Gasol,78.04893,27.17516,CHI
47030,Derrick Rose,81.82243,31.8006,CHI
47030,Jimmy Butler,80.91406,39.15247,CHI
47030,Doug McDermott,66.67438,16.11081,CHI
47030,Nikola Mirotic,83.60702,15.63655,CHI
47030,Deron Williams,79.64019,47.53799,DAL
47030,Zaza Pachulia,71.47584,28.9006,DAL
47030,Wesley Matthews,80.93053,32.97502,DAL
47030,Chandler Parsons,59.6922,13.01164,DAL
47030,Dwight Powell,80.94453,8.10125,DAL
47040,Ball,72.32014,30.80592,Ball
47040,Pau Gasol,77.58962,26.72008,CHI
47040,Derrick Rose,81.14962,32.627,CHI
47040,Jimmy Butler,79.91155,39.9425,CHI
47040,Doug McDermott,67.2782,17.30895,CHI
47040,Nikola Mirotic,82.67832,15.77434,CHI
47040,Deron Williams,76.92877,46.96828,DAL
47040,Zaza Pachulia,71.3956,29.03108,DAL
47040,Wesley Matthews,81.0656,33.4738,DAL
47040,Chandler Parsons,59.38632,13.25776,DAL
47040,Dwight Powell,79.30273,8.80347,DAL
47050,Ball,71.97459,30.66183,Ball
47050,Pau Gasol,76.88188,26.31054,CHI
47050,Derrick Rose,80.23233,32.72405,CHI
47050,Jimmy Butler,78.49198,40.69802,CHI
47050,Doug McDermott,68.16662,18.17131,CHI
47050,Nikola Mirotic,81.95627,16.0221,CHI
47050,Deron Williams,73.82634,46.37944,DAL
47050,Zaza Pachulia,71.31753,28.95683,DAL
47050,Wesley Matthews,81.20461,34.10655,DAL
47050,Chandler Parsons,59.53753,13.12153,DAL
47050,Dwight Powell,78.34363,9.38786,DAL
47060,Ball,72.41435,30.07901,Ball
47060,Pau Gasol,77.27139,26.52743,CHI
47060,Derrick Rose,80.21104,32.78262,CHI
47060,Jimmy Butler,76.74684,39.95774,CHI
47060,Doug McDermott,68.94026,18.16169,CHI
47060,Nikola Mirotic,81.92371,16.67109,CHI
47060,Deron Williams,70.48663,45.13405,DAL
47060,Zaza Pachulia,71.39754,29.12287,DAL
47060,Wesley Matthews,81.29237,34.44114,DAL
47060,Chandler Parsons,59.64207,12.97408,DAL
47060,Dwight Powell,78.79963,9.81016,DAL
47070,Ball,72.47125,29.43152,Ball
47070,Pau Gasol,77.78989,26.69764,CHI
47070,Derrick Rose,80.16626,33.47587,CHI
47070,Jimmy Butler,75.21889,38.8234,CHI
47070,Doug McDermott,69.11836,17.4281,CHI
47070,Nikola Mirotic,82.15017,16.73491,CHI
47070,Deron Williams,67.27151,43.08506,DAL
47070,Zaza Pachulia,71.3493,28.9598,DAL
47070,Wesley Matthews,81.49893,34.3837,DAL
47070,Chandler Parsons,59.59329,13.00813,DAL
47070,Dwight Powell,78.77546,9.76287,DAL
47080,Ball,72.62514,29.41956,Ball
47080,Pau Gasol,77.79574,26.95963,CHI
47080,Derrick Rose,80.4388,33.42465,CHI
47080,Jimmy Butler,73.82738,37.83631,CHI
47080,Doug McDermott,69.01239,16.62856,CHI
47080,Nikola Mirotic,82.35779,16.25987,CHI
47080,Deron Williams,64.14163,40.48018,DAL
47080,Zaza Pachulia,71.42452,28.89463,DAL
47080,Wesley Matthews,82.13882,33.7736,DAL
47080,Chandler Parsons,59.6444,13.05184,DAL
47080,Dwight Powell,78.78915,9.78958,DAL
47090,Ball,78.83757,30.63719,Ball
47090,Pau Gasol,77.53342,27.2404,CHI
47090,Derrick Rose,81.78539,33.49303,CHI
47090,Jimmy Butler,72.40421,37.13359,CHI
47090,Doug McDermott,68.46789,16.0334,CHI
47090,Nikola Mirotic,82.82008,16.27899,CHI
47090,Deron Williams,61.26549,37.66524,DAL
47090,Zaza Pachulia,71.56802,28.90023,DAL
47090,Wesley Matthews,83.55514,32.36197,DAL
47090,Chandler Parsons,59.64497,13.06667,DAL
47090,Dwight Powell,78.4227,9.65757,DAL
47100,Ball,85.16538,31.41325,Ball
47100,Pau Gasol,78.07806,27.47182,CHI
47100,Derrick Rose,84.51219,32.9342,CHI
47100,Jimmy Butler,70.48552,36.41246,CHI
47100,Doug McDermott,67.8365,15.55877,CHI
47100,Nikola Mirotic,83.97333,17.85881,CHI
47100,Deron Williams,58.73634,35.2082,DAL
47100,Zaza Pachulia,71.8518,29.17376,DAL
47100,Wesley Matthews,85.74858,30.09891,DAL
47100,Chandler Parsons,59.44444,13.20363,DAL
47100,Dwight Powell,78.29331,9.52944,DAL
47110,Ball,88.50489,26.70492,Ball
47110,Pau Gasol,79.31301,27.343890000000002,CHI
47110,Derrick Rose,87.86513,30.50921,CHI
47110,Jimmy Butler,69.93537,35.64694,CHI
47110,Doug McDermott,67.56261,14.88481,CHI
47110,Nikola Mirotic,85.78547,20.98128,CHI
47110,Deron Williams,56.79787,33.07492,DAL
47110,Zaza Pachulia,72.26105,29.22131,DAL
47110,Wesley Matthews,88.10332,27.44971,DAL
47110,Chandler Parsons,58.75317,13.60641,DAL
47110,Dwight Powell,78.20243,9.91301,DAL
47120,Ball,91.08051,23.22034,Ball
47120,Pau Gasol,81.19388,27.0383,CHI
47120,Derrick Rose,90.83493,28.37987,CHI
47120,Jimmy Butler,68.60721,34.92014,CHI
47120,Doug McDermott,67.94609,13.84805,CHI
47120,Nikola Mirotic,88.09556,22.61798,CHI
47120,Deron Williams,55.04754,31.21947,DAL
47120,Zaza Pachulia,72.06934,29.337040000000002,DAL
47120,Wesley Matthews,88.75287,24.6455,DAL
47120,Chandler Parsons,57.73059,13.75637,DAL
47120,Dwight Powell,79.11539,12.19681,DAL
47130,Ball,88.60711,19.69418,Ball
47130,Pau Gasol,83.23994,26.87994,CHI
47130,Derrick Rose,92.40988,27.67761,CHI
47130,Jimmy Butler,67.60053,34.47602,CHI
47130,Doug McDermott,68.69803,12.94384,CHI
47130,Nikola Mirotic,88.7526,22.81387,CHI
47130,Deron Williams,53.6008,29.80733,DAL
47130,Zaza Pachulia,72.28177,29.33664,DAL
47130,Wesley Matthews,88.93305,20.30892,DAL
47130,Chandler Parsons,56.59405,14.12984,DAL
47130,Dwight Powell,81.48198,15.94016,DAL
47140,Ball,87.62428,15.84593,Ball
47140,Pau Gasol,84.8334,26.67925,CHI
47140,Derrick Rose,92.62932,26.67719,CHI
47140,Jimmy Butler,67.26411,33.85817,CHI
47140,Doug McDermott,70.33526,13.07396,CHI
47140,Nikola Mirotic,87.85461,20.80425,CHI
47140,Deron Williams,51.8947,28.97828,DAL
47140,Zaza Pachulia,74.47536,29.02019,DAL
47140,Wesley Matthews,87.99562,16.45251,DAL
47140,Chandler Parsons,55.6528,14.50803,DAL
47140,Dwight Powell,84.27326,20.15079,DAL
