36900,Ball,19.44086,48.2499,Ball
36900,Dwyane Wade,6.8949300000000004,2.25276,MIA
36900,Chris Bosh,26.33726,36.35019,MIA
36900,Luol Deng,5.49784,47.81529,MIA
36900,Goran Dragic,20.8182,46.34631,MIA
36900,Hassan Whiteside,28.49979,20.25401,MIA
36900,Luis Scola,23.34,45.458,TOR
36900,Kyle Lowry,21.91052,42.34716,TOR
36900,James Johnson,7.58142,18.68554,TOR
36900,DeMar DeRozan,7.7449,40.42704,TOR
36900,Bismack Biyombo,18.21871,22.70065,TOR
36910,Ball,14.318200000000001,47.35453,Ball
36910,Dwyane Wade,6.92614,1.56352,MIA
36910,Chris Bosh,24.40724,33.58003,MIA
36910,Luol Deng,5.14698,48.032,MIA
36910,Goran Dragic,16.13169,45.78777,MIA
36910,Hassan Whiteside,25.667650000000002,19.97191,MIA
36910,Luis Scola,22.77741,44.05957,TOR
36910,Kyle Lowry,16.85835,42.46812,TOR
36910,James Johnson,7.56511,18.47459,TOR
36910,DeMar DeRozan,6.53253,42.1492,TOR
36910,Bismack Biyombo,15.44754,23.66953,TOR
36920,Ball,12.83526,45.16198,Ball
36920,Dwyane Wade,7.27955,1.18879,MIA
36920,Chris Bosh,20.70702,30.7693,MIA
36920,Luol Deng,4.95779,48.11946,MIA
36920,Goran Dragic,13.90832,45.3557,MIA
36920,Hassan Whiteside,22.39976,19.47341,MIA
36920,Luis Scola,21.08219,40.78743,TOR
36920,Kyle Lowry,12.89079,41.49846,TOR
36920,James Johnson,7.62653,18.41401,TOR
36920,DeMar DeRozan,6.80089,42.71484,TOR
36920,Bismack Biyombo,12.96916,24.98801,TOR
36930,Ball,15.294,36.70716,Ball
36930,Dwyane Wade,8.66474,1.09058,MIA
36930,Chris Bosh,16.29547,29.33204,MIA
36930,Luol Deng,4.9308700000000005,48.10954,MIA
36930,Goran Dragic,14.0615,45.27429,MIA
36930,Hassan Whiteside,21.70991,20.1673,MIA
36930,Luis Scola,18.98065,36.09037,TOR
36930,Kyle Lowry,11.94698,40.30317,TOR
36930,James Johnson,8.32684,17.49743,TOR
36930,DeMar DeRozan,6.96963,42.74377,TOR
36930,Bismack Biyombo,11.54189,26.23556,TOR
36940,Ball,16.58945,30.21398,Ball
36940,Dwyane Wade,10.55179,1.54344,MIA
36940,Chris Bosh,12.1465,29.01491,MIA
36940,Luol Deng,5.01243,48.04104,MIA
36940,Goran Dragic,15.65271,44.68861,MIA
36940,Hassan Whiteside,22.24997,20.71912,MIA
36940,Luis Scola,15.73119,32.3749,TOR
36940,Kyle Lowry,12.42518,38.83289,TOR
36940,James Johnson,9.66544,16.31948,TOR
36940,DeMar DeRozan,6.64728,42.63524,TOR
36940,Bismack Biyombo,11.20036,26.50374,TOR
36950,Ball,18.44933,23.72464,Ball
36950,Dwyane Wade,12.87264,1.8552,MIA
36950,Chris Bosh,9.24213,28.26251,MIA
36950,Luol Deng,5.29311,47.82608,MIA
36950,Goran Dragic,18.23884,43.37666,MIA
36950,Hassan Whiteside,21.50461,21.759430000000002,MIA
36950,Luis Scola,13.30714,30.22855,TOR
36950,Kyle Lowry,14.02546,37.94098,TOR
36950,James Johnson,10.75184,14.91961,TOR
36950,DeMar DeRozan,6.52357,42.87412,TOR
36950,Bismack Biyombo,11.83319,26.33514,TOR
36960,Ball,18.89258,22.65171,Ball
36960,Dwyane Wade,15.54791,2.4407200000000002,MIA
36960,Chris Bosh,6.84825,27.62361,MIA
36960,Luol Deng,5.73131,47.79547,MIA
36960,Goran Dragic,21.71702,41.44235,MIA
36960,Hassan Whiteside,20.36845,22.84741,MIA
36960,Luis Scola,11.87253,27.34891,TOR
36960,Kyle Lowry,15.7038,36.67275,TOR
36960,James Johnson,11.12813,13.57345,TOR
36960,DeMar DeRozan,6.4251000000000005,43.16486,TOR
36960,Bismack Biyombo,13.54159,25.41716,TOR
36970,Ball,18.77701,25.73301,Ball
36970,Dwyane Wade,17.84157,3.26958,MIA
36970,Chris Bosh,5.78831,26.90714,MIA
36970,Luol Deng,6.40722,47.85523,MIA
36970,Goran Dragic,24.74461,38.89731,MIA
36970,Hassan Whiteside,19.34283,24.05689,MIA
36970,Luis Scola,8.53215,26.34548,TOR
36970,Kyle Lowry,16.64241,34.31141,TOR
36970,James Johnson,11.46984,12.90527,TOR
36970,DeMar DeRozan,6.80155,42.41895,TOR
36970,Bismack Biyombo,13.87202,24.80182,TOR
36980,Ball,17.35693,25.29006,Ball
36980,Dwyane Wade,19.88749,4.32799,MIA
36980,Chris Bosh,5.5078700000000005,26.12609,MIA
36980,Luol Deng,7.10543,47.71873,MIA
36980,Goran Dragic,26.83496,36.40395,MIA
36980,Hassan Whiteside,16.78374,24.08538,MIA
36980,Luis Scola,6.16076,27.25123,TOR
36980,Kyle Lowry,16.4042,31.23596,TOR
36980,James Johnson,12.02896,13.18763,TOR
36980,DeMar DeRozan,7.36323,41.65762,TOR
36980,Bismack Biyombo,14.13857,24.63976,TOR
36990,Ball,14.96424,21.6986,Ball
36990,Dwyane Wade,21.61947,5.43152,MIA
36990,Chris Bosh,5.19675,25.61173,MIA
36990,Luol Deng,7.72447,47.56218,MIA
36990,Goran Dragic,28.02735,34.21708,MIA
36990,Hassan Whiteside,14.95661,22.6621,MIA
36990,Luis Scola,5.6025,27.02858,TOR
36990,Kyle Lowry,15.82296,28.79456,TOR
36990,James Johnson,12.826550000000001,14.33428,TOR
36990,DeMar DeRozan,7.81369,41.04585,TOR
36990,Bismack Biyombo,13.37411,23.66496,TOR
37000,Ball,16.88746,23.54331,Ball
37000,Dwyane Wade,23.3197,6.52854,MIA
37000,Chris Bosh,4.94638,25.69041,MIA
37000,Luol Deng,8.55888,47.12811,MIA
37000,Goran Dragic,28.40551,32.71678,MIA
37000,Hassan Whiteside,15.88376,22.42097,MIA
37000,Luis Scola,5.2586,26.97875,TOR
37000,Kyle Lowry,15.466,26.75003,TOR
37000,James Johnson,14.06246,15.1739,TOR
37000,DeMar DeRozan,8.27162,40.08638,TOR
37000,Bismack Biyombo,11.72053,23.05925,TOR
37010,Ball,22.82839,27.56381,Ball
37010,Dwyane Wade,24.70912,7.7054,MIA
37010,Chris Bosh,4.7521700000000004,24.61574,MIA
37010,Luol Deng,9.24859,46.9014,MIA
37010,Goran Dragic,28.426,32.7404,MIA
37010,Hassan Whiteside,18.04808,22.82855,MIA
37010,Luis Scola,5.26044,26.81773,TOR
37010,Kyle Lowry,16.28399,26.2622,TOR
37010,James Johnson,14.9576,15.66702,TOR
37010,DeMar DeRozan,9.20931,38.59693,TOR
37010,Bismack Biyombo,10.86855,23.72268,TOR
37020,Ball,28.25592,31.83087,Ball
37020,Dwyane Wade,26.12781,8.97152,MIA
37020,Chris Bosh,4.915,22.52916,MIA
37020,Luol Deng,9.72953,47.00185,MIA
37020,Goran Dragic,28.64013,32.75273,MIA
37020,Hassan Whiteside,19.81498,23.24603,MIA
37020,Luis Scola,5.48219,26.47825,TOR
37020,Kyle Lowry,19.20347,28.26125,TOR
37020,James Johnson,15.05542,16.17722,TOR
37020,DeMar DeRozan,10.06646,38.92271,TOR
37020,Bismack Biyombo,11.59383,23.83499,TOR
37030,Ball,28.18609,32.1768,Ball
37030,Dwyane Wade,27.4415,9.97799,MIA
37030,Chris Bosh,5.20365,19.70414,MIA
37030,Luol Deng,9.79999,47.34961,MIA
37030,Goran Dragic,28.53327,32.25033,MIA
37030,Hassan Whiteside,20.90664,22.22769,MIA
37030,Luis Scola,5.507,24.1178,TOR
37030,Kyle Lowry,23.03042,30.93555,TOR
37030,James Johnson,15.44788,16.27093,TOR
37030,DeMar DeRozan,10.45312,39.24454,TOR
37030,Bismack Biyombo,12.58987,23.60325,TOR
37040,Ball,27.622700000000002,30.10802,Ball
37040,Dwyane Wade,28.59825,10.95867,MIA
37040,Chris Bosh,5.52127,16.55935,MIA
37040,Luol Deng,9.74564,47.62727,MIA
37040,Goran Dragic,27.25672,31.64375,MIA
37040,Hassan Whiteside,22.15584,21.25819,MIA
37040,Luis Scola,5.73881,21.31454,TOR
37040,Kyle Lowry,26.57369,32.90836,TOR
37040,James Johnson,15.56538,16.38854,TOR
37040,DeMar DeRozan,10.49563,39.51984,TOR
37040,Bismack Biyombo,13.60421,23.13521,TOR
37050,Ball,23.87296,29.7911,Ball
37050,Dwyane Wade,30.00389,11.59464,MIA
37050,Chris Bosh,6.3062000000000005,13.84895,MIA
37050,Luol Deng,9.53229,47.62095,MIA
37050,Goran Dragic,24.08884,30.98847,MIA
37050,Hassan Whiteside,23.05215,21.18471,MIA
37050,Luis Scola,5.84056,20.60076,TOR
37050,Kyle Lowry,29.50537,34.26696,TOR
37050,James Johnson,16.04658,16.77405,TOR
37050,DeMar DeRozan,10.47241,39.39857,TOR
37050,Bismack Biyombo,13.86675,24.29793,TOR
37060,Ball,21.44995,30.62571,Ball
37060,Dwyane Wade,31.52747,11.66216,MIA
37060,Chris Bosh,6.9981100000000005,11.45461,MIA
37060,Luol Deng,9.2903,47.68276,MIA
37060,Goran Dragic,21.68129,30.69268,MIA
37060,Hassan Whiteside,21.79252,21.73438,MIA
37060,Luis Scola,5.9862400000000004,19.9369,TOR
37060,Kyle Lowry,30.17993,35.08398,TOR
37060,James Johnson,15.81779,17.45435,TOR
37060,DeMar DeRozan,10.37752,39.60243,TOR
37060,Bismack Biyombo,13.92511,25.85618,TOR
37070,Ball,17.98044,29.52679,Ball
37070,Dwyane Wade,33.20223,11.45672,MIA
37070,Chris Bosh,7.40858,9.94228,MIA
37070,Luol Deng,10.03618,47.59431,MIA
37070,Goran Dragic,21.03836,30.43321,MIA
37070,Hassan Whiteside,18.71957,22.99021,MIA
37070,Luis Scola,6.29422,19.63737,TOR
37070,Kyle Lowry,29.44335,35.18037,TOR
37070,James Johnson,14.8344,19.42125,TOR
37070,DeMar DeRozan,10.13874,39.4147,TOR
37070,Bismack Biyombo,13.24903,26.312640000000002,TOR
37080,Ball,11.75192,27.35569,Ball
37080,Dwyane Wade,34.97602,11.6366,MIA
37080,Chris Bosh,8.82343,9.50935,MIA
37080,Luol Deng,11.06768,47.89784,MIA
37080,Goran Dragic,21.38232,30.37324,MIA
37080,Hassan Whiteside,15.27149,23.93407,MIA
37080,Luis Scola,6.20799,19.39137,TOR
37080,Kyle Lowry,28.64127,35.40598,TOR
37080,James Johnson,14.57009,21.22581,TOR
37080,DeMar DeRozan,9.5508,38.04441,TOR
37080,Bismack Biyombo,12.78095,25.18215,TOR
37090,Ball,5.79711,25.02565,Ball
37090,Dwyane Wade,37.04211,11.85032,MIA
37090,Chris Bosh,10.78773,10.11048,MIA
37090,Luol Deng,12.833590000000001,47.10971,MIA
37090,Goran Dragic,22.75549,30.84822,MIA
37090,Hassan Whiteside,13.34563,25.3913,MIA
37090,Luis Scola,6.03334,19.3449,TOR
37090,Kyle Lowry,28.25587,35.36874,TOR
37090,James Johnson,14.03243,21.58776,TOR
37090,DeMar DeRozan,8.99884,35.92153,TOR
37090,Bismack Biyombo,12.63579,25.16474,TOR
37100,Ball,5.99409,25.58952,Ball
37100,Dwyane Wade,39.43015,12.21538,MIA
37100,Chris Bosh,13.92695,10.56183,MIA
37100,Luol Deng,14.98783,46.70392,MIA
37100,Goran Dragic,24.46638,31.05744,MIA
37100,Hassan Whiteside,13.23219,25.94634,MIA
37100,Luis Scola,5.78792,19.95412,TOR
37100,Kyle Lowry,27.95836,35.51103,TOR
37100,James Johnson,13.30877,21.90145,TOR
37100,DeMar DeRozan,8.50449,33.47929,TOR
37100,Bismack Biyombo,10.81597,25.905640000000002,TOR
37110,Ball,6.12129,25.19039,Ball
37110,Dwyane Wade,41.8822,12.78547,MIA
37110,Chris Bosh,17.18491,10.71488,MIA
37110,Luol Deng,17.33421,46.69688,MIA
37110,Goran Dragic,26.76853,30.94088,MIA
37110,Hassan Whiteside,13.25321,26.33426,MIA
37110,Luis Scola,4.9058,21.23598,TOR
37110,Kyle Lowry,27.5507,35.8767,TOR
37110,James Johnson,13.32181,21.41967,TOR
37110,DeMar DeRozan,8.10504,33.06928,TOR
37110,Bismack Biyombo,9.03188,25.64076,TOR
37120,Ball,2.64971,24.17145,Ball
37120,Dwyane Wade,44.77789,13.2745,MIA
37120,Chris Bosh,20.90082,11.13741,MIA
37120,Luol Deng,20.71166,45.88933,MIA
37120,Goran Dragic,30.4211,30.62852,MIA
37120,Hassan Whiteside,14.85249,26.40761,MIA
37120,Luis Scola,3.34327,23.11777,TOR
37120,Kyle Lowry,26.87622,36.12519,TOR
37120,James Johnson,14.6721,20.67992,TOR
37120,DeMar DeRozan,8.55025,33.15167,TOR
37120,Bismack Biyombo,8.36994,26.26635,TOR
37130,Ball,0.8648,25.67219,Ball
37130,Dwyane Wade,47.86369,13.93074,MIA
37130,Chris Bosh,25.14635,12.28665,MIA
37130,Luol Deng,24.61476,44.92856,MIA
37130,Goran Dragic,34.964150000000004,30.42731,MIA
37130,Hassan Whiteside,18.51922,26.42873,MIA
37130,Luis Scola,1.49023,24.57638,TOR
37130,Kyle Lowry,25.71329,35.84839,TOR
37130,James Johnson,16.76059,19.97193,TOR
37130,DeMar DeRozan,9.81536,32.26088,TOR
37130,Bismack Biyombo,9.51306,27.68816,TOR
37140,Ball,0.32583,25.86692,Ball
37140,Dwyane Wade,51.04372,14.56237,MIA
37140,Chris Bosh,29.18871,13.6175,MIA
37140,Luol Deng,28.91161,43.65817,MIA
37140,Goran Dragic,40.14542,30.39046,MIA
37140,Hassan Whiteside,23.10988,26.77249,MIA
37140,Luis Scola,-0.24245000000000003,24.97266,TOR
37140,Kyle Lowry,24.63034,35.54025,TOR
37140,James Johnson,19.82566,19.72346,TOR
37140,DeMar DeRozan,11.25331,32.09106,TOR
37140,Bismack Biyombo,11.74938,28.83368,TOR
37160,Ball,0.6613800000000001,25.08033,Ball
37160,Dwyane Wade,57.39764,15.79778,MIA
37160,Chris Bosh,37.14187,16.19816,MIA
37160,Luol Deng,37.73451,40.57945,MIA
37160,Goran Dragic,49.8062,31.27775,MIA
37160,Hassan Whiteside,35.11142,25.63695,MIA
37160,Luis Scola,-1.35409,24.66415,TOR
37160,Kyle Lowry,23.54719,34.57796,TOR
37160,James Johnson,27.89519,20.36442,TOR
37160,DeMar DeRozan,15.22426,33.29963,TOR
37160,Bismack Biyombo,19.21808,29.34951,TOR
37170,Ball,12.28671,28.45912,Ball
37170,Dwyane Wade,60.47387,16.56885,MIA
37170,Chris Bosh,40.72611,17.61175,MIA
37170,Luol Deng,42.06334,38.99156,MIA
37170,Goran Dragic,53.72707,31.37794,MIA
37170,Hassan Whiteside,41.08998,25.41672,MIA
37170,Luis Scola,-0.34884000000000004,24.46514,TOR
37170,Kyle Lowry,23.91382,33.69305,TOR
37170,James Johnson,32.09033,21.57773,TOR
37170,DeMar DeRozan,17.43202,34.46392,TOR
37170,Bismack Biyombo,23.69567,29.41442,TOR
37180,Ball,23.58502,31.68817,Ball
37180,Dwyane Wade,63.45738,17.79368,MIA
37180,Chris Bosh,44.16841,18.49543,MIA
37180,Luol Deng,46.26515,37.55435,MIA
37180,Goran Dragic,56.94602,30.8251,MIA
37180,Hassan Whiteside,46.6779,25.0978,MIA
37180,Luis Scola,1.66199,23.84649,TOR
37180,Kyle Lowry,24.58148,32.50214,TOR
37180,James Johnson,36.39661,22.76184,TOR
37180,DeMar DeRozan,19.82471,35.81643,TOR
37180,Bismack Biyombo,28.40636,29.72751,TOR
37190,Ball,26.09964,30.8015,Ball
37190,Dwyane Wade,66.02195,19.02612,MIA
37190,Chris Bosh,47.16615,18.72149,MIA
37190,Luol Deng,50.0862,36.42706,MIA
37190,Goran Dragic,59.30212,30.09338,MIA
37190,Hassan Whiteside,51.67834,24.90489,MIA
37190,Luis Scola,4.48376,23.3043,TOR
37190,Kyle Lowry,25.97367,31.34246,TOR
37190,James Johnson,40.59973,24.03835,TOR
37190,DeMar DeRozan,22.89238,37.42334,TOR
37190,Bismack Biyombo,33.25449,30.13065,TOR
37200,Ball,28.67387,31.04071,Ball
37200,Dwyane Wade,68.63239,20.16899,MIA
37200,Chris Bosh,50.12292,18.91671,MIA
37200,Luol Deng,53.6739,36.05303,MIA
37200,Goran Dragic,60.86851,29.21652,MIA
37200,Hassan Whiteside,55.80606,24.46486,MIA
37200,Luis Scola,7.49695,23.964,TOR
37200,Kyle Lowry,27.95634,30.75452,TOR
37200,James Johnson,44.64692,25.30393,TOR
37200,DeMar DeRozan,26.57518,39.1415,TOR
37200,Bismack Biyombo,38.38077,30.68575,TOR
37210,Ball,31.3789,31.03995,Ball
37210,Dwyane Wade,70.68471,21.664,MIA
37210,Chris Bosh,52.69323,19.47785,MIA
37210,Luol Deng,56.61554,36.24372,MIA
37210,Goran Dragic,62.0753,28.53209,MIA
37210,Hassan Whiteside,59.28985,24.60726,MIA
37210,Luis Scola,11.35207,23.72221,TOR
37210,Kyle Lowry,29.91196,30.22987,TOR
37210,James Johnson,48.46256,26.60912,TOR
37210,DeMar DeRozan,30.75104,40.62998,TOR
37210,Bismack Biyombo,43.61914,31.22463,TOR
37220,Ball,32.83769,30.94863,Ball
37220,Dwyane Wade,72.49582,22.88313,MIA
37220,Chris Bosh,55.22396,20.09358,MIA
37220,Luol Deng,59.30065,36.50221,MIA
37220,Goran Dragic,63.00707,28.3172,MIA
37220,Hassan Whiteside,62.53063,24.12757,MIA
37220,Luis Scola,15.7007,23.30639,TOR
37220,Kyle Lowry,32.10595,30.253,TOR
37220,James Johnson,52.25245,27.61786,TOR
37220,DeMar DeRozan,35.01624,42.20151,TOR
37220,Bismack Biyombo,48.76012,31.45466,TOR
37230,Ball,36.11943,29.45569,Ball
37230,Dwyane Wade,74.19504,24.3355,MIA
37230,Chris Bosh,57.57811,20.81466,MIA
37230,Luol Deng,62.02905,37.26379,MIA
37230,Goran Dragic,62.96179,27.47794,MIA
37230,Hassan Whiteside,65.29052,23.78501,MIA
37230,Luis Scola,20.43888,22.48187,TOR
37230,Kyle Lowry,34.31423,30.05154,TOR
37230,James Johnson,55.96082,27.98468,TOR
37230,DeMar DeRozan,39.42046,43.39282,TOR
37230,Bismack Biyombo,53.53163,31.65868,TOR
37240,Ball,38.07555,28.48257,Ball
37240,Dwyane Wade,75.46466,25.00359,MIA
37240,Chris Bosh,59.63204,21.15399,MIA
37240,Luol Deng,64.43047,37.71907,MIA
37240,Goran Dragic,62.25751,25.43832,MIA
37240,Hassan Whiteside,68.15382,24.28903,MIA
37240,Luis Scola,25.30905,22.05818,TOR
37240,Kyle Lowry,36.60126,29.72852,TOR
37240,James Johnson,59.37255,27.74423,TOR
37240,DeMar DeRozan,43.91898,44.43757,TOR
37240,Bismack Biyombo,57.83879,31.63363,TOR
37250,Ball,40.07749,27.98588,Ball
37250,Dwyane Wade,76.64324,25.48569,MIA
37250,Chris Bosh,61.99059,21.30157,MIA
37250,Luol Deng,66.71268,38.15591,MIA
37250,Goran Dragic,62.64997,25.31597,MIA
37250,Hassan Whiteside,70.41908,24.87131,MIA
37250,Luis Scola,30.36343,21.5452,TOR
37250,Kyle Lowry,38.72886,29.62766,TOR
37250,James Johnson,62.48203,27.52561,TOR
37250,DeMar DeRozan,48.49516,45.08975,TOR
37250,Bismack Biyombo,61.59102,31.63237,TOR
37260,Ball,41.37698,27.53064,Ball
37260,Dwyane Wade,77.44696,25.8398,MIA
37260,Chris Bosh,64.0663,21.29436,MIA
37260,Luol Deng,68.81781,38.43821,MIA
37260,Goran Dragic,62.9546,25.79577,MIA
37260,Hassan Whiteside,72.1038,25.37248,MIA
37260,Luis Scola,35.49686,21.21615,TOR
37260,Kyle Lowry,40.9096,29.22345,TOR
37260,James Johnson,65.1344,27.12986,TOR
37260,DeMar DeRozan,52.9488,45.84664,TOR
37260,Bismack Biyombo,64.55819,31.32354,TOR
37270,Ball,43.84073,28.06318,Ball
37270,Dwyane Wade,77.86215,25.40928,MIA
37270,Chris Bosh,65.43649,20.99376,MIA
37270,Luol Deng,70.49642,38.51702,MIA
37270,Goran Dragic,62.63078,26.04642,MIA
37270,Hassan Whiteside,73.29167,26.01957,MIA
37270,Luis Scola,40.16179,20.89742,TOR
37270,Kyle Lowry,42.89535,28.94805,TOR
37270,James Johnson,66.99365,26.27348,TOR
37270,DeMar DeRozan,56.73961,46.29184,TOR
37270,Bismack Biyombo,66.67265,31.38868,TOR
37280,Ball,46.2016,29.73611,Ball
37280,Dwyane Wade,78.11075,24.3301,MIA
37280,Chris Bosh,67.63525,21.82865,MIA
37280,Luol Deng,72.53952,38.69201,MIA
37280,Goran Dragic,62.37045,26.79644,MIA
37280,Hassan Whiteside,74.58953,26.3455,MIA
37280,Luis Scola,45.33034,20.41966,TOR
37280,Kyle Lowry,44.84556,29.03592,TOR
37280,James Johnson,68.7432,25.19964,TOR
37280,DeMar DeRozan,60.52653,46.75888,TOR
37280,Bismack Biyombo,68.59243,31.637,TOR
37290,Ball,47.4655,30.17148,Ball
37290,Dwyane Wade,77.98041,23.41639,MIA
37290,Chris Bosh,69.35043,22.37013,MIA
37290,Luol Deng,74.38961,39.14426,MIA
37290,Goran Dragic,62.55605,27.21959,MIA
37290,Hassan Whiteside,75.41749,26.81589,MIA
37290,Luis Scola,50.39442,19.78579,TOR
37290,Kyle Lowry,46.85211,29.16388,TOR
37290,James Johnson,70.36127,24.17918,TOR
37290,DeMar DeRozan,63.77114,46.84606,TOR
37290,Bismack Biyombo,70.19514,31.45102,TOR
37300,Ball,49.81797,30.03763,Ball
37300,Dwyane Wade,77.77607,22.42181,MIA
37300,Chris Bosh,70.52868,21.38404,MIA
37300,Luol Deng,76.11668,39.34574,MIA
37300,Goran Dragic,62.94074,27.36457,MIA
37300,Hassan Whiteside,75.58276,28.16271,MIA
37300,Luis Scola,55.20281,19.05145,TOR
37300,Kyle Lowry,48.70226,29.25263,TOR
37300,James Johnson,71.83498,23.61498,TOR
37300,DeMar DeRozan,66.26594,46.78697,TOR
37300,Bismack Biyombo,71.64503,31.94281,TOR
37310,Ball,52.02251,29.17437,Ball
37310,Dwyane Wade,78.06947,21.72051,MIA
37310,Chris Bosh,71.65957,20.41862,MIA
37310,Luol Deng,77.27419,40.01501,MIA
37310,Goran Dragic,63.32997,27.92874,MIA
37310,Hassan Whiteside,75.24315,30.11956,MIA
37310,Luis Scola,59.78695,18.27873,TOR
37310,Kyle Lowry,50.4722,29.2502,TOR
37310,James Johnson,73.13181,22.80314,TOR
37310,DeMar DeRozan,68.62206,46.40978,TOR
37310,Bismack Biyombo,72.63867,32.42553,TOR
37320,Ball,53.56671,28.32493,Ball
37320,Dwyane Wade,78.93825,21.79511,MIA
37320,Chris Bosh,72.82165,19.63377,MIA
37320,Luol Deng,77.1054,40.37713,MIA
37320,Goran Dragic,63.67012,28.54957,MIA
37320,Hassan Whiteside,74.96167,32.67448,MIA
37320,Luis Scola,63.85087,17.57898,TOR
37320,Kyle Lowry,52.10232,29.12825,TOR
37320,James Johnson,74.81403,22.60019,TOR
37320,DeMar DeRozan,70.32532,44.64513,TOR
37320,Bismack Biyombo,73.19961,31.95727,TOR
37330,Ball,53.69662,27.6709,Ball
37330,Dwyane Wade,79.96922,22.24785,MIA
37330,Chris Bosh,73.72697,18.38593,MIA
37330,Luol Deng,76.11714,41.37392,MIA
37330,Goran Dragic,63.76692,28.22087,MIA
37330,Hassan Whiteside,75.30867,34.15613,MIA
37330,Luis Scola,67.05193,16.96965,TOR
37330,Kyle Lowry,53.29043,28.96729,TOR
37330,James Johnson,76.35969,23.05181,TOR
37330,DeMar DeRozan,71.81606,42.8374,TOR
37330,Bismack Biyombo,73.45468,32.16601,TOR
37340,Ball,55.24334,27.2415,Ball
37340,Dwyane Wade,80.79251,23.10334,MIA
37340,Chris Bosh,73.95171,17.3577,MIA
37340,Luol Deng,74.94052,41.26867,MIA
37340,Goran Dragic,63.85697,27.78507,MIA
37340,Hassan Whiteside,75.56117,34.38017,MIA
37340,Luis Scola,69.32792,16.59432,TOR
37340,Kyle Lowry,54.45269,28.23456,TOR
37340,James Johnson,78.08304,23.27908,TOR
37340,DeMar DeRozan,72.59268,40.10643,TOR
37340,Bismack Biyombo,73.21455,32.68081,TOR
37350,Ball,54.96739,26.79316,Ball
37350,Dwyane Wade,81.6425,24.14337,MIA
37350,Chris Bosh,73.1213,17.63248,MIA
37350,Luol Deng,73.10335,38.1208,MIA
37350,Goran Dragic,63.94791,27.68831,MIA
37350,Hassan Whiteside,75.82345,32.49059,MIA
37350,Luis Scola,70.92707,16.58224,TOR
37350,Kyle Lowry,55.28585,27.67466,TOR
37350,James Johnson,79.67738,23.00505,TOR
37350,DeMar DeRozan,72.17776,36.44216,TOR
37350,Bismack Biyombo,73.29644,32.83681,TOR
37360,Ball,57.06781,28.25266,Ball
37360,Dwyane Wade,82.99683,24.74859,MIA
37360,Chris Bosh,72.77498,18.09364,MIA
37360,Luol Deng,70.73727,32.35946,MIA
37360,Goran Dragic,64.05465,26.92083,MIA
37360,Hassan Whiteside,75.94599,31.71348,MIA
37360,Luis Scola,71.45968,16.86881,TOR
37360,Kyle Lowry,56.04204,26.87479,TOR
37360,James Johnson,80.82539,22.14992,TOR
37360,DeMar DeRozan,71.19992,31.91545,TOR
37360,Bismack Biyombo,73.23134,33.17345,TOR
37370,Ball,57.17698,25.49511,Ball
37370,Dwyane Wade,84.04864,24.08416,MIA
37370,Chris Bosh,72.52261,18.05109,MIA
37370,Luol Deng,69.74964,26.6837,MIA
37370,Goran Dragic,64.18406,26.13432,MIA
37370,Hassan Whiteside,76.05354,31.53001,MIA
37370,Luis Scola,70.86204,17.93057,TOR
37370,Kyle Lowry,56.2876,25.50629,TOR
37370,James Johnson,82.15417,20.52591,TOR
37370,DeMar DeRozan,69.85166,26.65133,TOR
37370,Bismack Biyombo,73.00148,33.5203,TOR
37380,Ball,56.64696,23.34042,Ball
37380,Dwyane Wade,84.68012,22.45168,MIA
37380,Chris Bosh,72.24243,17.91121,MIA
37380,Luol Deng,67.41868,21.35923,MIA
37380,Goran Dragic,64.01102,25.74342,MIA
37380,Hassan Whiteside,76.00989,31.66146,MIA
37380,Luis Scola,70.50352,17.97346,TOR
37380,Kyle Lowry,56.32623,24.25487,TOR
37380,James Johnson,83.18137,18.4173,TOR
37380,DeMar DeRozan,68.60134,21.17738,TOR
37380,Bismack Biyombo,72.45182,33.9941,TOR
37390,Ball,56.88817,22.44994,Ball
37390,Dwyane Wade,84.8093,20.81753,MIA
37390,Chris Bosh,72.07782,17.96928,MIA
37390,Luol Deng,66.21053,17.12107,MIA
37390,Goran Dragic,63.88202,25.59004,MIA
37390,Hassan Whiteside,75.30039,32.36895,MIA
37390,Luis Scola,70.50073,17.55839,TOR
37390,Kyle Lowry,56.29155,23.38043,TOR
37390,James Johnson,83.74492,16.31104,TOR
37390,DeMar DeRozan,67.81838,15.72812,TOR
37390,Bismack Biyombo,71.52456,33.64303,TOR
37400,Ball,56.13775,21.96652,Ball
37400,Dwyane Wade,85.12549,20.05748,MIA
37400,Chris Bosh,71.55991,17.88686,MIA
37400,Luol Deng,67.33852,12.96923,MIA
37400,Goran Dragic,63.94952,25.41057,MIA
37400,Hassan Whiteside,74.68607,32.63796,MIA
37400,Luis Scola,70.24403,16.62578,TOR
37400,Kyle Lowry,56.22002,23.26275,TOR
37400,James Johnson,84.01238,14.08488,TOR
37400,DeMar DeRozan,68.12792,10.75568,TOR
37400,Bismack Biyombo,70.16074,33.0235,TOR
37410,Ball,56.56856,22.19793,Ball
37410,Dwyane Wade,85.512,19.18831,MIA
37410,Chris Bosh,70.63472,19.16513,MIA
37410,Luol Deng,69.76072,11.57566,MIA
37410,Goran Dragic,64.00436,25.47189,MIA
37410,Hassan Whiteside,74.2958,32.56634,MIA
37410,Luis Scola,69.41931,17.2197,TOR
37410,Kyle Lowry,56.28655,23.234,TOR
37410,James Johnson,84.48051,12.05806,TOR
37410,DeMar DeRozan,69.20534,7.24764,TOR
37410,Bismack Biyombo,68.32804,32.08522,TOR
37430,Ball,56.09526,25.65447,Ball
37430,Dwyane Wade,86.34055,17.49371,MIA
37430,Chris Bosh,70.05415,19.82,MIA
37430,Luol Deng,73.96648,10.66491,MIA
37430,Goran Dragic,63.42547,26.01635,MIA
37430,Hassan Whiteside,72.52686,32.78131,MIA
37430,Luis Scola,67.53696,17.13805,TOR
37430,Kyle Lowry,56.47973,25.81519,TOR
37430,James Johnson,84.59759,8.63784,TOR
37430,DeMar DeRozan,71.0573,2.92715,TOR
37430,Bismack Biyombo,65.05304,29.90772,TOR
37440,Ball,56.53136,29.62834,Ball
37440,Dwyane Wade,86.70342,17.67285,MIA
37440,Chris Bosh,70.57666,20.63563,MIA
37440,Luol Deng,75.15481,9.85219,MIA
37440,Goran Dragic,62.32405,27.69713,MIA
37440,Hassan Whiteside,72.31813,32.44288,MIA
37440,Luis Scola,66.81268,16.93919,TOR
37440,Kyle Lowry,57.20487,28.78606,TOR
37440,James Johnson,85.10273,7.02815,TOR
37440,DeMar DeRozan,71.37167,2.19408,TOR
37440,Bismack Biyombo,63.66719,29.89807,TOR
37450,Ball,58.65344,32.37702,Ball
37450,Dwyane Wade,86.93064,18.54757,MIA
37450,Chris Bosh,71.41511,22.74475,MIA
37450,Luol Deng,76.41616,10.23901,MIA
37450,Goran Dragic,61.3803,29.76056,MIA
37450,Hassan Whiteside,72.78155,32.4587,MIA
37450,Luis Scola,66.19942,17.03564,TOR
37450,Kyle Lowry,59.72665,32.22891,TOR
37450,James Johnson,85.83639,5.70738,TOR
37450,DeMar DeRozan,71.01739,2.66384,TOR
37450,Bismack Biyombo,62.7747,29.93893,TOR
37460,Ball,62.78419,34.93573,Ball
37460,Dwyane Wade,87.04364,19.18234,MIA
37460,Chris Bosh,72.25727,25.03737,MIA
37460,Luol Deng,76.89822,10.66842,MIA
37460,Goran Dragic,61.91457,32.33801,MIA
37460,Hassan Whiteside,73.95934,32.67664,MIA
37460,Luis Scola,65.52533,18.19892,TOR
37460,Kyle Lowry,63.2733,35.16812,TOR
37460,James Johnson,86.44866,4.4621,TOR
37460,DeMar DeRozan,70.6795,3.46583,TOR
37460,Bismack Biyombo,63.63885,29.7979,TOR
37470,Ball,68.90898,37.1919,Ball
37470,Dwyane Wade,87.08541,18.85787,MIA
37470,Chris Bosh,71.9819,25.74527,MIA
37470,Luol Deng,76.84027,11.2603,MIA
37470,Goran Dragic,64.97962,34.30187,MIA
37470,Hassan Whiteside,75.66938,32.77981,MIA
37470,Luis Scola,65.89402,19.9263,TOR
37470,Kyle Lowry,67.63502,36.55518,TOR
37470,James Johnson,86.5897,3.08424,TOR
37470,DeMar DeRozan,70.37925,4.20476,TOR
37470,Bismack Biyombo,66.67892,29.42355,TOR
37480,Ball,70.30825,37.21683,Ball
37480,Dwyane Wade,87.15376,18.03485,MIA
37480,Chris Bosh,72.00806,26.48666,MIA
37480,Luol Deng,76.98715,12.38329,MIA
37480,Goran Dragic,69.52893,34.98911,MIA
37480,Hassan Whiteside,77.39707,32.44783,MIA
37480,Luis Scola,65.35335,20.60276,TOR
37480,Kyle Lowry,70.23912,37.46693,TOR
37480,James Johnson,86.7996,2.26638,TOR
37480,DeMar DeRozan,69.42567,4.88766,TOR
37480,Bismack Biyombo,70.998,29.09854,TOR
37490,Ball,76.29526,33.54407,Ball
37490,Dwyane Wade,87.25095,18.01403,MIA
37490,Chris Bosh,73.05104,26.82439,MIA
37490,Luol Deng,77.22853,13.23491,MIA
37490,Goran Dragic,74.23356,35.79844,MIA
37490,Hassan Whiteside,79.42428,30.97298,MIA
37490,Luis Scola,64.47219,21.00468,TOR
37490,Kyle Lowry,71.70361,37.35877,TOR
37490,James Johnson,86.70558,2.05502,TOR
37490,DeMar DeRozan,68.52084,6.12551,TOR
37490,Bismack Biyombo,75.29182,28.77578,TOR
37500,Ball,82.53607,29.50592,Ball
37500,Dwyane Wade,87.31558,18.8671,MIA
37500,Chris Bosh,74.49071,25.7797,MIA
37500,Luol Deng,78.27362,14.81029,MIA
37500,Goran Dragic,77.95969,36.36307,MIA
37500,Hassan Whiteside,81.45102,28.79961,MIA
37500,Luis Scola,63.84314,21.58127,TOR
37500,Kyle Lowry,72.88348,38.51702,TOR
37500,James Johnson,85.92668,2.4847,TOR
37500,DeMar DeRozan,67.32713,7.44498,TOR
37500,Bismack Biyombo,79.34797,27.6468,TOR
37510,Ball,88.40937,25.64548,Ball
37510,Dwyane Wade,87.27149,20.01949,MIA
37510,Chris Bosh,76.17069,25.07794,MIA
37510,Luol Deng,79.15818,16.17368,MIA
37510,Goran Dragic,81.18063,36.9544,MIA
37510,Hassan Whiteside,83.42536,27.31884,MIA
37510,Luis Scola,62.2939,21.75174,TOR
37510,Kyle Lowry,73.18148,40.64866,TOR
37510,James Johnson,84.66094,3.20917,TOR
37510,DeMar DeRozan,65.57848,8.78197,TOR
37510,Bismack Biyombo,81.7308,25.15272,TOR
37520,Ball,86.02056,22.83435,Ball
37520,Dwyane Wade,87.22683,20.73234,MIA
37520,Chris Bosh,78.18473,23.90909,MIA
37520,Luol Deng,79.17854,17.73547,MIA
37520,Goran Dragic,83.24846,37.25435,MIA
37520,Hassan Whiteside,85.25032,26.08967,MIA
37520,Luis Scola,60.10429,22.06266,TOR
37520,Kyle Lowry,72.2763,42.56727,TOR
37520,James Johnson,82.97661,4.16238,TOR
37520,DeMar DeRozan,63.6606,10.55164,TOR
37520,Bismack Biyombo,82.96134,23.79487,TOR
37530,Ball,82.3138,20.21214,Ball
37530,Dwyane Wade,87.12955,20.03805,MIA
37530,Chris Bosh,79.46012,21.66598,MIA
37530,Luol Deng,79.05162,18.53736,MIA
37530,Goran Dragic,83.75278,37.51712,MIA
37530,Hassan Whiteside,86.13661,24.93018,MIA
37530,Luis Scola,57.85105,22.44529,TOR
37530,Kyle Lowry,70.43727,43.34417,TOR
37530,James Johnson,81.0148,5.19529,TOR
37530,DeMar DeRozan,61.32652,12.5109,TOR
37530,Bismack Biyombo,81.49534,22.91729,TOR
37540,Ball,79.40598,17.66303,Ball
37540,Dwyane Wade,86.44145,18.57359,MIA
37540,Chris Bosh,79.35175,20.05298,MIA
37540,Luol Deng,79.397,18.15218,MIA
37540,Goran Dragic,82.76344,37.97562,MIA
37540,Hassan Whiteside,85.7869,24.35053,MIA
37540,Luis Scola,55.50117,22.74535,TOR
37540,Kyle Lowry,67.88669,43.04962,TOR
37540,James Johnson,79.10544,6.74599,TOR
37540,DeMar DeRozan,58.07582,13.84906,TOR
37540,Bismack Biyombo,79.94211,22.07172,TOR
37550,Ball,77.36431,15.53656,Ball
37550,Dwyane Wade,85.61612,16.59944,MIA
37550,Chris Bosh,78.90025,19.17195,MIA
37550,Luol Deng,79.28672,17.0501,MIA
37550,Goran Dragic,80.96166,38.3925,MIA
37550,Hassan Whiteside,84.48713,24.66002,MIA
37550,Luis Scola,53.0456,23.13672,TOR
37550,Kyle Lowry,65.03747,42.06074,TOR
37550,James Johnson,77.2906,8.37475,TOR
37550,DeMar DeRozan,54.42641,14.75301,TOR
37550,Bismack Biyombo,79.37592,20.29388,TOR
37560,Ball,77.55771,14.60901,Ball
37560,Dwyane Wade,84.82727,14.32724,MIA
37560,Chris Bosh,79.07835,18.16177,MIA
37560,Luol Deng,78.75473,14.882670000000001,MIA
37560,Goran Dragic,78.93211,38.91907,MIA
37560,Hassan Whiteside,83.32406,23.75508,MIA
37560,Luis Scola,50.67144,23.33409,TOR
37560,Kyle Lowry,62.01812,40.94922,TOR
37560,James Johnson,75.74175,9.97576,TOR
37560,DeMar DeRozan,50.57287,15.42495,TOR
37560,Bismack Biyombo,77.84589,18.71334,TOR
37570,Ball,77.80538,12.86662,Ball
37570,Dwyane Wade,83.61504,11.69941,MIA
37570,Chris Bosh,78.78224,17.9133,MIA
37570,Luol Deng,78.34766,12.49022,MIA
37570,Goran Dragic,77.07621,39.08076,MIA
37570,Hassan Whiteside,81.8579,23.44754,MIA
37570,Luis Scola,48.17582,23.52293,TOR
37570,Kyle Lowry,58.932,39.64909,TOR
37570,James Johnson,73.97654,11.34365,TOR
37570,DeMar DeRozan,46.88891,15.89844,TOR
37570,Bismack Biyombo,74.51618,18.68498,TOR
37590,Ball,77.33799,11.45415,Ball
37590,Dwyane Wade,80.21716,7.56127,MIA
37590,Chris Bosh,76.45908,20.5061,MIA
37590,Luol Deng,78.13972,11.7219,MIA
37590,Goran Dragic,72.92692,39.98692,MIA
37590,Hassan Whiteside,76.69957,24.74543,MIA
37590,Luis Scola,43.64604,23.72598,TOR
37590,Kyle Lowry,52.83195,37.32552,TOR
37590,James Johnson,67.97868,12.69873,TOR
37590,DeMar DeRozan,40.66321,16.64034,TOR
37590,Bismack Biyombo,66.73469,19.46078,TOR
37600,Ball,76.71459,8.36794,Ball
37600,Dwyane Wade,77.94359,6.03196,MIA
37600,Chris Bosh,74.01023,22.73039,MIA
37600,Luol Deng,77.65966,12.26388,MIA
37600,Goran Dragic,69.73934,41.22727,MIA
37600,Hassan Whiteside,72.46223,25.25814,MIA
37600,Luis Scola,41.24696,24.01202,TOR
37600,Kyle Lowry,49.65851,36.4339,TOR
37600,James Johnson,63.21758,12.7684,TOR
37600,DeMar DeRozan,37.75871,16.56994,TOR
37600,Bismack Biyombo,61.97713,20.63169,TOR
37610,Ball,76.03574,5.90019,Ball
37610,Dwyane Wade,74.9421,5.0203,MIA
37610,Chris Bosh,71.43152,25.68687,MIA
37610,Luol Deng,76.53386,13.34218,MIA
37610,Goran Dragic,65.61009,42.65669,MIA
37610,Hassan Whiteside,67.88891,25.52622,MIA
37610,Luis Scola,39.05514,24.50997,TOR
37610,Kyle Lowry,46.23805,35.76919,TOR
37610,James Johnson,58.28603,12.82699,TOR
37610,DeMar DeRozan,35.30773,16.92318,TOR
37610,Bismack Biyombo,56.80468,21.28653,TOR
37620,Ball,70.48196,5.08632,Ball
37620,Dwyane Wade,70.98331,4.29363,MIA
37620,Chris Bosh,67.83840000000001,28.62309,MIA
37620,Luol Deng,74.22942,14.51876,MIA
37620,Goran Dragic,60.58317,44.14555,MIA
37620,Hassan Whiteside,63.42284,26.0729,MIA
37620,Luis Scola,36.92583,25.19817,TOR
37620,Kyle Lowry,42.73197,35.44246,TOR
37620,James Johnson,53.245,12.60906,TOR
37620,DeMar DeRozan,33.01812,17.3513,TOR
37620,Bismack Biyombo,51.647710000000004,21.96482,TOR
