14830,Ball,16.99095,23.58921,Ball
14830,Luol Deng,9.034,32.17965,MIA
14830,Gerald Green,11.8303,15.40725,MIA
14830,Goran Dragic,17.75897,29.67515,MIA
14830,Hassan Whiteside,14.91046,22.50176,MIA
14830,Justise Winslow,22.60123,19.78855,MIA
14830,Patrick Patterson,4.59209,48.75878,TOR
14830,DeMar DeRozan,16.9961,24.6022,TOR
14830,Terrence Ross,9.02673,1.48841,TOR
14830,Cory Joseph,23.45489,43.50279,TOR
14830,Bismack Biyombo,21.58703,22.47338,TOR
14840,Ball,11.90105,26.4394,Ball
14840,Luol Deng,8.95579,33.71714,MIA
14840,Gerald Green,10.21405,16.12235,MIA
14840,Goran Dragic,18.21811,30.62512,MIA
14840,Hassan Whiteside,11.02601,24.75399,MIA
14840,Justise Winslow,17.44104,21.19088,MIA
14840,Patrick Patterson,5.15656,48.83963,TOR
14840,DeMar DeRozan,11.9087,26.2773,TOR
14840,Terrence Ross,10.91615,1.98628,TOR
14840,Cory Joseph,23.33535,43.54414,TOR
14840,Bismack Biyombo,16.25997,23.7838,TOR
14850,Ball,7.58144,29.05458,Ball
14850,Luol Deng,8.49797,35.24646,MIA
14850,Gerald Green,8.86566,16.99643,MIA
14850,Goran Dragic,18.75259,31.90221,MIA
14850,Hassan Whiteside,7.75642,26.93693,MIA
14850,Justise Winslow,12.40257,21.69979,MIA
14850,Patrick Patterson,5.13878,48.90079,TOR
14850,DeMar DeRozan,7.58309,27.62917,TOR
14850,Terrence Ross,12.81955,2.71319,TOR
14850,Cory Joseph,23.33531,43.53393,TOR
14850,Bismack Biyombo,12.14281,23.54644,TOR
14860,Ball,6.12035,29.06059,Ball
14860,Luol Deng,8.51738,36.12484,MIA
14860,Gerald Green,8.14314,17.90115,MIA
14860,Goran Dragic,18.93903,31.88301,MIA
14860,Hassan Whiteside,4.82522,27.90392,MIA
14860,Justise Winslow,9.255,22.14936,MIA
14860,Patrick Patterson,5.0904,48.9126,TOR
14860,DeMar DeRozan,3.33219,31.46271,TOR
14860,Terrence Ross,14.76566,3.73291,TOR
14860,Cory Joseph,23.860500000000002,43.11277,TOR
14860,Bismack Biyombo,9.27104,23.97233,TOR
14870,Ball,6.10591,26.27548,Ball
14870,Luol Deng,8.77237,35.93877,MIA
14870,Gerald Green,7.9369700000000005,18.94103,MIA
14870,Goran Dragic,18.80946,30.65672,MIA
14870,Hassan Whiteside,2.40893,28.12812,MIA
14870,Justise Winslow,7.04349,22.18941,MIA
14870,Patrick Patterson,5.11572,48.85807,TOR
14870,DeMar DeRozan,1.9562,32.7396,TOR
14870,Terrence Ross,16.89083,5.2918,TOR
14870,Cory Joseph,24.82907,42.09108,TOR
14870,Bismack Biyombo,7.14445,24.3487,TOR
14880,Ball,6.10385,25.87761,Ball
14880,Luol Deng,9.40727,36.05428,MIA
14880,Gerald Green,7.99528,19.95512,MIA
14880,Goran Dragic,18.2596,28.9128,MIA
14880,Hassan Whiteside,1.22414,28.03053,MIA
14880,Justise Winslow,6.93502,23.03537,MIA
14880,Patrick Patterson,3.43118,46.83068,TOR
14880,DeMar DeRozan,1.11434,35.60828,TOR
14880,Terrence Ross,19.33444,6.9867,TOR
14880,Cory Joseph,25.9062,40.28168,TOR
14880,Bismack Biyombo,6.8900500000000005,24.95149,TOR
14890,Ball,8.98284,26.99555,Ball
14890,Luol Deng,10.49865,35.80806,MIA
14890,Gerald Green,8.04569,20.80964,MIA
14890,Goran Dragic,17.69258,27.49752,MIA
14890,Hassan Whiteside,1.75248,27.77474,MIA
14890,Justise Winslow,7.96384,24.16973,MIA
14890,Patrick Patterson,-0.66568,42.48862,TOR
14890,DeMar DeRozan,1.16269,39.03278,TOR
14890,Terrence Ross,22.37173,9.09536,TOR
14890,Cory Joseph,27.22641,38.17162,TOR
14890,Bismack Biyombo,8.29215,25.14503,TOR
14900,Ball,11.52992,25.66637,Ball
14900,Luol Deng,11.83382,35.05102,MIA
14900,Gerald Green,8.48082,20.94682,MIA
14900,Goran Dragic,17.00108,26.65681,MIA
14900,Hassan Whiteside,3.26287,27.77676,MIA
14900,Justise Winslow,9.321860000000001,24.91905,MIA
14900,Patrick Patterson,4.74968,43.94115,TOR
14900,DeMar DeRozan,2.85187,40.54849,TOR
14900,Terrence Ross,25.92211,10.65573,TOR
14900,Cory Joseph,28.8515,35.82829,TOR
14900,Bismack Biyombo,10.08296,24.97965,TOR
14910,Ball,13.89478,26.12352,Ball
14910,Luol Deng,12.48907,34.72193,MIA
14910,Gerald Green,10.05605,20.12227,MIA
14910,Goran Dragic,16.50071,25.36415,MIA
14910,Hassan Whiteside,4.84398,27.50248,MIA
14910,Justise Winslow,11.47925,25.76649,MIA
14910,Patrick Patterson,11.13676,45.74715,TOR
14910,DeMar DeRozan,4.96939,41.20674,TOR
14910,Terrence Ross,28.87652,12.27074,TOR
14910,Cory Joseph,31.00914,33.74244,TOR
14910,Bismack Biyombo,12.944890000000001,25.04295,TOR
14920,Ball,15.35352,24.25798,Ball
14920,Luol Deng,13.27439,34.71774,MIA
14920,Gerald Green,12.14287,18.79339,MIA
14920,Goran Dragic,16.39481,25.36095,MIA
14920,Hassan Whiteside,6.33844,27.19691,MIA
14920,Justise Winslow,13.82456,26.35339,MIA
14920,Patrick Patterson,13.13232,46.22772,TOR
14920,DeMar DeRozan,6.27045,42.08649,TOR
14920,Terrence Ross,31.19663,12.77764,TOR
14920,Cory Joseph,33.00639,32.09776,TOR
14920,Bismack Biyombo,15.09986,25.49551,TOR
14930,Ball,21.7197,24.42969,Ball
14930,Luol Deng,14.60978,34.72811,MIA
14930,Gerald Green,15.30621,17.45073,MIA
14930,Goran Dragic,18.13054,25.4185,MIA
14930,Hassan Whiteside,7.39699,27.46581,MIA
14930,Justise Winslow,16.44742,26.99623,MIA
14930,Patrick Patterson,14.46647,46.23836,TOR
14930,DeMar DeRozan,6.62745,42.89143,TOR
14930,Terrence Ross,32.54748,12.41983,TOR
14930,Cory Joseph,34.43137,30.35109,TOR
14930,Bismack Biyombo,16.81263,26.95386,TOR
14940,Ball,28.08463,24.81866,Ball
14940,Luol Deng,15.64936,34.826,MIA
14940,Gerald Green,18.64503,16.17598,MIA
14940,Goran Dragic,21.85741,24.98847,MIA
14940,Hassan Whiteside,8.19756,28.06764,MIA
14940,Justise Winslow,18.89517,27.433230000000002,MIA
14940,Patrick Patterson,15.85683,46.47753,TOR
14940,DeMar DeRozan,6.52253,43.79566,TOR
14940,Terrence Ross,32.57308,11.29556,TOR
14940,Cory Joseph,35.19274,28.55905,TOR
14940,Bismack Biyombo,19.04504,27.20904,TOR
14950,Ball,33.84933,25.28909,Ball
14950,Luol Deng,16.17173,34.75369,MIA
14950,Gerald Green,20.64305,14.88721,MIA
14950,Goran Dragic,24.73852,25.28233,MIA
14950,Hassan Whiteside,8.78413,29.03106,MIA
14950,Justise Winslow,20.22504,27.35144,MIA
14950,Patrick Patterson,17.16629,46.82969,TOR
14950,DeMar DeRozan,6.05225,45.08001,TOR
14950,Terrence Ross,31.16354,9.4002,TOR
14950,Cory Joseph,35.272710000000004,26.6434,TOR
14950,Bismack Biyombo,20.67273,26.04486,TOR
14950,Ball,33.940690000000004,25.00417,Ball
14950,Luol Deng,16.17843,34.78506,MIA
14950,Gerald Green,20.74848,14.76117,MIA
14950,Goran Dragic,24.92967,25.32421,MIA
14950,Hassan Whiteside,8.82808,29.14153,MIA
14950,Justise Winslow,20.27119,27.3467,MIA
14950,Patrick Patterson,17.29256,46.86282,TOR
14950,DeMar DeRozan,6.00718,45.2338,TOR
14950,Terrence Ross,30.95572,9.16988,TOR
14950,Cory Joseph,35.28763,26.47996,TOR
14950,Bismack Biyombo,20.78635,25.94136,TOR
14960,Ball,35.18065,24.81723,Ball
14960,Luol Deng,16.05848,35.50591,MIA
14960,Gerald Green,21.02882,13.47017,MIA
14960,Goran Dragic,26.74346,25.23711,MIA
14960,Hassan Whiteside,9.19143,29.99013,MIA
14960,Justise Winslow,20.18802,26.69866,MIA
14960,Patrick Patterson,18.67966,46.44765,TOR
14960,DeMar DeRozan,5.83021,46.04671,TOR
14960,Terrence Ross,28.93696,7.2225,TOR
14960,Cory Joseph,35.53844,25.35469,TOR
14960,Bismack Biyombo,20.4694,26.22267,TOR
14980,Ball,31.48629,32.36516,Ball
14980,Luol Deng,18.5497,38.20628,MIA
14980,Gerald Green,18.34062,11.6396,MIA
14980,Goran Dragic,28.75906,25.24507,MIA
14980,Hassan Whiteside,9.12148,32.48664,MIA
14980,Justise Winslow,17.4108,27.92763,MIA
14980,Patrick Patterson,22.01169,45.59781,TOR
14980,DeMar DeRozan,5.42684,48.71347,TOR
14980,Terrence Ross,22.55704,4.28128,TOR
14980,Cory Joseph,35.23983,25.83057,TOR
14980,Bismack Biyombo,19.57347,24.42287,TOR
14990,Ball,24.89697,44.26713,Ball
14990,Luol Deng,21.12931,40.96384,MIA
14990,Gerald Green,16.34987,11.22964,MIA
14990,Goran Dragic,28.58185,25.39526,MIA
14990,Hassan Whiteside,9.25988,33.25034,MIA
14990,Justise Winslow,15.33999,30.38016,MIA
14990,Patrick Patterson,23.72115,45.32387,TOR
14990,DeMar DeRozan,5.59914,48.4909,TOR
14990,Terrence Ross,19.22294,3.08185,TOR
14990,Cory Joseph,35.2756,25.33094,TOR
14990,Bismack Biyombo,20.31888,21.95726,TOR
15000,Ball,17.9525,46.31236,Ball
15000,Luol Deng,22.81222,42.48643,MIA
15000,Gerald Green,14.32783,11.81938,MIA
15000,Goran Dragic,27.87152,25.03648,MIA
15000,Hassan Whiteside,9.42102,33.39168,MIA
15000,Justise Winslow,13.923210000000001,32.91377,MIA
15000,Patrick Patterson,24.55342,45.35668,TOR
15000,DeMar DeRozan,5.72706,48.46865,TOR
15000,Terrence Ross,16.46396,3.01472,TOR
15000,Cory Joseph,35.7081,24.97507,TOR
15000,Bismack Biyombo,19.98089,20.794,TOR
15000,Ball,16.7298,46.58114,Ball
15000,Luol Deng,22.91977,42.52895,MIA
15000,Gerald Green,14.13377,11.88846,MIA
15000,Goran Dragic,27.72851,25.05905,MIA
15000,Hassan Whiteside,9.40559,33.39444,MIA
15000,Justise Winslow,13.81619,33.14128,MIA
15000,Patrick Patterson,24.61007,45.40434,TOR
15000,DeMar DeRozan,5.7215,48.43353,TOR
15000,Terrence Ross,16.22696,3.05439,TOR
15000,Cory Joseph,35.77012,24.97134,TOR
15000,Bismack Biyombo,19.85161,20.69604,TOR
15010,Ball,7.98446,47.90441,Ball
15010,Luol Deng,23.18092,42.46196,MIA
15010,Gerald Green,12.28559,12.37756,MIA
15010,Goran Dragic,26.09638,25.39195,MIA
15010,Hassan Whiteside,9.17672,33.32408,MIA
15010,Justise Winslow,12.642430000000001,35.32084,MIA
15010,Patrick Patterson,25.34854,45.25395,TOR
15010,DeMar DeRozan,5.74638,48.18278,TOR
15010,Terrence Ross,14.46196,2.84659,TOR
15010,Cory Joseph,36.31237,24.81214,TOR
15010,Bismack Biyombo,18.47345,20.48399,TOR
15030,Ball,5.46728,46.85277,Ball
15030,Luol Deng,22.45847,40.32418,MIA
15030,Gerald Green,8.55947,13.9863,MIA
15030,Goran Dragic,23.01925,24.96059,MIA
15030,Hassan Whiteside,8.85849,31.06475,MIA
15030,Justise Winslow,8.05873,41.8428,MIA
15030,Patrick Patterson,27.95197,43.94703,TOR
15030,DeMar DeRozan,5.69017,48.09837,TOR
15030,Terrence Ross,12.64797,2.09016,TOR
15030,Cory Joseph,35.8909,23.62303,TOR
15030,Bismack Biyombo,12.75413,21.56079,TOR
15040,Ball,5.12953,47.69317,Ball
15040,Luol Deng,21.70618,39.02339,MIA
15040,Gerald Green,7.5684000000000005,14.74082,MIA
15040,Goran Dragic,21.01188,25.7259,MIA
15040,Hassan Whiteside,8.00212,29.85268,MIA
15040,Justise Winslow,8.01657,43.23725,MIA
15040,Patrick Patterson,29.30516,42.06275,TOR
15040,DeMar DeRozan,5.6982800000000005,48.0617,TOR
15040,Terrence Ross,13.11485,2.14897,TOR
15040,Cory Joseph,36.4517,24.31766,TOR
15040,Bismack Biyombo,9.59653,21.83071,TOR
15050,Ball,7.63993,45.38078,Ball
15050,Luol Deng,20.7248,39.15581,MIA
15050,Gerald Green,7.56688,15.614090000000001,MIA
15050,Goran Dragic,19.84169,25.8116,MIA
15050,Hassan Whiteside,7.78565,28.55484,MIA
15050,Justise Winslow,8.5182,44.05278,MIA
15050,Patrick Patterson,30.73939,40.74009,TOR
15050,DeMar DeRozan,5.9152000000000005,47.82886,TOR
15050,Terrence Ross,14.16732,2.4784100000000002,TOR
15050,Cory Joseph,37.39337,24.68988,TOR
15050,Bismack Biyombo,7.01747,20.66743,TOR
15050,Ball,7.63521,45.41927,Ball
15050,Luol Deng,20.612470000000002,39.18259,MIA
15050,Gerald Green,7.61599,15.67456,MIA
15050,Goran Dragic,19.79018,25.83092,MIA
15050,Hassan Whiteside,7.78392,28.3986,MIA
15050,Justise Winslow,8.56171,44.11333,MIA
15050,Patrick Patterson,30.8776,40.63482,TOR
15050,DeMar DeRozan,5.9101300000000005,47.81743,TOR
15050,Terrence Ross,14.29029,2.51668,TOR
15050,Cory Joseph,37.46871,24.6595,TOR
15050,Bismack Biyombo,6.79396,20.5175,TOR
15060,Ball,7.06673,45.42035,Ball
15060,Luol Deng,19.66,39.16939,MIA
15060,Gerald Green,8.11054,16.0486,MIA
15060,Goran Dragic,19.12159,26.26771,MIA
15060,Hassan Whiteside,7.73796,27.0205,MIA
15060,Justise Winslow,8.81912,44.34299,MIA
15060,Patrick Patterson,31.93734,39.35251,TOR
15060,DeMar DeRozan,5.6610700000000005,47.94908,TOR
15060,Terrence Ross,15.42361,2.8055700000000003,TOR
15060,Cory Joseph,37.97986,23.89461,TOR
15060,Bismack Biyombo,5.01891,19.360500000000002,TOR
15070,Ball,6.17359,45.34011,Ball
15070,Luol Deng,18.85545,38.25166,MIA
15070,Gerald Green,8.5512,16.50003,MIA
15070,Goran Dragic,18.99957,26.82354,MIA
15070,Hassan Whiteside,7.12458,26.06414,MIA
15070,Justise Winslow,8.67177,44.28041,MIA
15070,Patrick Patterson,32.83094,38.49972,TOR
15070,DeMar DeRozan,6.11278,47.09698,TOR
15070,Terrence Ross,16.99082,2.78924,TOR
15070,Cory Joseph,37.92837,21.99131,TOR
15070,Bismack Biyombo,3.69032,17.36949,TOR
15080,Ball,6.6679200000000005,46.68955,Ball
15080,Luol Deng,18.54446,37.36994,MIA
15080,Gerald Green,8.96434,16.78651,MIA
15080,Goran Dragic,19.53493,26.5287,MIA
15080,Hassan Whiteside,6.63515,25.99585,MIA
15080,Justise Winslow,8.6821,44.01185,MIA
15080,Patrick Patterson,33.54698,38.08635,TOR
15080,DeMar DeRozan,7.25143,45.25133,TOR
15080,Terrence Ross,17.533360000000002,2.80258,TOR
15080,Cory Joseph,37.34155,19.93207,TOR
15080,Bismack Biyombo,2.34179,16.47943,TOR
15080,Ball,6.53149,46.08432,Ball
15080,Luol Deng,18.53694,37.29085,MIA
15080,Gerald Green,9.01188,16.78259,MIA
15080,Goran Dragic,19.60762,26.42632,MIA
15080,Hassan Whiteside,6.60425,25.98326,MIA
15080,Justise Winslow,8.71242,43.95091,MIA
15080,Patrick Patterson,33.60923,38.03508,TOR
15080,DeMar DeRozan,7.40929,44.99319,TOR
15080,Terrence Ross,17.53181,2.82578,TOR
15080,Cory Joseph,37.23089,19.71658,TOR
15080,Bismack Biyombo,2.20321,16.42457,TOR
15090,Ball,3.57346,43.35131,Ball
15090,Luol Deng,18.74486,36.42098,MIA
15090,Gerald Green,9.15375,16.636,MIA
15090,Goran Dragic,19.83221,25.07115,MIA
15090,Hassan Whiteside,6.27046,27.15327,MIA
15090,Justise Winslow,8.8233,42.555,MIA
15090,Patrick Patterson,33.53453,37.98417,TOR
15090,DeMar DeRozan,7.82841,43.08066,TOR
15090,Terrence Ross,17.38282,2.9456800000000003,TOR
15090,Cory Joseph,35.96538,17.8516,TOR
15090,Bismack Biyombo,1.20888,15.70554,TOR
15100,Ball,3.08401,38.74609,Ball
15100,Luol Deng,18.6286,35.67319,MIA
15100,Gerald Green,7.87649,17.05583,MIA
15100,Goran Dragic,19.40359,23.27883,MIA
15100,Hassan Whiteside,5.90017,29.16745,MIA
15100,Justise Winslow,8.03087,39.1408,MIA
15100,Patrick Patterson,32.5014,38.09878,TOR
15100,DeMar DeRozan,6.33816,39.34264,TOR
15100,Terrence Ross,17.1175,3.2194,TOR
15100,Cory Joseph,34.59363,16.40398,TOR
15100,Bismack Biyombo,0.7272000000000001,16.37029,TOR
15110,Ball,4.17121,33.72357,Ball
15110,Luol Deng,18.57846,35.60689,MIA
15110,Gerald Green,5.50621,18.80936,MIA
15110,Goran Dragic,18.73451,21.82261,MIA
15110,Hassan Whiteside,5.9850900000000005,30.39928,MIA
15110,Justise Winslow,5.35781,35.54849,MIA
15110,Patrick Patterson,31.1123,38.2051,TOR
15110,DeMar DeRozan,5.49264,34.87598,TOR
15110,Terrence Ross,17.14273,3.4388900000000002,TOR
15110,Cory Joseph,33.08945,16.05916,TOR
15110,Bismack Biyombo,1.1591,19.28505,TOR
15120,Ball,3.45359,30.4996,Ball
15120,Luol Deng,18.37515,35.49531,MIA
15120,Gerald Green,3.25422,21.14228,MIA
15120,Goran Dragic,16.88846,19.54378,MIA
15120,Hassan Whiteside,6.16969,30.13926,MIA
15120,Justise Winslow,3.53116,33.51244,MIA
15120,Patrick Patterson,29.36125,39.18708,TOR
15120,DeMar DeRozan,5.48329,31.80481,TOR
15120,Terrence Ross,17.2935,3.22268,TOR
15120,Cory Joseph,31.66032,16.14687,TOR
15120,Bismack Biyombo,1.29217,22.75593,TOR
15130,Ball,28.67304,21.63193,Ball
15130,Chris Bosh,20.33733,25.59962,MIA
15130,Luol Deng,17.53501,45.061280000000004,MIA
15130,Beno Udrih,16.01212,20.12029,MIA
15130,Gerald Green,4.90381,26.11883,MIA
15130,Hassan Whiteside,12.06281,33.41399,MIA
15130,Patrick Patterson,30.89278,25.17162,TOR
15130,DeMar DeRozan,19.11729,45.56928,TOR
15130,Terrence Ross,6.25249,25.29288,TOR
15130,Cory Joseph,23.5987,17.49039,TOR
15130,Bismack Biyombo,14.49316,38.11377,TOR
15140,Ball,27.3065,16.6403,Ball
15140,Chris Bosh,21.60893,26.06612,MIA
15140,Luol Deng,18.03754,41.83023,MIA
15140,Beno Udrih,19.6675,17.68608,MIA
15140,Gerald Green,5.98373,26.94183,MIA
15140,Hassan Whiteside,11.85456,33.38702,MIA
15140,Patrick Patterson,30.45105,25.25058,TOR
15140,DeMar DeRozan,19.08985,42.02137,TOR
15140,Terrence Ross,7.30099,26.91582,TOR
15140,Cory Joseph,26.31126,15.91726,TOR
15140,Bismack Biyombo,16.42963,38.09623,TOR
15150,Ball,28.6571,14.549,Ball
15150,Chris Bosh,21.55551,26.27881,MIA
15150,Luol Deng,18.9793,37.86408,MIA
15150,Beno Udrih,22.46688,15.939070000000001,MIA
15150,Gerald Green,7.07404,28.42496,MIA
15150,Hassan Whiteside,11.79995,32.50963,MIA
15150,Patrick Patterson,29.1003,26.00882,TOR
15150,DeMar DeRozan,20.31283,36.0923,TOR
15150,Terrence Ross,7.78531,29.88782,TOR
15150,Cory Joseph,27.69963,14.47556,TOR
15150,Bismack Biyombo,17.73144,38.55538,TOR
15160,Ball,28.17205,13.11323,Ball
15160,Chris Bosh,20.4337,27.03218,MIA
15160,Luol Deng,18.83623,33.76534,MIA
15160,Beno Udrih,23.90071,15.20182,MIA
15160,Gerald Green,8.30832,30.51997,MIA
15160,Hassan Whiteside,11.76013,31.20075,MIA
15160,Patrick Patterson,26.94502,27.70867,TOR
15160,DeMar DeRozan,20.2695,31.65099,TOR
15160,Terrence Ross,7.63369,32.63222,TOR
15160,Cory Joseph,27.54733,13.09491,TOR
15160,Bismack Biyombo,17.56323,38.49216,TOR
15170,Ball,26.54786,10.29505,Ball
15170,Chris Bosh,19.06694,26.83897,MIA
15170,Luol Deng,16.9167,29.58608,MIA
15170,Beno Udrih,23.4738,14.62497,MIA
15170,Gerald Green,9.42136,32.24837,MIA
15170,Hassan Whiteside,11.72993,29.62338,MIA
15170,Patrick Patterson,25.04973,29.75128,TOR
15170,DeMar DeRozan,18.21567,28.0079,TOR
15170,Terrence Ross,7.58181,35.75316,TOR
15170,Cory Joseph,26.92734,11.56143,TOR
15170,Bismack Biyombo,16.42925,38.17517,TOR
15180,Ball,27.41633,10.14705,Ball
15180,Chris Bosh,17.70706,25.02017,MIA
15180,Luol Deng,14.7375,24.97244,MIA
15180,Beno Udrih,23.22898,14.51428,MIA
15180,Gerald Green,11.17465,33.40196,MIA
15180,Hassan Whiteside,10.98129,28.3273,MIA
15180,Patrick Patterson,23.29282,31.66712,TOR
15180,DeMar DeRozan,15.42616,24.85161,TOR
15180,Terrence Ross,9.5694,38.78582,TOR
15180,Cory Joseph,27.15682,10.98277,TOR
15180,Bismack Biyombo,15.18676,37.96756,TOR
15190,Ball,26.57813,10.27501,Ball
15190,Chris Bosh,16.93392,23.98683,MIA
15190,Luol Deng,12.79797,22.07235,MIA
15190,Beno Udrih,22.88582,14.28876,MIA
15190,Gerald Green,13.56093,32.91847,MIA
15190,Hassan Whiteside,10.38627,28.64002,MIA
15190,Patrick Patterson,21.97963,31.95532,TOR
15190,DeMar DeRozan,14.00377,22.23465,TOR
15190,Terrence Ross,13.51228,40.19884,TOR
15190,Cory Joseph,27.08942,11.47848,TOR
15190,Bismack Biyombo,14.03009,37.33261,TOR
15200,Ball,27.09343,11.50566,Ball
15200,Chris Bosh,16.36577,24.94235,MIA
15200,Luol Deng,10.81348,20.32352,MIA
15200,Beno Udrih,22.965,14.38218,MIA
15200,Gerald Green,16.3809,31.59017,MIA
15200,Hassan Whiteside,10.14675,29.41548,MIA
15200,Patrick Patterson,20.43831,32.16147,TOR
15200,DeMar DeRozan,12.41035,20.29885,TOR
15200,Terrence Ross,19.09601,39.88353,TOR
15200,Cory Joseph,27.58463,12.2328,TOR
15200,Bismack Biyombo,12.98373,36.62972,TOR
15200,Ball,27.46442,11.49974,Ball
15200,Chris Bosh,16.31829,25.09326,MIA
15200,Luol Deng,10.62678,20.20695,MIA
15200,Beno Udrih,22.981090000000002,14.45802,MIA
15200,Gerald Green,16.67032,31.40322,MIA
15200,Hassan Whiteside,10.15299,29.5008,MIA
15200,Patrick Patterson,20.34278,32.09554,TOR
15200,DeMar DeRozan,12.24089,20.20966,TOR
15200,Terrence Ross,19.64934,39.74271,TOR
15200,Cory Joseph,27.63635,12.24999,TOR
15200,Bismack Biyombo,12.86301,36.56378,TOR
15210,Ball,27.67058,18.63583,Ball
15210,Chris Bosh,16.27542,26.16925,MIA
15210,Luol Deng,9.08322,19.46615,MIA
15210,Beno Udrih,23.13056,14.93284,MIA
15210,Gerald Green,19.38001,28.87765,MIA
15210,Hassan Whiteside,10.39971,30.43687,MIA
15210,Patrick Patterson,19.82074,31.23485,TOR
15210,DeMar DeRozan,10.87781,20.24856,TOR
15210,Terrence Ross,23.88628,38.26135,TOR
15210,Cory Joseph,27.98851,12.15037,TOR
15210,Bismack Biyombo,11.92562,36.08751,TOR
15230,Ball,24.46716,39.50745,Ball
15230,Chris Bosh,16.57308,28.60456,MIA
15230,Luol Deng,6.01766,21.18652,MIA
15230,Beno Udrih,21.63772,15.97131,MIA
15230,Gerald Green,23.22411,28.65323,MIA
15230,Hassan Whiteside,10.22515,31.40851,MIA
15230,Patrick Patterson,18.40377,31.43362,TOR
15230,DeMar DeRozan,6.05372,21.37377,TOR
15230,Terrence Ross,25.71108,39.89993,TOR
15230,Cory Joseph,26.7911,11.23452,TOR
15230,Bismack Biyombo,9.40032,34.14815,TOR
15240,Ball,24.54393,40.59146,Ball
15240,Chris Bosh,15.93507,29.13438,MIA
15240,Luol Deng,4.42273,21.98685,MIA
15240,Beno Udrih,20.3213,16.83074,MIA
15240,Gerald Green,23.30961,32.17865,MIA
15240,Hassan Whiteside,9.7697,30.83059,MIA
15240,Patrick Patterson,17.82734,32.05645,TOR
15240,DeMar DeRozan,4.73023,20.76709,TOR
15240,Terrence Ross,24.98201,40.46728,TOR
15240,Cory Joseph,26.05797,10.81102,TOR
15240,Bismack Biyombo,7.10797,32.70902,TOR
15250,Ball,18.10569,35.29401,Ball
15250,Chris Bosh,15.0777,28.72044,MIA
15250,Luol Deng,2.77018,22.51142,MIA
15250,Beno Udrih,18.7859,17.53251,MIA
15250,Gerald Green,22.19291,36.53239,MIA
15250,Hassan Whiteside,8.87884,29.34783,MIA
15250,Patrick Patterson,18.40937,33.43135,TOR
15250,DeMar DeRozan,3.48794,20.15562,TOR
15250,Terrence Ross,24.2502,40.74314,TOR
15250,Cory Joseph,25.71854,10.69217,TOR
15250,Bismack Biyombo,4.97735,30.61658,TOR
15260,Ball,12.14609,30.15143,Ball
15260,Chris Bosh,14.5998,28.93622,MIA
15260,Luol Deng,2.31601,23.30767,MIA
15260,Beno Udrih,17.18292,18.15676,MIA
15260,Gerald Green,21.53538,40.75043,MIA
15260,Hassan Whiteside,7.46589,27.875140000000002,MIA
15260,Patrick Patterson,19.61794,35.02935,TOR
15260,DeMar DeRozan,3.13484,21.252580000000002,TOR
15260,Terrence Ross,25.21914,42.31639,TOR
15260,Cory Joseph,25.87386,10.76832,TOR
15260,Bismack Biyombo,3.29383,28.29172,TOR
15270,Ball,6.6498,25.07288,Ball
15270,Chris Bosh,14.03402,28.69353,MIA
15270,Luol Deng,3.04712,27.15139,MIA
15270,Beno Udrih,15.70081,18.76381,MIA
15270,Gerald Green,21.8214,44.08509,MIA
15270,Hassan Whiteside,6.77417,27.51921,MIA
15270,Patrick Patterson,21.01363,35.60873,TOR
15270,DeMar DeRozan,3.73972,21.80443,TOR
15270,Terrence Ross,27.66803,44.38155,TOR
15270,Cory Joseph,26.62911,11.2497,TOR
15270,Bismack Biyombo,2.58454,27.15705,TOR
15280,Ball,6.29564,26.27109,Ball
15280,Chris Bosh,13.27778,28.8194,MIA
15280,Luol Deng,3.6875400000000003,29.72147,MIA
15280,Beno Udrih,14.94747,18.90218,MIA
15280,Gerald Green,23.05701,46.34695,MIA
15280,Hassan Whiteside,6.79343,27.4097,MIA
15280,Patrick Patterson,23.00841,35.68979,TOR
15280,DeMar DeRozan,4.84464,21.92583,TOR
15280,Terrence Ross,31.0406,45.69551,TOR
15280,Cory Joseph,27.61273,12.30613,TOR
15280,Bismack Biyombo,2.5813800000000002,25.27609,TOR
15290,Ball,7.38475,26.89897,Ball
15290,Chris Bosh,12.78538,30.79364,MIA
15290,Luol Deng,5.03306,28.62147,MIA
15290,Beno Udrih,14.64866,17.99527,MIA
15290,Gerald Green,25.32855,47.39052,MIA
15290,Hassan Whiteside,7.1701,26.2636,MIA
15290,Patrick Patterson,25.49341,36.05936,TOR
15290,DeMar DeRozan,5.89647,21.98467,TOR
15290,Terrence Ross,34.83969,46.07649,TOR
15290,Cory Joseph,29.3569,14.19769,TOR
15290,Bismack Biyombo,3.11675,24.68113,TOR
15300,Ball,7.30524,27.13663,Ball
15300,Chris Bosh,14.49,33.59968,MIA
15300,Luol Deng,8.48323,26.49049,MIA
15300,Beno Udrih,15.11851,15.77477,MIA
15300,Gerald Green,28.74791,47.46915,MIA
15300,Hassan Whiteside,8.49174,25.41464,MIA
15300,Patrick Patterson,28.89896,35.95738,TOR
15300,DeMar DeRozan,7.9602900000000005,22.17685,TOR
15300,Terrence Ross,39.00765,45.74871,TOR
15300,Cory Joseph,32.4228,16.18987,TOR
15300,Bismack Biyombo,4.18409,24.86371,TOR
15310,Ball,11.2989,25.50045,Ball
15310,Chris Bosh,17.9785,37.01274,MIA
15310,Luol Deng,13.43042,27.10447,MIA
15310,Beno Udrih,16.06518,13.53299,MIA
15310,Gerald Green,33.1596,47.40572,MIA
15310,Hassan Whiteside,8.42449,26.34584,MIA
15310,Patrick Patterson,32.91878,35.91928,TOR
15310,DeMar DeRozan,11.894,21.78774,TOR
15310,Terrence Ross,43.50933,45.1669,TOR
15310,Cory Joseph,36.49801,17.37573,TOR
15310,Bismack Biyombo,6.77712,24.44755,TOR
15330,Ball,21.25923,11.553889999999999,Ball
15330,Chris Bosh,28.58022,41.01387,MIA
15330,Luol Deng,23.4105,31.77558,MIA
15330,Beno Udrih,21.54107,9.88872,MIA
15330,Gerald Green,43.86058,46.83949,MIA
15330,Hassan Whiteside,9.75623,25.93628,MIA
15330,Patrick Patterson,42.67683,34.9826,TOR
15330,DeMar DeRozan,22.29084,23.02988,TOR
15330,Terrence Ross,52.73258,43.03477,TOR
15330,Cory Joseph,46.07816,18.35345,TOR
15330,Bismack Biyombo,15.39391,22.02166,TOR
15340,Ball,27.82821,8.77634,Ball
15340,Chris Bosh,35.04245,42.69233,MIA
15340,Luol Deng,28.83877,36.04002,MIA
15340,Beno Udrih,26.25301,9.13692,MIA
15340,Gerald Green,50.2377,46.86999,MIA
15340,Hassan Whiteside,11.5841,26.01781,MIA
15340,Patrick Patterson,48.40841,34.33389,TOR
15340,DeMar DeRozan,28.36191,25.00309,TOR
15340,Terrence Ross,57.7313,42.03337,TOR
15340,Cory Joseph,51.55841,18.39998,TOR
15340,Bismack Biyombo,20.78297,22.54225,TOR
15350,Ball,33.72264,8.37264,Ball
15350,Chris Bosh,41.86156,44.18066,MIA
15350,Luol Deng,34.94936,39.41227,MIA
15350,Beno Udrih,31.90239,8.41748,MIA
15350,Gerald Green,56.60616,46.88979,MIA
15350,Hassan Whiteside,14.93272,24.99011,MIA
15350,Patrick Patterson,54.09866,33.66144,TOR
15350,DeMar DeRozan,34.81251,27.43078,TOR
15350,Terrence Ross,62.79529,41.0125,TOR
15350,Cory Joseph,56.75928,18.34778,TOR
15350,Bismack Biyombo,26.69777,23.0566,TOR
15360,Ball,38.5729,9.01995,Ball
15360,Chris Bosh,48.89409,45.15969,MIA
15360,Luol Deng,41.38114,42.00473,MIA
15360,Beno Udrih,37.80295,8.07105,MIA
15360,Gerald Green,62.92851,46.93415,MIA
15360,Hassan Whiteside,18.7613,25.54283,MIA
15360,Patrick Patterson,59.66703,32.9081,TOR
15360,DeMar DeRozan,41.40992,29.8195,TOR
15360,Terrence Ross,67.63628,39.6666,TOR
15360,Cory Joseph,61.14339,18.01157,TOR
15360,Bismack Biyombo,33.34879,23.20382,TOR
15370,Ball,44.34396,8.73303,Ball
15370,Chris Bosh,55.86523,45.82616,MIA
15370,Luol Deng,47.72131,43.6792,MIA
15370,Beno Udrih,43.94306,7.4996,MIA
15370,Gerald Green,69.0592,46.90197,MIA
15370,Hassan Whiteside,23.79892,25.44011,MIA
15370,Patrick Patterson,64.74007,31.77722,TOR
15370,DeMar DeRozan,48.02057,31.8603,TOR
15370,Terrence Ross,72.45152,38.02595,TOR
15370,Cory Joseph,64.33444,17.22013,TOR
15370,Bismack Biyombo,40.23648,23.77285,TOR
15380,Ball,50.43036,8.31842,Ball
15380,Chris Bosh,62.48996,46.93018,MIA
15380,Luol Deng,53.4947,44.87118,MIA
15380,Beno Udrih,49.66379,6.78724,MIA
15380,Gerald Green,74.9991,47.34383,MIA
15380,Hassan Whiteside,29.69574,25.01789,MIA
15380,Patrick Patterson,69.15739,30.52204,TOR
15380,DeMar DeRozan,54.30214,32.8219,TOR
15380,Terrence Ross,76.8628,36.92855,TOR
15380,Cory Joseph,66.19712,15.52972,TOR
15380,Bismack Biyombo,47.30784,23.98847,TOR
15390,Ball,54.98695,8.03047,Ball
15390,Chris Bosh,68.39285,47.56009,MIA
15390,Luol Deng,58.39004,45.40449,MIA
15390,Beno Udrih,54.7179,6.31062,MIA
15390,Gerald Green,79.96892,46.94037,MIA
15390,Hassan Whiteside,35.64592,24.85567,MIA
15390,Patrick Patterson,73.0767,29.47949,TOR
15390,DeMar DeRozan,60.26162,33.59307,TOR
15390,Terrence Ross,80.8089,35.8476,TOR
15390,Cory Joseph,66.93765,13.55563,TOR
15390,Bismack Biyombo,54.17621,23.7895,TOR
15400,Ball,58.06991,6.80294,Ball
15400,Chris Bosh,73.12169,47.79876,MIA
15400,Luol Deng,62.42978,45.398,MIA
15400,Beno Udrih,58.78511,5.6514,MIA
15400,Gerald Green,84.09971,47.05462,MIA
15400,Hassan Whiteside,41.88798,24.58677,MIA
15400,Patrick Patterson,76.59192,28.81708,TOR
15400,DeMar DeRozan,65.18188,34.16225,TOR
15400,Terrence Ross,83.90698,34.75168,TOR
15400,Cory Joseph,68.25168,12.05846,TOR
15400,Bismack Biyombo,60.10231,22.878,TOR
15410,Ball,61.03075,6.41263,Ball
15410,Chris Bosh,76.50554,47.84055,MIA
15410,Luol Deng,65.49614,45.10863,MIA
15410,Beno Udrih,61.56471,5.2609200000000005,MIA
15410,Gerald Green,87.12133,46.7855,MIA
15410,Hassan Whiteside,47.9854,23.9254,MIA
15410,Patrick Patterson,79.48141,28.622700000000002,TOR
15410,DeMar DeRozan,68.77834,34.18143,TOR
15410,Terrence Ross,85.68068,33.6661,TOR
15410,Cory Joseph,69.15975,11.05599,TOR
15410,Bismack Biyombo,64.58336,21.55938,TOR
15420,Ball,62.11055,5.74319,Ball
15420,Chris Bosh,78.03785,47.47604,MIA
15420,Luol Deng,67.32326,44.29407,MIA
15420,Beno Udrih,62.94916,4.91338,MIA
15420,Gerald Green,89.02685,46.78813,MIA
15420,Hassan Whiteside,53.875280000000004,22.77393,MIA
15420,Patrick Patterson,81.22645,28.68198,TOR
15420,DeMar DeRozan,71.5453,34.18302,TOR
15420,Terrence Ross,86.43015,33.39188,TOR
15420,Cory Joseph,69.67082,10.07067,TOR
15420,Bismack Biyombo,67.81866,20.36345,TOR
15430,Ball,62.42077,5.93879,Ball
15430,Chris Bosh,77.83468,47.01782,MIA
15430,Luol Deng,68.45231,43.72362,MIA
15430,Beno Udrih,63.44566,5.26537,MIA
15430,Gerald Green,90.08801,47.79784,MIA
15430,Hassan Whiteside,59.40758,21.01159,MIA
15430,Patrick Patterson,82.30984,29.80849,TOR
15430,DeMar DeRozan,73.2334,33.99272,TOR
15430,Terrence Ross,86.50477,33.57611,TOR
15430,Cory Joseph,68.87499,10.00687,TOR
15430,Bismack Biyombo,70.05221,19.3077,TOR
15440,Ball,63.86219,8.01937,Ball
15440,Chris Bosh,77.19139,47.51353,MIA
15440,Luol Deng,69.7091,43.84618,MIA
15440,Beno Udrih,64.23522,5.91415,MIA
15440,Gerald Green,90.7117,48.16933,MIA
15440,Hassan Whiteside,64.03358,19.28481,MIA
15440,Patrick Patterson,83.03039,30.22016,TOR
15440,DeMar DeRozan,73.89893000000001,33.59158,TOR
15440,Terrence Ross,86.42593,33.30028,TOR
15440,Cory Joseph,67.06506,10.52892,TOR
15440,Bismack Biyombo,71.81039,18.01241,TOR
15440,Ball,64.00779,7.16691,Ball
15440,Chris Bosh,77.09346,47.57248,MIA
15440,Luol Deng,69.8963,43.84237,MIA
15440,Beno Udrih,64.42831,5.9519400000000005,MIA
15440,Gerald Green,90.77539,48.17123,MIA
15440,Hassan Whiteside,64.50015,19.06082,MIA
15440,Patrick Patterson,83.07607,30.30269,TOR
15440,DeMar DeRozan,73.95243,33.53508,TOR
15440,Terrence Ross,86.39266,33.26512,TOR
15440,Cory Joseph,66.88554,10.56098,TOR
15440,Bismack Biyombo,72.01897,17.82749,TOR
15450,Ball,68.71092,5.58685,Ball
15450,Chris Bosh,75.86046,47.47297,MIA
15450,Luol Deng,71.87271,43.09086,MIA
15450,Beno Udrih,67.49176,6.13732,MIA
15450,Gerald Green,91.26247,48.04756,MIA
15450,Hassan Whiteside,67.75767,16.06192,MIA
15450,Patrick Patterson,83.12753,31.31257,TOR
15450,DeMar DeRozan,74.46171,33.18731,TOR
15450,Terrence Ross,85.99879,32.26802,TOR
15450,Cory Joseph,67.32644,10.52578,TOR
15450,Bismack Biyombo,73.73321,16.1229,TOR
15450,Ball,69.03297,5.52247,Ball
15450,Chris Bosh,75.6974,47.40056,MIA
15450,Luol Deng,72.17139,42.97447,MIA
15450,Beno Udrih,67.95269,6.13398,MIA
15450,Gerald Green,91.30262,48.03189,MIA
15450,Hassan Whiteside,68.03262,15.65666,MIA
15450,Patrick Patterson,83.13074,31.36351,TOR
15450,DeMar DeRozan,74.50374,33.1327,TOR
15450,Terrence Ross,85.98886,32.09352,TOR
15450,Cory Joseph,67.58322,10.46928,TOR
15450,Bismack Biyombo,73.92865,15.92894,TOR
15460,Ball,73.26869,5.66939,Ball
15460,Chris Bosh,74.17021,46.37349,MIA
15460,Luol Deng,74.7862,41.45953,MIA
15460,Beno Udrih,72.41787,6.2362400000000004,MIA
15460,Gerald Green,91.45004,48.07724,MIA
15460,Hassan Whiteside,70.37896,12.21899,MIA
15460,Patrick Patterson,83.39409,31.14041,TOR
15460,DeMar DeRozan,75.12118,32.16998,TOR
15460,Terrence Ross,86.13515,29.45721,TOR
15460,Cory Joseph,71.04766,9.5605,TOR
15460,Bismack Biyombo,76.33759,14.79856,TOR
15480,Ball,83.54934,5.9011700000000005,Ball
15480,Chris Bosh,70.90001,41.99129,MIA
15480,Luol Deng,80.73873,36.04756,MIA
15480,Beno Udrih,82.373,6.88776,MIA
15480,Gerald Green,90.64005,48.21262,MIA
15480,Hassan Whiteside,74.3319,11.3621,MIA
15480,Patrick Patterson,84.43134,30.3807,TOR
15480,DeMar DeRozan,77.18328,29.40849,TOR
15480,Terrence Ross,86.81706,27.31475,TOR
15480,Cory Joseph,81.28452,9.04021,TOR
15480,Bismack Biyombo,83.17203,14.45741,TOR
15490,Ball,86.43554,9.58813,Ball
15490,Chris Bosh,68.77471,38.79254,MIA
15490,Luol Deng,82.74362,33.40481,MIA
15490,Beno Udrih,86.8966,9.18644,MIA
15490,Gerald Green,90.38295,47.74408,MIA
15490,Hassan Whiteside,76.75437,13.01263,MIA
15490,Patrick Patterson,83.82961,30.1732,TOR
15490,DeMar DeRozan,77.78696,27.04237,TOR
15490,Terrence Ross,87.20446,27.59528,TOR
15490,Cory Joseph,84.87151,9.31401,TOR
15490,Bismack Biyombo,85.57682,15.09729,TOR
15500,Ball,91.87814,13.88975,Ball
15500,Chris Bosh,67.0289,34.69988,MIA
15500,Luol Deng,84.71174,32.5379,MIA
15500,Beno Udrih,90.15855,13.1312,MIA
15500,Gerald Green,90.13148,48.05115,MIA
15500,Hassan Whiteside,79.28205,15.96187,MIA
15500,Patrick Patterson,84.03784,30.32476,TOR
15500,DeMar DeRozan,79.11804,25.33083,TOR
15500,Terrence Ross,87.23859,29.47197,TOR
15500,Cory Joseph,87.52874,12.13182,TOR
15500,Bismack Biyombo,87.02273,17.08936,TOR
15510,Ball,91.5618,19.03514,Ball
15510,Chris Bosh,65.6683,30.70619,MIA
15510,Luol Deng,85.23589,32.02854,MIA
15510,Beno Udrih,91.86992,18.92829,MIA
15510,Gerald Green,90.19786,47.93942,MIA
15510,Hassan Whiteside,81.18538,18.29795,MIA
15510,Patrick Patterson,85.0969,30.27397,TOR
15510,DeMar DeRozan,80.70784,23.5586,TOR
15510,Terrence Ross,87.54694,31.72743,TOR
15510,Cory Joseph,89.54326,16.28059,TOR
15510,Bismack Biyombo,87.91133,20.12207,TOR
15520,Ball,93.05534,27.8608,Ball
15520,Chris Bosh,65.37051,29.25485,MIA
15520,Luol Deng,84.98947,30.63106,MIA
15520,Beno Udrih,91.78229,25.4571,MIA
15520,Gerald Green,90.35268,47.86168,MIA
15520,Hassan Whiteside,83.23897,20.25046,MIA
15520,Patrick Patterson,86.11419,30.58061,TOR
15520,DeMar DeRozan,81.29279,23.00025,TOR
15520,Terrence Ross,88.27674,34.63053,TOR
15520,Cory Joseph,90.38112,22.02743,TOR
15520,Bismack Biyombo,87.15211,22.99325,TOR
15530,Ball,91.50542,41.83589,Ball
15530,Chris Bosh,65.86886,31.69434,MIA
15530,Luol Deng,84.54285,29.70869,MIA
15530,Beno Udrih,89.92114,31.83741,MIA
15530,Gerald Green,90.41192,47.88547,MIA
15530,Hassan Whiteside,84.9535,21.1566,MIA
15530,Patrick Patterson,85.98247,30.91539,TOR
15530,DeMar DeRozan,78.65279,24.99534,TOR
15530,Terrence Ross,88.96824,40.06737,TOR
15530,Cory Joseph,90.12852,27.83921,TOR
15530,Bismack Biyombo,86.64225,24.37102,TOR
15540,Ball,91.86351,47.85654,Ball
15540,Chris Bosh,66.16785,33.99466,MIA
15540,Luol Deng,83.9984,28.79611,MIA
15540,Beno Udrih,86.49312,37.43728,MIA
15540,Gerald Green,90.53308,47.25644,MIA
15540,Hassan Whiteside,85.85305,22.2667,MIA
15540,Patrick Patterson,85.00311,30.39815,TOR
15540,DeMar DeRozan,75.35521,27.3905,TOR
15540,Terrence Ross,89.5704,44.04621,TOR
15540,Cory Joseph,88.70549,33.16701,TOR
15540,Bismack Biyombo,86.87101,23.77481,TOR
15550,Ball,89.27481,48.44068,Ball
15550,Chris Bosh,66.47916,36.29874,MIA
15550,Luol Deng,83.52262,27.22756,MIA
15550,Beno Udrih,81.84,41.24676,MIA
15550,Gerald Green,90.66521,47.79996,MIA
15550,Hassan Whiteside,85.81256,22.03498,MIA
15550,Patrick Patterson,84.52014,29.403950000000002,TOR
15550,DeMar DeRozan,72.93479,29.3116,TOR
15550,Terrence Ross,90.15558,45.36284,TOR
15550,Cory Joseph,86.47447,37.35622,TOR
15550,Bismack Biyombo,87.17674,23.33881,TOR
