1720,Ball,13.33947,29.97076,Ball
1720,Jameer Nelson,34.04093,11.06694,DEN
1720,Darrell Arthur,24.29797,34.72033,DEN
1720,Kenneth Faried,10.21521,23.31357,DEN
1720,Danilo Gallinari,8.60204,38.00613,DEN
1720,Gary Harris,40.86153,31.90731,DEN
1720,Chris Bosh,25.18568,32.39859,MIA
1720,Luol Deng,10.50927,8.94631,MIA
1720,Beno Udrih,17.77851,27.44515,MIA
1720,Gerald Green,38.01938,12.43234,MIA
1720,Hassan Whiteside,4.60814,28.94895,MIA
1730,Ball,22.08352,31.08737,Ball
1730,Jameer Nelson,39.01993,12.98194,DEN
1730,Darrell Arthur,31.69992,34.20138,DEN
1730,Kenneth Faried,14.55341,24.05667,DEN
1730,Danilo Gallinari,13.46151,36.87682,DEN
1730,Gary Harris,46.65358,29.91397,DEN
1730,Chris Bosh,31.7194,33.29385,MIA
1730,Luol Deng,15.66709,6.02625,MIA
1730,Beno Udrih,21.32131,29.98296,MIA
1730,Gerald Green,44.05158,9.04451,MIA
1730,Hassan Whiteside,5.65061,29.12788,MIA
1740,Ball,29.37124,32.17096,Ball
1740,Jameer Nelson,43.91029,15.3786,DEN
1740,Darrell Arthur,39.07559,33.07105,DEN
1740,Kenneth Faried,19.87162,24.35883,DEN
1740,Danilo Gallinari,18.66953,35.19168,DEN
1740,Gary Harris,52.60562,27.42746,DEN
1740,Chris Bosh,37.5817,33.14453,MIA
1740,Luol Deng,22.00532,4.19888,MIA
1740,Beno Udrih,26.56926,31.2711,MIA
1740,Gerald Green,50.49066,6.39264,MIA
1740,Hassan Whiteside,7.5836500000000004,29.34572,MIA
1750,Ball,33.72827,33.33168,Ball
1750,Jameer Nelson,48.83128,18.21068,DEN
1750,Darrell Arthur,46.01679,32.29854,DEN
1750,Kenneth Faried,25.85398,24.4536,DEN
1750,Danilo Gallinari,24.126,33.29495,DEN
1750,Gary Harris,58.51101,24.38701,DEN
1750,Chris Bosh,43.88319,33.67018,MIA
1750,Luol Deng,29.42944,3.32118,MIA
1750,Beno Udrih,33.12323,31.72904,MIA
1750,Gerald Green,57.01055,4.7554300000000005,MIA
1750,Hassan Whiteside,10.83835,29.49919,MIA
1760,Ball,43.55158,30.7093,Ball
1760,Jameer Nelson,53.63298,21.07554,DEN
1760,Darrell Arthur,52.98305,32.51782,DEN
1760,Kenneth Faried,32.42527,24.29233,DEN
1760,Danilo Gallinari,29.70209,31.5387,DEN
1760,Gary Harris,64.14386,21.24894,DEN
1760,Chris Bosh,50.42338,34.84894,MIA
1760,Luol Deng,37.25829,3.22196,MIA
1760,Beno Udrih,40.29271,31.62436,MIA
1760,Gerald Green,63.36769,3.7892900000000003,MIA
1760,Hassan Whiteside,14.93598,29.14225,MIA
1770,Ball,48.57795,30.42076,Ball
1770,Jameer Nelson,57.91433,23.56285,DEN
1770,Darrell Arthur,59.12237,32.88194,DEN
1770,Kenneth Faried,39.22693,24.08191,DEN
1770,Danilo Gallinari,35.49501,29.81348,DEN
1770,Gary Harris,69.41864,18.54946,DEN
1770,Chris Bosh,57.21316,36.43912,MIA
1770,Luol Deng,45.39769,3.95568,MIA
1770,Beno Udrih,47.82286,31.17645,MIA
1770,Gerald Green,69.40095,3.48196,MIA
1770,Hassan Whiteside,19.55005,28.67371,MIA
1780,Ball,54.3464,28.19385,Ball
1780,Jameer Nelson,62.00279,25.40863,DEN
1780,Darrell Arthur,64.93159,33.35397,DEN
1780,Kenneth Faried,46.21251,23.64393,DEN
1780,Danilo Gallinari,41.21729,28.28547,DEN
1780,Gary Harris,74.04746,16.95639,DEN
1780,Chris Bosh,64.0659,37.45066,MIA
1780,Luol Deng,53.64563,5.5889,MIA
1780,Beno Udrih,54.59446,29.92584,MIA
1780,Gerald Green,74.9627,3.18499,MIA
1780,Hassan Whiteside,24.49896,28.00165,MIA
1790,Ball,59.18445,25.13057,Ball
1790,Jameer Nelson,65.87664,25.34415,DEN
1790,Darrell Arthur,70.87006,33.30416,DEN
1790,Kenneth Faried,53.36584,23.042,DEN
1790,Danilo Gallinari,46.88156,27.04752,DEN
1790,Gary Harris,77.11098,16.50377,DEN
1790,Chris Bosh,70.36962,37.75007,MIA
1790,Luol Deng,61.54245,8.25324,MIA
1790,Beno Udrih,59.66056,26.8899,MIA
1790,Gerald Green,79.69764,3.02796,MIA
1790,Hassan Whiteside,29.65864,27.4112,MIA
1800,Ball,68.18175,16.39813,Ball
1800,Jameer Nelson,69.2111,24.11102,DEN
1800,Darrell Arthur,76.03946,32.83023,DEN
1800,Kenneth Faried,60.22722,22.57142,DEN
1800,Danilo Gallinari,52.23385,26.0667,DEN
1800,Gary Harris,78.16696,17.36203,DEN
1800,Chris Bosh,75.64187,37.36687,MIA
1800,Luol Deng,68.52127,11.78586,MIA
1800,Beno Udrih,63.01855,24.00247,MIA
1800,Gerald Green,83.24864,2.58562,MIA
1800,Hassan Whiteside,34.73284,26.71816,MIA
1810,Ball,75.34905,16.08096,Ball
1810,Jameer Nelson,72.13287,22.67933,DEN
1810,Darrell Arthur,80.14467,31.1795,DEN
1810,Kenneth Faried,65.15438,22.05587,DEN
1810,Danilo Gallinari,57.06113,25.60621,DEN
1810,Gary Harris,77.98379,18.17971,DEN
1810,Chris Bosh,79.55985,37.54498,MIA
1810,Luol Deng,74.09878,15.43013,MIA
1810,Beno Udrih,65.7282,21.13817,MIA
1810,Gerald Green,85.24393,2.40334,MIA
1810,Hassan Whiteside,39.45848,26.35633,MIA
1820,Ball,79.59005,10.52725,Ball
1820,Jameer Nelson,74.58114,21.49935,DEN
1820,Darrell Arthur,83.30328,29.44089,DEN
1820,Kenneth Faried,68.77827,22.43483,DEN
1820,Danilo Gallinari,61.46486,25.21892,DEN
1820,Gary Harris,78.90294,18.76577,DEN
1820,Chris Bosh,81.97617,37.78888,MIA
1820,Luol Deng,77.92718,18.20901,MIA
1820,Beno Udrih,68.28276,18.72759,MIA
1820,Gerald Green,86.83134,2.19699,MIA
1820,Hassan Whiteside,43.73717,25.98455,MIA
1830,Ball,84.86557,3.04721,Ball
1830,Jameer Nelson,76.49477,20.35787,DEN
1830,Darrell Arthur,85.41284,28.05477,DEN
1830,Kenneth Faried,71.92707,22.90011,DEN
1830,Danilo Gallinari,65.39309,25.22219,DEN
1830,Gary Harris,80.88574,20.37658,DEN
1830,Chris Bosh,83.33283,37.76575,MIA
1830,Luol Deng,79.88206,20.87565,MIA
1830,Beno Udrih,69.26453,16.17637,MIA
1830,Gerald Green,87.87317,1.90643,MIA
1830,Hassan Whiteside,47.93385,25.70083,MIA
1840,Ball,88.89555,2.71671,Ball
1840,Jameer Nelson,78.28128,19.35194,DEN
1840,Darrell Arthur,87.18063,28.12928,DEN
1840,Kenneth Faried,74.88204,23.42677,DEN
1840,Danilo Gallinari,69.08722,25.31106,DEN
1840,Gary Harris,82.28878,21.2306,DEN
1840,Chris Bosh,83.76676,37.17074,MIA
1840,Luol Deng,81.99085,22.82151,MIA
1840,Beno Udrih,68.90171,13.9776,MIA
1840,Gerald Green,88.47198,2.03389,MIA
1840,Hassan Whiteside,51.85281,25.27951,MIA
1850,Ball,89.38091,3.56367,Ball
1850,Jameer Nelson,80.37049,17.8807,DEN
1850,Darrell Arthur,87.6196,28.63344,DEN
1850,Kenneth Faried,77.42697,24.3838,DEN
1850,Danilo Gallinari,72.49446,25.46232,DEN
1850,Gary Harris,82.78919,21.543,DEN
1850,Chris Bosh,84.59919,37.03084,MIA
1850,Luol Deng,83.75415,24.467,MIA
1850,Beno Udrih,67.3341,12.48541,MIA
1850,Gerald Green,89.00739,2.4680400000000002,MIA
1850,Hassan Whiteside,55.02216,25.10686,MIA
1860,Ball,89.52878,3.12452,Ball
1860,Jameer Nelson,82.66967,16.31542,DEN
1860,Darrell Arthur,87.659,28.73033,DEN
1860,Kenneth Faried,79.74592,25.3095,DEN
1860,Danilo Gallinari,75.74164,24.9513,DEN
1860,Gary Harris,83.42927,21.06997,DEN
1860,Chris Bosh,85.06476,36.56212,MIA
1860,Luol Deng,84.98687,25.6758,MIA
1860,Beno Udrih,65.52358,11.46479,MIA
1860,Gerald Green,89.46288,2.67321,MIA
1860,Hassan Whiteside,56.93998,25.1261,MIA
1870,Ball,89.33126,9.68706,Ball
1870,Jameer Nelson,84.71947,15.10129,DEN
1870,Darrell Arthur,87.42878,29.81442,DEN
1870,Kenneth Faried,82.02246,26.04484,DEN
1870,Danilo Gallinari,78.75705,24.42284,DEN
1870,Gary Harris,83.85647,20.02888,DEN
1870,Chris Bosh,85.36542,35.43803,MIA
1870,Luol Deng,86.05303,26.95976,MIA
1870,Beno Udrih,63.53671,11.08575,MIA
1870,Gerald Green,90.33898,3.4639800000000003,MIA
1870,Hassan Whiteside,56.82784,24.9136,MIA
1880,Ball,89.09033,16.79362,Ball
1880,Jameer Nelson,86.40685,14.79295,DEN
1880,Darrell Arthur,86.41049,30.94289,DEN
1880,Kenneth Faried,84.21219,26.10801,DEN
1880,Danilo Gallinari,81.42369,23.80293,DEN
1880,Gary Harris,84.514,19.12986,DEN
1880,Chris Bosh,85.95802,34.61562,MIA
1880,Luol Deng,86.49025,27.71527,MIA
1880,Beno Udrih,61.30519,11.16964,MIA
1880,Gerald Green,90.3431,3.97013,MIA
1880,Hassan Whiteside,55.55373,24.60748,MIA
1890,Ball,88.883,23.96755,Ball
1890,Jameer Nelson,87.61187,15.15794,DEN
1890,Darrell Arthur,85.92913,30.6965,DEN
1890,Kenneth Faried,85.66772,26.51495,DEN
1890,Danilo Gallinari,83.765,22.90869,DEN
1890,Gary Harris,85.11468,18.27935,DEN
1890,Chris Bosh,85.77534,33.98585,MIA
1890,Luol Deng,87.50889,27.99789,MIA
1890,Beno Udrih,59.07023,11.40139,MIA
1890,Gerald Green,90.08016,3.5302,MIA
1890,Hassan Whiteside,53.88361,24.44698,MIA
1900,Ball,88.56974,27.4339,Ball
1900,Jameer Nelson,88.5591,15.59477,DEN
1900,Darrell Arthur,86.33281,29.67888,DEN
1900,Kenneth Faried,86.85432,26.82243,DEN
1900,Danilo Gallinari,85.47945,22.41054,DEN
1900,Gary Harris,84.86876,17.48763,DEN
1900,Chris Bosh,86.01252,33.73121,MIA
1900,Luol Deng,89.32941,28.73453,MIA
1900,Beno Udrih,56.95799,12.137270000000001,MIA
1900,Gerald Green,89.6876,3.58449,MIA
1900,Hassan Whiteside,52.01585,24.0766,MIA
1910,Ball,88.28726,30.5146,Ball
1910,Jameer Nelson,89.0916,15.86154,DEN
1910,Darrell Arthur,87.47853,28.37445,DEN
1910,Kenneth Faried,90.03955,28.74357,DEN
1910,Danilo Gallinari,86.53193,21.9423,DEN
1910,Gary Harris,83.39193,17.31709,DEN
1910,Chris Bosh,85.32334,34.12879,MIA
1910,Luol Deng,90.77988,29.44168,MIA
1910,Beno Udrih,54.95174,12.97879,MIA
1910,Gerald Green,87.85567,4.24462,MIA
1910,Hassan Whiteside,50.19352,23.831,MIA
1920,Ball,87.31327,29.72463,Ball
1920,Jameer Nelson,89.24465,16.15076,DEN
1920,Darrell Arthur,87.94556,28.28461,DEN
1920,Kenneth Faried,90.13894,28.06002,DEN
1920,Danilo Gallinari,86.7777,22.05228,DEN
1920,Gary Harris,80.3568,16.720390000000002,DEN
1920,Chris Bosh,84.34586,34.71931,MIA
1920,Luol Deng,91.02044,29.95805,MIA
1920,Beno Udrih,53.04762,14.08584,MIA
1920,Gerald Green,84.59858,4.77891,MIA
1920,Hassan Whiteside,48.29597,23.83224,MIA
1930,Ball,87.70033,29.1631,Ball
1930,Jameer Nelson,89.49019,16.60039,DEN
1930,Darrell Arthur,87.87221,28.34885,DEN
1930,Kenneth Faried,90.16489,27.46073,DEN
1930,Danilo Gallinari,86.42939,22.33964,DEN
1930,Gary Harris,75.67556,15.23071,DEN
1930,Chris Bosh,82.0606,34.87122,MIA
1930,Luol Deng,90.66101,30.80289,MIA
1930,Beno Udrih,50.95549,15.24261,MIA
1930,Gerald Green,79.91399,5.65072,MIA
1930,Hassan Whiteside,46.21388,23.82445,MIA
1940,Ball,88.45907,20.49533,Ball
1940,Jameer Nelson,88.92109,16.55227,DEN
1940,Darrell Arthur,88.25184,29.03827,DEN
1940,Kenneth Faried,91.08185,27.49223,DEN
1940,Danilo Gallinari,85.60303,22.76082,DEN
1940,Gary Harris,69.87686,13.1573,DEN
1940,Chris Bosh,77.96853,34.5567,MIA
1940,Luol Deng,88.81657,32.73178,MIA
1940,Beno Udrih,48.64966,16.25987,MIA
1940,Gerald Green,74.5145,7.25948,MIA
1940,Hassan Whiteside,43.99193,24.01353,MIA
1950,Ball,86.74729,16.58902,Ball
1950,Jameer Nelson,86.99806,15.72151,DEN
1950,Darrell Arthur,87.94158,29.75259,DEN
1950,Kenneth Faried,91.12327,27.24642,DEN
1950,Danilo Gallinari,83.95722,23.76508,DEN
1950,Gary Harris,63.35756,11.03765,DEN
1950,Chris Bosh,73.06598,34.42873,MIA
1950,Luol Deng,85.45938,33.78602,MIA
1950,Beno Udrih,45.93421,17.06059,MIA
1950,Gerald Green,68.07092,9.03937,MIA
1950,Hassan Whiteside,41.67477,24.28369,MIA
1960,Ball,82.84174,13.63223,Ball
1960,Jameer Nelson,83.62278,14.39799,DEN
1960,Darrell Arthur,86.65664,31.26488,DEN
1960,Kenneth Faried,89.37538,26.88295,DEN
1960,Danilo Gallinari,80.75509,25.44713,DEN
1960,Gary Harris,56.44136,9.18862,DEN
1960,Chris Bosh,67.7269,34.59375,MIA
1960,Luol Deng,80.6471,33.55341,MIA
1960,Beno Udrih,42.91268,17.20672,MIA
1960,Gerald Green,60.74612,10.35629,MIA
1960,Hassan Whiteside,39.33987,24.25165,MIA
1970,Ball,78.86409,11.81352,Ball
1970,Jameer Nelson,79.33656,13.24908,DEN
1970,Darrell Arthur,83.2787,32.54403,DEN
1970,Kenneth Faried,86.33914,26.95948,DEN
1970,Danilo Gallinari,76.71096,27.22639,DEN
1970,Gary Harris,49.28666,7.63921,DEN
1970,Chris Bosh,62.15817,34.97456,MIA
1970,Luol Deng,75.28748,33.41369,MIA
1970,Beno Udrih,39.94001,17.07038,MIA
1970,Gerald Green,52.84332,11.06783,MIA
1970,Hassan Whiteside,37.10057,24.49315,MIA
1980,Ball,72.95054,11.00042,Ball
1980,Jameer Nelson,74.37295,12.187570000000001,DEN
1980,Darrell Arthur,78.72176,33.73715,DEN
1980,Kenneth Faried,82.51003,27.01255,DEN
1980,Danilo Gallinari,72.32489,29.70099,DEN
1980,Gary Harris,42.15687,6.43594,DEN
1980,Chris Bosh,56.59189,35.40844,MIA
1980,Luol Deng,69.57319,33.30209,MIA
1980,Beno Udrih,37.12656,17.0275,MIA
1980,Gerald Green,44.90341,11.26571,MIA
1980,Hassan Whiteside,34.90992,24.74061,MIA
1990,Ball,68.4458,9.76066,Ball
1990,Jameer Nelson,69.14245,11.36548,DEN
1990,Darrell Arthur,73.41018,34.81568,DEN
1990,Kenneth Faried,77.99742,26.56153,DEN
1990,Danilo Gallinari,67.55665,32.38632,DEN
1990,Gary Harris,35.01188,5.39961,DEN
1990,Chris Bosh,51.19291,35.56322,MIA
1990,Luol Deng,63.750280000000004,33.4005,MIA
1990,Beno Udrih,34.73888,16.73438,MIA
1990,Gerald Green,37.0169,11.2357,MIA
1990,Hassan Whiteside,32.60494,24.71463,MIA
2000,Ball,62.01535,9.03996,Ball
2000,Jameer Nelson,63.69808,10.56629,DEN
2000,Darrell Arthur,67.7299,35.661,DEN
2000,Kenneth Faried,73.15605,26.13177,DEN
2000,Danilo Gallinari,62.65311,34.97393,DEN
2000,Gary Harris,28.06209,4.68356,DEN
2000,Chris Bosh,45.9552,35.39454,MIA
2000,Luol Deng,57.99375,33.69466,MIA
2000,Beno Udrih,32.86312,16.30048,MIA
2000,Gerald Green,29.45686,10.92491,MIA
2000,Hassan Whiteside,30.46271,24.96017,MIA
2010,Ball,57.61501,8.59333,Ball
2010,Jameer Nelson,58.26382,9.84562,DEN
2010,Darrell Arthur,61.862,35.83484,DEN
2010,Kenneth Faried,68.20289,25.60453,DEN
2010,Danilo Gallinari,57.49954,37.3789,DEN
2010,Gary Harris,21.73721,4.3258600000000005,DEN
2010,Chris Bosh,41.27709,34.67537,MIA
2010,Luol Deng,52.23769,34.27987,MIA
2010,Beno Udrih,31.1062,16.05322,MIA
2010,Gerald Green,22.4555,10.43653,MIA
2010,Hassan Whiteside,28.42992,24.71309,MIA
2020,Ball,51.28478,8.18581,Ball
2020,Jameer Nelson,52.98607,9.52086,DEN
2020,Darrell Arthur,55.97383,35.60754,DEN
2020,Kenneth Faried,63.066,24.88047,DEN
2020,Danilo Gallinari,52.38847,39.59187,DEN
2020,Gary Harris,16.20987,4.03054,DEN
2020,Chris Bosh,36.98505,34.18468,MIA
2020,Luol Deng,46.69645,34.97151,MIA
2020,Beno Udrih,29.56191,15.44201,MIA
2020,Gerald Green,16.58468,9.83774,MIA
2020,Hassan Whiteside,26.14917,24.994,MIA
2030,Ball,47.06193,8.20011,Ball
2030,Jameer Nelson,47.96398,9.10756,DEN
2030,Darrell Arthur,50.03005,34.45674,DEN
2030,Kenneth Faried,57.90244,24.16087,DEN
2030,Danilo Gallinari,47.29084,41.50684,DEN
2030,Gary Harris,11.68996,3.85743,DEN
2030,Chris Bosh,33.45024,33.95923,MIA
2030,Luol Deng,41.38821,35.84515,MIA
2030,Beno Udrih,28.37874,15.14524,MIA
2030,Gerald Green,11.9749,9.20476,MIA
2030,Hassan Whiteside,24.00592,25.11339,MIA
2040,Ball,42.49936,7.54903,Ball
2040,Jameer Nelson,43.61859,8.76969,DEN
2040,Darrell Arthur,44.14348,32.56756,DEN
2040,Kenneth Faried,52.82508,23.34986,DEN
2040,Danilo Gallinari,42.43116,42.90097,DEN
2040,Gary Harris,8.26933,3.40714,DEN
2040,Chris Bosh,30.15242,33.35411,MIA
2040,Luol Deng,36.37945,36.80807,MIA
2040,Beno Udrih,27.43381,14.9423,MIA
2040,Gerald Green,8.90607,9.11181,MIA
2040,Hassan Whiteside,22.04044,24.92784,MIA
2050,Ball,38.90148,8.01617,Ball
2050,Jameer Nelson,40.26494,8.61768,DEN
2050,Darrell Arthur,38.61544,30.03743,DEN
2050,Kenneth Faried,47.83024,22.68129,DEN
2050,Danilo Gallinari,37.73126,44.07584,DEN
2050,Gary Harris,6.28599,2.34439,DEN
2050,Chris Bosh,27.26613,31.68946,MIA
2050,Luol Deng,31.75072,37.85124,MIA
2050,Beno Udrih,26.626,14.21554,MIA
2050,Gerald Green,7.31766,9.15772,MIA
2050,Hassan Whiteside,20.52284,24.30441,MIA
2060,Ball,36.53456,7.74363,Ball
2060,Jameer Nelson,37.91964,8.82887,DEN
2060,Darrell Arthur,33.91767,27.07004,DEN
2060,Kenneth Faried,43.1945,22.0467,DEN
2060,Danilo Gallinari,33.4628,44.65184,DEN
2060,Gary Harris,5.13974,1.3987,DEN
2060,Chris Bosh,24.94289,29.03788,MIA
2060,Luol Deng,27.7131,38.38129,MIA
2060,Beno Udrih,26.28844,13.828710000000001,MIA
2060,Gerald Green,6.48293,8.44782,MIA
2060,Hassan Whiteside,19.01763,23.49484,MIA
2070,Ball,34.26954,8.06093,Ball
2070,Jameer Nelson,36.09108,9.24327,DEN
2070,Darrell Arthur,30.32594,23.62899,DEN
2070,Kenneth Faried,39.02989,21.79423,DEN
2070,Danilo Gallinari,29.68534,44.97903,DEN
2070,Gary Harris,4.48411,1.14422,DEN
2070,Chris Bosh,23.24807,25.65496,MIA
2070,Luol Deng,24.37649,38.82875,MIA
2070,Beno Udrih,26.96657,14.32257,MIA
2070,Gerald Green,6.27825,7.80656,MIA
2070,Hassan Whiteside,17.7741,22.36883,MIA
2080,Ball,35.36643,11.50917,Ball
2080,Jameer Nelson,35.16332,10.38407,DEN
2080,Darrell Arthur,27.4336,19.57679,DEN
2080,Kenneth Faried,35.09506,21.86925,DEN
2080,Danilo Gallinari,26.11225,45.21725,DEN
2080,Gary Harris,4.40775,1.29079,DEN
2080,Chris Bosh,21.57023,21.8816,MIA
2080,Luol Deng,21.90351,38.87078,MIA
2080,Beno Udrih,28.75586,15.32048,MIA
2080,Gerald Green,5.76033,7.4865,MIA
2080,Hassan Whiteside,16.52098,21.56542,MIA
2090,Ball,33.81893,11.88597,Ball
2090,Jameer Nelson,34.09775,10.64486,DEN
2090,Darrell Arthur,26.69495,16.57421,DEN
2090,Kenneth Faried,32.08223,22.51685,DEN
2090,Danilo Gallinari,23.4045,45.44079,DEN
2090,Gary Harris,5.1032,0.9857300000000001,DEN
2090,Chris Bosh,20.25299,18.5387,MIA
2090,Luol Deng,19.933,38.97759,MIA
2090,Beno Udrih,30.25195,15.41857,MIA
2090,Gerald Green,5.32813,7.53727,MIA
2090,Hassan Whiteside,15.54443,20.8382,MIA
2100,Ball,30.21132,8.40766,Ball
2100,Jameer Nelson,32.07806,9.31627,DEN
2100,Darrell Arthur,26.44326,14.26274,DEN
2100,Kenneth Faried,29.57754,23.11269,DEN
2100,Danilo Gallinari,20.88458,45.58434,DEN
2100,Gary Harris,5.77559,0.75951,DEN
2100,Chris Bosh,19.46525,15.86912,MIA
2100,Luol Deng,18.05174,38.88405,MIA
2100,Beno Udrih,29.92298,13.78433,MIA
2100,Gerald Green,5.12514,8.13134,MIA
2100,Hassan Whiteside,14.71686,20.42274,MIA
2110,Ball,27.74851,7.026,Ball
2110,Jameer Nelson,28.69054,7.81701,DEN
2110,Darrell Arthur,27.04023,12.60091,DEN
2110,Kenneth Faried,26.82886,23.87505,DEN
2110,Danilo Gallinari,18.96862,45.810810000000004,DEN
2110,Gary Harris,5.87368,0.9490200000000001,DEN
2110,Chris Bosh,18.38717,14.57597,MIA
2110,Luol Deng,16.40714,38.49203,MIA
2110,Beno Udrih,27.68479,10.71504,MIA
2110,Gerald Green,5.10702,8.2459,MIA
2110,Hassan Whiteside,14.12199,20.09656,MIA
2120,Ball,22.6864,5.95573,Ball
2120,Jameer Nelson,24.40708,6.99213,DEN
2120,Darrell Arthur,27.8387,11.65157,DEN
2120,Kenneth Faried,24.55703,23.42192,DEN
2120,Danilo Gallinari,17.65299,46.40873,DEN
2120,Gary Harris,6.00102,1.09613,DEN
2120,Chris Bosh,16.8188,14.32884,MIA
2120,Luol Deng,14.84179,37.85844,MIA
2120,Beno Udrih,24.67712,9.20701,MIA
2120,Gerald Green,5.33361,7.35533,MIA
2120,Hassan Whiteside,13.61784,20.4691,MIA
2130,Ball,20.96743,17.48293,Ball
2130,Jameer Nelson,21.80089,5.41387,DEN
2130,Darrell Arthur,28.81307,12.43073,DEN
2130,Kenneth Faried,22.67338,21.84221,DEN
2130,Danilo Gallinari,17.08953,46.76405,DEN
2130,Gary Harris,6.19536,1.17917,DEN
2130,Chris Bosh,15.84666,14.96271,MIA
2130,Luol Deng,13.44995,37.39325,MIA
2130,Beno Udrih,21.46078,9.70863,MIA
2130,Gerald Green,5.41564,6.95293,MIA
2130,Hassan Whiteside,12.91113,21.06475,MIA
2140,Ball,20.3162,20.16492,Ball
2140,Jameer Nelson,20.68576,3.87362,DEN
2140,Darrell Arthur,29.21287,13.91016,DEN
2140,Kenneth Faried,22.07516,20.67782,DEN
2140,Danilo Gallinari,17.20033,46.85005,DEN
2140,Gary Harris,6.1337,1.22573,DEN
2140,Chris Bosh,16.64265,16.55464,MIA
2140,Luol Deng,12.71506,36.86899,MIA
2140,Beno Udrih,18.59112,11.04323,MIA
2140,Gerald Green,5.20081,7.66769,MIA
2140,Hassan Whiteside,12.28612,21.72254,MIA
2150,Ball,19.83116,15.75426,Ball
2150,Jameer Nelson,20.09905,3.37331,DEN
2150,Darrell Arthur,29.15171,14.94211,DEN
2150,Kenneth Faried,22.63854,19.73271,DEN
2150,Danilo Gallinari,17.17129,47.0799,DEN
2150,Gary Harris,6.01444,1.2227000000000001,DEN
2150,Chris Bosh,18.50716,17.50186,MIA
2150,Luol Deng,12.94438,37.13694,MIA
2150,Beno Udrih,17.04928,12.22425,MIA
2150,Gerald Green,5.26344,8.25913,MIA
2150,Hassan Whiteside,11.81846,21.88461,MIA
2160,Ball,19.36918,13.1752,Ball
2160,Jameer Nelson,20.38739,3.51854,DEN
2160,Darrell Arthur,29.55575,15.96327,DEN
2160,Kenneth Faried,22.72951,18.79104,DEN
2160,Danilo Gallinari,17.54283,46.88547,DEN
2160,Gary Harris,5.96365,1.39727,DEN
2160,Chris Bosh,20.61119,17.84878,MIA
2160,Luol Deng,13.73715,37.54627,MIA
2160,Beno Udrih,17.79839,13.12434,MIA
2160,Gerald Green,5.5975,8.27857,MIA
2160,Hassan Whiteside,12.0272,21.75474,MIA
2170,Ball,20.21389,14.03278,Ball
2170,Jameer Nelson,22.90889,4.741,DEN
2170,Darrell Arthur,31.28605,17.04787,DEN
2170,Kenneth Faried,23.29522,18.49856,DEN
2170,Danilo Gallinari,18.58521,46.19823,DEN
2170,Gary Harris,6.43435,1.5907900000000001,DEN
2170,Chris Bosh,21.56115,17.87765,MIA
2170,Luol Deng,14.50917,37.66184,MIA
2170,Beno Udrih,19.56551,13.80111,MIA
2170,Gerald Green,6.16345,8.13143,MIA
2170,Hassan Whiteside,12.52199,21.14238,MIA
2180,Ball,21.69522,12.03307,Ball
2180,Jameer Nelson,27.01391,6.37443,DEN
2180,Darrell Arthur,34.74934,17.78474,DEN
2180,Kenneth Faried,25.2577,19.2485,DEN
2180,Danilo Gallinari,21.22713,45.41069,DEN
2180,Gary Harris,7.91329,2.16201,DEN
2180,Chris Bosh,21.69665,17.50763,MIA
2180,Luol Deng,15.29957,38.05176,MIA
2180,Beno Udrih,21.49618,13.36037,MIA
2180,Gerald Green,7.47124,8.10107,MIA
2180,Hassan Whiteside,14.41479,20.883,MIA
2190,Ball,24.07959,10.45281,Ball
2190,Jameer Nelson,31.93293,8.13606,DEN
2190,Darrell Arthur,39.36608,18.58865,DEN
2190,Kenneth Faried,28.50888,20.154,DEN
2190,Danilo Gallinari,25.21868,44.13528,DEN
2190,Gary Harris,10.31993,3.22813,DEN
2190,Chris Bosh,23.09797,16.31864,MIA
2190,Luol Deng,16.76845,38.68247,MIA
2190,Beno Udrih,23.9478,11.80164,MIA
2190,Gerald Green,9.09631,8.07029,MIA
2190,Hassan Whiteside,18.46159,20.82931,MIA
2200,Ball,27.10559,8.4104,Ball
2200,Jameer Nelson,37.13906,9.11166,DEN
2200,Darrell Arthur,44.17169,19.25612,DEN
2200,Kenneth Faried,32.8153,21.01595,DEN
2200,Danilo Gallinari,29.87052,42.99348,DEN
2200,Gary Harris,13.66313,4.4593,DEN
2200,Chris Bosh,25.68167,16.22625,MIA
2200,Luol Deng,19.27037,39.89921,MIA
2200,Beno Udrih,27.415,9.7201,MIA
2200,Gerald Green,11.12697,7.80991,MIA
2200,Hassan Whiteside,23.8577,22.15628,MIA
2210,Ball,33.56486,6.99301,Ball
2210,Jameer Nelson,42.52054,9.27729,DEN
2210,Darrell Arthur,49.03687,19.53454,DEN
2210,Kenneth Faried,37.67615,21.89835,DEN
2210,Danilo Gallinari,34.8504,41.98656,DEN
2210,Gary Harris,17.84407,5.63346,DEN
2210,Chris Bosh,29.21409,16.25111,MIA
2210,Luol Deng,22.98899,41.0278,MIA
2210,Beno Udrih,31.95723,7.39434,MIA
2210,Gerald Green,13.40282,7.5978,MIA
2210,Hassan Whiteside,30.47498,23.82369,MIA
2220,Ball,37.49688,6.84934,Ball
2220,Jameer Nelson,48.01994,9.14975,DEN
2220,Darrell Arthur,53.59405,19.40722,DEN
2220,Kenneth Faried,42.91487,22.4804,DEN
2220,Danilo Gallinari,39.83465,41.01566,DEN
2220,Gary Harris,22.86653,6.72157,DEN
2220,Chris Bosh,33.93735,16.04657,MIA
2220,Luol Deng,27.47774,41.97681,MIA
2220,Beno Udrih,37.18487,5.89031,MIA
2220,Gerald Green,15.84373,7.46948,MIA
2220,Hassan Whiteside,37.43374,25.32279,MIA
2230,Ball,43.13321,6.02028,Ball
2230,Jameer Nelson,53.36708,8.82135,DEN
2230,Darrell Arthur,57.76368,18.73761,DEN
2230,Kenneth Faried,48.68159,22.83663,DEN
2230,Danilo Gallinari,44.89367,40.12114,DEN
2230,Gary Harris,28.25047,7.8873,DEN
2230,Chris Bosh,39.08202,15.99346,MIA
2230,Luol Deng,32.38817,42.9507,MIA
2230,Beno Udrih,42.92941,4.94402,MIA
2230,Gerald Green,18.6696,7.38231,MIA
2230,Hassan Whiteside,45.35428,26.9218,MIA
2240,Ball,48.20634,5.86858,Ball
2240,Jameer Nelson,58.27415,8.50281,DEN
2240,Darrell Arthur,61.47008,18.22726,DEN
2240,Kenneth Faried,54.99971,23.383,DEN
2240,Danilo Gallinari,49.88861,39.15529,DEN
2240,Gary Harris,33.69192,9.10478,DEN
2240,Chris Bosh,44.34149,16.32631,MIA
2240,Luol Deng,37.54677,43.83319,MIA
2240,Beno Udrih,48.59987,4.71767,MIA
2240,Gerald Green,22.45496,7.96903,MIA
2240,Hassan Whiteside,53.4665,28.4137,MIA
